0.124431 0.841830 0.624498 0.910624 0.615996 0.261789 0.841196 0.188115 0.403243 0.464036 0.266411 0.225540 0.596124 0.434781 0.924359 0.614953 0.638753 0.829331 0.380879 0.828872 0.263730 0.837688 0.647147 0.793385 0.935127 0.969791 0.954727 0.134810 0.146652 0.570320 0.092989 0.217745 0.218099 0.290720 0.946847 0.382057 0.212436 0.532318 0.376469 0.098458 0.408380 0.205126 0.021107 0.379282 0.571055 0.871823 0.701292 0.871277 0.540581 0.182828 0.155936 0.111838 0.750203 0.121314 0.316954 0.015524 0.746872 0.134552 0.915059 0.591835 0.671609 0.079559 0.951567 0.136011 0.829453 0.357280 0.420740 0.118958 0.164537 0.233100 0.526799 0.380446 0.136278 0.781670 0.386605 0.499512 0.330403 0.329225 0.197251 0.784290 0.669324 0.219098 0.086715 0.495444 0.869966 0.034759 0.866119 0.529906 0.515777 0.971180 0.276036 0.440117 0.967558 0.455928 0.961161 0.510190 0.828623 0.938917 0.549808 0.356884 0.892851 0.653951 0.059085 0.864432 0.823702 0.194240 0.370791 0.645502 0.624279 0.207682 0.703767 0.200942 0.845585 0.566835 0.753039 0.451428 0.359065 0.905004 0.938408 0.344442 0.519106 0.473099 0.832285 0.486353 0.291033 0.380967 0.952526 0.198017 0.735624 0.128105 0.008621 0.673774 0.792666 0.131772 0.823234 0.531547 0.258856 0.794569 0.153313 0.708595 0.169963 0.981149 0.709004 0.812446 0.718019 0.318192 0.753022 0.965306 0.553392 0.086230 0.385540 0.900530 0.074591 0.998648 0.240428 0.016313 0.176525 0.369736 0.906394 0.196669 0.225990 0.108829 0.973095 0.258861 0.368480 0.450926 0.114481 0.581005 0.874861 0.137672 0.911129 0.791656 0.494901 0.264487 0.612503 0.072159 0.033080 0.243920 0.853433 0.254676 0.163962 0.774993 0.110705 0.589336 0.438263 0.690855 0.658981 0.945345 0.714098 0.796815 0.489536 0.714672 0.477949 0.072644 0.951148 0.653766 0.809802 0.818147 0.608571 0.021995 0.281037 0.950029 0.149392 0.027119 0.674295 0.134422 0.275529 0.048597 0.270924 0.020133 0.691208 0.956905 0.568238 0.514144 0.776173 0.252673 0.798523 0.500371 0.391576 0.826896 0.433525 0.368812 0.091905 0.489599 0.811476 0.659790 0.548427 0.088099 0.693078 0.681006 0.333896 0.447307 0.186478 0.255751 0.165517 0.174158 0.368587 0.913721 0.861821 0.384539 0.395264 0.920207 0.428702 0.575438 0.633921 0.044955 0.614343 0.845093 0.250273 0.801287 0.107776 0.485777 0.127335 0.221606 0.230889 0.713229 0.596131 0.141237 0.454665 0.271940 0.539456 0.382923 0.670773 0.576508 0.311343 0.747957 0.878030 0.447995 0.359591 0.980004 0.949471 0.931887 0.184076 0.471418 0.121498 0.418124 0.450141 0.347428 0.708585 0.393051 0.823801 0.022149 0.782683 0.602002 0.675007 0.910120 0.653855 0.407208 0.267324 0.303850 0.229012 0.748170 0.724717 0.116005 0.135900 0.344726 0.439725 0.157419 0.408634 0.607898
0.575191 0.580244 0.326041 0.214183 0.447928 0.276493 0.225100 0.117118 0.272128 0.478152 0.270051 0.891230 0.584288 0.703533 0.759231 0.509434 0.783300 0.511553 0.703363 0.039476 0.179497 0.049466 0.325615 0.588194 0.187664 0.501021 0.763979 0.212861 0.897088 0.370943 0.611254 0.478583 0.335926 0.627486 0.637942 0.667671 0.222976 0.516905 0.747093 0.699348 0.147116 0.766206 0.960840 0.141905 0.492022 0.262053 0.719887 0.823719 0.253904 0.082913 0.503724 0.448216 0.254442 0.384773 0.813937 0.434904 0.345008 0.015088 0.006210 0.161852 0.473590 0.341078 0.107558 0.748415 0.453395 0.032870 0.099992 0.946459 0.621947 0.843288 0.283938 0.638665 0.207051 0.241582 0.415995 0.340420 0.124202 0.544807 0.667335 0.642490 0.971934 0.071680 0.397532 0.521102 0.875105 0.979375 0.984199 0.872886 0.638345 0.168496 0.404734 0.171658 0.699804 0.193381 0.908616 0.892950 0.126088 0.647301 0.788845 0.904670 0.945964 0.726745 0.787150 0.151201 0.028676 0.581759 0.644518 0.516889 0.644491 0.039173 0.594182 0.420180 0.274501 0.942608 0.599463 0.592566 0.771429 0.231956 0.930640 0.421954 0.950723 0.034433 0.257042 0.382230 0.885091 0.953420 0.887881 0.651265 0.700025 0.358734 0.428148 0.946010 0.846207 0.785709 0.847432 0.272420 0.893816 0.293416 0.890387 0.021056 0.090678 0.446563 0.138971 0.620840 0.825579 0.924865 0.308976 0.336272 0.943491 0.957412 0.707332 0.517324 0.061226 0.481697 0.792732 0.733699 0.141518 0.505937 0.095360 0.593140 0.994550 0.221526 0.939271 0.158434 0.261696 0.456154 0.678542 0.247533 0.086351 0.012919 0.679548 0.324611 0.443325 0.672758 0.774011 0.128623 0.326718 0.134496 0.838330 0.461391 0.059202 0.520656 0.823611 0.179144 0.400204 0.026101 0.782816 0.558565 0.677584 0.868475 0.347749 0.371484 0.232196 0.803931 0.526286 0.108339 0.686981 0.970056 0.843740 0.727254 0.558621 0.006208 0.577795 0.601968 0.811203 0.865719 0.635855 0.839108 0.493837 0.093905 0.586727 0.461389 0.146759 0.152974 0.980486 0.631546 0.236488 0.915798 0.411102 0.548772 0.643556 0.099526 0.859156 0.959823 0.805410 0.675651 0.238782 0.352000 0.169492 0.812383 0.866733 0.880887 0.479396 0.539169 0.333606 0.140112 0.163052 0.395448 0.083494 0.630908 0.765549 0.488550 0.049490 0.439021 0.035112 0.384602 0.180477 0.200330 0.273648 0.988413 0.437459 0.379966 0.624924 0.378982 0.593775 0.758530 0.011814 0.324552 0.732863 0.440684 0.314186 0.001117 0.635822 0.747745 0.088975 0.953449 0.308518 0.898706 0.898129 0.452394 0.315024 0.791238 0.897400 0.107865 0.578862 0.721933 0.646641 0.351673 0.291271 0.177628 0.067149 0.685517 0.672116 0.240285 0.536549 0.529438 0.485800 0.333389 0.581774 0.692324 0.263245 0.877405 0.218585 0.578362 0.820038 0.486999 0.201812 0.613510 0.771984 0.936893
0.353224 0.092229 0.749850 0.598648 0.209704 0.221951 0.399286 0.095415 0.984863 0.210578 0.240849 0.136282 0.414033 0.983340 0.047056 0.617757 0.098377 0.678689 0.122520 0.784989 0.183814 0.129011 0.039963 0.845577 0.942155 0.877542 0.007567 0.680455 0.102752 0.855626 0.827830 0.516691 0.954944 0.489377 0.945545 0.732624 0.311778 0.136178 0.859684 0.406913 0.526523 0.079522 0.107971 0.897419 0.804767 0.076161 0.790280 0.868325 0.903155 0.925986 0.587980 0.435415 0.710720 0.465078 0.300219 0.507826 0.001085 0.612832 0.808670 0.558973 0.008226 0.776353 0.030528 0.506912 0.758244 0.798464 0.396386 0.367814 0.517836 0.569570 0.564224 0.985073 0.302223 0.618381 0.635178 0.162440 0.715290 0.607598 0.558591 0.311941 0.531150 0.434797 0.125989 0.738535 0.981343 0.435005 0.876614 0.323927 0.272566 0.773021 0.171483 0.264839 0.010062 0.378656 0.455379 0.305619 0.867607 0.500969 0.000513 0.803714 0.056060 0.532853 0.631924 0.323153 0.158877 0.145832 0.704110 0.478555 0.567571 0.160171 0.898049 0.588246 0.711393 0.199507 0.577409 0.031030 0.157797 0.181627 0.738598 0.938640 0.282122 0.511687 0.424563 0.014992 0.614946 0.434685 0.006163 0.460715 0.121892 0.046385 0.997566 0.477754 0.123758 0.181729 0.004311 0.159264 0.335860 0.881627 0.513729 0.262949 0.395806 0.469668 0.458701 0.680775 0.815416 0.282193 0.834326 0.529447 0.988387 0.587796 0.899920 0.247491 0.970825 0.328097 0.412798 0.215768 0.041607 0.963207 0.694825 0.011748 0.069140 0.671125 0.560900 0.031246 0.034526 0.925174 0.775050 0.793709 0.317951 0.679209 0.106513 0.477463 0.284745 0.962245 0.058629 0.582751 0.363178 0.845304 0.959104 0.967688 0.284591 0.461663 0.140398 0.972875 0.555862 0.270336 0.424829 0.210496 0.893810 0.976845 0.352256 0.794870 0.950900 0.191397 0.936057 0.616847 0.187063 0.739721 0.214733 0.630645 0.852238 0.690689 0.768660 0.552974 0.969283 0.123977 0.877461 0.261806 0.933661 0.137335 0.478506 0.003300 0.275124 0.204497 0.411009 0.093560 0.167492 0.541637 0.790509 0.846334 0.727528 0.867116 0.650167 0.282019 0.552696 0.210290 0.632071 0.196344 0.072346 0.279842 0.522264 0.041270 0.123830 0.885317 0.988648 0.682452 0.882907 0.262654 0.965554 0.610236 0.992964 0.965821 0.799951 0.788889 0.014822 0.190044 0.692311 0.224660 0.855495 0.885971 0.279335 0.485227 0.584847 0.621019 0.632129 0.636808 0.228100 0.794111 0.678829 0.401854 0.871534 0.626524 0.030855 0.044618 0.175674 0.952479 0.128240 0.338790 0.363908 0.046129 0.794070 0.612035 0.124558 0.768979 0.104776 0.534125 0.942519 0.130341 0.564711 0.219442 0.694106 0.181855 0.878616 0.536021 0.067020 0.122895 0.050780 0.593573 0.679975 0.844176 0.099703 0.426872 0.521688 0.436472 0.155500 0.062629 0.598209 0.443797 0.562586 0.432177
0.768841 0.757853 0.965803 0.435103 0.418493 0.004544 0.584077 0.135441 0.137828 0.550959 0.534294 0.607297 0.252945 0.171090 0.027717 0.961786 0.310812 0.078222 0.556541 0.941596 0.408873 0.661897 0.415426 0.235720 0.802794 0.705733 0.185898 0.010624 0.314879 0.836759 0.971857 0.946652 0.262730 0.780388 0.123824 0.005071 0.474057 0.650413 0.484038 0.245328 0.101080 0.824734 0.271939 0.132929 0.777531 0.284115 0.499491 0.253777 0.612039 0.211054 0.568854 0.028431 0.548470 0.464640 0.034496 0.630515 0.451463 0.859184 0.175725 0.380511 0.867726 0.625238 0.490101 0.312622 0.712269 0.682353 0.938126 0.976324 0.312673 0.010208 0.050326 0.584792 0.121924 0.628176 0.027201 0.862528 0.488550 0.142274 0.450069 0.993221 0.385537 0.972857 0.626094 0.069416 0.376343 0.275620 0.989782 0.959045 0.380855 0.447382 0.402519 0.982856 0.445449 0.779909 0.524171 0.614850 0.440984 0.539398 0.863587 0.973305 0.608011 0.958164 0.781352 0.719389 0.112382 0.274256 0.650693 0.156910 0.826072 0.661536 0.278746 0.378626 0.369089 0.473983 0.726133 0.450406 0.961350 0.284629 0.167999 0.888145 0.185899 0.153628 0.549109 0.501535 0.152709 0.285164 0.084146 0.558239 0.430264 0.599275 0.949101 0.941054 0.975384 0.456691 0.427449 0.582879 0.658424 0.268202 0.439784 0.095469 0.138369 0.503802 0.152902 0.390794 0.957921 0.639849 0.411401 0.676468 0.609925 0.456702 0.620751 0.206023 0.569208 0.430336 0.549806 0.880596 0.115678 0.399752 0.022055 0.469770 0.512277 0.819204 0.504925 0.050589 0.180587 0.363019 0.543249 0.523085 0.065904 0.063353 0.296686 0.840614 0.555770 0.574767 0.870215 0.613955 0.390409 0.810973 0.008235 0.912952 0.935838 0.593186 0.412026 0.053005 0.587156 0.477898 0.936804 0.967848 0.595291 0.588750 0.711142 0.034995 0.020920 0.035632 0.829498 0.935952 0.199413 0.681711 0.071039 0.629754 0.375705 0.538922 0.135241 0.394069 0.110442 0.701082 0.286023 0.055927 0.410670 0.412363 0.653852 0.504849 0.969669 0.146175 0.267833 0.407839 0.488763 0.518958 0.074048 0.551388 0.680854 0.049635 0.664112 0.200099 0.126409 0.262291 0.334851 0.536234 0.296749 0.794727 0.075663 0.120854 0.998810 0.256494 0.682203 0.607127 0.157106 0.401482 0.829370 0.824028 0.636350 0.086133 0.375260 0.353566 0.663453 0.882509 0.744688 0.456015 0.684312 0.045027 0.201833 0.979360 0.990199 0.217479 0.506568 0.425741 0.334772 0.958928 0.923757 0.236492 0.510147 0.810416 0.280160 0.243098 0.531331 0.332450 0.548799 0.592763 0.713294 0.657979 0.554337 0.668278 0.878773 0.137598 0.124413 0.131797 0.781890 0.268715 0.427681 0.064829 0.818649 0.634090 0.826643 0.835345 0.432896 0.776203 0.714700 0.802358 0.725753 0.584609 0.953098 0.528392 0.523570 0.742993 0.200829 0.420544 0.455913 0.977650 0.036564 0.568685
0.451994 0.808330 0.362072 0.781736 0.045636 0.325726 0.678146 0.016518 0.468595 0.136692 0.603826 0.455417 0.826075 0.900704 0.846314 0.352325 0.202246 0.781586 0.217055 0.561671 0.325771 0.626750 0.007023 0.490607 0.914027 0.359950 0.571543 0.863166 0.827997 0.897610 0.408264 0.365146 0.469660 0.739048 0.015642 0.968459 0.892360 0.729106 0.620599 0.309071 0.000836 0.765588 0.802646 0.421688 0.302304 0.923985 0.118385 0.605610 0.090389 0.169265 0.695706 0.099355 0.413732 0.943864 0.036225 0.607207 0.501665 0.626595 0.467232 0.929041 0.313382 0.279755 0.585201 0.547969 0.129943 0.223215 0.601773 0.623448 0.070161 0.966831 0.727330 0.505394 0.768314 0.485266 0.924097 0.271237 0.194729 0.791158 0.257706 0.015928 0.618344 0.384548 0.742101 0.745043 0.263485 0.553088 0.377792 0.160944 0.429416 0.139082 0.493522 0.738708 0.004723 0.188579 0.260608 0.724227 0.350177 0.550787 0.794206 0.673739 0.389387 0.899194 0.735969 0.857520 0.598718 0.890276 0.625286 0.574022 0.673296 0.944250 0.555484 0.759810 0.717404 0.596253 0.711129 0.031079 0.549757 0.082462 0.018096 0.394316 0.002976 0.694775 0.073433 0.895552 0.786332 0.352628 0.587189 0.166236 0.064856 0.000604 0.156975 0.547375 0.826397 0.350243 0.417816 0.158554 0.625484 0.019574 0.829886 0.002209 0.136131 0.469608 0.322453 0.017800 0.467148 0.186933 0.647860 0.434755 0.372220 0.585253 0.735250 0.161797 0.385383 0.265191 0.618499 0.143738 0.537611 0.484892 0.784322 0.640366 0.603194 0.117890 0.249704 0.729691 0.454912 0.595956 0.738560 0.078128 0.811772 0.102693 0.049552 0.626410 0.955130 0.236651 0.554004 0.957038 0.456801 0.265942 0.203088 0.274443 0.327511 0.454962 0.476912 0.343943 0.488221 0.832658 0.608992 0.348386 0.638602 0.273787 0.624859 0.236922 0.274964 0.300116 0.199286 0.883556 0.340646 0.312910 0.737572 0.099838 0.177475 0.928765 0.137355 0.298960 0.133275 0.727229 0.577814 0.956403 0.939741 0.182008 0.463979 0.649372 0.931915 0.488486 0.746303 0.339014 0.742794 0.969550 0.611192 0.334294 0.063876 0.977241 0.966806 0.620317 0.161606 0.739631 0.851680 0.498344 0.685154 0.914599 0.737205 0.822764 0.976299 0.988414 0.649677 0.857082 0.400065 0.964652 0.297505 0.985608 0.338226 0.218064 0.035067 0.615406 0.417247 0.612600 0.207391 0.887356 0.956246 0.347300 0.045900 0.356382 0.856151 0.851794 0.685510 0.490302 0.023372 0.819342 0.906965 0.872694 0.065158 0.809114 0.564601 0.132933 0.202665 0.473530 0.860818 0.645778 0.490593 0.820182 0.762967 0.814897 0.363124 0.414627 0.416949 0.184882 0.898152 0.640690 0.836929 0.046866 0.757029 0.706060 0.492369 0.721669 0.868277 0.209957 0.474053 0.297191 0.616472 0.656137 0.224761 0.164057 0.042550 0.466740 0.800576 0.054810 0.322400 0.220537 0.937688 0.104453
0.499164 0.729744 0.185255 0.431473 0.651055 0.076358 0.842569 0.466098 0.593247 0.289978 0.661979 0.256356 0.957154 0.946607 0.711326 0.181778 0.940980 0.620727 0.983313 0.010533 0.120336 0.922057 0.330636 0.569705 0.680418 0.173864 0.884046 0.020934 0.293538 0.274754 0.241128 0.198851 0.261776 0.031238 0.696249 0.165845 0.594061 0.128513 0.952569 0.319419 0.623757 0.361323 0.483751 0.519387 0.313110 0.754361 0.538954 0.787098 0.753658 0.462889 0.779410 0.656807 0.041026 0.467030 0.186937 0.634149 0.536058 0.053424 0.345428 0.435223 0.667726 0.420033 0.650655 0.028306 0.671677 0.417204 0.258998 0.214613 0.029358 0.172983 0.785477 0.700122 0.105533 0.834446 0.933814 0.282759 0.514187 0.134778 0.045385 0.972726 0.710536 0.948990 0.873106 0.296586 0.749919 0.452639 0.262403 0.228384 0.443595 0.251559 0.575891 0.757606 0.447446 0.279349 0.409047 0.788561 0.524158 0.022817 0.834294 0.944658 0.586755 0.196625 0.364291 0.468457 0.421675 0.482826 0.866997 0.283669 0.999526 0.825945 0.387340 0.165557 0.857433 0.184334 0.220548 0.995367 0.889439 0.106742 0.280201 0.037659 0.777064 0.451262 0.853383 0.976284 0.505429 0.908012 0.226346 0.273343 0.719929 0.505207 0.294868 0.114354 0.722461 0.546310 0.892658 0.998644 0.261100 0.021404 0.198934 0.727125 0.654748 0.610124 0.095732 0.419366 0.603172 0.589044 0.084323 0.762243 0.106051 0.737613 0.130207 0.632776 0.185791 0.962566 0.833395 0.800132 0.691011 0.938780 0.556568 0.364239 0.801358 0.995088 0.651804 0.609970 0.479160 0.306635 0.968949 0.415028 0.163896 0.981558 0.312487 0.693574 0.819642 0.304225 0.776682 0.966040 0.382478 0.095868 0.565395 0.946108 0.305050 0.190172 0.503089 0.075170 0.381391 0.075639 0.467728 0.902240 0.456846 0.239030 0.287424 0.148069 0.326174 0.350442 0.811046 0.219077 0.880246 0.767389 0.665178 0.687949 0.219443 0.989143 0.023883 0.968968 0.470027 0.836857 0.956546 0.493072 0.060655 0.457224 0.466775 0.484905 0.443716 0.141057 0.682087 0.523044 0.471752 0.775381 0.630145 0.204662 0.995074 0.694838 0.966382 0.404614 0.364650 0.369266 0.724129 0.762652 0.778587 0.023739 0.887789 0.682139 0.861868 0.019650 0.858032 0.086162 0.818684 0.545865 0.727091 0.004849 0.026709 0.514566 0.420575 0.541528 0.334286 0.555717 0.489570 0.769694 0.007274 0.366099 0.649717 0.293551 0.833774 0.452954 0.932637 0.905995 0.708329 0.279765 0.559420 0.047095 0.538062 0.558305 0.933534 0.099150 0.219619 0.944562 0.374805 0.140346 0.641034 0.820302 0.332610 0.456348 0.727657 0.608974 0.797556 0.930299 0.070983 0.276981 0.517130 0.521408 0.410825 0.154701 0.396218 0.927523 0.409412 0.723846 0.522199 0.584966 0.888088 0.635670 0.938956 0.031154 0.127979 0.041343 0.334536 0.553803 0.432035 0.169736 0.982219 0.961852
0.480969 0.577866 0.917537 0.170667 0.031047 0.676553 0.231623 0.264940 0.798850 0.120452 0.019314 0.801339 0.647956 0.150815 0.125702 0.040867 0.196065 0.595902 0.322467 0.330051 0.548364 0.272508 0.499877 0.697166 0.261055 0.055325 0.603115 0.472237 0.238878 0.865577 0.660043 0.753759 0.074148 0.584504 0.819191 0.403700 0.637736 0.246924 0.109124 0.591471 0.765246 0.050394 0.623004 0.605605 0.073574 0.296102 0.064031 0.955446 0.230264 0.906708 0.050864 0.684848 0.156452 0.646849 0.732928 0.096633 0.349042 0.191928 0.633308 0.526165 0.897309 0.882016 0.429375 0.559719 0.807342 0.365490 0.710029 0.557762 0.223373 0.502322 0.851324 0.612057 0.796515 0.287397 0.520214 0.388725 0.778598 0.531401 0.746252 0.250195 0.301345 0.729944 0.607537 0.002659 0.983027 0.015637 0.807539 0.801703 0.971702 0.876327 0.797433 0.661837 0.921892 0.029418 0.903432 0.447914 0.653418 0.595725 0.326359 0.001604 0.153701 0.261117 0.787438 0.846977 0.553147 0.896204 0.133306 0.645535 0.962156 0.081984 0.010420 0.592212 0.738065 0.978377 0.833238 0.941297 0.375369 0.708536 0.902677 0.921262 0.047802 0.129282 0.083359 0.111241 0.846930 0.802992 0.116772 0.379187 0.815429 0.695877 0.813412 0.768827 0.812434 0.023546 0.556052 0.271507 0.113234 0.532654 0.897800 0.065901 0.445278 0.376695 0.079088 0.897420 0.151893 0.968536 0.491288 0.134862 0.773458 0.643113 0.237301 0.850519 0.298962 0.846516 0.714772 0.574589 0.821686 0.462806 0.999331 0.701389 0.747487 0.185147 0.816997 0.655373 0.323195 0.451565 0.230960 0.405980 0.304159 0.422719 0.370380 0.856963 0.801459 0.906766 0.750848 0.378612 0.024061 0.601279 0.409114 0.225310 0.659135 0.101719 0.454394 0.009191 0.517983 0.421032 0.538990 0.464627 0.064840 0.403296 0.634262 0.913908 0.559071 0.362179 0.787782 0.019156 0.941090 0.207523 0.997834 0.991499 0.053361 0.740009 0.088231 0.890353 0.292219 0.502384 0.870205 0.432041 0.797043 0.645131 0.892277 0.901605 0.386531 0.783121 0.637462 0.033825 0.931329 0.047669 0.424077 0.310525 0.390335 0.085779 0.717536 0.868290 0.447592 0.633649 0.794943 0.366608 0.610904 0.437843 0.299510 0.924121 0.469451 0.434481 0.117452 0.999321 0.667092 0.859131 0.892519 0.812078 0.265228 0.330714 0.490090 0.419073 0.654816 0.282327 0.505806 0.903985 0.109014 0.821525 0.516794 0.633526 0.344175 0.534132 0.075583 0.542451 0.986421 0.791188 0.842272 0.269746 0.992756 0.049445 0.360611 0.779968 0.495235 0.541185 0.594974 0.424984 0.039592 0.508660 0.009906 0.583996 0.656034 0.113145 0.212736 0.383472 0.068482 0.806131 0.521822 0.625796 0.800014 0.460582 0.562576 0.550277 0.006004 0.791499 0.948355 0.598552 0.988857 0.946257 0.443876 0.691963 0.162424 0.548173 0.008257 0.484018 0.859630 0.935088 0.489589 0.229463
0.856989 0.680041 0.756075 0.297058 0.024610 0.473487 0.220262 0.281939 0.142851 0.904822 0.918832 0.697578 0.491336 0.572237 0.763135 0.373626 0.515311 0.886980 0.785740 0.997652 0.085859 0.746590 0.217492 0.519858 0.035108 0.162609 0.544601 0.645064 0.051426 0.272199 0.343223 0.191530 0.469198 0.405553 0.176694 0.071131 0.601824 0.418128 0.539364 0.221255 0.640274 0.203982 0.855034 0.863827 0.301447 0.067727 0.359694 0.460922 0.950365 0.115995 0.771646 0.306409 0.229384 0.417311 0.251537 0.293166 0.528888 0.519219 0.097024 0.155390 0.474831 0.019995 0.818490 0.789989 0.954319 0.236787 0.549929 0.641977 0.251135 0.392491 0.498081 0.776057 0.543225 0.716239 0.636973 0.826324 0.277221 0.543178 0.438881 0.175443 0.144629 0.880755 0.131928 0.789514 0.177199 0.224618 0.720509 0.610432 0.968297 0.441046 0.028610 0.244295 0.393295 0.279552 0.256120 0.396604 0.710461 0.915085 0.394450 0.695729 0.180451 0.708946 0.866896 0.857422 0.366187 0.130112 0.240280 0.317769 0.909166 0.840591 0.922355 0.279413 0.165261 0.996441 0.286149 0.878988 0.378719 0.413047 0.277529 0.876961 0.937604 0.022949 0.956925 0.033662 0.522399 0.834001 0.499734 0.807557 0.262495 0.704924 0.497945 0.624429 0.852136 0.665473 0.812123 0.788609 0.854717 0.380241 0.770803 0.014299 0.320390 0.638008 0.090306 0.750331 0.763055 0.325414 0.186733 0.303634 0.986712 0.154841 0.772218 0.506565 0.505232 0.777256 0.844070 0.091934 0.551898 0.885922 0.346784 0.544980 0.104448 0.483544 0.368225 0.586584 0.790407 0.714203 0.806892 0.040948 0.016740 0.965372 0.934718 0.840443 0.379612 0.103911 0.559119 0.273545 0.925424 0.294331 0.255488 0.408302 0.001461 0.206507 0.117920 0.422521 0.628606 0.889188 0.175694 0.703232 0.567192 0.725632 0.158697 0.770024 0.522605 0.346027 0.974458 0.935090 0.898693 0.528933 0.446257 0.829202 0.526009 0.642530 0.177318 0.741982 0.132100 0.003335 0.918994 0.928032 0.326808 0.448575 0.652187 0.424942 0.416200 0.364569 0.244151 0.017829 0.795630 0.173284 0.548467 0.526712 0.246346 0.230382 0.780859 0.024797 0.851985 0.155512 0.897239 0.545185 0.823353 0.704889 0.936423 0.263845 0.510627 0.243091 0.473092 0.491486 0.344903 0.982010 0.100675 0.752567 0.680178 0.126178 0.197763 0.394917 0.848115 0.243621 0.062385 0.167657 0.179893 0.149270 0.058264 0.936339 0.999580 0.048292 0.711907 0.037346 0.584645 0.692698 0.882034 0.118445 0.209441 0.706372 0.086392 0.702187 0.181854 0.027769 0.929202 0.809534 0.970913 0.869053 0.707388 0.442723 0.975739 0.495245 0.171009 0.576766 0.462738 0.224167 0.032326 0.897748 0.214582 0.932470 0.822233 0.978855 0.169769 0.433617 0.551202 0.663835 0.446984 0.323432 0.209850 0.725099 0.261435 0.372229 0.461169 0.432805 0.384260 0.437231 0.171059 0.731380
0.735488 0.087225 0.088915 0.834654 0.752107 0.889298 0.357342 0.967714 0.541856 0.941472 0.810856 0.493303 0.648589 0.419135 0.743269 0.706906 0.891804 0.119756 0.408349 0.095730 0.990054 0.172832 0.262187 0.864000 0.983084 0.397664 0.389200 0.053543 0.869419 0.749975 0.660654 0.037551 0.854356 0.948103 0.399176 0.656323 0.598627 0.025696 0.995115 0.997005 0.033608 0.498615 0.943414 0.723803 0.830590 0.406816 0.076066 0.498366 0.294655 0.061647 0.885243 0.267171 0.130888 0.970144 0.712961 0.848326 0.883214 0.162498 0.137502 0.448773 0.232457 0.787266 0.058213 0.766890 0.302290 0.084265 0.805458 0.770097 0.145928 0.629837 0.160138 0.080152 0.192188 0.846834 0.483149 0.042626 0.359376 0.591385 0.147637 0.655185 0.023074 0.859094 0.217837 0.125130 0.688403 0.837438 0.914225 0.263404 0.129337 0.263683 0.811817 0.924938 0.461874 0.128983 0.508974 0.988181 0.237300 0.568638 0.847348 0.328751 0.766127 0.077813 0.619016 0.841234 0.147911 0.370533 0.095372 0.567409 0.198160 0.243449 0.850279 0.282940 0.848155 0.333541 0.135527 0.560794 0.875424 0.411989 0.319265 0.381623 0.149468 0.287017 0.977074 0.792467 0.794809 0.233442 0.178059 0.451377 0.977996 0.345473 0.502760 0.280818 0.885121 0.316790 0.730825 0.262017 0.186435 0.552909 0.471469 0.859301 0.163313 0.681894 0.541015 0.815396 0.623704 0.577449 0.636208 0.701258 0.456138 0.144595 0.690443 0.022575 0.935282 0.539067 0.918228 0.335624 0.017409 0.655440 0.154961 0.919549 0.730851 0.840639 0.678101 0.655309 0.301670 0.080544 0.706012 0.076802 0.839701 0.286798 0.825809 0.008483 0.866288 0.436696 0.392841 0.978682 0.377396 0.452176 0.663955 0.493817 0.531371 0.114150 0.401581 0.953565 0.788906 0.994603 0.550362 0.499085 0.492613 0.225511 0.465612 0.593981 0.577338 0.180346 0.955296 0.014518 0.355114 0.186553 0.963895 0.474122 0.273386 0.838561 0.948026 0.358826 0.665536 0.313196 0.217623 0.049105 0.715750 0.178843 0.580060 0.332599 0.197812 0.122072 0.605139 0.939162 0.687705 0.103144 0.256121 0.796469 0.433952 0.762646 0.393172 0.715170 0.176125 0.520995 0.605036 0.654230 0.555284 0.530974 0.531813 0.676645 0.833963 0.827407 0.628439 0.960876 0.464005 0.146874 0.184271 0.688288 0.654240 0.415428 0.475217 0.767873 0.095218 0.289509 0.474717 0.432649 0.955814 0.893975 0.666569 0.782418 0.598780 0.321456 0.764469 0.045576 0.955881 0.021834 0.700083 0.770357 0.591643 0.105940 0.223311 0.750504 0.783424 0.992361 0.460415 0.683235 0.021330 0.017620 0.893564 0.323943 0.735469 0.376460 0.387627 0.510994 0.253719 0.643801 0.292859 0.402735 0.644535 0.861261 0.010583 0.337455 0.425677 0.356130 0.394222 0.444930 0.036652 0.812229 0.536055 0.324126 0.409275 0.778990 0.400141 0.514187 0.061222 0.446730 0.365304 0.204428
0.822143 0.794485 0.224481 0.743676 0.748755 0.392120 0.947541 0.708078 0.901237 0.860421 0.221657 0.707536 0.289765 0.487132 0.299852 0.459961 0.989151 0.182074 0.990019 0.940230 0.357618 0.064710 0.786135 0.584514 0.218298 0.886227 0.388816 0.751165 0.907436 0.063857 0.338644 0.739537 0.186623 0.084536 0.861994 0.225980 0.906682 0.626408 0.152796 0.806777 0.755139 0.439871 0.760581 0.057840 0.285293 0.804509 0.564934 0.755544 0.448671 0.523249 0.723824 0.630433 0.512581 0.247900 0.106138 0.525264 0.762001 0.898003 0.022126 0.004236 0.435035 0.625983 0.300602 0.094971 0.302145 0.870464 0.933458 0.021853 0.023939 0.205791 0.961082 0.109745 0.952023 0.679838 0.858861 0.248143 0.334889 0.083706 0.380604 0.635188 0.501457 0.041453 0.292165 0.356689 0.227361 0.757008 0.494142 0.287258 0.782226 0.131979 0.416707 0.350056 0.061303 0.594168 0.185515 0.740296 0.004122 0.549409 0.085069 0.888645 0.116454 0.547729 0.370483 0.116162 0.066315 0.638980 0.162196 0.736093 0.213623 0.932635 0.415057 0.951971 0.597666 0.536201 0.090879 0.760510 0.307556 0.987307 0.780923 0.383720 0.685463 0.096910 0.282969 0.763214 0.711520 0.802055 0.092224 0.419538 0.852145 0.869934 0.953335 0.466926 0.172329 0.989733 0.868499 0.607366 0.796702 0.372245 0.229205 0.197200 0.395155 0.399822 0.335917 0.696058 0.696620 0.969079 0.988819 0.988161 0.608128 0.061531 0.048084 0.248000 0.033534 0.544756 0.464266 0.517963 0.602118 0.081410 0.132051 0.245191 0.225045 0.639830 0.485524 0.170881 0.488599 0.092653 0.004854 0.643812 0.359192 0.523503 0.769897 0.603852 0.657773 0.468678 0.128221 0.393347 0.645864 0.113519 0.102225 0.893039 0.456304 0.268357 0.110544 0.703962 0.512787 0.059732 0.995761 0.997797 0.101610 0.199999 0.720622 0.281418 0.880521 0.613061 0.621112 0.661881 0.169733 0.887746 0.071032 0.167475 0.612493 0.479128 0.194924 0.532265 0.168424 0.246430 0.996948 0.263542 0.048958 0.749836 0.815278 0.238582 0.705275 0.231624 0.265808 0.430215 0.934126 0.762616 0.683088 0.766149 0.928184 0.989785 0.380028 0.905167 0.993628 0.902928 0.523527 0.274942 0.469777 0.983950 0.338510 0.647871 0.729011 0.677984 0.257179 0.164334 0.959332 0.757179 0.247482 0.668112 0.306843 0.845286 0.533602 0.890884 0.900780 0.455791 0.696586 0.371773 0.921742 0.981403 0.133916 0.250613 0.264847 0.732446 0.916852 0.401342 0.899507 0.384360 0.148433 0.347740 0.890492 0.147925 0.744486 0.503331 0.230841 0.129107 0.322401 0.756112 0.563659 0.159360 0.574227 0.303549 0.428799 0.292597 0.769480 0.933989 0.943337 0.397583 0.605766 0.839303 0.608090 0.213396 0.259255 0.749270 0.024206 0.784439 0.823777 0.143046 0.397089 0.761031 0.859523 0.366271 0.665401 0.450144 0.713421 0.563462 0.255661 0.486340 0.097520 0.558994
0.568483 0.262814 0.216800 0.963888 0.029632 0.999021 0.597076 0.340945 0.048936 0.636983 0.531916 0.722397 0.144091 0.077358 0.963029 0.307889 0.761471 0.084607 0.950138 0.567223 0.479104 0.691241 0.635803 0.001867 0.476794 0.531734 0.886651 0.468631 0.566344 0.463887 0.670154 0.094434 0.416376 0.191825 0.764498 0.509016 0.898116 0.178491 0.163949 0.023624 0.593986 0.567262 0.452436 0.774308 0.823754 0.692588 0.761147 0.752322 0.286587 0.692863 0.852804 0.345095 0.045072 0.947973 0.504152 0.750762 0.619756 0.246806 0.883173 0.664367 0.201367 0.434782 0.555183 0.552551 0.128047 0.261915 0.659962 0.096096 0.854304 0.283831 0.119527 0.310671 0.819459 0.588049 0.216996 0.340553 0.989196 0.438511 0.838458 0.866406 0.333928 0.204645 0.524954 0.880573 0.663642 0.908592 0.589249 0.433040 0.166280 0.100788 0.455212 0.224155 0.880591 0.419852 0.323238 0.849845 0.291365 0.981293 0.230740 0.759743 0.192243 0.226988 0.051567 0.100319 0.677464 0.789437 0.041929 0.739696 0.198164 0.714109 0.276751 0.315377 0.332507 0.074559 0.844548 0.208510 0.776601 0.133050 0.030885 0.778147 0.829725 0.323130 0.463446 0.657963 0.197786 0.817573 0.908487 0.311994 0.610901 0.253591 0.405688 0.824497 0.165216 0.649501 0.640056 0.678266 0.049606 0.823252 0.041809 0.033268 0.661057 0.396510 0.497361 0.284922 0.817229 0.395356 0.032984 0.581685 0.304548 0.163761 0.385345 0.461745 0.753055 0.861238 0.111778 0.331769 0.055245 0.814894 0.744323 0.277477 0.904388 0.893125 0.818062 0.159531 0.971955 0.860315 0.422031 0.538316 0.983617 0.357946 0.277401 0.687468 0.710233 0.823441 0.886122 0.975319 0.620440 0.907810 0.933930 0.538515 0.353806 0.251806 0.695501 0.376223 0.259024 0.467002 0.633801 0.284365 0.715602 0.455930 0.985939 0.881549 0.283600 0.611800 0.470215 0.543438 0.617106 0.729607 0.556862 0.469510 0.404398 0.695820 0.428932 0.218579 0.230870 0.093668 0.205705 0.627268 0.553465 0.967066 0.555759 0.963013 0.743729 0.222704 0.581490 0.177622 0.797157 0.201814 0.661156 0.962975 0.368454 0.242211 0.596544 0.123590 0.439940 0.333919 0.751111 0.130619 0.244571 0.603730 0.491080 0.968430 0.332794 0.711567 0.900468 0.988623 0.572243 0.671023 0.336582 0.046108 0.688537 0.854851 0.932457 0.201460 0.971124 0.799711 0.713563 0.193496 0.553747 0.784937 0.246387 0.010051 0.407046 0.971691 0.019181 0.718724 0.464434 0.942615 0.264799 0.629213 0.899528 0.802141 0.464676 0.252320 0.252895 0.468769 0.448309 0.120827 0.050400 0.290322 0.794423 0.628686 0.065390 0.005523 0.378344 0.979829 0.630311 0.452274 0.259028 0.688016 0.877044 0.888866 0.585837 0.628741 0.338304 0.823826 0.509314 0.660624 0.301079 0.475433 0.308803 0.559082 0.244964 0.718749 0.393276 0.490321 0.936023 0.686658 0.038262 0.046784
0.585769 0.049788 0.451022 0.178764 0.321361 0.933957 0.887062 0.442936 0.788421 0.901629 0.387142 0.051931 0.819957 0.648199 0.443512 0.342587 0.666638 0.926386 0.581027 0.088579 0.083849 0.789287 0.979404 0.066937 0.538869 0.686765 0.961043 0.299081 0.513587 0.011687 0.635863 0.799745 0.364550 0.512506 0.064336 0.668689 0.401219 0.246131 0.712917 0.152530 0.710470 0.502437 0.951560 0.061788 0.793885 0.071950 0.224727 0.666124 0.124784 0.025272 0.747478 0.685121 0.265856 0.863638 0.259553 0.549285 0.636355 0.788656 0.865141 0.443016 0.702583 0.457149 0.516025 0.271017 0.294633 0.430163 0.771767 0.089478 0.774106 0.788394 0.782965 0.537861 0.298442 0.767499 0.205001 0.696447 0.742580 0.563223 0.813769 0.900564 0.140123 0.330596 0.849904 0.161504 0.057028 0.437077 0.390762 0.820515 0.469521 0.098848 0.684345 0.471005 0.476215 0.123454 0.350291 0.929194 0.503004 0.441416 0.821578 0.677453 0.135830 0.202672 0.252060 0.651501 0.556877 0.463527 0.384975 0.779757 0.978141 0.781774 0.427911 0.662555 0.039703 0.026366 0.308231 0.854551 0.580532 0.086579 0.911254 0.351532 0.961605 0.710765 0.962256 0.058986 0.942199 0.837781 0.578817 0.529958 0.721712 0.466409 0.771982 0.419946 0.284482 0.300912 0.202284 0.089275 0.511568 0.363398 0.267270 0.561138 0.312346 0.351170 0.134108 0.269411 0.709206 0.577117 0.316628 0.498150 0.697699 0.766268 0.288878 0.330996 0.192158 0.261006 0.666987 0.766006 0.485759 0.605366 0.426178 0.225607 0.902390 0.558202 0.498662 0.385496 0.051147 0.814584 0.846042 0.520982 0.737846 0.953411 0.616078 0.232703 0.559007 0.712560 0.798564 0.936579 0.180576 0.245652 0.263564 0.558560 0.029653 0.254181 0.339077 0.198591 0.088329 0.525674 0.854280 0.993844 0.231330 0.271871 0.861299 0.246744 0.473871 0.820937 0.107484 0.040981 0.413651 0.749691 0.926552 0.223106 0.495515 0.751401 0.759244 0.299564 0.060389 0.759994 0.681262 0.319351 0.353319 0.908667 0.068016 0.208948 0.550843 0.527300 0.850874 0.629359 0.931532 0.330847 0.912837 0.551005 0.003957 0.710526 0.321030 0.594058 0.716054 0.071345 0.248922 0.103343 0.090236 0.770691 0.684604 0.712469 0.565193 0.941842 0.055190 0.271854 0.378138 0.767937 0.134975 0.272811 0.461734 0.898783 0.321282 0.875591 0.791373 0.450424 0.879665 0.080254 0.553661 0.874829 0.461565 0.164256 0.127563 0.868470 0.952406 0.192116 0.453326 0.641235 0.862051 0.656092 0.360988 0.192097 0.055654 0.289228 0.334809 0.402524 0.172517 0.961729 0.604421 0.463387 0.915350 0.301905 0.387654 0.921350 0.595383 0.157586 0.532481 0.793569 0.184840 0.647237 0.935196 0.061867 0.282613 0.673831 0.568384 0.284846 0.174167 0.602466 0.737547 0.531877 0.044703 0.727540 0.537177 0.072026 0.062405 0.874606 0.867505 0.247361 0.273321 0.321859
0.405424 0.784380 0.694507 0.365558 0.821086 0.539590 0.985052 0.894476 0.615690 0.268580 0.110473 0.429320 0.476627 0.109334 0.083075 0.944104 0.452651 0.374694 0.172306 0.652171 0.137013 0.411277 0.784946 0.197394 0.773540 0.662017 0.564561 0.802098 0.992754 0.061994 0.720697 0.816718 0.420997 0.221929 0.691582 0.126218 0.407231 0.902393 0.098136 0.503769 0.145291 0.247962 0.098866 0.157142 0.037602 0.733304 0.628493 0.494145 0.053782 0.901021 0.275833 0.514416 0.215923 0.008162 0.419835 0.087925 0.327985 0.145667 0.682618 0.375453 0.078661 0.358893 0.894444 0.876376 0.594865 0.171528 0.719370 0.947867 0.369592 0.093981 0.034341 0.031596 0.417379 0.248493 0.586318 0.054812 0.685273 0.769715 0.190229 0.778080 0.567610 0.033396 0.595955 0.588748 0.487529 0.701332 0.442221 0.608519 0.299978 0.622028 0.072814 0.463063 0.378509 0.327744 0.729207 0.600799 0.843123 0.138575 0.950798 0.928817 0.306175 0.644420 0.276339 0.645231 0.773159 0.515562 0.940201 0.926235 0.084596 0.425209 0.137346 0.492046 0.638647 0.926467 0.797620 0.949548 0.647666 0.174199 0.866300 0.611961 0.486935 0.772192 0.321384 0.651531 0.710559 0.279978 0.329158 0.304380 0.343019 0.854209 0.786700 0.406923 0.659204 0.550945 0.303971 0.949445 0.402054 0.097449 0.971109 0.627263 0.246083 0.756541 0.422966 0.648930 0.721386 0.949450 0.553554 0.971240 0.106338 0.790048 0.200847 0.063182 0.551232 0.962341 0.430498 0.448251 0.989951 0.489542 0.761064 0.226151 0.070680 0.055756 0.876374 0.373176 0.089416 0.223293 0.194309 0.340317 0.346442 0.145931 0.516172 0.216418 0.935128 0.715924 0.444130 0.614192 0.015198 0.842469 0.540652 0.498300 0.413411 0.580161 0.339023 0.064286 0.641942 0.164703 0.245971 0.205741 0.698840 0.107938 0.437120 0.466313 0.125108 0.800309 0.331550 0.661303 0.693468 0.724711 0.027572 0.450452 0.692819 0.527459 0.495554 0.173612 0.293533 0.965197 0.876618 0.627797 0.111979 0.495219 0.085224 0.587885 0.791492 0.540553 0.276734 0.338252 0.809665 0.988499 0.701972 0.093532 0.046324 0.279884 0.193457 0.327436 0.358979 0.464443 0.226806 0.144991 0.463639 0.796916 0.922100 0.637540 0.896991 0.637548 0.932936 0.333420 0.160265 0.072667 0.785643 0.211382 0.932662 0.223383 0.441904 0.522211 0.024571 0.750190 0.219402 0.145655 0.293046 0.055545 0.793644 0.535678 0.857882 0.639982 0.433684 0.639500 0.790217 0.819640 0.574359 0.593184 0.986938 0.947326 0.104818 0.826176 0.035518 0.426500 0.199336 0.136276 0.124349 0.205300 0.279294 0.967101 0.907032 0.436720 0.966161 0.287585 0.178242 0.142055 0.284075 0.896741 0.010471 0.653501 0.271771 0.766170 0.328204 0.291827 0.977231 0.118909 0.058421 0.858388 0.414199 0.071191 0.571738 0.453542 0.834843 0.085516 0.778219 0.690169 0.648316 0.782272
0.500418 0.998560 0.975355 0.483705 0.941721 0.961889 0.305489 0.127594 0.415736 0.813603 0.411615 0.105067 0.615336 0.957000 0.949038 0.082565 0.914734 0.454858 0.597219 0.830018 0.074538 0.641463 0.965686 0.347853 0.500742 0.240342 0.837976 0.645495 0.277971 0.149636 0.100689 0.496339 0.854322 0.880893 0.134363 0.038348 0.313760 0.044963 0.427639 0.794250 0.506574 0.824350 0.093909 0.137303 0.344204 0.004080 0.047561 0.562899 0.819591 0.827102 0.774115 0.158147 0.866691 0.200547 0.068685 0.632221 0.935190 0.291544 0.632933 0.544325 0.136830 0.934148 0.226200 0.311746 0.437643 0.060736 0.677927 0.659102 0.415327 0.932452 0.666222 0.158893 0.395069 0.480602 0.010807 0.691155 0.429259 0.403434 0.564676 0.801790 0.334344 0.953754 0.493699 0.572016 0.967258 0.519487 0.917025 0.557166 0.375143 0.587814 0.558823 0.857853 0.179850 0.019776 0.171099 0.522468 0.343914 0.847887 0.358634 0.041264 0.460193 0.517075 0.398851 0.805273 0.848900 0.150250 0.742225 0.917938 0.633601 0.776149 0.060251 0.375679 0.326062 0.931340 0.624637 0.472379 0.146758 0.867277 0.409248 0.971620 0.699828 0.194002 0.133982 0.014632 0.681006 0.506397 0.052511 0.607144 0.271263 0.498156 0.997318 0.359858 0.460266 0.949607 0.905846 0.257226 0.076531 0.980693 0.944652 0.424305 0.936191 0.256923 0.070732 0.704308 0.446854 0.454156 0.443356 0.964751 0.768263 0.191577 0.181355 0.837894 0.248091 0.676901 0.545678 0.066767 0.228221 0.919268 0.346761 0.836128 0.140119 0.128119 0.439268 0.093548 0.292034 0.513940 0.619854 0.987670 0.695714 0.851876 0.908259 0.121812 0.349573 0.156132 0.422282 0.283960 0.186351 0.837138 0.897257 0.701138 0.646333 0.981811 0.200881 0.636775 0.556766 0.176820 0.019228 0.216086 0.053061 0.633478 0.108748 0.307772 0.316923 0.447470 0.461421 0.998419 0.339822 0.601269 0.071846 0.058137 0.065019 0.339249 0.327653 0.218094 0.979089 0.392721 0.128599 0.739576 0.237096 0.251238 0.310744 0.360508 0.859357 0.329906 0.968132 0.310208 0.723418 0.889067 0.164153 0.197461 0.102927 0.127023 0.771343 0.478964 0.817079 0.632125 0.923015 0.067366 0.761160 0.300031 0.929463 0.932815 0.583503 0.626655 0.265572 0.816274 0.555447 0.940448 0.517249 0.148933 0.217119 0.184080 0.124860 0.207010 0.847446 0.147938 0.776278 0.300632 0.440337 0.033467 0.107175 0.121799 0.529547 0.689417 0.973978 0.794701 0.795111 0.229115 0.817496 0.407250 0.781737 0.990857 0.490158 0.330728 0.245026 0.033630 0.652727 0.415339 0.677467 0.601054 0.728509 0.054685 0.939529 0.036503 0.793778 0.067423 0.011190 0.960363 0.599359 0.460363 0.628427 0.679828 0.281565 0.141378 0.751072 0.862232 0.555155 0.525023 0.845970 0.060985 0.323921 0.616096 0.998434 0.321380 0.572785 0.169061 0.411757 0.514527 0.579634 0.541863
0.163328 0.230219 0.752701 0.971483 0.200301 0.175600 0.661450 0.081995 0.905954 0.644100 0.409959 0.847042 0.260543 0.323547 0.046235 0.777950 0.360573 0.926506 0.103279 0.231446 0.807982 0.473302 0.464533 0.060428 0.527233 0.771585 0.229769 0.508406 0.075501 0.069050 0.400447 0.207648 0.150840 0.064438 0.531446 0.840380 0.535747 0.703922 0.041065 0.230334 0.828421 0.112623 0.986662 0.108390 0.189537 0.227115 0.215744 0.292792 0.519940 0.554934 0.405169 0.728752 0.589940 0.548900 0.444194 0.733646 0.324283 0.812877 0.620723 0.377548 0.965450 0.402447 0.629285 0.509329 0.661116 0.784728 0.172553 0.049432 0.234475 0.825220 0.405528 0.710533 0.139444 0.389426 0.724156 0.115910 0.814617 0.049722 0.243077 0.244854 0.986579 0.178249 0.748302 0.045924 0.582067 0.566127 0.024723 0.400288 0.341594 0.230312 0.216843 0.438350 0.147243 0.370172 0.522623 0.660958 0.617269 0.551984 0.940838 0.228711 0.043091 0.742324 0.482404 0.973899 0.953206 0.922423 0.625386 0.286893 0.406195 0.444658 0.386343 0.690704 0.685183 0.904913 0.300612 0.926318 0.993013 0.805882 0.109910 0.860811 0.661751 0.151561 0.776731 0.845244 0.324220 0.641819 0.675252 0.442923 0.989938 0.216199 0.648518 0.192768 0.208404 0.578440 0.509698 0.854201 0.103512 0.161832 0.141602 0.657757 0.200213 0.765486 0.344766 0.052799 0.798523 0.755369 0.360468 0.402110 0.399002 0.901754 0.313584 0.374484 0.727087 0.282724 0.593447 0.253978 0.571164 0.064579 0.647976 0.060071 0.646637 0.001982 0.811818 0.923950 0.486190 0.532774 0.112475 0.842024 0.601143 0.962083 0.669262 0.937382 0.349657 0.644686 0.298817 0.157727 0.829468 0.074437 0.552679 0.802558 0.895141 0.231885 0.111065 0.114497 0.069111 0.685618 0.951427 0.482866 0.131913 0.604537 0.745860 0.463986 0.371750 0.393395 0.540667 0.199298 0.737854 0.323620 0.115180 0.510926 0.717866 0.020026 0.613872 0.712462 0.413317 0.433306 0.428269 0.208895 0.564147 0.145364 0.270673 0.623064 0.560429 0.146295 0.129746 0.157835 0.036005 0.321338 0.847305 0.445184 0.387994 0.259430 0.025626 0.937369 0.790122 0.092162 0.834888 0.626323 0.129073 0.349421 0.421978 0.243157 0.818144 0.682459 0.600203 0.509366 0.236133 0.311443 0.507816 0.954091 0.029320 0.445749 0.960675 0.738840 0.648912 0.782955 0.969457 0.324739 0.616185 0.142993 0.960366 0.580740 0.014310 0.841073 0.581495 0.933886 0.957938 0.502719 0.932048 0.863113 0.314426 0.970829 0.439374 0.587083 0.205202 0.036011 0.442060 0.530734 0.821372 0.941391 0.579955 0.036615 0.977055 0.677949 0.844182 0.671941 0.103158 0.525101 0.998447 0.551535 0.485937 0.717251 0.344608 0.279580 0.890866 0.642066 0.211993 0.596673 0.576536 0.236607 0.701930 0.683417 0.595193 0.139534 0.513239 0.512843 0.420081 0.334056 0.233370 0.696811
0.942546 0.700073 0.707249 0.404435 0.069763 0.158949 0.652617 0.474499 0.144382 0.910227 0.935676 0.062669 0.982406 0.912927 0.127211 0.926395 0.187198 0.459226 0.691236 0.906843 0.892728 0.500920 0.131093 0.746229 0.462419 0.845097 0.976005 0.687281 0.222988 0.147555 0.205551 0.768924 0.006784 0.877936 0.237781 0.862361 0.044206 0.067306 0.666612 0.657508 0.905609 0.925598 0.741217 0.804476 0.489523 0.592372 0.212578 0.436664 0.718637 0.396473 0.109314 0.700702 0.647922 0.142694 0.322029 0.668994 0.141194 0.877883 0.659787 0.544169 0.184299 0.081632 0.561548 0.768736 0.543489 0.323477 0.390196 0.750145 0.031011 0.193304 0.079883 0.523761 0.218812 0.001831 0.569947 0.939195 0.407127 0.394682 0.700161 0.294855 0.093624 0.716301 0.640219 0.620012 0.376232 0.183730 0.646814 0.830382 0.459198 0.148709 0.369519 0.779228 0.820343 0.501064 0.912606 0.737610 0.012628 0.146606 0.732078 0.795683 0.070298 0.107718 0.783728 0.925468 0.661167 0.224287 0.132847 0.677314 0.500156 0.359719 0.561548 0.936367 0.455427 0.379776 0.754564 0.407786 0.100156 0.509120 0.185353 0.347891 0.409365 0.704430 0.474064 0.304073 0.447646 0.994332 0.007906 0.310930 0.820575 0.908152 0.973851 0.543772 0.267339 0.709829 0.139176 0.274467 0.419343 0.351849 0.185489 0.537833 0.691694 0.458730 0.322290 0.573237 0.403262 0.621927 0.660832 0.755041 0.443510 0.047645 0.719533 0.170901 0.122535 0.985182 0.883725 0.250771 0.265612 0.728774 0.718370 0.972271 0.975150 0.201408 0.528639 0.645363 0.779393 0.432458 0.559897 0.147861 0.412077 0.128339 0.782576 0.004816 0.732233 0.956089 0.485241 0.234559 0.673124 0.602706 0.847161 0.380236 0.509309 0.095234 0.442055 0.250189 0.582603 0.868706 0.335150 0.218858 0.138430 0.581803 0.100610 0.320639 0.953127 0.051409 0.012112 0.054053 0.931632 0.261868 0.300290 0.095105 0.531410 0.204046 0.938643 0.700693 0.382091 0.705490 0.373725 0.595224 0.277434 0.008331 0.535048 0.809538 0.346464 0.331727 0.936936 0.181364 0.458295 0.514313 0.838356 0.076859 0.679788 0.547772 0.837023 0.686623 0.713067 0.562502 0.968971 0.150370 0.767757 0.313386 0.646435 0.183037 0.311462 0.647373 0.214424 0.303917 0.695125 0.002994 0.507531 0.129200 0.663154 0.729972 0.566050 0.363807 0.083469 0.127248 0.599370 0.163982 0.963905 0.554368 0.356495 0.243044 0.347439 0.773833 0.232935 0.373869 0.714658 0.294183 0.211220 0.554842 0.194764 0.841939 0.404474 0.870261 0.989516 0.085766 0.440234 0.402645 0.699090 0.016038 0.894637 0.357955 0.945460 0.608373 0.351283 0.726167 0.097533 0.434784 0.151376 0.761627 0.259159 0.225112 0.671791 0.940171 0.489023 0.293387 0.766111 0.504040 0.174763 0.935872 0.637571 0.508878 0.511769 0.624034 0.344978 0.590005 0.414215 0.670448 0.564763 0.367874
0.328621 0.022496 0.382252 0.720832 0.564868 0.337861 0.243217 0.725125 0.812976 0.337130 0.409023 0.021736 0.159287 0.640622 0.988822 0.292102 0.879685 0.860248 0.444393 0.042713 0.535075 0.125363 0.437670 0.491183 0.762084 0.899294 0.833459 0.955613 0.488921 0.588612 0.750321 0.073886 0.805913 0.572724 0.114829 0.752526 0.336501 0.703598 0.741066 0.901847 0.023003 0.138791 0.355429 0.625761 0.878963 0.321273 0.776758 0.775830 0.391015 0.153159 0.542380 0.497183 0.183319 0.403684 0.936559 0.286584 0.894635 0.958312 0.541796 0.677309 0.645696 0.778510 0.646760 0.044321 0.286879 0.934295 0.987490 0.919918 0.262613 0.101683 0.078049 0.141896 0.131031 0.079253 0.108445 0.717979 0.864723 0.649245 0.313060 0.538530 0.707540 0.016865 0.380420 0.147585 0.771920 0.129750 0.901645 0.091060 0.714377 0.981229 0.202948 0.914790 0.741948 0.028617 0.482770 0.121334 0.430959 0.644946 0.187814 0.431964 0.989719 0.167153 0.841316 0.634252 0.228331 0.587172 0.745647 0.523011 0.455940 0.101372 0.067783 0.900612 0.642700 0.519889 0.520726 0.456692 0.538330 0.895769 0.436940 0.321955 0.925032 0.119480 0.507258 0.614730 0.054399 0.067676 0.507662 0.163076 0.642816 0.383610 0.653397 0.618623 0.480277 0.005069 0.260950 0.977200 0.623551 0.996533 0.242858 0.151294 0.815445 0.279822 0.139501 0.484211 0.536306 0.910371 0.826673 0.337886 0.037780 0.300817 0.793775 0.731018 0.091157 0.610819 0.165904 0.211899 0.550324 0.974792 0.872863 0.639353 0.950916 0.065300 0.976460 0.058464 0.098005 0.603858 0.188316 0.373258 0.198917 0.192415 0.480900 0.492142 0.344017 0.210498 0.762780 0.094384 0.869659 0.227731 0.254004 0.050280 0.087312 0.830606 0.482879 0.009431 0.811703 0.844371 0.253641 0.632391 0.902968 0.422360 0.079886 0.128476 0.882476 0.263764 0.984841 0.636544 0.771694 0.417920 0.575220 0.516200 0.216544 0.711229 0.064838 0.728522 0.368944 0.068053 0.970865 0.164654 0.509322 0.175932 0.651742 0.234378 0.807403 0.167946 0.862938 0.861096 0.093766 0.901715 0.913750 0.508080 0.556356 0.722162 0.386356 0.197989 0.097870 0.863303 0.781675 0.832827 0.715682 0.741070 0.331568 0.954847 0.594166 0.582408 0.463229 0.108899 0.607464 0.149682 0.437695 0.781332 0.090579 0.785227 0.434381 0.132902 0.753630 0.829663 0.537489 0.117464 0.153280 0.540409 0.733007 0.034522 0.977246 0.006436 0.987849 0.406125 0.502834 0.968250 0.615156 0.912283 0.199025 0.018893 0.777147 0.076285 0.353463 0.253736 0.106232 0.477147 0.453136 0.194168 0.225162 0.689658 0.841890 0.279896 0.855497 0.789593 0.049841 0.999448 0.361739 0.963455 0.628733 0.886886 0.366110 0.041849 0.121042 0.458400 0.208258 0.950620 0.439015 0.920721 0.303525 0.384810 0.945469 0.570580 0.900543 0.257954 0.011795 0.428873 0.806124 0.046842
0.110608 0.139783 0.181889 0.971240 0.115077 0.637735 0.068417 0.820143 0.788924 0.198202 0.753575 0.590244 0.113622 0.964525 0.330516 0.369472 0.300800 0.960728 0.079551 0.984448 0.478653 0.686610 0.402535 0.159824 0.504019 0.042409 0.696703 0.279468 0.222973 0.809267 0.999308 0.237544 0.940435 0.124009 0.356419 0.913846 0.638116 0.197808 0.037224 0.458421 0.756451 0.037629 0.156982 0.199905 0.533280 0.893417 0.372282 0.683447 0.089957 0.005480 0.432193 0.347072 0.164058 0.161606 0.565018 0.083695 0.750682 0.282252 0.645095 0.051131 0.268120 0.283386 0.492141 0.536428 0.558756 0.067516 0.100193 0.786273 0.563086 0.646497 0.514509 0.629132 0.978304 0.835053 0.320388 0.121935 0.092979 0.999932 0.480904 0.558093 0.624093 0.249211 0.195758 0.223510 0.407463 0.123340 0.568451 0.194031 0.256784 0.389943 0.245888 0.112298 0.659859 0.045536 0.625853 0.506646 0.238091 0.393101 0.215317 0.310578 0.608513 0.860874 0.559698 0.754716 0.387333 0.710240 0.271544 0.663514 0.691833 0.397871 0.256873 0.653553 0.758053 0.101435 0.124281 0.439994 0.882375 0.979979 0.869870 0.374882 0.910192 0.767893 0.082872 0.465504 0.608814 0.920252 0.738304 0.023738 0.055104 0.108802 0.259877 0.988250 0.177687 0.568287 0.108882 0.198721 0.570441 0.890489 0.992984 0.777586 0.280444 0.288491 0.679087 0.832106 0.527511 0.881055 0.066720 0.719585 0.126710 0.715023 0.764654 0.383574 0.022688 0.907259 0.391968 0.468793 0.049914 0.302941 0.838661 0.140986 0.322109 0.339904 0.049822 0.681984 0.944885 0.729391 0.603553 0.298636 0.994807 0.420919 0.529514 0.633240 0.799185 0.728657 0.812788 0.401316 0.444624 0.663342 0.880866 0.192775 0.951451 0.484784 0.849085 0.599928 0.013677 0.104380 0.605400 0.783732 0.235783 0.917707 0.873277 0.033256 0.376651 0.436490 0.646352 0.573024 0.637364 0.659939 0.542536 0.229550 0.920297 0.082326 0.447386 0.267370 0.599022 0.701568 0.649064 0.654590 0.071960 0.288503 0.723786 0.108125 0.818704 0.961323 0.704431 0.104222 0.329746 0.260413 0.569935 0.007727 0.990860 0.079177 0.593489 0.634904 0.441102 0.142085 0.469240 0.950989 0.469422 0.769698 0.646965 0.851402 0.523033 0.114993 0.192149 0.415396 0.557206 0.103648 0.571381 0.835233 0.874493 0.293162 0.894666 0.117652 0.656961 0.813394 0.221108 0.406616 0.187768 0.481034 0.376523 0.281665 0.657148 0.632457 0.843838 0.379926 0.665000 0.133730 0.280736 0.243313 0.429951 0.365152 0.550443 0.710556 0.309602 0.754264 0.857066 0.135338 0.361687 0.400230 0.050508 0.544195 0.719359 0.787349 0.665747 0.917856 0.529446 0.614566 0.103852 0.717765 0.909956 0.557230 0.914490 0.682331 0.101187 0.301276 0.701673 0.216144 0.995682 0.289249 0.362931 0.517635 0.192492 0.420822 0.487342 0.364760 0.389774 0.134116 0.269351 0.013895
0.602596 0.262536 0.106920 0.391356 0.861842 0.598664 0.625801 0.030027 0.106080 0.499573 0.805633 0.471617 0.580812 0.743888 0.931398 0.570140 0.187232 0.162881 0.177623 0.332141 0.246015 0.102166 0.088313 0.751586 0.152467 0.846141 0.454339 0.447075 0.451084 0.557870 0.442395 0.592853 0.649808 0.367223 0.205195 0.739669 0.854291 0.777821 0.203668 0.123764 0.177636 0.495652 0.862099 0.928024 0.431852 0.091514 0.673554 0.365239 0.870098 0.421055 0.305192 0.153567 0.941977 0.167988 0.534905 0.942920 0.372970 0.990570 0.794389 0.258872 0.736793 0.648218 0.230250 0.388732 0.144604 0.350972 0.300497 0.743788 0.195361 0.059435 0.599607 0.383669 0.573666 0.871143 0.499642 0.168757 0.829001 0.678814 0.484872 0.955881 0.710147 0.163789 0.392140 0.530385 0.595272 0.353457 0.718157 0.823551 0.437044 0.111634 0.657325 0.143223 0.096116 0.637180 0.997178 0.838432 0.074564 0.178033 0.513696 0.673264 0.630958 0.568283 0.180736 0.696394 0.613549 0.898399 0.121013 0.894321 0.079079 0.859079 0.875080 0.244279 0.939925 0.958847 0.228504 0.940330 0.543687 0.247914 0.083935 0.655743 0.068219 0.883403 0.547263 0.668057 0.469450 0.413126 0.926532 0.960707 0.790612 0.768474 0.183744 0.921080 0.199653 0.476355 0.643587 0.812754 0.613689 0.182200 0.233881 0.820305 0.970660 0.141203 0.272232 0.577444 0.410978 0.583045 0.406820 0.244176 0.533028 0.860658 0.329436 0.069643 0.983853 0.816536 0.229046 0.362694 0.007916 0.428910 0.531816 0.872512 0.960723 0.371930 0.066210 0.816318 0.675465 0.694264 0.726445 0.122402 0.442008 0.761805 0.726038 0.682705 0.492755 0.675626 0.456362 0.108095 0.884686 0.115912 0.967119 0.598994 0.688947 0.678439 0.889486 0.921516 0.674349 0.557917 0.782307 0.977788 0.290390 0.244018 0.069070 0.022020 0.840335 0.997038 0.706342 0.734338 0.611164 0.051803 0.407536 0.968690 0.889683 0.645293 0.884818 0.530407 0.277350 0.979012 0.855705 0.534043 0.162820 0.199843 0.595638 0.865532 0.803028 0.253070 0.359167 0.741534 0.424457 0.309901 0.131675 0.851390 0.377436 0.181760 0.524180 0.404234 0.432966 0.564324 0.372155 0.022709 0.022846 0.046961 0.923968 0.577059 0.048157 0.333621 0.552932 0.667973 0.399619 0.329809 0.157536 0.581833 0.066074 0.789184 0.961781 0.199141 0.737919 0.455046 0.229136 0.520197 0.716739 0.724673 0.764297 0.412169 0.340636 0.998350 0.939176 0.510162 0.889801 0.098385 0.685476 0.508563 0.114543 0.896942 0.840831 0.459494 0.110371 0.718571 0.460519 0.325766 0.351680 0.583721 0.800205 0.887837 0.903814 0.072361 0.172093 0.210785 0.058763 0.063629 0.040486 0.870436 0.769576 0.563846 0.716185 0.992792 0.791350 0.439590 0.536611 0.378493 0.662748 0.288877 0.945069 0.515942 0.283920 0.206682 0.767233 0.306083 0.328237 0.045362 0.294481 0.416118
0.064011 0.100805 0.790192 0.904390 0.275110 0.116220 0.098869 0.333621 0.948408 0.569195 0.258080 0.710125 0.146831 0.174057 0.256365 0.632395 0.058875 0.587969 0.652414 0.790982 0.831639 0.016060 0.960564 0.756167 0.444777 0.650376 0.623761 0.928960 0.266812 0.575026 0.874325 0.294836 0.123330 0.171215 0.460790 0.370747 0.838094 0.696834 0.493342 0.424543 0.069050 0.642652 0.036426 0.322402 0.582825 0.785459 0.049778 0.404607 0.941592 0.293004 0.678883 0.100510 0.420633 0.403113 0.511426 0.976044 0.695739 0.199651 0.587496 0.306962 0.343778 0.655500 0.633940 0.133949 0.231197 0.155675 0.437354 0.386759 0.198567 0.307363 0.599485 0.693364 0.748805 0.122480 0.671564 0.070086 0.145436 0.988333 0.161219 0.166306 0.208031 0.025468 0.473063 0.385870 0.900286 0.852373 0.439458 0.046408 0.646634 0.896967 0.632606 0.760655 0.898441 0.533645 0.435682 0.368351 0.847128 0.793225 0.910390 0.518545 0.439783 0.985807 0.954070 0.571547 0.850419 0.251202 0.904741 0.035640 0.026666 0.170481 0.296827 0.424385 0.879359 0.642771 0.674655 0.041035 0.714521 0.432308 0.001495 0.717149 0.704967 0.007854 0.516632 0.074710 0.250350 0.112722 0.346286 0.783276 0.687362 0.250003 0.803361 0.805270 0.030365 0.999149 0.331440 0.781339 0.442448 0.129101 0.616393 0.494279 0.667190 0.805653 0.491601 0.988649 0.518691 0.164124 0.301003 0.740906 0.772163 0.910494 0.262990 0.945924 0.290726 0.735092 0.229797 0.648681 0.394003 0.110060 0.274105 0.154314 0.991734 0.757343 0.103742 0.713426 0.902418 0.226287 0.850704 0.356721 0.903359 0.435548 0.173219 0.524449 0.350865 0.527231 0.369790 0.860039 0.338875 0.686252 0.088945 0.835832 0.340992 0.704109 0.519708 0.269732 0.313392 0.349367 0.881467 0.332867 0.940615 0.948372 0.698762 0.200869 0.816594 0.309510 0.473292 0.384178 0.543033 0.493037 0.661338 0.372131 0.208931 0.834182 0.354377 0.299757 0.470227 0.087524 0.244580 0.806598 0.387592 0.313332 0.346771 0.160191 0.191762 0.539507 0.829315 0.528050 0.731453 0.435995 0.382120 0.319084 0.023242 0.962438 0.284333 0.064738 0.732802 0.096561 0.250377 0.533565 0.591956 0.626034 0.111843 0.800675 0.233987 0.603960 0.973046 0.748905 0.023964 0.163851 0.743140 0.298838 0.359554 0.223110 0.052982 0.540602 0.322388 0.270048 0.196604 0.699982 0.560362 0.742844 0.926638 0.280394 0.097351 0.522037 0.717419 0.359219 0.523718 0.633198 0.143331 0.941150 0.391828 0.451417 0.743688 0.999929 0.405944 0.736758 0.083467 0.204409 0.471135 0.776354 0.050317 0.089532 0.364355 0.470933 0.404230 0.843571 0.263343 0.049848 0.711904 0.740575 0.603353 0.270122 0.119775 0.942896 0.151675 0.194463 0.238835 0.614813 0.042414 0.864992 0.618654 0.995781 0.207670 0.936838 0.025879 0.122833 0.709851 0.748551 0.935745 0.293308
0.594028 0.424387 0.092473 0.586556 0.887177 0.260400 0.154252 0.226556 0.047665 0.514587 0.468635 0.599585 0.873947 0.191647 0.038266 0.294638 0.971177 0.738559 0.422101 0.184801 0.514987 0.040661 0.114339 0.896084 0.028950 0.394416 0.402856 0.453937 0.037494 0.581279 0.625783 0.555641 0.266486 0.382584 0.685118 0.363455 0.322395 0.313306 0.817732 0.858391 0.183245 0.899824 0.346330 0.497251 0.482652 0.783580 0.864810 0.688575 0.972953 0.248537 0.564327 0.994119 0.306121 0.900100 0.752382 0.497169 0.622842 0.735759 0.338622 0.587636 0.691325 0.530319 0.545540 0.140400 0.923536 0.562135 0.003597 0.272174 0.033000 0.892913 0.728890 0.604349 0.600514 0.627204 0.410404 0.041163 0.069246 0.702634 0.804425 0.748743 0.966450 0.480952 0.876049 0.552067 0.145645 0.687807 0.738851 0.749976 0.777481 0.330941 0.722843 0.055717 0.158737 0.101229 0.072213 0.065672 0.365398 0.274390 0.861950 0.824325 0.415369 0.441955 0.082571 0.497242 0.133306 0.061693 0.534355 0.386438 0.516792 0.472681 0.244465 0.905008 0.892137 0.758569 0.402002 0.479371 0.534393 0.091666 0.701397 0.290894 0.242839 0.096718 0.872941 0.538572 0.580723 0.009887 0.776105 0.238963 0.574171 0.374479 0.934142 0.774866 0.291428 0.004720 0.852549 0.058371 0.731778 0.564650 0.171643 0.794437 0.747101 0.669310 0.519832 0.812114 0.245221 0.828513 0.414590 0.706603 0.279072 0.014806 0.219708 0.176589 0.746089 0.462957 0.470916 0.228719 0.384581 0.380435 0.693869 0.368690 0.102646 0.198084 0.356401 0.699671 0.108063 0.650421 0.565709 0.290517 0.355380 0.764412 0.983645 0.355387 0.194058 0.592158 0.353701 0.375755 0.394796 0.800992 0.041341 0.524343 0.114389 0.763365 0.608391 0.278533 0.512204 0.509044 0.049779 0.633628 0.765163 0.914902 0.317999 0.125342 0.817399 0.657106 0.232228 0.322526 0.277023 0.735137 0.474477 0.904876 0.048367 0.784915 0.558799 0.581882 0.063627 0.941980 0.808817 0.764027 0.163007 0.765456 0.950580 0.461302 0.440287 0.430888 0.213143 0.256355 0.485378 0.384306 0.888421 0.886752 0.527851 0.538595 0.049037 0.029460 0.373312 0.838531 0.185895 0.092970 0.670225 0.831057 0.581644 0.834166 0.444816 0.311683 0.810393 0.225083 0.663218 0.916600 0.148741 0.709895 0.160509 0.584602 0.825572 0.166550 0.781079 0.107631 0.251526 0.096515 0.493182 0.743298 0.054671 0.358704 0.476190 0.629317 0.665544 0.365589 0.916339 0.121789 0.667543 0.263717 0.181687 0.363674 0.361967 0.937402 0.213862 0.317921 0.771462 0.704606 0.469713 0.071792 0.640492 0.813139 0.941847 0.957433 0.709374 0.733335 0.783002 0.116062 0.951415 0.650332 0.650437 0.734632 0.225700 0.551227 0.783327 0.922344 0.088233 0.486367 0.918185 0.768280 0.915280 0.657947 0.583789 0.304530 0.147738 0.991383 0.301385 0.160853 0.221225 0.287907
0.899178 0.567914 0.268468 0.042032 0.407805 0.497899 0.750696 0.047715 0.881182 0.611132 0.835288 0.660302 0.078914 0.143580 0.138227 0.174282 0.469598 0.952533 0.349826 0.381835 0.526800 0.218850 0.428267 0.483913 0.575681 0.329968 0.689303 0.151915 0.988269 0.930431 0.502742 0.305351 0.208420 0.621586 0.095872 0.880726 0.409997 0.547349 0.110074 0.802712 0.071632 0.875341 0.413413 0.080950 0.360587 0.560732 0.111588 0.786895 0.050542 0.187638 0.311582 0.268797 0.435891 0.634379 0.373714 0.309714 0.057251 0.841948 0.886200 0.762412 0.721952 0.532028 0.125746 0.547226 0.636198 0.427620 0.293968 0.134741 0.354442 0.325951 0.836078 0.636836 0.321058 0.374406 0.459577 0.193003 0.977140 0.628572 0.637509 0.659390 0.517459 0.309629 0.622111 0.018327 0.950504 0.030628 0.098102 0.524633 0.046300 0.731666 0.916493 0.663359 0.569834 0.755276 0.630194 0.401190 0.910264 0.118202 0.984658 0.672378 0.368443 0.061326 0.241126 0.742085 0.131129 0.456843 0.354869 0.106373 0.021679 0.323040 0.623307 0.004068 0.443552 0.237512 0.968783 0.035856 0.118153 0.410717 0.982053 0.609688 0.139375 0.205831 0.648371 0.145764 0.877892 0.640976 0.358309 0.090623 0.003120 0.429449 0.673029 0.999769 0.746279 0.943664 0.552731 0.862476 0.745985 0.811493 0.935674 0.749012 0.548278 0.166167 0.670037 0.011875 0.605447 0.862610 0.183457 0.243900 0.706335 0.489897 0.500670 0.525827 0.997821 0.810428 0.154007 0.456059 0.234387 0.422740 0.848406 0.275969 0.489685 0.439986 0.015454 0.051192 0.817754 0.690614 0.756952 0.028382 0.992218 0.230082 0.057100 0.138642 0.925247 0.203707 0.832295 0.543491 0.272671 0.268468 0.520810 0.515773 0.145838 0.334748 0.571622 0.677265 0.751742 0.996803 0.186061 0.874928 0.435119 0.206485 0.107413 0.872905 0.663734 0.380897 0.244937 0.688986 0.491185 0.253729 0.814637 0.494663 0.447398 0.506295 0.255881 0.622461 0.206984 0.852330 0.114949 0.179956 0.839918 0.639777 0.215056 0.879937 0.012997 0.698850 0.783512 0.344784 0.246554 0.619971 0.115106 0.569632 0.186151 0.714922 0.968763 0.819859 0.282804 0.591741 0.196371 0.722095 0.077654 0.397960 0.134669 0.321383 0.192103 0.790806 0.357118 0.172764 0.565936 0.960788 0.325441 0.457727 0.080009 0.442735 0.794286 0.114118 0.006581 0.370631 0.121609 0.484298 0.887966 0.458305 0.498265 0.314838 0.828171 0.067654 0.220573 0.285888 0.064976 0.812516 0.801564 0.480015 0.145161 0.071889 0.190732 0.432074 0.391111 0.292665 0.322404 0.531799 0.732440 0.019300 0.736278 0.435773 0.582049 0.567198 0.583088 0.226437 0.652834 0.579598 0.822984 0.940632 0.980621 0.953637 0.030479 0.025464 0.363374 0.528423 0.711696 0.383671 0.964311 0.237463 0.577539 0.256979 0.674709 0.263040 0.496682 0.441101 0.874408 0.785288 0.663951 0.370741
0.287364 0.892890 0.782872 0.582908 0.937655 0.858034 0.680621 0.628020 0.810429 0.303007 0.568176 0.731598 0.032427 0.519093 0.701135 0.072246 0.464492 0.648607 0.712109 0.196286 0.243158 0.210544 0.116711 0.206373 0.958014 0.714100 0.153097 0.366376 0.610178 0.963236 0.207028 0.656962 0.490803 0.905542 0.011850 0.447487 0.540420 0.045247 0.327829 0.655244 0.963520 0.387225 0.234829 0.153852 0.250769 0.519352 0.522265 0.517673 0.508425 0.423145 0.528942 0.333492 0.961729 0.006336 0.369234 0.350906 0.796019 0.007337 0.663347 0.001835 0.356528 0.625491 0.789238 0.447749 0.337336 0.146903 0.874733 0.196237 0.111035 0.583493 0.123203 0.584829 0.811613 0.104838 0.506781 0.516065 0.733742 0.729846 0.116606 0.081657 0.945096 0.048244 0.291966 0.091407 0.534545 0.493040 0.274410 0.323524 0.034595 0.438942 0.086025 0.894305 0.452069 0.529115 0.121040 0.267374 0.698471 0.111451 0.574666 0.014663 0.380674 0.766574 0.253424 0.876407 0.689073 0.299122 0.623988 0.250224 0.019559 0.347143 0.212557 0.542622 0.042166 0.623880 0.625211 0.567084 0.584450 0.939200 0.386287 0.663758 0.181090 0.189594 0.458038 0.984101 0.626671 0.589998 0.059860 0.388946 0.159751 0.513908 0.377343 0.792149 0.415281 0.319367 0.819179 0.942185 0.970185 0.626781 0.682249 0.906269 0.693506 0.517549 0.765400 0.485409 0.474452 0.169367 0.077098 0.316808 0.356794 0.104218 0.971217 0.894380 0.415735 0.266391 0.694062 0.759810 0.430647 0.093583 0.484336 0.297951 0.542880 0.635816 0.349375 0.583808 0.908136 0.464647 0.958131 0.835128 0.918163 0.247267 0.944733 0.007486 0.648389 0.574914 0.061585 0.534592 0.642254 0.797841 0.112662 0.812861 0.610284 0.192698 0.298414 0.437619 0.720836 0.289035 0.589021 0.646994 0.751799 0.547450 0.079166 0.890453 0.366407 0.896285 0.160878 0.139185 0.873177 0.201223 0.997893 0.216157 0.569099 0.122997 0.330590 0.771198 0.884352 0.686908 0.498839 0.653131 0.893299 0.124808 0.661719 0.487922 0.117774 0.720915 0.605864 0.498659 0.004996 0.870851 0.573334 0.730839 0.680573 0.170335 0.696746 0.152988 0.172514 0.304987 0.328571 0.319963 0.291969 0.394803 0.698631 0.125315 0.992234 0.385011 0.304236 0.108484 0.252323 0.270171 0.128710 0.805587 0.644415 0.172288 0.598012 0.308955 0.404455 0.835570 0.189830 0.754028 0.358246 0.042740 0.583897 0.062960 0.964391 0.754333 0.951463 0.698121 0.173000 0.098804 0.350933 0.981336 0.919256 0.087402 0.707845 0.357996 0.504081 0.247920 0.090514 0.933873 0.788394 0.961427 0.600096 0.003559 0.390310 0.854066 0.529334 0.716717 0.390557 0.190758 0.367252 0.799732 0.324101 0.837545 0.553962 0.070950 0.996076 0.741989 0.991467 0.619124 0.637412 0.147263 0.012733 0.091475 0.808336 0.722000 0.410652 0.054579 0.468497 0.950389 0.037885 0.751258
0.811368 0.136875 0.538861 0.622103 0.117918 0.999208 0.401539 0.778684 0.476116 0.275132 0.538123 0.893313 0.843374 0.520140 0.155409 0.907070 0.021356 0.471229 0.131402 0.635171 0.959495 0.963761 0.711308 0.139439 0.533444 0.052473 0.743568 0.228389 0.801237 0.506950 0.880210 0.453947 0.293287 0.775104 0.441892 0.756578 0.283791 0.295927 0.758871 0.784449 0.312080 0.979375 0.704510 0.279287 0.554894 0.253206 0.262796 0.909038 0.488212 0.706957 0.388853 0.014525 0.178449 0.832659 0.891064 0.686980 0.263223 0.201459 0.491035 0.111182 0.850504 0.988328 0.207440 0.524938 0.738254 0.514768 0.718713 0.452761 0.532900 0.851770 0.607576 0.821320 0.166050 0.720362 0.513005 0.034804 0.917749 0.188262 0.234984 0.908894 0.055718 0.791509 0.656550 0.057817 0.354241 0.546462 0.461236 0.836233 0.779662 0.892748 0.262383 0.777888 0.343695 0.177065 0.976105 0.294047 0.492704 0.832556 0.398764 0.698851 0.538648 0.854756 0.719367 0.646228 0.195535 0.741980 0.846289 0.999612 0.310061 0.099852 0.681075 0.080873 0.878800 0.396467 0.043021 0.766907 0.055705 0.416217 0.825275 0.281498 0.291189 0.604287 0.012025 0.955046 0.711486 0.963756 0.702742 0.823959 0.017450 0.714596 0.891798 0.093280 0.504037 0.368988 0.424482 0.172499 0.783279 0.845091 0.415230 0.898744 0.553097 0.466635 0.710239 0.612806 0.654279 0.201978 0.203886 0.977698 0.982632 0.028722 0.358298 0.865307 0.639907 0.671307 0.416243 0.995709 0.461585 0.576108 0.984377 0.624964 0.018977 0.671196 0.014669 0.853603 0.579002 0.518229 0.018727 0.636994 0.357846 0.983917 0.560272 0.309726 0.162280 0.311055 0.765839 0.203908 0.747334 0.995551 0.449885 0.627807 0.316047 0.353228 0.760139 0.184996 0.665497 0.077856 0.925650 0.586011 0.642111 0.681318 0.435674 0.463228 0.738007 0.344230 0.020415 0.308298 0.346882 0.465859 0.353282 0.553171 0.341681 0.471537 0.827896 0.010379 0.736396 0.303242 0.630626 0.886139 0.011221 0.627805 0.667765 0.169091 0.905109 0.058452 0.002586 0.308175 0.034916 0.036635 0.022262 0.116025 0.728398 0.887631 0.635668 0.916591 0.455778 0.424092 0.657787 0.150265 0.148028 0.848511 0.268584 0.160337 0.002655 0.445237 0.044758 0.276832 0.611451 0.102745 0.611444 0.089168 0.915324 0.288537 0.058902 0.051089 0.583635 0.063361 0.966242 0.187724 0.962293 0.275413 0.456212 0.235916 0.128950 0.525711 0.841486 0.306293 0.545402 0.650371 0.729462 0.854850 0.672045 0.747664 0.812895 0.706045 0.156658 0.233374 0.919828 0.612814 0.672812 0.955814 0.763366 0.221486 0.926186 0.255300 0.456170 0.835679 0.077920 0.317324 0.944698 0.842566 0.301178 0.376262 0.285742 0.260186 0.045949 0.698572 0.885197 0.325148 0.975742 0.232927 0.473112 0.204579 0.929550 0.555153 0.598842 0.734578 0.647298 0.185663 0.340272 0.376985
0.906327 0.007674 0.467341 0.129773 0.704623 0.655085 0.931277 0.988434 0.201097 0.638539 0.638751 0.519557 0.449886 0.831815 0.911862 0.191597 0.501199 0.839757 0.990331 0.050945 0.980331 0.575294 0.145452 0.407885 0.290231 0.777258 0.077843 0.092913 0.204772 0.834124 0.545612 0.052125 0.693001 0.715268 0.974049 0.834957 0.153307 0.621248 0.860383 0.697899 0.858751 0.738135 0.367485 0.640274 0.808987 0.952333 0.671914 0.742656 0.204845 0.602486 0.157727 0.407184 0.494388 0.587694 0.294635 0.782970 0.687906 0.888427 0.905733 0.652069 0.359790 0.967130 0.229842 0.878470 0.346684 0.800050 0.669700 0.265265 0.025375 0.783381 0.481986 0.428389 0.544821 0.194186 0.713774 0.360117 0.380764 0.143176 0.015950 0.266581 0.509841 0.479286 0.280597 0.652849 0.146575 0.038304 0.631672 0.344849 0.195272 0.043711 0.566495 0.915081 0.034129 0.816618 0.793081 0.978894 0.261586 0.474814 0.326044 0.708714 0.771044 0.705226 0.945689 0.281042 0.806974 0.564112 0.437135 0.805606 0.625126 0.687958 0.313581 0.408162 0.672464 0.398047 0.300011 0.506175 0.568659 0.004708 0.337329 0.181509 0.631573 0.814366 0.155043 0.471185 0.971469 0.478796 0.958860 0.146705 0.335090 0.712347 0.337552 0.527321 0.010542 0.638834 0.319245 0.672993 0.387490 0.185180 0.952143 0.088808 0.895955 0.287797 0.405500 0.450465 0.184989 0.970118 0.690319 0.423966 0.718624 0.981940 0.176105 0.074012 0.015160 0.754607 0.476801 0.624625 0.641294 0.634006 0.734188 0.083778 0.470703 0.859064 0.922219 0.950419 0.453892 0.334284 0.329721 0.303843 0.448032 0.307409 0.684564 0.760791 0.641507 0.296282 0.952145 0.991973 0.866953 0.639526 0.811216 0.460883 0.835237 0.678876 0.677944 0.424176 0.084650 0.683463 0.173735 0.404887 0.196828 0.195340 0.896334 0.991444 0.774221 0.195270 0.493760 0.928723 0.049499 0.403485 0.362591 0.013932 0.565829 0.762279 0.653842 0.203578 0.476439 0.211902 0.401503 0.628709 0.714154 0.307663 0.417765 0.893800 0.678238 0.016018 0.805527 0.909797 0.403960 0.664108 0.998791 0.114741 0.604651 0.132026 0.798811 0.204907 0.465227 0.333285 0.720035 0.241063 0.825910 0.136574 0.759439 0.089639 0.955835 0.204190 0.645736 0.703089 0.631088 0.502064 0.680873 0.289342 0.964600 0.735852 0.505814 0.449084 0.216476 0.927527 0.692486 0.385253 0.956662 0.241918 0.465759 0.038609 0.340374 0.797019 0.248189 0.836824 0.476288 0.825997 0.335989 0.596169 0.096853 0.293181 0.137059 0.582600 0.157676 0.699978 0.666287 0.794171 0.332064 0.980069 0.535432 0.655927 0.090391 0.104658 0.203850 0.380447 0.689165 0.444548 0.981050 0.849631 0.115805 0.425855 0.106521 0.588919 0.988637 0.751662 0.859800 0.626470 0.496056 0.399029 0.629841 0.556686 0.522427 0.499796 0.847993 0.551682 0.346350 0.881817 0.507328 0.332461
0.326298 0.483127 0.219513 0.017967 0.091887 0.739810 0.864387 0.727278 0.715727 0.666934 0.842380 0.058188 0.265648 0.064880 0.192715 0.672365 0.166071 0.635561 0.488282 0.416182 0.592050 0.342141 0.560990 0.225337 0.412947 0.231074 0.873322 0.844163 0.204438 0.476053 0.013172 0.832846 0.744947 0.290741 0.607467 0.209698 0.861030 0.322065 0.680406 0.241278 0.540040 0.020520 0.648984 0.716403 0.950808 0.349925 0.192746 0.869037 0.031044 0.321398 0.561101 0.337975 0.922699 0.878538 0.497679 0.624820 0.625779 0.034808 0.884634 0.790159 0.486777 0.785820 0.330940 0.287679 0.728792 0.933588 0.809597 0.832451 0.420049 0.231230 0.718306 0.502736 0.834331 0.466464 0.164164 0.761906 0.267835 0.796001 0.098093 0.743913 0.681794 0.382066 0.771823 0.648952 0.637508 0.835237 0.052840 0.843645 0.396821 0.343164 0.027750 0.312097 0.306307 0.068970 0.892468 0.852049 0.189361 0.791268 0.460621 0.359766 0.208961 0.431484 0.806659 0.500983 0.143518 0.820031 0.456816 0.570720 0.180264 0.620427 0.955707 0.936484 0.668697 0.660145 0.086064 0.076181 0.961691 0.369574 0.547573 0.394117 0.412742 0.257437 0.510345 0.667097 0.781673 0.318115 0.608787 0.786409 0.209836 0.445421 0.666401 0.622503 0.710864 0.511016 0.605965 0.383373 0.573807 0.562712 0.122764 0.990264 0.684892 0.243603 0.430349 0.730440 0.706993 0.908665 0.570681 0.799790 0.678934 0.213211 0.728108 0.637007 0.057392 0.561654 0.686843 0.796145 0.931207 0.747123 0.213039 0.199593 0.692971 0.668564 0.761371 0.799774 0.513174 0.398561 0.768609 0.162030 0.566912 0.314081 0.506960 0.029188 0.670813 0.803079 0.598315 0.475626 0.579694 0.623969 0.194850 0.413220 0.843126 0.818961 0.980048 0.418487 0.058430 0.291911 0.660121 0.931732 0.113390 0.535811 0.578462 0.196488 0.037012 0.206295 0.859615 0.986360 0.092654 0.717007 0.368258 0.426007 0.201178 0.172939 0.786658 0.087927 0.819949 0.293182 0.895573 0.483212 0.486065 0.694356 0.363682 0.040121 0.900777 0.374678 0.716156 0.355171 0.665038 0.602277 0.558672 0.175850 0.744288 0.724085 0.440168 0.706862 0.802158 0.514691 0.760237 0.582012 0.651682 0.940242 0.097061 0.564462 0.101333 0.973612 0.196855 0.583582 0.725835 0.497922 0.069197 0.206270 0.477673 0.495259 0.588749 0.851376 0.074392 0.477499 0.260380 0.001707 0.261358 0.780055 0.753066 0.339130 0.447681 0.082102 0.452580 0.387031 0.469812 0.224852 0.543956 0.564134 0.046106 0.000303 0.499943 0.194354 0.705414 0.829969 0.688239 0.823709 0.572849 0.396779 0.446723 0.405215 0.828702 0.681521 0.163290 0.549683 0.671669 0.714789 0.940140 0.817045 0.941246 0.728388 0.654494 0.863626 0.044396 0.404203 0.015795 0.611376 0.638210 0.815504 0.837767 0.342124 0.587190 0.477648 0.283524 0.008796 0.594983 0.090228 0.731565 0.878724
0.438026 0.957115 0.132554 0.383573 0.235186 0.070057 0.504042 0.577027 0.605077 0.158174 0.271655 0.861278 0.322879 0.600009 0.292753 0.236801 0.375912 0.762476 0.707633 0.787880 0.302787 0.088714 0.610005 0.316088 0.158013 0.813965 0.632569 0.929123 0.734875 0.404385 0.362479 0.139718 0.779615 0.360229 0.044172 0.903435 0.946501 0.261538 0.108892 0.252341 0.623513 0.827571 0.989075 0.575372 0.491092 0.475882 0.664755 0.542617 0.258375 0.583546 0.969920 0.283733 0.662239 0.875613 0.138355 0.897096 0.662148 0.381140 0.826273 0.453178 0.947184 0.692167 0.210215 0.208072 0.177822 0.906744 0.351988 0.092934 0.985366 0.339099 0.550319 0.653336 0.098026 0.691498 0.626279 0.848918 0.113922 0.727711 0.673034 0.602227 0.049306 0.773272 0.919606 0.011713 0.974980 0.270856 0.600025 0.697484 0.632600 0.951419 0.764795 0.352567 0.336040 0.921937 0.943623 0.571407 0.561081 0.951961 0.913198 0.260642 0.837397 0.938784 0.922913 0.550612 0.818694 0.368410 0.695365 0.121462 0.885780 0.693378 0.944702 0.414716 0.258027 0.884397 0.516243 0.229060 0.891510 0.293029 0.278568 0.375148 0.009086 0.325540 0.316462 0.388175 0.992701 0.221554 0.568118 0.954242 0.719272 0.617954 0.743153 0.655685 0.130542 0.036575 0.644949 0.237567 0.734604 0.826313 0.278120 0.409898 0.876864 0.031459 0.432018 0.846746 0.639104 0.399544 0.206232 0.175627 0.211878 0.174841 0.691447 0.249757 0.513658 0.144434 0.893800 0.935653 0.352943 0.425276 0.993200 0.514598 0.851752 0.586758 0.461136 0.270937 0.675222 0.154311 0.141432 0.328186 0.740136 0.321949 0.396830 0.197246 0.897708 0.615791 0.416290 0.403499 0.754312 0.108471 0.956902 0.268261 0.995815 0.834695 0.369372 0.105815 0.244843 0.602005 0.787631 0.928087 0.536339 0.413572 0.352484 0.674171 0.536752 0.306995 0.925942 0.700624 0.906902 0.818957 0.364034 0.285462 0.729981 0.974265 0.259204 0.090907 0.520516 0.037659 0.644820 0.036849 0.602768 0.130736 0.310742 0.263166 0.241615 0.551304 0.772474 0.450426 0.554760 0.729370 0.117082 0.872295 0.216926 0.526505 0.541471 0.926232 0.924503 0.173323 0.583022 0.376847 0.482049 0.844838 0.323448 0.499077 0.881411 0.367698 0.468268 0.676732 0.089483 0.296148 0.846218 0.324704 0.271291 0.101175 0.183385 0.407892 0.454719 0.507901 0.380282 0.385776 0.790132 0.516701 0.618394 0.871540 0.439182 0.904608 0.410149 0.690642 0.602540 0.642238 0.001791 0.230461 0.912409 0.960081 0.939984 0.925986 0.509833 0.872581 0.916310 0.996634 0.686034 0.180359 0.631171 0.067277 0.279726 0.205259 0.519426 0.756512 0.624268 0.541290 0.733587 0.235818 0.852784 0.107307 0.249365 0.173953 0.704025 0.986530 0.652874 0.654910 0.169828 0.165466 0.276067 0.510066 0.432953 0.609662 0.265388 0.604611 0.102929 0.382889 0.010636 0.983522
0.955394 0.805540 0.718325 0.675013 0.528445 0.053271 0.900334 0.618770 0.260684 0.635742 0.286932 0.222798 0.061381 0.009084 0.058000 0.295014 0.484855 0.497897 0.863314 0.951691 0.048805 0.595868 0.851397 0.414647 0.558083 0.137212 0.470842 0.678740 0.146013 0.009136 0.225265 0.882909 0.590707 0.114999 0.016762 0.079192 0.448741 0.887332 0.518654 0.113033 0.724206 0.780591 0.132069 0.721816 0.077439 0.447513 0.393364 0.423691 0.015655 0.715824 0.125296 0.312509 0.957796 0.520442 0.295735 0.880078 0.176729 0.808501 0.668755 0.177658 0.446475 0.255525 0.871294 0.459366 0.446522 0.246897 0.081598 0.764746 0.544029 0.716712 0.335422 0.663623 0.943569 0.404431 0.928470 0.417303 0.993590 0.704438 0.666892 0.039375 0.377438 0.902906 0.385700 0.719258 0.474376 0.388008 0.667640 0.963939 0.726958 0.723066 0.581006 0.258077 0.131737 0.577747 0.425188 0.277356 0.897721 0.256470 0.535176 0.437107 0.072703 0.973470 0.434585 0.108184 0.721573 0.079525 0.898805 0.513718 0.610121 0.210801 0.351818 0.620447 0.390760 0.587301 0.874439 0.447522 0.450739 0.554299 0.962627 0.344708 0.734722 0.379524 0.261568 0.166750 0.046898 0.721479 0.625991 0.735133 0.606572 0.985239 0.954829 0.684719 0.537204 0.353344 0.217890 0.247341 0.766314 0.939776 0.043486 0.220394 0.385558 0.043918 0.819756 0.971669 0.399426 0.305148 0.366680 0.431103 0.193438 0.579193 0.849072 0.386309 0.516363 0.674908 0.544527 0.651911 0.776289 0.273135 0.240145 0.521979 0.599251 0.593324 0.412678 0.373081 0.594796 0.895659 0.341035 0.664931 0.532137 0.468271 0.386971 0.521247 0.227610 0.840538 0.718937 0.666670 0.545196 0.906692 0.473547 0.783801 0.474461 0.681306 0.969396 0.294900 0.116784 0.545957 0.371416 0.482790 0.872196 0.945026 0.662064 0.148049 0.573220 0.774491 0.109997 0.351140 0.592619 0.694328 0.614586 0.221246 0.056975 0.220167 0.571201 0.205573 0.570331 0.325297 0.498244 0.946473 0.020643 0.656225 0.326268 0.968507 0.609991 0.425644 0.380707 0.202365 0.151138 0.688085 0.037947 0.867925 0.769854 0.031814 0.605884 0.512145 0.614353 0.310174 0.062843 0.378350 0.153341 0.814414 0.864194 0.557148 0.290786 0.890984 0.798518 0.114731 0.493685 0.879358 0.147786 0.268900 0.341308 0.910140 0.423585 0.370233 0.055409 0.820889 0.726790 0.341425 0.494657 0.529305 0.391482 0.750942 0.100708 0.134117 0.631231 0.352015 0.926196 0.306102 0.824753 0.677540 0.131271 0.790315 0.046085 0.960249 0.777674 0.785942 0.928808 0.690891 0.876084 0.146614 0.117762 0.466097 0.898822 0.056391 0.276966 0.679762 0.870044 0.740196 0.301957 0.377637 0.531690 0.376575 0.030368 0.205280 0.945000 0.370617 0.877760 0.371740 0.704663 0.058867 0.922447 0.251989 0.469894 0.670143 0.390996 0.110065 0.813503 0.619878 0.697742 0.646836
0.570105 0.257149 0.603402 0.624136 0.971145 0.518530 0.501688 0.799333 0.833964 0.867803 0.021865 0.760108 0.210315 0.645799 0.953227 0.519122 0.501871 0.479164 0.360012 0.070669 0.970042 0.361385 0.661337 0.010910 0.466108 0.478793 0.580275 0.977829 0.128501 0.223252 0.211558 0.744123 0.913507 0.371107 0.703730 0.220035 0.749561 0.472577 0.328506 0.330936 0.565193 0.047376 0.510184 0.803095 0.605472 0.436998 0.501471 0.985569 0.902468 0.428609 0.933655 0.754068 0.176459 0.425141 0.118778 0.493260 0.985226 0.169361 0.448906 0.068037 0.100904 0.681543 0.744412 0.492174 0.509644 0.064078 0.421944 0.251014 0.623089 0.936006 0.905501 0.945912 0.679940 0.000364 0.143718 0.636006 0.393477 0.122237 0.255790 0.155026 0.507426 0.640103 0.964822 0.105418 0.727282 0.862902 0.725265 0.030879 0.342547 0.926996 0.646297 0.426190 0.142809 0.284178 0.230516 0.463999 0.895453 0.617024 0.249625 0.016002 0.780141 0.959211 0.294579 0.417833 0.321851 0.478666 0.658841 0.456476 0.267557 0.661626 0.526686 0.135430 0.690664 0.368057 0.675701 0.831358 0.184308 0.508775 0.108844 0.709388 0.487909 0.192421 0.238378 0.746787 0.524132 0.626450 0.524900 0.657531 0.826271 0.505008 0.912453 0.952999 0.618749 0.040500 0.913683 0.072934 0.064186 0.297638 0.306516 0.098083 0.798193 0.178915 0.382761 0.035257 0.175180 0.257964 0.035187 0.394217 0.194860 0.845604 0.322340 0.517779 0.257084 0.842526 0.881444 0.891048 0.503809 0.291521 0.403442 0.653580 0.717222 0.794180 0.224639 0.835573 0.170514 0.878961 0.361040 0.001655 0.804880 0.043158 0.215049 0.263416 0.830437 0.655515 0.560633 0.147810 0.551513 0.721971 0.158552 0.547521 0.409540 0.177695 0.296804 0.469567 0.272958 0.819621 0.276053 0.723122 0.716669 0.699714 0.006702 0.822831 0.189115 0.458046 0.289422 0.690847 0.686419 0.354381 0.781735 0.569225 0.518493 0.215630 0.935263 0.676012 0.115599 0.785300 0.338072 0.391997 0.855360 0.737218 0.046015 0.684368 0.642242 0.755188 0.439511 0.315549 0.470672 0.627629 0.359957 0.159100 0.502277 0.718790 0.231116 0.666221 0.309769 0.343125 0.682856 0.733953 0.054746 0.761550 0.257735 0.695841 0.469712 0.070449 0.632645 0.102478 0.743203 0.093537 0.667941 0.555373 0.739055 0.944560 0.679033 0.985192 0.105532 0.522332 0.993041 0.557693 0.262441 0.375754 0.785233 0.291263 0.956781 0.855325 0.095841 0.208308 0.765105 0.271926 0.514432 0.404857 0.857651 0.913403 0.509445 0.339601 0.893254 0.943086 0.162424 0.563159 0.276190 0.282995 0.695151 0.470877 0.074397 0.034600 0.069172 0.235552 0.319260 0.751612 0.127746 0.023826 0.281336 0.619695 0.597917 0.782832 0.924807 0.547942 0.562016 0.220472 0.444830 0.606015 0.698986 0.286976 0.194667 0.709224 0.087565 0.649195 0.124719 0.397962 0.730231 0.543889
0.122645 0.824471 0.526477 0.745694 0.385162 0.983769 0.011995 0.215608 0.430053 0.543898 0.796881 0.286044 0.691078 0.938831 0.319959 0.326737 0.070111 0.606165 0.568970 0.478289 0.448697 0.861381 0.674948 0.603406 0.761802 0.677141 0.643149 0.189300 0.175560 0.893676 0.954336 0.458717 0.109857 0.858921 0.403916 0.444137 0.599329 0.182645 0.835571 0.298347 0.111541 0.839962 0.716351 0.740389 0.927768 0.650914 0.549788 0.320676 0.371338 0.457532 0.247890 0.848648 0.952918 0.860648 0.144407 0.457109 0.643087 0.161427 0.083835 0.297200 0.261576 0.099667 0.159023 0.658436 0.421704 0.307183 0.436646 0.236632 0.048123 0.309058 0.964971 0.158123 0.682660 0.991632 0.472566 0.761641 0.256545 0.572487 0.385104 0.310472 0.492471 0.248064 0.761444 0.499424 0.907770 0.859662 0.143159 0.745912 0.440118 0.451649 0.861726 0.573627 0.931332 0.852627 0.204398 0.006462 0.975405 0.541193 0.865361 0.740722 0.239958 0.385308 0.401659 0.935486 0.418133 0.521736 0.029315 0.482944 0.132284 0.463139 0.524851 0.000338 0.607339 0.296651 0.572949 0.716905 0.419789 0.268205 0.116480 0.392389 0.448875 0.143071 0.606854 0.298275 0.273822 0.750961 0.561049 0.433022 0.523818 0.325783 0.068274 0.075923 0.705208 0.399151 0.181382 0.039688 0.005514 0.962743 0.642062 0.424067 0.081410 0.214625 0.017718 0.171026 0.706788 0.255341 0.371678 0.148763 0.636391 0.836035 0.755947 0.457503 0.683385 0.563680 0.087438 0.506746 0.507752 0.646511 0.608902 0.215958 0.511606 0.748207 0.770390 0.205098 0.539692 0.644100 0.816440 0.090217 0.329312 0.195032 0.521293 0.458583 0.047424 0.798310 0.648551 0.450746 0.027471 0.002200 0.434614 0.822452 0.386283 0.685825 0.264133 0.340317 0.414104 0.358213 0.361144 0.945678 0.355683 0.641134 0.075777 0.388266 0.541564 0.781198 0.159634 0.334504 0.018150 0.647658 0.724957 0.123826 0.800409 0.319041 0.192170 0.281624 0.723683 0.275508 0.330510 0.072126 0.126744 0.255054 0.129964 0.080423 0.686965 0.645660 0.315802 0.677184 0.238441 0.623254 0.480249 0.170602 0.283380 0.703143 0.548163 0.648789 0.291122 0.059934 0.761055 0.242862 0.921431 0.150797 0.896620 0.867267 0.494852 0.596305 0.235825 0.039982 0.107475 0.759773 0.988854 0.512658 0.932071 0.623326 0.563529 0.660865 0.764009 0.444903 0.027876 0.399218 0.053241 0.162236 0.826945 0.259080 0.027965 0.455321 0.284415 0.035069 0.691875 0.663834 0.520727 0.744231 0.094164 0.030641 0.230012 0.719261 0.986687 0.016480 0.079888 0.300457 0.821797 0.600674 0.866869 0.445960 0.298641 0.556281 0.380160 0.440191 0.577902 0.731099 0.129183 0.657611 0.256838 0.753403 0.168568 0.291547 0.403062 0.679199 0.642404 0.067738 0.729500 0.690843 0.890756 0.269018 0.348419 0.267356 0.503362 0.376242 0.789440 0.039497 0.448575 0.352256
0.263472 0.009519 0.629083 0.712458 0.937117 0.410652 0.713789 0.344447 0.651147 0.821051 0.036104 0.010369 0.768241 0.951499 0.518797 0.735051 0.249906 0.407854 0.661247 0.706469 0.596247 0.259853 0.279542 0.806110 0.434758 0.902816 0.874813 0.987636 0.231420 0.319277 0.236288 0.018313 0.389471 0.089910 0.201098 0.710182 0.779330 0.038853 0.091682 0.770057 0.310671 0.688652 0.015688 0.295653 0.992574 0.383218 0.838178 0.226727 0.159341 0.813605 0.699192 0.848539 0.128514 0.683983 0.146953 0.793367 0.923234 0.614597 0.337752 0.021749 0.097393 0.983639 0.857169 0.211964 0.521891 0.764915 0.507105 0.403275 0.311805 0.335555 0.344720 0.471148 0.382989 0.999490 0.162208 0.333851 0.187111 0.109317 0.549775 0.726623 0.791741 0.904769 0.200651 0.260629 0.500973 0.291313 0.765883 0.901257 0.300521 0.074224 0.062550 0.621263 0.524777 0.624626 0.910913 0.618871 0.307887 0.427680 0.035793 0.799212 0.327756 0.405942 0.588170 0.489200 0.633005 0.822995 0.851918 0.454474 0.840529 0.346567 0.386508 0.296439 0.809807 0.594458 0.892618 0.308423 0.177611 0.740239 0.159753 0.178533 0.101760 0.483918 0.078136 0.891762 0.991369 0.188543 0.532871 0.894889 0.228257 0.669690 0.299395 0.717571 0.741758 0.319705 0.075862 0.912882 0.819891 0.917985 0.497103 0.325004 0.808504 0.276782 0.796516 0.836139 0.564663 0.747783 0.809505 0.104624 0.496308 0.694990 0.109799 0.696154 0.289990 0.585128 0.425705 0.701995 0.646466 0.584363 0.234557 0.419981 0.493248 0.797616 0.098965 0.191248 0.107570 0.546718 0.876722 0.430377 0.694071 0.113659 0.174074 0.126704 0.868985 0.493129 0.440751 0.421527 0.947724 0.088093 0.586968 0.393633 0.527582 0.072457 0.099339 0.244417 0.010946 0.762484 0.516865 0.102637 0.966892 0.200104 0.837726 0.833587 0.392495 0.551556 0.549021 0.459133 0.442027 0.178809 0.330361 0.170745 0.576197 0.993033 0.096429 0.182113 0.773511 0.246329 0.668554 0.314607 0.415154 0.628375 0.558510 0.984032 0.647519 0.617368 0.881347 0.069018 0.898660 0.677650 0.603385 0.549829 0.812117 0.882102 0.466674 0.374293 0.358095 0.508907 0.927216 0.340102 0.428094 0.351517 0.518495 0.843930 0.154445 0.617913 0.722151 0.553546 0.485368 0.191282 0.891782 0.926275 0.495030 0.227855 0.364525 0.969985 0.877612 0.388410 0.779918 0.980202 0.016223 0.032184 0.482029 0.103190 0.896802 0.637800 0.534279 0.126237 0.403778 0.138070 0.807321 0.661909 0.707533 0.835474 0.494918 0.691702 0.615266 0.419844 0.890503 0.324650 0.240631 0.889896 0.968684 0.001555 0.744079 0.212210 0.608436 0.431479 0.088927 0.181178 0.228673 0.195864 0.488064 0.954409 0.709937 0.884286 0.784692 0.680332 0.525219 0.125221 0.729828 0.513378 0.192443 0.848860 0.469796 0.385311 0.844196 0.990691 0.829116 0.382481 0.712888 0.975532
0.170247 0.213091 0.873181 0.181669 0.710939 0.766320 0.680826 0.615502 0.824124 0.136546 0.760956 0.989694 0.765716 0.384990 0.657746 0.917270 0.759678 0.723028 0.545379 0.728614 0.222558 0.173010 0.572531 0.848974 0.422712 0.436164 0.620618 0.760557 0.125902 0.967180 0.031481 0.389461 0.448816 0.718404 0.853697 0.837867 0.122289 0.358487 0.622252 0.776674 0.342070 0.743035 0.731958 0.034379 0.645756 0.266619 0.255954 0.268925 0.489194 0.489386 0.424962 0.630903 0.875257 0.866519 0.990518 0.527287 0.714548 0.960083 0.711996 0.679886 0.308865 0.573477 0.183584 0.852833 0.337651 0.264703 0.885906 0.429774 0.085049 0.087286 0.780431 0.273169 0.385810 0.027595 0.301947 0.959181 0.665006 0.366377 0.743416 0.405099 0.385686 0.476385 0.191835 0.262532 0.075573 0.253450 0.957607 0.452710 0.833990 0.851272 0.592400 0.560081 0.999778 0.286008 0.974986 0.236443 0.369668 0.290116 0.971171 0.314946 0.717404 0.887432 0.870278 0.353341 0.676299 0.295840 0.724131 0.664298 0.583691 0.034978 0.941874 0.443161 0.761798 0.873710 0.332804 0.410299 0.329494 0.263754 0.070986 0.739151 0.602338 0.766443 0.266391 0.635089 0.184903 0.160431 0.516926 0.046072 0.254087 0.160726 0.882231 0.586332 0.932080 0.729494 0.068494 0.207416 0.508768 0.851413 0.737186 0.789189 0.774705 0.570108 0.537780 0.041712 0.065382 0.624475 0.546577 0.050011 0.548535 0.851078 0.389623 0.578432 0.343405 0.508485 0.509120 0.860969 0.650174 0.563557 0.180343 0.396002 0.602812 0.469337 0.492820 0.222872 0.211472 0.053980 0.905355 0.118378 0.371859 0.082185 0.823587 0.272296 0.490052 0.921318 0.464059 0.104080 0.967451 0.760055 0.922067 0.178882 0.206903 0.501372 0.272992 0.245174 0.807546 0.945172 0.471892 0.696781 0.836421 0.526560 0.659360 0.790763 0.114500 0.217132 0.347563 0.108224 0.126767 0.469659 0.034289 0.130063 0.476764 0.651445 0.777550 0.734537 0.055475 0.543631 0.489131 0.504814 0.768494 0.267363 0.870811 0.596299 0.258442 0.904273 0.340319 0.951250 0.612071 0.659771 0.023304 0.412145 0.745770 0.858894 0.687594 0.179114 0.671265 0.747368 0.566155 0.923575 0.400901 0.095419 0.965766 0.167696 0.277999 0.871083 0.787028 0.893782 0.798261 0.673660 0.729178 0.774734 0.579162 0.227011 0.899889 0.114350 0.266993 0.054132 0.784172 0.803037 0.807684 0.374746 0.182622 0.071624 0.157696 0.659094 0.942861 0.830105 0.220244 0.726419 0.043483 0.297636 0.190503 0.294332 0.230166 0.681628 0.458367 0.944147 0.043929 0.871210 0.809250 0.706921 0.340990 0.394987 0.112935 0.119608 0.669439 0.642297 0.886878 0.948646 0.710069 0.853317 0.102260 0.081676 0.126160 0.493968 0.255561 0.225788 0.197984 0.233107 0.202784 0.737267 0.183838 0.874147 0.079170 0.948743 0.467452 0.732875 0.325560 0.709763 0.878814 0.008541
0.319355 0.287382 0.066663 0.524625 0.351185 0.698677 0.068709 0.659060 0.085743 0.660024 0.906475 0.260865 0.263520 0.898412 0.639389 0.600908 0.896426 0.366206 0.500243 0.559350 0.474035 0.766407 0.888966 0.240942 0.212715 0.001265 0.053844 0.146404 0.960220 0.767703 0.976450 0.930428 0.296698 0.620269 0.795957 0.913571 0.997614 0.955533 0.574941 0.738785 0.615695 0.447943 0.430635 0.101579 0.618952 0.999445 0.758013 0.491909 0.471475 0.035810 0.692402 0.371667 0.451881 0.066524 0.649819 0.658936 0.938927 0.227800 0.856389 0.599568 0.984127 0.032612 0.771802 0.816866 0.070192 0.658677 0.794974 0.375557 0.999953 0.816185 0.778854 0.877942 0.198939 0.824893 0.705362 0.621083 0.935937 0.348507 0.849711 0.798996 0.576779 0.847887 0.338750 0.681235 0.942771 0.600674 0.528306 0.642276 0.299405 0.283323 0.686462 0.312398 0.234784 0.323416 0.631548 0.422509 0.882131 0.131006 0.671910 0.662762 0.742611 0.325738 0.588534 0.571497 0.627553 0.634367 0.757640 0.760225 0.859531 0.423710 0.743149 0.310383 0.047949 0.224192 0.845088 0.198578 0.186436 0.729766 0.849186 0.258617 0.186393 0.616679 0.014169 0.754744 0.799027 0.750477 0.986495 0.722521 0.394593 0.221137 0.669254 0.136423 0.073633 0.611527 0.369235 0.839250 0.327621 0.944363 0.859946 0.057203 0.827384 0.776091 0.587680 0.147143 0.653044 0.125407 0.526994 0.872342 0.958665 0.657072 0.191287 0.089354 0.834434 0.074451 0.772996 0.343580 0.296600 0.742764 0.007817 0.899068 0.181853 0.756186 0.065003 0.642235 0.780442 0.096727 0.898868 0.765625 0.674887 0.599669 0.636587 0.372408 0.642866 0.936318 0.464694 0.273298 0.956911 0.991020 0.590366 0.201083 0.315035 0.315961 0.809627 0.542799 0.129501 0.692260 0.005716 0.214575 0.839593 0.216813 0.112054 0.519574 0.311078 0.575143 0.493977 0.936042 0.145627 0.716262 0.668762 0.660540 0.444864 0.493317 0.840620 0.203148 0.513524 0.313480 0.974711 0.548485 0.469046 0.365140 0.278510 0.375906 0.614205 0.366544 0.761713 0.813263 0.151491 0.470469 0.630373 0.271481 0.731038 0.213064 0.681225 0.407784 0.089546 0.397909 0.673831 0.274595 0.704347 0.267636 0.929673 0.622535 0.393571 0.837672 0.117416 0.977937 0.945919 0.054634 0.188679 0.983380 0.699827 0.829723 0.453737 0.144417 0.979039 0.702435 0.701373 0.612177 0.842666 0.717354 0.200010 0.441521 0.108581 0.157417 0.162349 0.640343 0.959619 0.736515 0.174159 0.275328 0.567110 0.221941 0.697720 0.683436 0.026380 0.247518 0.252987 0.258100 0.173364 0.999304 0.627580 0.835622 0.772015 0.608519 0.287625 0.956442 0.928624 0.104439 0.323300 0.114815 0.048886 0.219812 0.733258 0.641611 0.770186 0.049356 0.492759 0.958334 0.476573 0.799237 0.746261 0.010269 0.628278 0.966383 0.180970 0.915155 0.476036 0.111814 0.576101 0.106930
0.014414 0.562474 0.019023 0.864834 0.541196 0.487596 0.773113 0.113747 0.898027 0.805337 0.896056 0.753547 0.812133 0.579649 0.813970 0.929516 0.176035 0.587420 0.877283 0.414054 0.874739 0.135567 0.984367 0.608831 0.161653 0.830509 0.852382 0.289168 0.176631 0.745775 0.332252 0.125120 0.579538 0.507705 0.558369 0.926489 0.030759 0.949214 0.923473 0.957013 0.803613 0.587941 0.588994 0.051852 0.201515 0.838863 0.680256 0.512950 0.504839 0.589552 0.922431 0.030772 0.119007 0.657791 0.217655 0.419933 0.410198 0.337411 0.631534 0.982651 0.791167 0.130330 0.391448 0.456346 0.627433 0.351362 0.003344 0.728756 0.303076 0.526838 0.784917 0.248236 0.065529 0.739457 0.932819 0.160192 0.865530 0.217961 0.128294 0.118534 0.760690 0.811654 0.529920 0.007089 0.612801 0.027138 0.498923 0.653684 0.350653 0.260080 0.817215 0.170278 0.163217 0.026657 0.617982 0.224414 0.660182 0.883568 0.305901 0.940665 0.696372 0.716462 0.378578 0.123317 0.083760 0.938273 0.575174 0.854430 0.313607 0.416503 0.663787 0.773642 0.610353 0.642366 0.494102 0.381809 0.235610 0.912525 0.117217 0.320671 0.018909 0.251846 0.016019 0.830003 0.672795 0.059865 0.578233 0.816712 0.970901 0.965540 0.361015 0.978206 0.415797 0.273089 0.712932 0.089472 0.912559 0.828615 0.448920 0.676075 0.706549 0.387964 0.437513 0.557924 0.140694 0.249885 0.611674 0.039059 0.453419 0.126311 0.569185 0.460038 0.668382 0.503583 0.742994 0.150915 0.130287 0.243157 0.789774 0.586133 0.134660 0.776398 0.619462 0.115071 0.049752 0.270091 0.311025 0.440045 0.819352 0.095559 0.188405 0.397340 0.140132 0.816755 0.600531 0.826591 0.249306 0.070772 0.143624 0.351467 0.128847 0.314957 0.306190 0.381855 0.922239 0.717694 0.864996 0.445613 0.284141 0.036037 0.931476 0.557524 0.081209 0.615685 0.437806 0.084992 0.526344 0.392040 0.229894 0.040711 0.383190 0.481880 0.978898 0.497751 0.351005 0.451857 0.880405 0.083760 0.765782 0.411686 0.621763 0.555489 0.558163 0.951807 0.224317 0.940361 0.389511 0.914193 0.753054 0.318428 0.790771 0.152863 0.877662 0.245215 0.160881 0.398258 0.780706 0.901843 0.626599 0.049630 0.151168 0.202986 0.815473 0.638724 0.318864 0.283508 0.860697 0.045816 0.803455 0.031036 0.436271 0.441986 0.490867 0.283346 0.252555 0.619077 0.720753 0.078312 0.198762 0.092933 0.807732 0.987284 0.031263 0.287157 0.299265 0.126645 0.494644 0.711628 0.808691 0.511496 0.970702 0.404289 0.482003 0.847729 0.752161 0.554126 0.732071 0.698900 0.409970 0.424781 0.506198 0.160245 0.433637 0.222167 0.440219 0.238067 0.802927 0.625986 0.691507 0.610480 0.972611 0.268987 0.239344 0.419720 0.330800 0.747253 0.269046 0.018253 0.214065 0.955340 0.662121 0.124086 0.427883 0.661664 0.243446 0.073864 0.574155 0.896783 0.759304 0.439265
0.988230 0.120496 0.358062 0.185481 0.470030 0.951841 0.813746 0.590685 0.132983 0.399352 0.959173 0.448789 0.081103 0.015006 0.207019 0.741399 0.499776 0.779473 0.133297 0.687058 0.434834 0.596785 0.185326 0.406312 0.038636 0.787809 0.313093 0.440652 0.185687 0.837407 0.819234 0.450650 0.319856 0.810919 0.534469 0.302517 0.205328 0.603958 0.613620 0.476814 0.981090 0.286108 0.366216 0.832897 0.648088 0.090433 0.440650 0.299643 0.936706 0.141048 0.850852 0.695124 0.243912 0.860042 0.913401 0.126413 0.126697 0.883277 0.272055 0.033700 0.168949 0.984721 0.853685 0.742454 0.014109 0.766404 0.596659 0.303690 0.420741 0.392290 0.991913 0.792523 0.748973 0.440820 0.286001 0.813599 0.265515 0.291460 0.901830 0.900147 0.891964 0.307013 0.444466 0.335143 0.027493 0.165728 0.387218 0.995277 0.865254 0.502603 0.352143 0.301910 0.779509 0.004959 0.288230 0.823515 0.898074 0.093303 0.786331 0.272576 0.684789 0.011763 0.035192 0.169746 0.558752 0.628456 0.996280 0.927064 0.289000 0.962877 0.772228 0.058538 0.813248 0.077039 0.854688 0.510161 0.118031 0.319733 0.688951 0.150234 0.004643 0.086926 0.378207 0.744568 0.370651 0.864143 0.846918 0.045818 0.484880 0.626993 0.557807 0.601540 0.434138 0.128683 0.350194 0.423724 0.787916 0.618761 0.171914 0.235216 0.443252 0.233599 0.778111 0.220121 0.291066 0.358352 0.456580 0.581046 0.446962 0.992314 0.511460 0.165838 0.318586 0.242954 0.638342 0.236706 0.167940 0.169021 0.299983 0.684555 0.433337 0.561977 0.768180 0.354450 0.187625 0.586814 0.484274 0.119398 0.251718 0.289214 0.818300 0.664571 0.799450 0.028895 0.580609 0.482691 0.403532 0.931154 0.716531 0.452465 0.447410 0.048220 0.346860 0.778391 0.447019 0.608625 0.679516 0.288365 0.156162 0.106363 0.463276 0.517455 0.590848 0.432558 0.457684 0.607125 0.670586 0.932436 0.644338 0.855404 0.979096 0.458453 0.311713 0.486933 0.939037 0.669691 0.972775 0.383193 0.046218 0.356073 0.237492 0.039917 0.681490 0.303685 0.447301 0.703231 0.335262 0.261877 0.842886 0.340915 0.451413 0.023323 0.060120 0.703770 0.356216 0.427112 0.059863 0.370578 0.872043 0.132379 0.676720 0.545164 0.020170 0.747691 0.866044 0.945860 0.618713 0.543383 0.271989 0.708363 0.132397 0.622350 0.962264 0.548503 0.128783 0.748939 0.062619 0.258420 0.159921 0.298828 0.213663 0.191052 0.833289 0.812033 0.739688 0.458563 0.137226 0.650687 0.909522 0.777172 0.543242 0.687213 0.187041 0.041906 0.569338 0.305322 0.673505 0.278848 0.390617 0.032539 0.910701 0.729255 0.000467 0.231145 0.687785 0.902666 0.177627 0.585348 0.084137 0.578454 0.870902 0.850312 0.482081 0.913370 0.404989 0.359082 0.882035 0.301834 0.896950 0.813338 0.881521 0.701374 0.236598 0.727599 0.833128 0.140211 0.901864 0.170654 0.940957 0.121725
0.630288 0.385789 0.710639 0.500474 0.562018 0.603977 0.489106 0.909187 0.045725 0.940910 0.966630 0.108623 0.802818 0.769298 0.502351 0.837153 0.520495 0.831118 0.720961 0.640895 0.479817 0.209807 0.543652 0.379531 0.726953 0.236877 0.285408 0.207817 0.061046 0.414099 0.875021 0.400108 0.539834 0.437274 0.760487 0.180586 0.443325 0.967140 0.380745 0.630124 0.171541 0.469029 0.134954 0.644637 0.870886 0.695051 0.663665 0.672336 0.316957 0.852252 0.572387 0.075384 0.107655 0.335212 0.199684 0.656075 0.016265 0.210827 0.703523 0.493809 0.504521 0.112228 0.966601 0.456738 0.687030 0.643397 0.028000 0.349541 0.478144 0.169791 0.924760 0.574547 0.192518 0.872225 0.864889 0.446290 0.488575 0.620641 0.165549 0.439922 0.668902 0.243784 0.541552 0.078243 0.128948 0.587610 0.854506 0.003486 0.505445 0.344186 0.417162 0.309978 0.680234 0.414519 0.131319 0.696207 0.480319 0.045803 0.637891 0.813960 0.979588 0.576457 0.007534 0.636871 0.101084 0.338602 0.862918 0.874376 0.712425 0.307962 0.779111 0.351857 0.453038 0.693428 0.285722 0.592404 0.212608 0.320086 0.454240 0.839339 0.213143 0.574243 0.299114 0.304550 0.200441 0.126961 0.391845 0.392016 0.509825 0.264939 0.839808 0.267133 0.863448 0.975848 0.024245 0.438053 0.966802 0.721126 0.110564 0.162646 0.832320 0.349888 0.214963 0.114341 0.096105 0.569489 0.741143 0.725116 0.144903 0.227200 0.980263 0.719482 0.188850 0.533476 0.066679 0.671486 0.615687 0.453971 0.334809 0.818125 0.138470 0.857119 0.232911 0.310421 0.320594 0.760735 0.442229 0.343524 0.315397 0.838777 0.464766 0.342304 0.518898 0.714565 0.454575 0.985872 0.313403 0.806080 0.748626 0.866190 0.355427 0.860235 0.651023 0.579452 0.867359 0.514320 0.268966 0.122870 0.721371 0.694593 0.209365 0.439064 0.438418 0.250712 0.531780 0.357331 0.229922 0.692714 0.523032 0.289362 0.438947 0.745436 0.618705 0.430801 0.448230 0.792821 0.641610 0.779702 0.457063 0.734406 0.409348 0.423158 0.395393 0.284691 0.980647 0.728045 0.888139 0.421427 0.541867 0.722619 0.278922 0.747183 0.278935 0.108060 0.382987 0.724660 0.729885 0.483962 0.632634 0.693622 0.865923 0.813452 0.011177 0.285560 0.429405 0.554982 0.594636 0.288014 0.223101 0.700310 0.401005 0.047968 0.471546 0.516050 0.531268 0.598312 0.461946 0.831876 0.327269 0.953523 0.678395 0.659698 0.260651 0.008546 0.434481 0.969255 0.369564 0.650391 0.838465 0.383825 0.788501 0.850926 0.073382 0.045330 0.991514 0.186496 0.140304 0.301408 0.975575 0.317762 0.548328 0.782298 0.116508 0.685177 0.170059 0.746999 0.941394 0.723996 0.341206 0.562551 0.706543 0.183167 0.352771 0.033766 0.929655 0.999915 0.137649 0.000229 0.045894 0.808898 0.548034 0.398616 0.616523 0.998880 0.287113 0.746924 0.126919 0.616883 0.168445 0.937703
0.394085 0.964484 0.829624 0.168634 0.346835 0.169220 0.797325 0.880966 0.611164 0.752818 0.072330 0.255219 0.230011 0.922707 0.343307 0.110407 0.223715 0.092884 0.723049 0.374035 0.300454 0.753248 0.487288 0.077080 0.829142 0.971958 0.562711 0.873442 0.234310 0.062740 0.374807 0.050546 0.987522 0.126969 0.909692 0.498884 0.851946 0.096983 0.292199 0.635443 0.796154 0.653862 0.851621 0.839328 0.117731 0.901253 0.364679 0.120137 0.181478 0.315934 0.771967 0.356270 0.565093 0.509992 0.293901 0.543750 0.767417 0.233898 0.959683 0.988544 0.799800 0.609983 0.858137 0.983490 0.389340 0.164699 0.058667 0.904964 0.928477 0.042134 0.760530 0.258220 0.051782 0.255988 0.984727 0.994501 0.375392 0.768850 0.915483 0.687473 0.772218 0.988970 0.159355 0.083318 0.612201 0.727283 0.038557 0.039294 0.623174 0.507310 0.632383 0.559019 0.895562 0.464106 0.222867 0.831095 0.036527 0.312873 0.402380 0.178330 0.694419 0.086965 0.101987 0.729251 0.259495 0.521585 0.467804 0.787378 0.667534 0.026320 0.418215 0.007631 0.665525 0.945252 0.736294 0.851668 0.785289 0.305751 0.438094 0.581743 0.735838 0.523809 0.619497 0.254660 0.138488 0.370934 0.807176 0.593188 0.182857 0.008051 0.764367 0.319123 0.806825 0.196386 0.145961 0.855855 0.406266 0.922059 0.730440 0.950945 0.850636 0.413037 0.851900 0.814763 0.289205 0.932763 0.567772 0.843367 0.222763 0.657583 0.490870 0.579419 0.277430 0.522085 0.900153 0.139672 0.944389 0.065329 0.194051 0.184126 0.856820 0.209078 0.501450 0.351637 0.673912 0.512402 0.137172 0.959642 0.611555 0.995274 0.635617 0.968355 0.010414 0.491106 0.807957 0.381878 0.493117 0.872889 0.085036 0.515243 0.072273 0.349996 0.659111 0.123645 0.175240 0.378106 0.124364 0.778250 0.967899 0.655679 0.441530 0.192570 0.133340 0.986784 0.665828 0.529517 0.101630 0.303554 0.527078 0.562823 0.100963 0.353851 0.068647 0.556045 0.114589 0.334821 0.725864 0.667541 0.594876 0.224953 0.333401 0.984121 0.538549 0.570816 0.891123 0.462490 0.711680 0.583695 0.734226 0.855963 0.751905 0.249953 0.251013 0.997936 0.010863 0.389892 0.005738 0.619149 0.823109 0.957486 0.991579 0.268540 0.550138 0.360582 0.052158 0.832991 0.061604 0.592153 0.501602 0.496105 0.232864 0.516224 0.172402 0.975040 0.415361 0.067525 0.959177 0.583791 0.974600 0.782602 0.026689 0.261784 0.252887 0.608602 0.136825 0.323308 0.525263 0.792312 0.028285 0.743399 0.324358 0.337382 0.190855 0.288737 0.419844 0.464393 0.481833 0.561062 0.085917 0.266545 0.693189 0.440098 0.247099 0.293175 0.840932 0.662386 0.085560 0.241516 0.345265 0.841128 0.271819 0.032262 0.311832 0.980072 0.627087 0.010591 0.849422 0.421209 0.824503 0.463579 0.423579 0.053258 0.786148 0.402950 0.068337 0.104473 0.467897 0.070889 0.766737 0.175067
0.832733 0.996090 0.277531 0.438940 0.802818 0.597179 0.810643 0.947893 0.795950 0.475381 0.475821 0.481462 0.584737 0.236398 0.248896 0.418280 0.132928 0.189542 0.191707 0.292013 0.374630 0.524534 0.137864 0.278709 0.750184 0.465587 0.861938 0.660949 0.473547 0.890132 0.500343 0.466029 0.023269 0.329077 0.590983 0.139640 0.912261 0.303497 0.633138 0.035426 0.204055 0.150879 0.658052 0.815513 0.048265 0.515146 0.976177 0.139613 0.754549 0.420695 0.159600 0.128190 0.164772 0.310438 0.256505 0.860889 0.541145 0.225363 0.403450 0.749861 0.109483 0.342025 0.592173 0.019283 0.732178 0.065791 0.916781 0.799959 0.301398 0.457834 0.514821 0.613971 0.286726 0.600146 0.196839 0.153605 0.685509 0.794399 0.717795 0.449859 0.634739 0.047712 0.911255 0.033983 0.913604 0.316265 0.942886 0.584866 0.678235 0.434740 0.178283 0.626175 0.303390 0.895668 0.063102 0.025615 0.391074 0.912739 0.527321 0.820213 0.662414 0.696061 0.969915 0.121127 0.855678 0.910051 0.586137 0.923956 0.732754 0.982771 0.824182 0.837925 0.214904 0.996310 0.702141 0.249077 0.298813 0.233104 0.332950 0.897434 0.201322 0.536664 0.687700 0.500036 0.535533 0.231904 0.374309 0.128502 0.520554 0.082811 0.836439 0.273204 0.180798 0.040893 0.218591 0.879446 0.498288 0.268026 0.152746 0.356516 0.071365 0.561143 0.566960 0.637441 0.929107 0.550713 0.504169 0.452643 0.085255 0.387457 0.832828 0.109688 0.312419 0.146403 0.590784 0.233469 0.412093 0.271549 0.236204 0.722402 0.608190 0.112668 0.010274 0.266498 0.733075 0.230214 0.250388 0.780487 0.424663 0.876493 0.570189 0.201535 0.028614 0.416645 0.264355 0.472810 0.379411 0.776196 0.736493 0.083002 0.252487 0.065005 0.127448 0.298266 0.496060 0.734273 0.560583 0.350038 0.512112 0.693513 0.522238 0.521236 0.178207 0.904623 0.424343 0.775249 0.002970 0.327799 0.441180 0.766068 0.178447 0.776740 0.279051 0.202233 0.129414 0.474092 0.026713 0.126354 0.570644 0.179643 0.310149 0.422395 0.939969 0.300394 0.329375 0.703716 0.169781 0.872600 0.773302 0.074853 0.275674 0.158700 0.338392 0.467659 0.625871 0.301588 0.054821 0.891049 0.004147 0.061149 0.382721 0.384482 0.731700 0.644132 0.236980 0.115218 0.279473 0.771999 0.918933 0.907136 0.968362 0.779857 0.520487 0.076711 0.893822 0.375968 0.994260 0.341999 0.645291 0.608524 0.562476 0.958977 0.173324 0.168984 0.569971 0.931011 0.731029 0.305169 0.724877 0.737942 0.523917 0.862346 0.514245 0.991008 0.046661 0.463492 0.772684 0.906160 0.354195 0.955914 0.120933 0.475393 0.262612 0.497068 0.431947 0.437727 0.366962 0.700469 0.769614 0.382136 0.305182 0.452644 0.843017 0.274739 0.936811 0.973557 0.073870 0.635259 0.915601 0.532659 0.713409 0.587735 0.623653 0.609705 0.928722 0.081019 0.830757 0.665748 0.271600 0.916356
0.179939 0.587009 0.371696 0.903097 0.810619 0.825755 0.065950 0.088462 0.495259 0.011732 0.730864 0.953042 0.351703 0.892636 0.863540 0.683652 0.360332 0.833333 0.632276 0.679148 0.299258 0.687187 0.864755 0.310972 0.809564 0.603107 0.200236 0.436470 0.075737 0.976304 0.500110 0.550491 0.011835 0.750710 0.536819 0.298469 0.008162 0.446160 0.435333 0.893406 0.004181 0.570849 0.284762 0.837404 0.740859 0.430642 0.716278 0.128067 0.385791 0.043226 0.629089 0.568230 0.167427 0.724408 0.104850 0.948669 0.865081 0.906247 0.676588 0.082438 0.795184 0.064872 0.267393 0.125304 0.480377 0.349647 0.885101 0.693854 0.706664 0.133332 0.951795 0.161832 0.717344 0.580010 0.950770 0.021773 0.902622 0.646906 0.606394 0.789883 0.540412 0.775502 0.758463 0.891304 0.816060 0.544221 0.246521 0.347753 0.141016 0.908502 0.374478 0.506976 0.262071 0.201648 0.972160 0.418916 0.470675 0.793837 0.183005 0.908523 0.170118 0.459263 0.514303 0.654490 0.712148 0.320416 0.516050 0.502454 0.916127 0.567954 0.474426 0.453824 0.476989 0.391778 0.190150 0.967519 0.203568 0.442032 0.302032 0.751003 0.446615 0.882441 0.509890 0.987416 0.703683 0.150822 0.546281 0.140391 0.434596 0.142978 0.004969 0.049344 0.644704 0.571901 0.180839 0.304163 0.372568 0.753044 0.441874 0.317998 0.116796 0.973440 0.853945 0.865900 0.614470 0.740782 0.060471 0.590947 0.323173 0.289354 0.990324 0.084499 0.271585 0.304313 0.779760 0.702185 0.554475 0.998448 0.091833 0.406254 0.036354 0.254577 0.293609 0.127938 0.196693 0.307889 0.846032 0.088607 0.151130 0.041020 0.074229 0.227039 0.218310 0.840822 0.155278 0.085291 0.623628 0.531946 0.835960 0.225337 0.989772 0.313368 0.683735 0.016448 0.433691 0.020210 0.174021 0.347902 0.406490 0.268376 0.735079 0.387804 0.780191 0.992910 0.547192 0.595349 0.142210 0.642656 0.114461 0.196292 0.929097 0.905873 0.639382 0.582135 0.969322 0.776844 0.936543 0.595957 0.808790 0.989670 0.091664 0.216636 0.175843 0.074667 0.481647 0.861735 0.104565 0.159895 0.713723 0.904219 0.590009 0.050307 0.838144 0.969520 0.253384 0.878128 0.331621 0.514357 0.022578 0.688111 0.595981 0.745802 0.963250 0.780801 0.814213 0.820778 0.581770 0.985563 0.097432 0.883903 0.022098 0.310788 0.912813 0.835463 0.877955 0.253677 0.867253 0.582613 0.576842 0.614865 0.496828 0.624978 0.770204 0.721361 0.772048 0.228895 0.630261 0.232777 0.008666 0.475407 0.395155 0.508068 0.817573 0.331147 0.719424 0.767503 0.556408 0.270249 0.888323 0.074765 0.263358 0.576202 0.281512 0.695714 0.074760 0.558918 0.271192 0.259650 0.799423 0.064061 0.665945 0.934849 0.829315 0.577377 0.491345 0.420982 0.802295 0.954415 0.957246 0.771538 0.523796 0.661441 0.707944 0.487080 0.939357 0.169654 0.716456 0.819856 0.744063 0.409042
0.067979 0.846026 0.887502 0.257157 0.309804 0.131528 0.525774 0.944822 0.085692 0.167967 0.086747 0.185514 0.120749 0.702050 0.865363 0.940845 0.932619 0.776436 0.069861 0.883005 0.554706 0.573377 0.006325 0.315037 0.786233 0.220172 0.978621 0.694112 0.155062 0.058404 0.889644 0.483646 0.396338 0.950804 0.543676 0.635015 0.085827 0.362886 0.908754 0.169145 0.911328 0.493768 0.799791 0.871163 0.354971 0.239352 0.143762 0.971271 0.835935 0.791288 0.125047 0.355571 0.600415 0.739083 0.771502 0.001908 0.167991 0.735210 0.418352 0.893375 0.587110 0.640191 0.494061 0.556988 0.468754 0.338596 0.961925 0.185224 0.087630 0.178329 0.631539 0.061193 0.532616 0.642422 0.990887 0.724456 0.810430 0.032333 0.590889 0.385914 0.825338 0.701870 0.640897 0.071323 0.870977 0.481324 0.752899 0.098392 0.584219 0.943498 0.797771 0.602648 0.742876 0.042288 0.381381 0.501864 0.354715 0.621316 0.608051 0.829101 0.939041 0.271817 0.676266 0.289978 0.761223 0.086887 0.730606 0.958989 0.208981 0.976864 0.373663 0.545228 0.133143 0.459978 0.627398 0.977240 0.645725 0.179879 0.352001 0.610192 0.645631 0.080176 0.272853 0.346322 0.350249 0.807098 0.940469 0.808394 0.100207 0.657064 0.814703 0.915509 0.698958 0.623142 0.433930 0.575299 0.383295 0.321030 0.837935 0.548952 0.126084 0.317173 0.090199 0.958229 0.439779 0.672303 0.367725 0.957118 0.566949 0.231652 0.240344 0.182732 0.891324 0.827161 0.064658 0.538760 0.406724 0.208861 0.225013 0.507975 0.077719 0.019545 0.831484 0.842405 0.628870 0.787003 0.676871 0.206472 0.291576 0.261203 0.494142 0.491196 0.285407 0.737325 0.094547 0.021227 0.959643 0.349492 0.297451 0.200123 0.540063 0.636594 0.934134 0.934148 0.672754 0.599690 0.518664 0.696700 0.040963 0.513251 0.567408 0.326293 0.259030 0.506037 0.187018 0.143751 0.486399 0.920203 0.726684 0.142340 0.028268 0.120194 0.389222 0.048334 0.483432 0.059568 0.677112 0.998148 0.154291 0.090400 0.019644 0.684743 0.021528 0.942214 0.452572 0.087872 0.050990 0.650998 0.964375 0.257786 0.437573 0.885786 0.352733 0.664293 0.111156 0.208083 0.724269 0.151133 0.970947 0.996226 0.852032 0.481517 0.021855 0.240857 0.675630 0.610443 0.328176 0.515901 0.250977 0.303067 0.395360 0.520419 0.239853 0.507695 0.801967 0.722975 0.336298 0.823263 0.318437 0.985047 0.576633 0.070149 0.785943 0.548110 0.234260 0.650599 0.161231 0.234755 0.658069 0.639038 0.529320 0.222594 0.437678 0.475491 0.065222 0.885538 0.552871 0.765312 0.770088 0.218239 0.406368 0.699565 0.423480 0.923175 0.535905 0.687473 0.953051 0.359802 0.358769 0.235433 0.331593 0.833836 0.791345 0.523384 0.296634 0.802636 0.994538 0.917747 0.283720 0.770131 0.128414 0.913718 0.407391 0.738535 0.194374 0.015698 0.467911 0.940907 0.572896 0.397212
0.526571 0.242750 0.021900 0.589441 0.434023 0.357239 0.989089 0.269815 0.503361 0.339610 0.129337 0.625772 0.624980 0.936412 0.096493 0.339084 0.643688 0.312912 0.571575 0.319145 0.402293 0.635409 0.094572 0.951189 0.905102 0.744707 0.450756 0.702708 0.306773 0.305487 0.088592 0.812318 0.458463 0.353384 0.007302 0.214794 0.098206 0.913110 0.166508 0.089193 0.792886 0.275543 0.498871 0.237182 0.355940 0.375999 0.864082 0.249300 0.215927 0.508522 0.994958 0.953115 0.015397 0.026874 0.370853 0.105141 0.703833 0.757201 0.896020 0.981873 0.155433 0.944327 0.535649 0.023237 0.466827 0.524127 0.756717 0.254379 0.356226 0.267693 0.681312 0.334538 0.054094 0.936769 0.529501 0.808297 0.548626 0.507275 0.533573 0.588916 0.557632 0.104642 0.425963 0.349598 0.996664 0.317014 0.464183 0.203034 0.821909 0.298704 0.428464 0.118592 0.761661 0.150405 0.117469 0.417950 0.235540 0.867933 0.849450 0.226135 0.154847 0.257344 0.434826 0.964869 0.771212 0.642462 0.168717 0.584881 0.754735 0.668257 0.986551 0.612456 0.956110 0.724915 0.533252 0.155450 0.508753 0.890490 0.537152 0.871726 0.019676 0.571305 0.965142 0.393709 0.115797 0.134686 0.521598 0.353769 0.538246 0.547354 0.882991 0.941571 0.494139 0.048958 0.714964 0.318092 0.802447 0.640610 0.845976 0.531373 0.723906 0.169982 0.430408 0.598455 0.149792 0.103427 0.695475 0.885030 0.998653 0.766469 0.111134 0.500475 0.578489 0.025688 0.289202 0.889328 0.716175 0.482174 0.194183 0.426875 0.005204 0.769035 0.510016 0.741603 0.435024 0.286197 0.010486 0.929882 0.597119 0.927415 0.807370 0.839153 0.770263 0.515718 0.039797 0.043857 0.363791 0.340089 0.815101 0.491698 0.960300 0.984845 0.331941 0.281260 0.551641 0.702218 0.118534 0.058734 0.969612 0.350533 0.254011 0.108748 0.937801 0.899182 0.388121 0.462674 0.802875 0.859849 0.079359 0.237511 0.544251 0.411074 0.217737 0.351024 0.066158 0.302320 0.592542 0.834864 0.341682 0.693226 0.774342 0.174406 0.731931 0.665669 0.287775 0.756789 0.952419 0.432188 0.311279 0.227817 0.712748 0.394250 0.991706 0.632586 0.208083 0.443128 0.606849 0.362432 0.903170 0.027935 0.073282 0.780879 0.859581 0.463472 0.320802 0.950849 0.712396 0.771142 0.092256 0.774556 0.936535 0.135189 0.890494 0.396140 0.620154 0.717633 0.849459 0.912161 0.084328 0.601387 0.007975 0.622265 0.316612 0.071943 0.542058 0.330224 0.072899 0.935438 0.396728 0.649377 0.643982 0.199993 0.704210 0.358605 0.542030 0.710182 0.924038 0.371587 0.671813 0.390238 0.645066 0.123326 0.092341 0.978721 0.451693 0.009960 0.573227 0.929007 0.839527 0.851880 0.297392 0.894572 0.213463 0.571740 0.301390 0.200928 0.257918 0.258231 0.612476 0.095258 0.721683 0.393908 0.490020 0.766956 0.165669 0.369886 0.897387 0.775171 0.939078 0.720666
0.548620 0.743485 0.782934 0.788113 0.457564 0.310937 0.223555 0.607809 0.148438 0.665768 0.002738 0.584213 0.445373 0.143328 0.503947 0.956458 0.464635 0.733662 0.903132 0.439048 0.653542 0.308629 0.254741 0.573135 0.386780 0.282866 0.488350 0.444474 0.178244 0.876018 0.283831 0.608163 0.806518 0.370942 0.783126 0.044600 0.630750 0.862027 0.826326 0.874633 0.250172 0.592764 0.848775 0.093743 0.371795 0.511093 0.457513 0.336931 0.987423 0.268681 0.155528 0.700867 0.191363 0.309307 0.191801 0.451904 0.870661 0.107195 0.547880 0.774142 0.782427 0.657278 0.134734 0.007388 0.430162 0.024501 0.995714 0.758452 0.346470 0.299141 0.513044 0.546002 0.508402 0.963206 0.826155 0.879300 0.145216 0.029996 0.350714 0.858171 0.502043 0.948457 0.171594 0.860098 0.085107 0.200323 0.909678 0.764171 0.406430 0.099459 0.793104 0.097523 0.225095 0.480183 0.586317 0.490667 0.725467 0.714976 0.270641 0.110787 0.955150 0.775887 0.631712 0.278778 0.103321 0.605501 0.553192 0.516914 0.498626 0.699993 0.518827 0.443586 0.436214 0.430428 0.779114 0.252863 0.591396 0.426921 0.352320 0.604136 0.769405 0.039573 0.878355 0.576198 0.195016 0.019228 0.412133 0.303048 0.202194 0.390281 0.647260 0.024832 0.777086 0.844467 0.587389 0.897063 0.491196 0.286467 0.948458 0.401770 0.635817 0.372253 0.672036 0.583626 0.915165 0.413735 0.030847 0.396456 0.134417 0.603371 0.569799 0.095134 0.456724 0.944042 0.114585 0.789492 0.306448 0.869289 0.120472 0.368152 0.376682 0.128966 0.845105 0.214554 0.431987 0.082791 0.227071 0.821901 0.064158 0.011696 0.335213 0.626942 0.059335 0.615265 0.592011 0.771538 0.574887 0.068413 0.532366 0.932857 0.052417 0.556562 0.193435 0.822849 0.822951 0.000217 0.012964 0.633791 0.887655 0.540250 0.870945 0.828988 0.783495 0.314547 0.585174 0.368608 0.867306 0.525921 0.146698 0.931240 0.343801 0.846153 0.035876 0.630205 0.297095 0.336846 0.870121 0.637751 0.165476 0.499756 0.827274 0.706439 0.678963 0.080729 0.919176 0.480224 0.222732 0.732295 0.783671 0.951003 0.521103 0.548757 0.163743 0.446196 0.311109 0.812197 0.464856 0.707471 0.998297 0.070006 0.104752 0.601264 0.335621 0.975056 0.382632 0.049094 0.940185 0.021222 0.270089 0.835006 0.385789 0.261549 0.847277 0.359241 0.078953 0.330348 0.906036 0.391336 0.146686 0.495588 0.417415 0.840232 0.318033 0.593189 0.864981 0.953496 0.516930 0.100040 0.121480 0.502609 0.336472 0.130469 0.545607 0.212637 0.416679 0.382133 0.343744 0.539486 0.833627 0.736930 0.848205 0.290724 0.949275 0.212732 0.454160 0.060731 0.787916 0.588554 0.780602 0.810449 0.638729 0.214441 0.486329 0.159373 0.717111 0.144117 0.552350 0.026752 0.654039 0.959290 0.095072 0.754507 0.098199 0.773442 0.715662 0.692379 0.581790 0.779286 0.170302 0.873652
0.926016 0.747260 0.708097 0.081177 0.139169 0.851750 0.290029 0.786437 0.708213 0.907028 0.417331 0.434982 0.293445 0.190540 0.023252 0.392298 0.321164 0.820853 0.692902 0.426487 0.010320 0.368674 0.929723 0.278009 0.161365 0.619484 0.022491 0.199659 0.464059 0.966857 0.415672 0.263274 0.771828 0.295573 0.100857 0.257680 0.681966 0.773253 0.762225 0.332063 0.983655 0.747634 0.837686 0.020300 0.480773 0.413526 0.892654 0.768766 0.180038 0.274129 0.646321 0.317539 0.212923 0.540600 0.359623 0.588839 0.289927 0.716613 0.898654 0.971452 0.010838 0.094704 0.271096 0.161438 0.975009 0.538239 0.415036 0.836651 0.304002 0.937061 0.763451 0.439574 0.484594 0.228553 0.085177 0.516732 0.650036 0.578519 0.415429 0.390584 0.749871 0.687182 0.915655 0.422884 0.148126 0.238097 0.947837 0.617870 0.915780 0.427551 0.828670 0.238195 0.962776 0.020581 0.517229 0.351035 0.464498 0.717059 0.895419 0.885911 0.171991 0.135863 0.575345 0.369511 0.684389 0.945393 0.669451 0.720476 0.453679 0.512526 0.348203 0.947309 0.648131 0.096186 0.155855 0.991926 0.299146 0.192956 0.579592 0.435567 0.819052 0.742630 0.261477 0.001636 0.608170 0.728733 0.667788 0.784853 0.116381 0.721960 0.183159 0.524826 0.945912 0.590034 0.915819 0.259059 0.996189 0.830180 0.852459 0.409597 0.391599 0.598181 0.279730 0.282455 0.599600 0.424529 0.190430 0.819363 0.017546 0.765464 0.151800 0.133723 0.181173 0.239390 0.587405 0.348864 0.721081 0.416206 0.296113 0.428705 0.183670 0.419629 0.275535 0.157774 0.893437 0.423471 0.926680 0.249521 0.367680 0.654927 0.200954 0.889306 0.601144 0.232555 0.138741 0.084074 0.212056 0.647161 0.132354 0.774414 0.929563 0.287578 0.037404 0.558622 0.337958 0.268731 0.741906 0.564897 0.812542 0.540672 0.244863 0.511226 0.218504 0.880170 0.503455 0.670703 0.006658 0.624052 0.035739 0.321778 0.473652 0.647491 0.351527 0.096683 0.608936 0.176771 0.610656 0.647186 0.434634 0.253396 0.322569 0.052229 0.898576 0.027111 0.517894 0.994219 0.293898 0.912674 0.044924 0.119862 0.928662 0.197137 0.946931 0.649662 0.400111 0.401693 0.661195 0.042683 0.566327 0.623912 0.863533 0.698809 0.949757 0.888282 0.658322 0.611955 0.942776 0.118100 0.821833 0.574972 0.157804 0.243761 0.686075 0.727026 0.034277 0.509045 0.510933 0.731953 0.815081 0.107966 0.036531 0.866582 0.025468 0.283509 0.281169 0.758810 0.146958 0.311638 0.298089 0.944886 0.501822 0.849915 0.683765 0.985480 0.691553 0.605563 0.155679 0.806538 0.999780 0.894434 0.946461 0.075230 0.216546 0.768708 0.737278 0.073347 0.082152 0.097361 0.241162 0.531594 0.549170 0.645905 0.379974 0.031310 0.441073 0.649856 0.088498 0.875514 0.041208 0.490799 0.185973 0.702072 0.092019 0.607116 0.305518 0.541913 0.013828 0.256412 0.404939 0.098864
0.065624 0.757939 0.803657 0.879508 0.346994 0.104735 0.701435 0.413987 0.896149 0.449478 0.901268 0.721945 0.898075 0.697616 0.238084 0.894480 0.831182 0.201516 0.044417 0.556085 0.922636 0.584466 0.564800 0.219197 0.154409 0.860374 0.364199 0.054132 0.219681 0.361898 0.252629 0.561099 0.308697 0.729178 0.889787 0.033343 0.125981 0.614893 0.413256 0.273256 0.826536 0.250751 0.134280 0.678923 0.766135 0.282523 0.943726 0.522442 0.957191 0.883005 0.279166 0.129179 0.480370 0.409535 0.962251 0.478042 0.457183 0.278235 0.832492 0.920061 0.755999 0.946423 0.028634 0.704501 0.474417 0.244071 0.650007 0.440241 0.131311 0.869525 0.829521 0.804345 0.886182 0.789780 0.620651 0.321953 0.915211 0.436472 0.024160 0.640897 0.612992 0.661489 0.608038 0.344687 0.288016 0.202727 0.596454 0.010928 0.750406 0.586240 0.126371 0.967736 0.728258 0.998857 0.942633 0.605547 0.743872 0.185612 0.075608 0.786562 0.335298 0.201292 0.005894 0.087150 0.705552 0.770420 0.527237 0.475350 0.452918 0.469730 0.735874 0.821567 0.532180 0.547984 0.388930 0.680403 0.373921 0.588158 0.806143 0.923890 0.552024 0.020027 0.647152 0.979273 0.437087 0.882553 0.249487 0.255785 0.802169 0.093338 0.399859 0.253658 0.589419 0.709069 0.099289 0.171194 0.156604 0.318622 0.439076 0.074243 0.068461 0.705484 0.993885 0.394213 0.967683 0.497513 0.242796 0.861941 0.480703 0.050889 0.914277 0.777750 0.406532 0.131990 0.712172 0.091281 0.557055 0.641118 0.790673 0.648923 0.516800 0.350566 0.524915 0.712098 0.305464 0.111423 0.989926 0.791862 0.555523 0.043015 0.013923 0.777848 0.172494 0.142144 0.678229 0.933831 0.769591 0.655978 0.441498 0.478478 0.010473 0.598817 0.900511 0.364231 0.351866 0.126338 0.581820 0.616501 0.073809 0.064549 0.092744 0.288926 0.521280 0.672872 0.052482 0.494549 0.725596 0.429111 0.569338 0.408485 0.450900 0.038513 0.491835 0.519692 0.950472 0.658315 0.487724 0.455588 0.310267 0.466524 0.664449 0.006144 0.283882 0.030824 0.669846 0.179330 0.066859 0.021706 0.896275 0.207652 0.572652 0.262614 0.650840 0.029873 0.583124 0.106404 0.936914 0.524578 0.219122 0.094644 0.318213 0.453539 0.123336 0.439270 0.981001 0.489770 0.755766 0.131846 0.094782 0.338306 0.760858 0.998993 0.047218 0.860190 0.682369 0.959467 0.012022 0.634308 0.714186 0.099978 0.939714 0.075535 0.430201 0.951187 0.034120 0.002602 0.580654 0.954555 0.550310 0.337512 0.134102 0.700709 0.903141 0.276667 0.656260 0.128189 0.158239 0.596310 0.874679 0.140093 0.706141 0.175528 0.473351 0.936370 0.736524 0.208151 0.962483 0.405044 0.290398 0.554940 0.227921 0.352164 0.768538 0.527867 0.141674 0.636139 0.855766 0.166176 0.324198 0.292094 0.143336 0.630521 0.817152 0.500182 0.305371 0.366183 0.343829 0.922701 0.513940 0.277672
0.176370 0.357112 0.266283 0.776977 0.858028 0.646281 0.558475 0.882925 0.776789 0.994800 0.685040 0.649343 0.215763 0.397517 0.455657 0.844268 0.886033 0.225558 0.945384 0.405250 0.360167 0.395022 0.110539 0.260834 0.588477 0.415995 0.601371 0.973961 0.054124 0.725043 0.977302 0.005054 0.873945 0.771232 0.040595 0.168582 0.113166 0.078476 0.843401 0.476986 0.791241 0.187603 0.278059 0.299280 0.638146 0.320236 0.143521 0.407853 0.176514 0.557601 0.773299 0.768111 0.444675 0.880271 0.637082 0.299581 0.697348 0.739780 0.941593 0.703876 0.413961 0.397381 0.591800 0.650667 0.595122 0.704247 0.612772 0.837226 0.143793 0.793818 0.805100 0.159933 0.940009 0.882826 0.573650 0.237598 0.342535 0.219463 0.578045 0.014391 0.783304 0.618419 0.317454 0.752165 0.440606 0.154690 0.965849 0.943337 0.868543 0.668566 0.037374 0.203334 0.186381 0.404271 0.181858 0.020875 0.604461 0.584825 0.795280 0.434421 0.241594 0.057032 0.262251 0.778569 0.908420 0.152710 0.096800 0.333809 0.432931 0.855646 0.277021 0.135614 0.356436 0.273243 0.978550 0.942334 0.109862 0.861414 0.967837 0.853815 0.410040 0.567414 0.310139 0.828271 0.614780 0.510436 0.181522 0.823002 0.964290 0.444407 0.826528 0.944053 0.387597 0.304066 0.500950 0.757366 0.044272 0.385511 0.044351 0.586315 0.253696 0.251495 0.158094 0.191882 0.449621 0.504749 0.649519 0.468875 0.819009 0.606884 0.623322 0.552015 0.642505 0.150780 0.287573 0.316216 0.294408 0.709668 0.076105 0.295054 0.798457 0.313346 0.787479 0.193493 0.411880 0.659737 0.211804 0.265139 0.623656 0.371216 0.109218 0.431316 0.870202 0.129499 0.706491 0.890825 0.597285 0.786232 0.514145 0.976348 0.774326 0.885005 0.438271 0.389484 0.846932 0.395956 0.573081 0.994965 0.628854 0.151046 0.247355 0.495839 0.623356 0.248408 0.725452 0.600293 0.763264 0.339244 0.424396 0.056024 0.251332 0.929668 0.223482 0.341595 0.079350 0.557102 0.787449 0.143250 0.375379 0.260424 0.647009 0.545681 0.233623 0.255200 0.644316 0.888713 0.283143 0.466108 0.755728 0.541231 0.102394 0.004659 0.542394 0.055007 0.451511 0.731581 0.164555 0.568122 0.349462 0.418756 0.405226 0.132458 0.164188 0.305488 0.152419 0.180932 0.423861 0.668863 0.598532 0.030192 0.849675 0.251148 0.593646 0.116501 0.799948 0.109087 0.928207 0.103096 0.685178 0.524486 0.230733 0.182433 0.253018 0.129005 0.082434 0.974781 0.482550 0.927831 0.142641 0.245733 0.035506 0.851317 0.354507 0.482086 0.456587 0.375734 0.839696 0.931749 0.136385 0.681571 0.221700 0.873567 0.793049 0.158220 0.225736 0.770630 0.642628 0.343620 0.041769 0.665386 0.238963 0.302926 0.638167 0.841975 0.228134 0.955994 0.594722 0.894315 0.439212 0.716779 0.183163 0.091080 0.054917 0.804703 0.881728 0.699635 0.448868 0.102584 0.310977 0.457653
0.287992 0.167467 0.698378 0.190230 0.457091 0.382853 0.148526 0.981278 0.971855 0.346440 0.991918 0.607838 0.526494 0.557293 0.088134 0.176244 0.878682 0.972918 0.827877 0.130515 0.096848 0.728987 0.182359 0.653905 0.473720 0.708202 0.563943 0.793769 0.910949 0.644468 0.653943 0.829109 0.035527 0.939182 0.162934 0.982047 0.288871 0.031142 0.083072 0.582195 0.176083 0.947737 0.031853 0.548480 0.734036 0.602438 0.569158 0.244308 0.110790 0.590166 0.783542 0.889242 0.040830 0.373412 0.074530 0.227175 0.912332 0.126536 0.455605 0.681930 0.394652 0.827736 0.388849 0.492501 0.533261 0.767974 0.775106 0.455913 0.857739 0.455526 0.984092 0.080139 0.437669 0.221663 0.020035 0.518847 0.346291 0.812901 0.114857 0.843277 0.989879 0.923611 0.075196 0.428566 0.640028 0.603628 0.467398 0.436993 0.607213 0.314437 0.581844 0.545947 0.198043 0.701094 0.627444 0.840379 0.355963 0.771689 0.797392 0.204757 0.921083 0.922399 0.349699 0.608580 0.212585 0.808169 0.967478 0.574977 0.730516 0.494197 0.279623 0.190507 0.347843 0.206706 0.128740 0.868589 0.620191 0.581497 0.173486 0.193840 0.100253 0.193913 0.353541 0.913955 0.073918 0.650762 0.404343 0.611160 0.338006 0.135394 0.250598 0.767200 0.706026 0.686705 0.323419 0.883763 0.343430 0.752876 0.164145 0.771421 0.365356 0.363377 0.635017 0.599075 0.974614 0.186787 0.897001 0.196247 0.913023 0.183132 0.721441 0.570632 0.346874 0.458113 0.294672 0.091909 0.270309 0.011063 0.184736 0.433497 0.194481 0.390082 0.079620 0.835207 0.429813 0.553788 0.302180 0.900398 0.407287 0.983682 0.649013 0.602947 0.718952 0.833898 0.386699 0.282475 0.115437 0.888924 0.070903 0.074354 0.203986 0.764980 0.525144 0.832774 0.896476 0.845642 0.193486 0.791449 0.334908 0.820407 0.589240 0.198933 0.018899 0.015616 0.441231 0.542645 0.091163 0.301756 0.932407 0.539104 0.609249 0.630993 0.830902 0.229302 0.384132 0.346835 0.691113 0.197184 0.892250 0.827490 0.128556 0.033373 0.578432 0.928172 0.629757 0.890014 0.864541 0.753883 0.636305 0.198302 0.365979 0.395268 0.798616 0.609904 0.110411 0.410317 0.658622 0.999175 0.761666 0.227751 0.123001 0.126965 0.183722 0.147793 0.106774 0.816765 0.247968 0.521688 0.495695 0.814548 0.334286 0.640016 0.716241 0.301306 0.844166 0.894844 0.911109 0.193774 0.771726 0.145255 0.624007 0.469658 0.375507 0.421959 0.036660 0.955708 0.638876 0.142504 0.159232 0.561001 0.970317 0.255603 0.986479 0.395569 0.678610 0.192419 0.500590 0.440326 0.120565 0.145354 0.606294 0.680587 0.601438 0.056563 0.102652 0.542586 0.167319 0.121530 0.412872 0.349506 0.713171 0.279693 0.780244 0.131564 0.003191 0.954837 0.427051 0.725103 0.868371 0.215305 0.837892 0.927810 0.620376 0.067220 0.830587 0.309635 0.682008 0.439155 0.702018 0.676012
0.668631 0.402871 0.549447 0.961658 0.254297 0.019388 0.143203 0.136837 0.913271 0.087927 0.278721 0.551014 0.592696 0.293497 0.920483 0.664912 0.533847 0.481470 0.921519 0.949109 0.988150 0.444838 0.573806 0.685038 0.770746 0.095383 0.725054 0.763450 0.589976 0.696589 0.283944 0.890338 0.729266 0.160213 0.863212 0.083626 0.270043 0.175157 0.932614 0.792260 0.680409 0.163082 0.582424 0.118295 0.364235 0.773364 0.863332 0.147311 0.101161 0.065906 0.016428 0.360303 0.703767 0.881622 0.367986 0.110118 0.620007 0.050575 0.707896 0.634553 0.035220 0.856243 0.935360 0.007422 0.425627 0.837253 0.207920 0.446816 0.100205 0.323279 0.752376 0.629068 0.998513 0.958055 0.524836 0.048469 0.505604 0.700148 0.557666 0.833676 0.097192 0.605439 0.850723 0.951806 0.136405 0.124116 0.298046 0.743973 0.834189 0.540993 0.735473 0.480248 0.169648 0.395087 0.786782 0.509462 0.904093 0.391262 0.882753 0.650786 0.370458 0.021256 0.269685 0.137636 0.688238 0.514751 0.048767 0.021053 0.268774 0.342080 0.126105 0.250819 0.740791 0.954139 0.820757 0.394691 0.917598 0.676604 0.457051 0.930802 0.656069 0.325170 0.089916 0.894262 0.005012 0.828308 0.239331 0.277134 0.391386 0.272802 0.756906 0.496472 0.310719 0.584990 0.078773 0.632420 0.827536 0.370656 0.515142 0.297860 0.322998 0.305632 0.486450 0.788770 0.423399 0.827234 0.049569 0.006447 0.917165 0.718956 0.426877 0.561435 0.465023 0.501567 0.247007 0.999389 0.957414 0.790287 0.698259 0.050952 0.692444 0.409617 0.656103 0.090340 0.687522 0.403530 0.917056 0.799114 0.287254 0.840877 0.839845 0.260893 0.124125 0.159111 0.477735 0.639641 0.007268 0.514799 0.131355 0.865701 0.960089 0.505810 0.708629 0.286478 0.931666 0.120196 0.197590 0.482390 0.267483 0.315112 0.772502 0.435001 0.247980 0.443504 0.972450 0.756855 0.913939 0.662162 0.476148 0.531722 0.972114 0.710842 0.814577 0.538564 0.732031 0.096709 0.712244 0.944146 0.180510 0.274753 0.710352 0.511746 0.479765 0.266470 0.907150 0.253336 0.913968 0.846707 0.454441 0.273064 0.846898 0.337275 0.291656 0.520235 0.289270 0.706065 0.171909 0.530086 0.974998 0.749059 0.055703 0.689009 0.400272 0.929395 0.690436 0.551661 0.357283 0.429507 0.882422 0.823164 0.855424 0.594841 0.312498 0.257683 0.180377 0.310224 0.883166 0.024703 0.455979 0.815345 0.931902 0.401397 0.537876 0.255173 0.977513 0.044942 0.467180 0.055370 0.794130 0.816791 0.010777 0.749976 0.548588 0.507408 0.407068 0.907513 0.964855 0.171603 0.048727 0.005519 0.565701 0.531441 0.331470 0.955773 0.257531 0.330015 0.671316 0.527174 0.543602 0.887200 0.770740 0.582835 0.421074 0.139874 0.071034 0.281391 0.608872 0.413552 0.524390 0.465871 0.319292 0.207937 0.726008 0.919810 0.036606 0.471723 0.210329 0.088523 0.667286 0.905252
0.396556 0.599651 0.104810 0.674903 0.109977 0.634370 0.289400 0.545172 0.185600 0.789636 0.359490 0.607099 0.767286 0.184392 0.078200 0.728869 0.258369 0.745084 0.795611 0.048779 0.629009 0.696198 0.384636 0.363883 0.505742 0.121001 0.937680 0.139061 0.470989 0.085826 0.592493 0.340045 0.998953 0.495700 0.375164 0.774140 0.250442 0.203198 0.668893 0.217813 0.634650 0.775213 0.810552 0.787239 0.098865 0.716735 0.283687 0.209535 0.894052 0.540374 0.854802 0.696212 0.546477 0.554475 0.859381 0.048939 0.431511 0.073512 0.127686 0.146357 0.402450 0.928629 0.205612 0.276458 0.689522 0.929556 0.611434 0.290238 0.494945 0.236431 0.085607 0.554833 0.900530 0.705107 0.813358 0.644333 0.109956 0.348722 0.119793 0.218694 0.031073 0.264975 0.202570 0.882026 0.614579 0.666556 0.103788 0.771614 0.111208 0.839622 0.853748 0.776944 0.788751 0.348993 0.391789 0.294395 0.456302 0.207522 0.594123 0.310262 0.938507 0.004784 0.552778 0.493968 0.983532 0.872038 0.092171 0.422484 0.438338 0.362840 0.617698 0.692813 0.959395 0.287222 0.940092 0.110320 0.743365 0.595270 0.230942 0.784180 0.757465 0.531606 0.172888 0.290177 0.427064 0.359576 0.385818 0.010719 0.735511 0.221898 0.885429 0.402370 0.789345 0.218032 0.442996 0.145598 0.213025 0.655374 0.976558 0.369499 0.768549 0.621778 0.073447 0.829160 0.438587 0.870689 0.878709 0.823064 0.353487 0.261455 0.810879 0.741788 0.175843 0.900857 0.532955 0.617851 0.008867 0.529714 0.850730 0.536256 0.121127 0.432169 0.980718 0.196484 0.312480 0.373772 0.868878 0.058745 0.043860 0.535725 0.726538 0.182050 0.823857 0.527361 0.412706 0.193812 0.047743 0.919233 0.599073 0.760825 0.622693 0.579857 0.433059 0.057127 0.742639 0.255318 0.657863 0.441349 0.627600 0.500569 0.216750 0.867288 0.475140 0.133084 0.112802 0.072195 0.030917 0.419228 0.049890 0.702526 0.371099 0.615140 0.742330 0.323138 0.266862 0.958486 0.478620 0.393034 0.813950 0.446879 0.567874 0.830147 0.168654 0.224956 0.410829 0.464649 0.754581 0.487297 0.384625 0.155339 0.460480 0.889641 0.965734 0.371651 0.300454 0.837126 0.069975 0.234485 0.959305 0.165247 0.034450 0.772055 0.736649 0.111492 0.618441 0.766950 0.673647 0.187326 0.856700 0.353405 0.910956 0.885715 0.220916 0.397577 0.891389 0.338704 0.091999 0.103851 0.380991 0.857223 0.008401 0.848750 0.338666 0.028325 0.472417 0.078567 0.634342 0.787413 0.482834 0.726590 0.005790 0.810558 0.907098 0.671509 0.813471 0.205387 0.434479 0.609592 0.150072 0.005508 0.855445 0.339203 0.076673 0.246530 0.552950 0.315914 0.936186 0.768641 0.871485 0.070366 0.469908 0.142693 0.189274 0.765446 0.016410 0.868482 0.145092 0.139608 0.086227 0.367121 0.505669 0.934378 0.820741 0.331010 0.596085 0.103296 0.859878 0.801043 0.312966 0.532733
0.829323 0.580605 0.725593 0.461125 0.827611 0.452145 0.615055 0.895276 0.663361 0.902028 0.561554 0.424272 0.799605 0.359712 0.688916 0.980791 0.857481 0.764406 0.497016 0.686337 0.549861 0.014916 0.275382 0.115069 0.112524 0.009027 0.373472 0.464873 0.923531 0.457619 0.771346 0.325328 0.182386 0.673003 0.568811 0.319271 0.913316 0.602822 0.270667 0.863497 0.545222 0.773868 0.690684 0.849410 0.562402 0.578336 0.794434 0.113203 0.602898 0.277369 0.538112 0.627953 0.960135 0.957713 0.139651 0.590354 0.728375 0.591429 0.896001 0.677167 0.058361 0.578441 0.009506 0.395410 0.265550 0.242992 0.600834 0.094861 0.467753 0.124880 0.408805 0.386890 0.705378 0.839786 0.926342 0.411311 0.213705 0.270731 0.152147 0.912709 0.514954 0.599469 0.079338 0.174561 0.956329 0.194350 0.654702 0.852932 0.870663 0.281047 0.759167 0.232326 0.444746 0.847720 0.551726 0.532299 0.394260 0.259329 0.717863 0.723398 0.086886 0.764453 0.777137 0.706603 0.181457 0.837572 0.862447 0.767183 0.359384 0.237654 0.761006 0.123802 0.519451 0.548588 0.644620 0.536833 0.765023 0.932146 0.548997 0.436348 0.245037 0.739127 0.912535 0.185847 0.848602 0.466286 0.489992 0.703143 0.804659 0.502833 0.065420 0.718628 0.123047 0.218323 0.414562 0.085574 0.250334 0.331556 0.957398 0.392710 0.260018 0.192875 0.625027 0.283283 0.726900 0.997225 0.244717 0.023978 0.515029 0.934546 0.539755 0.829728 0.665001 0.468336 0.137902 0.489452 0.868320 0.814621 0.342275 0.163955 0.378842 0.924281 0.851794 0.157099 0.547804 0.031364 0.394561 0.036689 0.774797 0.772369 0.617098 0.486164 0.168772 0.539771 0.557390 0.856507 0.024993 0.518846 0.564695 0.101514 0.022005 0.224618 0.145472 0.175374 0.510087 0.550513 0.567316 0.440523 0.852870 0.789650 0.202890 0.345833 0.236507 0.711563 0.356121 0.787434 0.968054 0.540754 0.358272 0.800765 0.327707 0.817571 0.343931 0.498811 0.148982 0.815843 0.005977 0.827392 0.176168 0.880487 0.080803 0.642912 0.874479 0.206080 0.807862 0.447484 0.830991 0.096515 0.816469 0.919700 0.046239 0.072721 0.024081 0.017754 0.981649 0.240273 0.152723 0.160159 0.582664 0.229744 0.474757 0.131890 0.568694 0.277157 0.297521 0.115887 0.870598 0.267684 0.951860 0.591679 0.317919 0.676205 0.725435 0.898318 0.609991 0.758433 0.935423 0.488948 0.074924 0.842012 0.862601 0.841930 0.210696 0.247877 0.250307 0.292341 0.643983 0.251080 0.513220 0.204593 0.572924 0.964467 0.502778 0.973637 0.536921 0.670192 0.549047 0.706009 0.864766 0.395997 0.254485 0.238421 0.487097 0.277480 0.538236 0.128612 0.004400 0.927043 0.753552 0.213624 0.306587 0.620050 0.188970 0.200210 0.467084 0.901471 0.488085 0.471868 0.834192 0.087249 0.105713 0.007592 0.643229 0.095650 0.523746 0.245650 0.834937 0.265974 0.690065 0.374303
0.529153 0.575541 0.440564 0.777662 0.099548 0.254968 0.751029 0.930382 0.513796 0.849943 0.181376 0.607005 0.478548 0.434245 0.480627 0.174655 0.404976 0.691281 0.093568 0.669410 0.942375 0.995636 0.590020 0.775321 0.793909 0.571362 0.911283 0.472811 0.393151 0.281255 0.843474 0.210894 0.507951 0.681174 0.721094 0.269309 0.572234 0.253843 0.687894 0.820735 0.890060 0.006530 0.399737 0.778342 0.930054 0.598896 0.499782 0.316458 0.161494 0.275329 0.643007 0.970834 0.265013 0.286951 0.613074 0.841570 0.950259 0.847605 0.497678 0.644468 0.982449 0.427556 0.635081 0.720558 0.203637 0.616921 0.875712 0.598166 0.584790 0.607219 0.197004 0.561188 0.184213 0.250733 0.959810 0.739900 0.303471 0.779075 0.350074 0.521244 0.667255 0.756182 0.334203 0.128441 0.750377 0.491949 0.299246 0.908151 0.364328 0.701596 0.727304 0.211306 0.349489 0.721162 0.057714 0.276584 0.546185 0.099558 0.034803 0.111796 0.670136 0.424073 0.195979 0.632874 0.314353 0.766986 0.790156 0.779975 0.685398 0.888545 0.132806 0.792988 0.920450 0.105614 0.923815 0.739720 0.385137 0.392108 0.943622 0.256504 0.891096 0.089266 0.079726 0.470210 0.452630 0.171651 0.713833 0.989428 0.285135 0.458269 0.449488 0.044568 0.385646 0.623532 0.142003 0.348197 0.010497 0.227585 0.672558 0.666513 0.150894 0.910321 0.768557 0.563238 0.713556 0.933675 0.530863 0.483487 0.643801 0.004254 0.978319 0.466381 0.455143 0.374283 0.039402 0.220028 0.616451 0.827822 0.040583 0.985626 0.696875 0.598477 0.542989 0.669730 0.471570 0.418419 0.100251 0.596296 0.214496 0.649330 0.586760 0.526270 0.088935 0.009915 0.567894 0.530202 0.954890 0.980787 0.877040 0.079410 0.735826 0.446194 0.438621 0.331821 0.427897 0.441289 0.970779 0.317500 0.906680 0.714656 0.925974 0.011377 0.581253 0.681915 0.176650 0.685643 0.292725 0.409687 0.093466 0.762313 0.927928 0.017395 0.165850 0.754444 0.466831 0.221718 0.509168 0.543963 0.991140 0.617307 0.496108 0.788574 0.505934 0.816394 0.871137 0.635593 0.677105 0.534481 0.301930 0.501033 0.570649 0.868794 0.762291 0.208978 0.651212 0.891110 0.669901 0.685262 0.823913 0.040644 0.183512 0.621862 0.807260 0.670317 0.198037 0.662246 0.678891 0.427538 0.441532 0.076640 0.563643 0.139823 0.655664 0.709425 0.873863 0.470967 0.491496 0.387530 0.199984 0.986117 0.700348 0.404737 0.208830 0.742279 0.265590 0.863840 0.235507 0.251511 0.049546 0.763451 0.876497 0.935829 0.992393 0.747458 0.548602 0.841842 0.204230 0.813208 0.733842 0.902669 0.674789 0.157768 0.559410 0.689090 0.268735 0.688228 0.433772 0.146235 0.938328 0.026443 0.648489 0.886207 0.435541 0.600451 0.450197 0.882360 0.876971 0.002256 0.336865 0.883487 0.470482 0.762637 0.057640 0.565077 0.405587 0.968906 0.293608 0.974018 0.900244 0.585077
0.343025 0.531106 0.866245 0.058166 0.016238 0.544015 0.861996 0.043828 0.800534 0.542096 0.843147 0.516496 0.114745 0.185535 0.571125 0.315244 0.574044 0.232723 0.047857 0.314552 0.691087 0.854202 0.213091 0.590491 0.022126 0.611589 0.708317 0.709816 0.168101 0.296279 0.112936 0.135448 0.990642 0.195163 0.035855 0.410095 0.315209 0.073958 0.721590 0.578919 0.645838 0.325440 0.210356 0.096888 0.783057 0.743788 0.322002 0.313237 0.140503 0.305558 0.887062 0.178061 0.343669 0.415058 0.939249 0.506611 0.804198 0.982090 0.536778 0.458236 0.084538 0.563423 0.640507 0.016321 0.333937 0.144281 0.169927 0.538903 0.491292 0.203272 0.908787 0.630093 0.041577 0.707101 0.820485 0.201409 0.301151 0.574618 0.255893 0.926422 0.432978 0.189928 0.374172 0.109530 0.174740 0.995217 0.664112 0.382002 0.286286 0.356064 0.801634 0.002864 0.539407 0.742969 0.095488 0.661289 0.181244 0.651478 0.553086 0.323036 0.887329 0.027615 0.291476 0.473332 0.450407 0.058086 0.208179 0.044603 0.696035 0.765910 0.606101 0.902285 0.553895 0.110972 0.582808 0.590736 0.279592 0.049335 0.244532 0.942191 0.749306 0.529703 0.550154 0.984648 0.906258 0.035592 0.815804 0.729978 0.532371 0.808392 0.199901 0.320999 0.504547 0.210338 0.106145 0.592893 0.039210 0.715967 0.381045 0.759517 0.276056 0.814812 0.098069 0.369705 0.703076 0.985280 0.055319 0.425828 0.551547 0.384648 0.696357 0.137534 0.072747 0.289026 0.613235 0.946482 0.892206 0.485590 0.623022 0.985846 0.174715 0.744930 0.100020 0.939368 0.694817 0.909233 0.683343 0.371609 0.083369 0.336934 0.647919 0.700722 0.890960 0.903496 0.573724 0.583653 0.180778 0.996656 0.064009 0.353566 0.604648 0.597680 0.481693 0.413400 0.002238 0.660259 0.322266 0.670687 0.907068 0.020671 0.429956 0.086149 0.013384 0.939577 0.928904 0.466092 0.649740 0.055941 0.545410 0.834128 0.778059 0.264307 0.391211 0.697247 0.842590 0.449722 0.614407 0.541913 0.168111 0.051262 0.413694 0.412357 0.169237 0.310604 0.594738 0.952847 0.898716 0.029389 0.835754 0.796767 0.938051 0.208750 0.281345 0.172872 0.522051 0.508194 0.616716 0.522624 0.409846 0.181747 0.492810 0.434100 0.980818 0.264134 0.273849 0.992785 0.966049 0.563317 0.299140 0.530395 0.898461 0.920514 0.660618 0.998283 0.640193 0.789099 0.202362 0.693663 0.909026 0.953032 0.238858 0.809886 0.385541 0.626483 0.635375 0.384756 0.979319 0.185139 0.796725 0.595960 0.054215 0.931021 0.831617 0.031469 0.987346 0.083789 0.161105 0.848261 0.571267 0.862211 0.394582 0.286118 0.857452 0.824254 0.651251 0.533527 0.086679 0.916194 0.148156 0.612638 0.067312 0.694763 0.701699 0.364217 0.526523 0.865910 0.633603 0.004440 0.117606 0.166155 0.739331 0.508248 0.536764 0.455433 0.712358 0.667480 0.804469 0.879217 0.898923 0.610086
0.981494 0.284429 0.123265 0.123378 0.967697 0.641996 0.200894 0.564276 0.260463 0.833714 0.290909 0.400447 0.009522 0.725151 0.866509 0.560407 0.763048 0.714464 0.718462 0.627549 0.671238 0.317310 0.007595 0.182848 0.941023 0.702053 0.347260 0.269551 0.361462 0.036396 0.173729 0.417267 0.484360 0.733431 0.431369 0.028799 0.970495 0.407995 0.156696 0.339036 0.505966 0.332002 0.399085 0.897014 0.894714 0.876162 0.088719 0.943548 0.795453 0.939431 0.974666 0.136316 0.321504 0.380849 0.438789 0.079545 0.101149 0.102646 0.955102 0.274519 0.397442 0.574304 0.207643 0.479291 0.330084 0.561765 0.126045 0.811273 0.997761 0.665768 0.563831 0.090512 0.561419 0.484668 0.512346 0.619546 0.954865 0.081098 0.357067 0.827250 0.299212 0.821641 0.779237 0.730631 0.189690 0.137670 0.165446 0.969833 0.045405 0.321714 0.297055 0.488333 0.345277 0.639662 0.745776 0.483213 0.540969 0.247955 0.245335 0.075659 0.184950 0.784284 0.296263 0.043880 0.764462 0.044750 0.482217 0.511548 0.354926 0.888295 0.734518 0.135149 0.445395 0.392065 0.002766 0.307956 0.347243 0.236146 0.531502 0.375653 0.514320 0.948227 0.007118 0.373869 0.469818 0.862239 0.418069 0.060524 0.707102 0.232895 0.648218 0.049650 0.940917 0.945998 0.453254 0.692891 0.255951 0.982211 0.251273 0.973250 0.891767 0.824457 0.305475 0.642162 0.090466 0.807729 0.060099 0.445783 0.416949 0.703780 0.862167 0.165926 0.226005 0.065938 0.569436 0.628501 0.162657 0.347508 0.758287 0.111159 0.119593 0.462446 0.228294 0.306225 0.186882 0.447506 0.137342 0.064835 0.014758 0.495968 0.880584 0.297982 0.685147 0.873579 0.808520 0.367860 0.382730 0.034852 0.229036 0.088317 0.685431 0.925664 0.532078 0.196133 0.594869 0.915321 0.309791 0.047694 0.640426 0.401420 0.627439 0.408986 0.712117 0.331670 0.509675 0.902661 0.217785 0.784564 0.571433 0.428219 0.233026 0.551098 0.465520 0.892267 0.404532 0.426423 0.865564 0.279976 0.184833 0.440381 0.144771 0.127886 0.113599 0.744475 0.697772 0.125542 0.410594 0.439153 0.328787 0.566195 0.601324 0.245327 0.760854 0.732645 0.468836 0.291301 0.368744 0.494965 0.944203 0.988770 0.436412 0.376703 0.973761 0.239780 0.188296 0.090547 0.814156 0.091982 0.411731 0.688229 0.323028 0.124760 0.500530 0.307165 0.367484 0.103449 0.145763 0.953548 0.279516 0.484705 0.704830 0.012821 0.324562 0.064017 0.837478 0.477124 0.139630 0.074037 0.402118 0.804803 0.454133 0.717287 0.652644 0.080117 0.827887 0.500474 0.648328 0.989590 0.338075 0.346405 0.409257 0.837703 0.416109 0.788076 0.646371 0.703310 0.320314 0.609388 0.431513 0.033883 0.779548 0.886689 0.818242 0.521146 0.798723 0.775380 0.448103 0.315797 0.950419 0.709415 0.975997 0.623200 0.321348 0.961776 0.229888 0.075983 0.335941 0.016000 0.845441 0.108520
0.219385 0.003322 0.020735 0.530317 0.842627 0.284462 0.803516 0.114352 0.262755 0.992028 0.324032 0.101359 0.199311 0.752403 0.978667 0.370057 0.381618 0.382926 0.341000 0.624657 0.610033 0.137318 0.079200 0.519122 0.309372 0.691853 0.533867 0.896016 0.788188 0.693560 0.651093 0.554401 0.653995 0.221992 0.294639 0.947391 0.346912 0.295568 0.976602 0.462144 0.794410 0.680800 0.449840 0.495117 0.589500 0.687125 0.812659 0.652980 0.409903 0.643601 0.323179 0.564476 0.031699 0.170625 0.598863 0.198690 0.908767 0.270764 0.808794 0.333911 0.458130 0.771836 0.795850 0.427824 0.904982 0.838474 0.603120 0.538537 0.498205 0.210046 0.146634 0.144346 0.400335 0.945805 0.540831 0.511954 0.143358 0.506806 0.920223 0.229271 0.497796 0.198280 0.729195 0.896902 0.973101 0.637704 0.821449 0.668822 0.503831 0.953111 0.426987 0.026700 0.254659 0.502699 0.355735 0.075726 0.208982 0.638789 0.503617 0.552362 0.682681 0.976993 0.481897 0.172763 0.294770 0.067692 0.837170 0.878278 0.733996 0.543064 0.220634 0.191694 0.157623 0.628378 0.974426 0.409263 0.520959 0.672992 0.830920 0.067332 0.110951 0.595433 0.039253 0.574703 0.136362 0.239555 0.162822 0.463459 0.426269 0.111912 0.391253 0.102226 0.687937 0.624306 0.453393 0.219551 0.497759 0.386749 0.052768 0.402943 0.434468 0.204898 0.925811 0.023217 0.298300 0.840376 0.296706 0.832401 0.240758 0.865611 0.794868 0.663720 0.653475 0.898622 0.021060 0.688812 0.161936 0.448921 0.975554 0.136554 0.987292 0.472110 0.525391 0.932475 0.138400 0.403225 0.631487 0.587619 0.415606 0.604851 0.350548 0.366970 0.816730 0.055489 0.107747 0.884774 0.342851 0.276415 0.563392 0.758865 0.541652 0.591051 0.767771 0.740710 0.382014 0.141969 0.536519 0.243724 0.718818 0.118540 0.835665 0.420089 0.898329 0.120887 0.690907 0.637616 0.433390 0.915590 0.612911 0.870113 0.730556 0.037796 0.686873 0.371561 0.751259 0.718128 0.134310 0.789303 0.440171 0.825075 0.604516 0.131681 0.623584 0.380988 0.812069 0.149999 0.551200 0.185665 0.651019 0.416122 0.036294 0.547235 0.989990 0.954600 0.939728 0.033203 0.638263 0.924447 0.827785 0.920271 0.634471 0.703704 0.165904 0.548909 0.924275 0.038233 0.999912 0.199597 0.465306 0.638510 0.624146 0.849766 0.586541 0.009365 0.011998 0.675577 0.319881 0.784411 0.575199 0.761830 0.346607 0.036783 0.128134 0.649029 0.657766 0.866026 0.278886 0.470670 0.810046 0.801007 0.912924 0.123198 0.934350 0.894202 0.027559 0.733160 0.998594 0.433269 0.694186 0.634056 0.108570 0.984070 0.712556 0.845704 0.726899 0.885775 0.299449 0.352320 0.324154 0.544528 0.603438 0.041194 0.230185 0.445100 0.008851 0.148331 0.042075 0.769835 0.540563 0.001803 0.747124 0.645600 0.470156 0.731278 0.197452 0.417572 0.672148 0.836333 0.442823 0.372247
0.518501 0.025244 0.935899 0.802814 0.575365 0.208406 0.274125 0.357515 0.867612 0.768664 0.371649 0.966510 0.504793 0.649392 0.280421 0.014457 0.522526 0.119605 0.299723 0.112312 0.363768 0.219453 0.187323 0.501956 0.219651 0.226535 0.075555 0.225929 0.360084 0.232600 0.989056 0.261821 0.739333 0.386227 0.231766 0.958285 0.710651 0.190064 0.763160 0.151402 0.856357 0.994711 0.750100 0.688210 0.084847 0.985943 0.833523 0.271110 0.353947 0.298381 0.238946 0.905937 0.188001 0.293749 0.245708 0.757185 0.739032 0.534897 0.012625 0.008491 0.840779 0.303079 0.842931 0.173371 0.761355 0.526521 0.346397 0.451946 0.463534 0.211209 0.162895 0.489552 0.706441 0.988353 0.809063 0.817748 0.485571 0.508581 0.027323 0.132033 0.711117 0.573005 0.495676 0.361941 0.895694 0.102559 0.389714 0.735808 0.767608 0.038087 0.890245 0.039733 0.676738 0.769770 0.832531 0.619661 0.650816 0.641120 0.826716 0.443398 0.216483 0.886720 0.985785 0.797125 0.964045 0.687809 0.079899 0.267162 0.818793 0.608457 0.726749 0.548236 0.641084 0.205267 0.050219 0.811686 0.440415 0.407374 0.049756 0.736437 0.643398 0.323733 0.558168 0.346425 0.924812 0.817720 0.620508 0.838632 0.232456 0.867276 0.822496 0.786627 0.552648 0.779123 0.757906 0.499742 0.253017 0.594922 0.130300 0.293696 0.129839 0.003177 0.820229 0.415826 0.538397 0.779032 0.186536 0.338939 0.664802 0.135341 0.270218 0.766281 0.960831 0.588235 0.905184 0.704072 0.653766 0.746635 0.521403 0.350054 0.766607 0.750089 0.134008 0.688249 0.304401 0.903741 0.443427 0.797450 0.221325 0.084503 0.589755 0.346157 0.897793 0.107301 0.851874 0.367864 0.138706 0.380560 0.117457 0.755313 0.520640 0.097740 0.550265 0.805912 0.309786 0.768978 0.607555 0.531338 0.077230 0.198986 0.832648 0.333631 0.465107 0.866981 0.874107 0.686998 0.870661 0.652736 0.774881 0.042054 0.711690 0.173446 0.352964 0.095164 0.402826 0.467702 0.796854 0.186506 0.455798 0.578573 0.731668 0.446551 0.158193 0.922709 0.010469 0.628152 0.751225 0.993794 0.779746 0.893481 0.378055 0.405483 0.007958 0.005664 0.787302 0.308991 0.369543 0.445851 0.040427 0.123898 0.856084 0.611428 0.789869 0.662217 0.509342 0.115223 0.798990 0.189017 0.058635 0.376039 0.827211 0.207716 0.572239 0.680462 0.220300 0.892121 0.800727 0.607435 0.728216 0.848597 0.800440 0.113785 0.992330 0.910589 0.156821 0.524430 0.927716 0.562226 0.163490 0.436050 0.473779 0.483147 0.493465 0.017332 0.482819 0.620332 0.190013 0.312603 0.066211 0.219414 0.213299 0.786650 0.151059 0.516498 0.857828 0.479794 0.843048 0.290770 0.924024 0.201166 0.048247 0.188655 0.385223 0.358629 0.607877 0.425600 0.586643 0.459468 0.605231 0.408238 0.471606 0.335549 0.077880 0.764313 0.472260 0.490909 0.986000 0.500466 0.208391 0.016418
0.828111 0.476620 0.662671 0.474263 0.992122 0.671933 0.346677 0.153964 0.875339 0.194068 0.121650 0.617333 0.142645 0.575139 0.481300 0.532190 0.430141 0.814449 0.531898 0.669844 0.589025 0.388261 0.743343 0.359283 0.383907 0.239600 0.437644 0.917898 0.449742 0.725040 0.865168 0.364634 0.395621 0.447053 0.267744 0.087942 0.492399 0.058923 0.746356 0.844688 0.332779 0.225571 0.701523 0.710837 0.643196 0.883003 0.683695 0.014600 0.446571 0.893802 0.402047 0.525232 0.911509 0.016479 0.026228 0.497825 0.855351 0.503572 0.610179 0.685492 0.406489 0.821270 0.166394 0.612225 0.139783 0.944836 0.051026 0.196569 0.459132 0.518453 0.843603 0.725300 0.382100 0.773201 0.655480 0.140272 0.280662 0.319091 0.724178 0.973013 0.921421 0.938876 0.676980 0.546658 0.588167 0.473716 0.614896 0.878784 0.633027 0.266758 0.239858 0.262409 0.044343 0.526653 0.908135 0.464434 0.861003 0.589128 0.164884 0.159582 0.132458 0.427383 0.920674 0.127775 0.400762 0.669173 0.281610 0.081319 0.723036 0.075757 0.114797 0.658227 0.313989 0.388374 0.840267 0.946783 0.826948 0.077771 0.338881 0.708027 0.352576 0.367761 0.492460 0.520068 0.008019 0.089963 0.642136 0.436197 0.670449 0.179451 0.177354 0.835964 0.679740 0.146319 0.818155 0.256733 0.839506 0.549747 0.962563 0.003134 0.565239 0.308522 0.433999 0.841268 0.577954 0.760020 0.591111 0.176324 0.203064 0.653707 0.252193 0.205719 0.456265 0.248725 0.443502 0.157442 0.313587 0.347451 0.571424 0.851269 0.163871 0.691096 0.007230 0.254065 0.822716 0.986574 0.874382 0.571934 0.449917 0.827059 0.763879 0.925171 0.751955 0.434458 0.928119 0.450378 0.722684 0.107171 0.665523 0.518241 0.807725 0.759028 0.776742 0.677393 0.074310 0.487238 0.593494 0.763214 0.018104 0.022795 0.898096 0.417044 0.823240 0.560401 0.168761 0.023780 0.066725 0.410226 0.577672 0.012871 0.221723 0.035639 0.472126 0.030031 0.996761 0.085861 0.958032 0.907936 0.615960 0.049394 0.470019 0.389075 0.546166 0.442915 0.980358 0.046606 0.825027 0.141067 0.130625 0.714183 0.635114 0.979107 0.128229 0.974862 0.027790 0.632398 0.440264 0.127361 0.362203 0.499389 0.032359 0.478170 0.656217 0.741120 0.883160 0.417992 0.219299 0.121237 0.111804 0.404912 0.127068 0.082936 0.084294 0.097517 0.065704 0.288843 0.537637 0.288134 0.379111 0.341400 0.389507 0.588992 0.994690 0.300455 0.036221 0.620827 0.949772 0.963358 0.822493 0.115287 0.653473 0.708956 0.921595 0.661174 0.255563 0.443583 0.278010 0.852294 0.320109 0.180203 0.317757 0.717447 0.030007 0.036859 0.345366 0.903336 0.375026 0.899273 0.862820 0.447894 0.934496 0.556267 0.022110 0.833272 0.446436 0.046439 0.656098 0.983446 0.007863 0.818638 0.147824 0.451478 0.969324 0.893657 0.631043 0.321560 0.364264 0.159453 0.727304 0.254335
0.756137 0.141251 0.907524 0.073083 0.889686 0.395741 0.180402 0.559700 0.537085 0.442180 0.651458 0.148282 0.280704 0.761764 0.686920 0.384261 0.059724 0.656723 0.227136 0.146948 0.920560 0.125444 0.244394 0.567648 0.170955 0.629760 0.779299 0.561995 0.837418 0.906594 0.425945 0.486832 0.877791 0.314047 0.030396 0.601976 0.757149 0.328066 0.699555 0.010304 0.899011 0.686169 0.012437 0.432627 0.263538 0.466555 0.601883 0.128580 0.770999 0.720951 0.632604 0.718382 0.306803 0.379206 0.680678 0.249959 0.614961 0.869425 0.963646 0.999840 0.310057 0.227592 0.938995 0.357723 0.147756 0.935859 0.383213 0.856538 0.331317 0.763825 0.540551 0.400638 0.679432 0.267656 0.206247 0.626988 0.235419 0.193308 0.941910 0.621100 0.391100 0.780280 0.975714 0.798813 0.110352 0.360278 0.284582 0.871014 0.066442 0.065908 0.330354 0.688714 0.985874 0.616709 0.860429 0.034303 0.388815 0.066091 0.088130 0.110967 0.426572 0.456595 0.190416 0.784945 0.403241 0.278208 0.149018 0.651441 0.820979 0.397025 0.295667 0.459539 0.086062 0.270334 0.262370 0.890549 0.140913 0.922131 0.986938 0.497937 0.977623 0.187692 0.438171 0.621564 0.052979 0.239985 0.497919 0.869535 0.209799 0.041869 0.524732 0.504822 0.649399 0.770906 0.336338 0.863653 0.886451 0.824281 0.081834 0.409301 0.874554 0.125148 0.987253 0.261813 0.987890 0.571062 0.007745 0.721540 0.118685 0.476695 0.046815 0.275948 0.495996 0.803920 0.991704 0.369421 0.741039 0.326130 0.890739 0.964674 0.672728 0.581203 0.923470 0.809529 0.044933 0.474392 0.961186 0.376141 0.645768 0.054591 0.503442 0.962103 0.032789 0.807204 0.836351 0.490318 0.475540 0.187626 0.797374 0.259819 0.496037 0.201655 0.844750 0.442464 0.138110 0.542164 0.927557 0.617165 0.554078 0.652858 0.916630 0.525339 0.477382 0.107402 0.718221 0.442960 0.912719 0.626720 0.965439 0.793093 0.391339 0.755351 0.751671 0.760974 0.302320 0.691401 0.823254 0.593426 0.457800 0.384914 0.673380 0.701227 0.670305 0.297118 0.141938 0.747311 0.217155 0.585250 0.233827 0.438948 0.712270 0.097158 0.286173 0.370592 0.992423 0.227380 0.273263 0.203284 0.736408 0.062991 0.857789 0.564781 0.414850 0.649446 0.389840 0.789187 0.709486 0.286561 0.020163 0.373768 0.914618 0.621889 0.524999 0.493490 0.382639 0.407435 0.075446 0.232118 0.688911 0.672308 0.614734 0.388656 0.039272 0.499388 0.519219 0.896721 0.180209 0.173341 0.598332 0.271858 0.048417 0.043274 0.817709 0.723684 0.875239 0.976269 0.047439 0.899872 0.516640 0.274079 0.531198 0.058495 0.268338 0.016655 0.818375 0.536696 0.947140 0.290819 0.626133 0.576194 0.761967 0.615062 0.490454 0.436311 0.358965 0.224870 0.457171 0.619729 0.440277 0.237406 0.913893 0.369836 0.945616 0.393241 0.841193 0.163350 0.872346 0.730986 0.820915 0.813470
0.354435 0.358111 0.029659 0.881693 0.546738 0.458316 0.879180 0.872084 0.392373 0.088857 0.848758 0.501965 0.994859 0.210834 0.626190 0.350052 0.609885 0.132326 0.782952 0.196010 0.128790 0.264213 0.834397 0.931919 0.327994 0.298504 0.770079 0.418947 0.378370 0.520355 0.653598 0.930031 0.283534 0.741581 0.303086 0.493261 0.912512 0.942364 0.191111 0.834376 0.923470 0.060901 0.982694 0.213764 0.651211 0.026103 0.175673 0.147174 0.138036 0.252854 0.053812 0.408898 0.612584 0.826399 0.521499 0.261939 0.621095 0.306645 0.507109 0.786509 0.282328 0.050260 0.154857 0.857261 0.234398 0.086443 0.002632 0.706291 0.614766 0.999739 0.679007 0.605351 0.845529 0.725838 0.774542 0.166830 0.809210 0.637254 0.420497 0.363237 0.438835 0.129862 0.124090 0.099785 0.681784 0.371257 0.084834 0.714723 0.649312 0.733067 0.352683 0.456625 0.601490 0.128670 0.072027 0.868463 0.690113 0.592654 0.838701 0.841113 0.339309 0.000090 0.155364 0.757313 0.787734 0.261332 0.793793 0.712539 0.707113 0.425516 0.369258 0.286514 0.462255 0.958375 0.182891 0.688515 0.381037 0.017307 0.398471 0.156582 0.152998 0.948961 0.477121 0.670254 0.380984 0.320110 0.252505 0.792498 0.399512 0.945002 0.582259 0.046763 0.604566 0.270243 0.590328 0.025767 0.058672 0.477572 0.825057 0.069843 0.041222 0.589288 0.514731 0.364363 0.831517 0.369334 0.644952 0.480134 0.872362 0.253171 0.188760 0.851338 0.354175 0.545683 0.139801 0.889300 0.459784 0.147679 0.864425 0.694405 0.945047 0.963353 0.911796 0.946478 0.526973 0.551887 0.985490 0.483963 0.394053 0.509385 0.008300 0.465561 0.296741 0.934092 0.033966 0.279837 0.656345 0.897285 0.402567 0.004188 0.687328 0.237774 0.267227 0.547837 0.956133 0.864486 0.686719 0.637601 0.650720 0.985590 0.855504 0.058746 0.152213 0.596771 0.870996 0.315612 0.285723 0.112170 0.501428 0.207255 0.940946 0.111528 0.979045 0.258663 0.710005 0.646080 0.959928 0.957817 0.048492 0.355158 0.071856 0.472846 0.413894 0.961719 0.871086 0.552889 0.011608 0.647863 0.711397 0.245657 0.577456 0.482129 0.520749 0.674963 0.214141 0.324952 0.961384 0.016984 0.729547 0.218319 0.078248 0.611111 0.335810 0.789985 0.571456 0.866368 0.433525 0.375667 0.058577 0.443131 0.728416 0.801953 0.834250 0.243651 0.321177 0.620437 0.665264 0.723775 0.096872 0.288038 0.300484 0.226287 0.753513 0.248454 0.001544 0.461056 0.415981 0.173129 0.728082 0.423002 0.325864 0.019159 0.507907 0.170975 0.364917 0.481257 0.509718 0.719958 0.837471 0.086514 0.650839 0.949313 0.462615 0.013062 0.411510 0.627541 0.700955 0.001265 0.503324 0.804929 0.479704 0.548298 0.809071 0.654997 0.010319 0.500602 0.899770 0.368331 0.943723 0.477524 0.608835 0.125948 0.667604 0.747958 0.916131 0.717540 0.845353 0.859696 0.767430 0.115346
0.956425 0.737703 0.488473 0.757945 0.768719 0.299037 0.459481 0.931035 0.122647 0.282663 0.376961 0.607050 0.590692 0.072926 0.330620 0.622851 0.668448 0.701191 0.997317 0.819842 0.636722 0.642716 0.429191 0.307924 0.368450 0.898472 0.151794 0.327717 0.989983 0.494657 0.740898 0.484044 0.074063 0.254376 0.775277 0.143073 0.365458 0.315000 0.345930 0.963317 0.333634 0.300305 0.931218 0.776701 0.135618 0.283837 0.710087 0.783851 0.892514 0.418584 0.997970 0.012913 0.016130 0.850825 0.386260 0.092564 0.029508 0.727446 0.398655 0.586356 0.609810 0.391334 0.574175 0.719604 0.292360 0.059578 0.196583 0.937126 0.414893 0.839038 0.072828 0.477542 0.721574 0.929535 0.801737 0.013845 0.553799 0.157687 0.935589 0.922086 0.719994 0.078520 0.789194 0.668628 0.290588 0.716313 0.288331 0.877229 0.837540 0.440987 0.227864 0.853370 0.610926 0.069322 0.875184 0.663603 0.467933 0.042772 0.971226 0.091624 0.718420 0.202508 0.660961 0.977435 0.762011 0.959325 0.136142 0.797142 0.670238 0.924088 0.643177 0.040993 0.175491 0.787797 0.114743 0.507421 0.014958 0.366831 0.493255 0.772031 0.587223 0.745013 0.180485 0.338108 0.209372 0.934392 0.384773 0.987945 0.657926 0.610264 0.337919 0.935490 0.861416 0.476602 0.729296 0.595754 0.206007 0.931121 0.325730 0.576529 0.476417 0.150181 0.973427 0.407591 0.944041 0.830592 0.477195 0.593642 0.836984 0.304688 0.388088 0.793854 0.672964 0.975239 0.700004 0.379897 0.957272 0.350891 0.003069 0.999380 0.854968 0.041817 0.279355 0.390672 0.880236 0.174978 0.104103 0.019998 0.151202 0.207386 0.440676 0.614007 0.031420 0.118841 0.527280 0.490481 0.885909 0.288827 0.566682 0.360066 0.319580 0.766968 0.801853 0.732916 0.519697 0.448933 0.699203 0.580625 0.766400 0.965114 0.163985 0.478991 0.121984 0.537149 0.007450 0.032966 0.652376 0.836360 0.449167 0.710871 0.062428 0.977854 0.633487 0.625619 0.946351 0.918646 0.589471 0.083726 0.656694 0.595871 0.760875 0.230858 0.195284 0.159069 0.431679 0.690616 0.279480 0.455332 0.650114 0.952379 0.967210 0.399040 0.016854 0.419873 0.762343 0.558299 0.684275 0.861477 0.360898 0.834394 0.734369 0.609977 0.379083 0.827500 0.980594 0.933417 0.121966 0.697064 0.121513 0.085570 0.165031 0.825620 0.116721 0.019300 0.937997 0.641271 0.666462 0.829875 0.150194 0.882407 0.527633 0.992704 0.927993 0.057281 0.857716 0.372930 0.144551 0.660418 0.232469 0.246978 0.314371 0.269332 0.911572 0.741678 0.674700 0.210770 0.058907 0.044067 0.745506 0.583768 0.988115 0.086064 0.044687 0.116482 0.366602 0.589670 0.869489 0.056636 0.071276 0.876742 0.889769 0.126594 0.916221 0.314589 0.381995 0.598539 0.537887 0.791735 0.474659 0.794020 0.317840 0.324306 0.048436 0.260721 0.571610 0.893600 0.628137 0.304036 0.368775 0.390394
0.081564 0.345251 0.122544 0.290591 0.368562 0.637712 0.246959 0.587404 0.614018 0.847479 0.492752 0.655988 0.662318 0.515935 0.805321 0.649176 0.547489 0.824249 0.517866 0.787272 0.162451 0.632927 0.038118 0.302718 0.235605 0.726650 0.437359 0.712563 0.710608 0.659351 0.501023 0.435478 0.433162 0.287132 0.705260 0.141881 0.574039 0.047365 0.034024 0.740347 0.419860 0.111629 0.580333 0.713908 0.868283 0.282351 0.972757 0.379169 0.413043 0.391145 0.411825 0.678512 0.656640 0.514543 0.840854 0.446703 0.968975 0.080209 0.338259 0.004489 0.175658 0.896935 0.506629 0.442622 0.492150 0.982423 0.320504 0.288586 0.262584 0.494679 0.747125 0.461777 0.819961 0.341103 0.091007 0.082198 0.364956 0.509173 0.429457 0.470805 0.858082 0.387984 0.536472 0.655429 0.397201 0.864786 0.357805 0.965705 0.597636 0.040472 0.401689 0.086763 0.623009 0.222615 0.101288 0.733932 0.543312 0.391492 0.149126 0.595425 0.351457 0.917384 0.590525 0.651166 0.188731 0.612939 0.771346 0.873570 0.308751 0.975712 0.541320 0.270340 0.100610 0.892439 0.997110 0.539574 0.425142 0.000121 0.302235 0.096401 0.323510 0.179669 0.943463 0.768661 0.454986 0.498942 0.980139 0.571321 0.128593 0.166471 0.113397 0.872693 0.728505 0.098592 0.487158 0.067782 0.374380 0.940393 0.876747 0.389306 0.210590 0.176137 0.877912 0.648212 0.910562 0.169603 0.342231 0.336024 0.798770 0.778693 0.419313 0.257246 0.553967 0.968805 0.668669 0.401687 0.784285 0.072770 0.953900 0.772463 0.037886 0.738370 0.283192 0.501002 0.943625 0.991049 0.549248 0.336119 0.552307 0.251194 0.941467 0.056018 0.485821 0.335341 0.888611 0.077077 0.691114 0.576892 0.633910 0.524330 0.091476 0.248524 0.660805 0.888181 0.380798 0.748522 0.050537 0.053939 0.921113 0.884763 0.113912 0.554364 0.556815 0.961456 0.094041 0.970178 0.874409 0.115685 0.711558 0.258705 0.721873 0.281461 0.120190 0.556815 0.272924 0.439756 0.856082 0.453455 0.021509 0.049739 0.375286 0.778800 0.251782 0.709532 0.905541 0.319948 0.176272 0.642574 0.735157 0.616400 0.197055 0.409841 0.392924 0.025709 0.124498 0.426234 0.608587 0.204999 0.792957 0.575501 0.484825 0.552709 0.813121 0.933457 0.532956 0.868332 0.709811 0.266454 0.538441 0.509206 0.590558 0.800108 0.821856 0.750841 0.713251 0.432685 0.324872 0.218656 0.299763 0.250672 0.720602 0.114905 0.128497 0.924144 0.068009 0.814466 0.353735 0.811450 0.950836 0.944917 0.909988 0.090880 0.485314 0.262714 0.807773 0.670291 0.209053 0.271699 0.639300 0.707185 0.791522 0.054375 0.164150 0.381195 0.604454 0.249881 0.082820 0.040632 0.746751 0.092163 0.320346 0.358126 0.345679 0.950039 0.344208 0.394878 0.852165 0.812642 0.513278 0.185749 0.769307 0.859794 0.099817 0.024403 0.545675 0.280991 0.956409 0.712055 0.685898 0.385616
0.794996 0.991535 0.270162 0.942890 0.334764 0.273140 0.209169 0.402265 0.282795 0.152166 0.263427 0.326909 0.948736 0.055986 0.104287 0.294614 0.607174 0.485270 0.346618 0.265633 0.042753 0.896857 0.189382 0.659422 0.952357 0.837810 0.731544 0.347083 0.700810 0.673885 0.864107 0.857524 0.852714 0.524448 0.519369 0.029761 0.561177 0.419816 0.298870 0.904361 0.853313 0.266662 0.061748 0.218924 0.383567 0.347798 0.137562 0.497192 0.917650 0.346734 0.327783 0.655276 0.372083 0.244502 0.333893 0.961547 0.663490 0.257655 0.972582 0.389665 0.080589 0.786097 0.002656 0.181906 0.875873 0.483173 0.411129 0.226709 0.758352 0.793847 0.873194 0.301487 0.070946 0.223054 0.685434 0.277077 0.559289 0.017965 0.653568 0.831652 0.513846 0.063718 0.863958 0.187752 0.414616 0.535325 0.591729 0.987268 0.771910 0.385536 0.190282 0.681491 0.420882 0.462993 0.296122 0.766303 0.263489 0.180049 0.348414 0.964360 0.484149 0.155375 0.577774 0.683819 0.274149 0.477431 0.753574 0.297674 0.266088 0.960293 0.077292 0.860088 0.107535 0.663506 0.281008 0.780760 0.814337 0.736189 0.036028 0.037569 0.623043 0.074605 0.416334 0.562816 0.645002 0.734445 0.350873 0.593863 0.192009 0.314565 0.431723 0.016784 0.183560 0.870528 0.395788 0.410375 0.198257 0.525859 0.623207 0.007257 0.197315 0.189145 0.081176 0.255850 0.842822 0.156937 0.532858 0.745442 0.631583 0.905331 0.453242 0.404064 0.375106 0.093648 0.759014 0.461170 0.650080 0.932684 0.021057 0.855108 0.981140 0.252883 0.896305 0.271664 0.757529 0.000936 0.589515 0.829413 0.782667 0.093885 0.676332 0.375246 0.628847 0.868215 0.986896 0.271385 0.119257 0.507158 0.570815 0.133711 0.477971 0.937010 0.922532 0.476307 0.164432 0.529822 0.348684 0.925365 0.988301 0.022007 0.822982 0.068902 0.279188 0.413730 0.759911 0.025507 0.861642 0.096255 0.412942 0.518644 0.268401 0.469611 0.095496 0.431866 0.856951 0.162670 0.051664 0.230722 0.517324 0.608527 0.503780 0.296270 0.380529 0.578139 0.427337 0.438164 0.469788 0.451117 0.362790 0.762836 0.492427 0.760649 0.989908 0.811050 0.579014 0.318786 0.695434 0.720682 0.637503 0.556615 0.088898 0.186383 0.674654 0.549290 0.276450 0.167918 0.073856 0.358404 0.177658 0.764842 0.897272 0.441852 0.183584 0.629542 0.733636 0.032575 0.405557 0.931973 0.057693 0.099991 0.105113 0.437717 0.650171 0.104433 0.318851 0.135716 0.980162 0.081875 0.707679 0.464318 0.193644 0.205892 0.788158 0.842474 0.298182 0.101232 0.723008 0.755224 0.761491 0.664811 0.901666 0.964556 0.649931 0.068184 0.615112 0.451408 0.958253 0.595087 0.996845 0.570999 0.004665 0.461997 0.899850 0.272214 0.487858 0.816192 0.326450 0.456511 0.501335 0.770509 0.326848 0.395624 0.772033 0.653776 0.178242 0.098496 0.401548 0.636102 0.018401 0.030779
0.447845 0.413466 0.013432 0.148000 0.509912 0.138703 0.313524 0.402753 0.180935 0.657443 0.212660 0.810486 0.896392 0.433128 0.107320 0.710384 0.286730 0.552357 0.448661 0.475766 0.272651 0.377372 0.423518 0.417180 0.344112 0.527963 0.215953 0.047306 0.543039 0.669975 0.101194 0.005404 0.330234 0.431778 0.882789 0.051093 0.393326 0.169841 0.352941 0.994333 0.454820 0.663734 0.984094 0.151877 0.246181 0.270746 0.478389 0.669174 0.262370 0.890573 0.373527 0.694894 0.078314 0.923121 0.811373 0.439872 0.760390 0.132023 0.790597 0.265217 0.531573 0.103226 0.905417 0.269356 0.059218 0.625905 0.229461 0.510479 0.352822 0.207920 0.742955 0.711249 0.179146 0.108235 0.671905 0.791685 0.752115 0.745885 0.093300 0.313779 0.387630 0.777552 0.045680 0.410397 0.029383 0.931061 0.461973 0.509016 0.472431 0.704992 0.546349 0.151973 0.879470 0.564264 0.792884 0.637285 0.627389 0.627881 0.479701 0.387966 0.161761 0.744089 0.375658 0.113348 0.313108 0.333089 0.729874 0.124126 0.895105 0.205962 0.460942 0.875041 0.387360 0.915330 0.945151 0.554771 0.294436 0.464067 0.737901 0.426300 0.890155 0.272376 0.556889 0.419269 0.233396 0.581659 0.814723 0.273979 0.606766 0.477991 0.505854 0.717586 0.331611 0.368465 0.280488 0.801269 0.130485 0.562471 0.501653 0.284805 0.245875 0.259135 0.323413 0.362971 0.320801 0.131637 0.336056 0.263299 0.913566 0.487148 0.512111 0.504411 0.445881 0.719609 0.158601 0.768275 0.633368 0.273903 0.521101 0.587155 0.209879 0.998690 0.880309 0.296017 0.616028 0.147281 0.952139 0.237790 0.797135 0.820506 0.821297 0.912285 0.656620 0.007962 0.097147 0.869871 0.239953 0.992480 0.417568 0.803256 0.591893 0.697265 0.344350 0.581506 0.603004 0.869040 0.364291 0.220993 0.317490 0.882110 0.036085 0.814178 0.414093 0.402822 0.053278 0.104924 0.126572 0.484353 0.251972 0.911836 0.015583 0.512464 0.350421 0.006139 0.281445 0.980035 0.693680 0.837460 0.653219 0.062806 0.608322 0.274656 0.867008 0.394492 0.966300 0.898312 0.269428 0.404969 0.246270 0.402447 0.474221 0.276107 0.828347 0.133067 0.853679 0.465722 0.764706 0.035498 0.410363 0.650695 0.291060 0.724464 0.490101 0.868182 0.398324 0.919315 0.303980 0.017243 0.517660 0.632536 0.754411 0.587166 0.614944 0.166392 0.985144 0.893774 0.098265 0.320845 0.236767 0.604059 0.780496 0.149054 0.035494 0.156153 0.563558 0.617904 0.065568 0.411278 0.944396 0.979589 0.620298 0.382626 0.732774 0.611988 0.388814 0.785464 0.118361 0.603093 0.039334 0.706524 0.307320 0.360100 0.272560 0.939317 0.417660 0.395424 0.500559 0.615060 0.696937 0.104407 0.963472 0.775348 0.482345 0.132777 0.327715 0.702682 0.651423 0.218473 0.332693 0.500454 0.779670 0.277926 0.897553 0.530343 0.566021 0.603650 0.535591 0.886725 0.677044 0.258498
0.498458 0.952254 0.021857 0.553505 0.993943 0.961164 0.839467 0.358074 0.305313 0.315598 0.916127 0.181588 0.754278 0.435937 0.373431 0.426709 0.938734 0.749913 0.256567 0.691653 0.028965 0.502346 0.813329 0.942844 0.898538 0.323012 0.732692 0.559133 0.151542 0.140560 0.315139 0.508357 0.872795 0.964376 0.035334 0.895426 0.351765 0.069888 0.107841 0.536576 0.122605 0.921503 0.963367 0.765613 0.407835 0.909013 0.550249 0.736009 0.485952 0.161731 0.264702 0.182302 0.990413 0.043072 0.928178 0.032155 0.382402 0.012983 0.704013 0.349913 0.595856 0.644773 0.497594 0.065011 0.340855 0.517593 0.661509 0.980574 0.273807 0.020438 0.305631 0.099313 0.047567 0.653345 0.968966 0.255119 0.802826 0.558698 0.412172 0.423077 0.731415 0.554424 0.260189 0.766339 0.640054 0.859332 0.516107 0.335107 0.192910 0.777561 0.546206 0.063164 0.482504 0.783247 0.791973 0.059522 0.375881 0.637054 0.851707 0.129001 0.268770 0.687080 0.095377 0.680243 0.766710 0.987812 0.858866 0.227775 0.106580 0.037635 0.443022 0.851067 0.009643 0.453802 0.627832 0.239436 0.503998 0.643636 0.655352 0.444752 0.702325 0.334886 0.800414 0.031880 0.830887 0.323314 0.824866 0.455506 0.517329 0.333114 0.393975 0.636203 0.546280 0.150642 0.624912 0.545599 0.351443 0.635316 0.594551 0.734152 0.262825 0.838245 0.096403 0.330892 0.147511 0.935441 0.065509 0.459171 0.859126 0.052060 0.101291 0.485770 0.130628 0.076006 0.240494 0.558857 0.490288 0.251067 0.998694 0.013547 0.776822 0.613422 0.657692 0.652798 0.680288 0.815095 0.929579 0.958528 0.967303 0.403169 0.069171 0.717578 0.416091 0.851386 0.418592 0.757314 0.938825 0.409085 0.252345 0.048383 0.034602 0.443955 0.458315 0.846230 0.017965 0.240846 0.826987 0.538175 0.508777 0.057577 0.424528 0.776113 0.715833 0.600411 0.844494 0.773333 0.494858 0.324907 0.384146 0.288959 0.550005 0.717530 0.277363 0.874674 0.766883 0.569271 0.269805 0.313473 0.197725 0.429526 0.786083 0.544178 0.053574 0.700436 0.340494 0.906592 0.045380 0.987477 0.813556 0.477376 0.984269 0.057828 0.791624 0.469085 0.381207 0.068879 0.783901 0.830690 0.299025 0.053776 0.740924 0.498900 0.363604 0.842789 0.710819 0.291904 0.280334 0.575863 0.468913 0.607731 0.432802 0.861244 0.974951 0.096611 0.431485 0.685230 0.329967 0.890667 0.555283 0.076210 0.629419 0.485579 0.637002 0.477018 0.367672 0.785298 0.930392 0.660993 0.608923 0.575645 0.339389 0.856366 0.823206 0.856235 0.838353 0.476200 0.122133 0.874894 0.737368 0.300755 0.578676 0.044155 0.600444 0.359365 0.526884 0.556489 0.632234 0.742497 0.829646 0.894128 0.484969 0.162231 0.246299 0.161272 0.641739 0.772309 0.827673 0.398400 0.999413 0.400898 0.235826 0.187387 0.865799 0.696046 0.464438 0.122383 0.267977 0.561902 0.921675 0.572826
0.837595 0.999996 0.791784 0.545614 0.766843 0.306999 0.014027 0.075494 0.634565 0.953386 0.751952 0.374698 0.859675 0.007107 0.003803 0.315605 0.541094 0.085263 0.181629 0.231699 0.146158 0.558592 0.999918 0.577283 0.545827 0.776160 0.246772 0.496982 0.982840 0.914164 0.488582 0.593765 0.183866 0.531266 0.155710 0.037883 0.475866 0.524622 0.373743 0.398338 0.534451 0.266242 0.964935 0.866067 0.862345 0.238311 0.572494 0.510971 0.195776 0.983652 0.900199 0.979988 0.493209 0.996014 0.600126 0.867506 0.708336 0.996944 0.211808 0.399321 0.560896 0.217344 0.753170 0.458742 0.536748 0.191270 0.000415 0.148872 0.692666 0.170844 0.875599 0.909631 0.040258 0.007946 0.598789 0.133714 0.268408 0.836789 0.969454 0.903779 0.225525 0.314074 0.526555 0.295948 0.197434 0.280980 0.354064 0.529594 0.461136 0.095228 0.115892 0.940814 0.740404 0.335763 0.849271 0.511617 0.755733 0.726901 0.597870 0.353246 0.718653 0.761561 0.402329 0.368146 0.820031 0.252855 0.338546 0.662582 0.768377 0.740194 0.192270 0.078711 0.778331 0.256656 0.339944 0.724576 0.820358 0.445268 0.949704 0.414213 0.418023 0.883068 0.797676 0.600447 0.599248 0.063011 0.392696 0.303868 0.285285 0.159868 0.012653 0.312675 0.056526 0.268776 0.491565 0.469681 0.605653 0.138563 0.675900 0.479425 0.895334 0.494299 0.884265 0.283406 0.903726 0.416325 0.454999 0.328991 0.305179 0.395274 0.337533 0.548936 0.326427 0.426311 0.353140 0.934313 0.069255 0.093788 0.903346 0.832838 0.835140 0.651221 0.771146 0.926853 0.170848 0.997720 0.537986 0.452471 0.855959 0.567391 0.271175 0.784755 0.424212 0.168042 0.883810 0.266337 0.822166 0.506203 0.652767 0.497927 0.603284 0.320453 0.240240 0.191446 0.400809 0.561851 0.462679 0.167478 0.493320 0.894072 0.353179 0.204004 0.604716 0.680775 0.072027 0.749953 0.405286 0.162434 0.417023 0.967717 0.623290 0.487031 0.804134 0.535848 0.961363 0.090890 0.690998 0.956457 0.343073 0.932149 0.095692 0.744029 0.335198 0.165459 0.710412 0.250739 0.231973 0.387782 0.329820 0.635424 0.311017 0.771519 0.794002 0.274321 0.681422 0.483392 0.778415 0.441454 0.423397 0.039780 0.477562 0.507749 0.379462 0.705970 0.558721 0.823700 0.725832 0.792304 0.332036 0.690959 0.502144 0.445317 0.766887 0.340427 0.485473 0.539362 0.322115 0.750055 0.873115 0.707723 0.653038 0.497297 0.801515 0.890448 0.599843 0.116224 0.890437 0.168984 0.014879 0.920231 0.426352 0.813942 0.362344 0.212469 0.571800 0.424441 0.394620 0.421607 0.454073 0.462421 0.191418 0.282483 0.900321 0.699315 0.631607 0.201506 0.488458 0.937793 0.148780 0.969895 0.159793 0.457095 0.484918 0.637631 0.866896 0.050549 0.070148 0.751823 0.528835 0.592802 0.855523 0.468931 0.645657 0.706806 0.677750 0.342562 0.392963 0.049494 0.799488 0.202948
0.507499 0.854778 0.840705 0.163482 0.957914 0.472489 0.694931 0.515370 0.599646 0.932308 0.706566 0.537094 0.176696 0.301398 0.050964 0.508194 0.906431 0.283358 0.670071 0.761197 0.765699 0.791359 0.921546 0.769185 0.556199 0.543561 0.149698 0.175186 0.732777 0.861052 0.072948 0.767218 0.810561 0.121787 0.000334 0.510020 0.594817 0.542513 0.415218 0.040077 0.387798 0.050222 0.305804 0.287560 0.902677 0.414766 0.971472 0.805459 0.885606 0.190216 0.052052 0.279315 0.711269 0.502075 0.283384 0.377293 0.750040 0.402635 0.538680 0.939016 0.832066 0.657139 0.224430 0.518830 0.092415 0.185489 0.806991 0.543273 0.039004 0.954402 0.015653 0.876584 0.474693 0.985449 0.453755 0.359830 0.938334 0.370137 0.044608 0.122894 0.634653 0.914478 0.040075 0.886633 0.859132 0.207288 0.436734 0.870571 0.150713 0.850699 0.074404 0.119480 0.958955 0.926728 0.851148 0.072104 0.943209 0.572744 0.514458 0.034631 0.832856 0.119212 0.030103 0.487223 0.233575 0.293643 0.689690 0.213749 0.053149 0.741323 0.186940 0.321859 0.328134 0.480131 0.603958 0.391708 0.936498 0.978071 0.039117 0.469092 0.960509 0.102131 0.792196 0.134514 0.305744 0.727732 0.315627 0.684603 0.586596 0.161608 0.398460 0.026831 0.127145 0.608536 0.822150 0.255765 0.112658 0.668145 0.817177 0.195008 0.975730 0.577374 0.398173 0.825794 0.712506 0.750569 0.184923 0.103840 0.101907 0.156953 0.220615 0.587095 0.328795 0.113306 0.103037 0.457334 0.766845 0.488817 0.860498 0.208515 0.710097 0.236554 0.312723 0.574869 0.748434 0.941995 0.885833 0.011065 0.968708 0.819220 0.981121 0.298047 0.925144 0.910849 0.049559 0.483279 0.002524 0.715089 0.968570 0.299956 0.864923 0.847420 0.084261 0.446089 0.410867 0.603540 0.744830 0.633980 0.004265 0.961488 0.462292 0.414128 0.906544 0.351827 0.024589 0.276939 0.540490 0.573636 0.664519 0.551205 0.411728 0.101085 0.400776 0.442377 0.460119 0.127967 0.576461 0.270931 0.405070 0.233144 0.452610 0.511651 0.268563 0.769241 0.651172 0.887128 0.013230 0.287113 0.838843 0.564411 0.800802 0.871496 0.701553 0.109100 0.028898 0.754235 0.070168 0.351941 0.732899 0.363384 0.668921 0.189081 0.481629 0.246078 0.309817 0.011044 0.239135 0.992134 0.169010 0.562337 0.572786 0.127366 0.034481 0.508543 0.866901 0.407810 0.752951 0.267550 0.536999 0.557629 0.515744 0.923469 0.534737 0.360132 0.317283 0.694557 0.454425 0.079405 0.743927 0.605962 0.426786 0.589057 0.113304 0.542281 0.878322 0.543710 0.349347 0.058164 0.744236 0.569735 0.229193 0.711869 0.481015 0.372664 0.286809 0.791784 0.971131 0.870954 0.092880 0.441983 0.039226 0.721341 0.238955 0.133800 0.991266 0.261519 0.946520 0.545794 0.088801 0.468377 0.013614 0.162757 0.115592 0.653460 0.127155 0.377091 0.517849 0.378116 0.427673 0.329259
0.313179 0.314505 0.005699 0.608842 0.451842 0.856737 0.110511 0.494002 0.032624 0.917629 0.567885 0.391957 0.095460 0.518760 0.941187 0.240808 0.212007 0.838307 0.272993 0.175520 0.942511 0.334967 0.053770 0.296996 0.390751 0.391507 0.758453 0.672538 0.743790 0.544997 0.153897 0.776056 0.215869 0.761239 0.708793 0.199827 0.432286 0.329742 0.417772 0.658984 0.053879 0.107913 0.085282 0.109009 0.113372 0.066555 0.432374 0.923159 0.796894 0.694945 0.190369 0.313139 0.618159 0.163240 0.947697 0.334251 0.979803 0.150758 0.413300 0.988928 0.034725 0.518839 0.360311 0.964401 0.974641 0.571402 0.974405 0.352775 0.607916 0.243550 0.539383 0.156882 0.946731 0.537670 0.600627 0.824216 0.388370 0.654318 0.451844 0.678914 0.377625 0.904891 0.314989 0.689481 0.823271 0.704089 0.482963 0.838543 0.338513 0.315654 0.149235 0.572698 0.945737 0.383092 0.784530 0.872569 0.438811 0.165184 0.080319 0.794375 0.086326 0.885415 0.209365 0.573515 0.223865 0.243820 0.515611 0.679562 0.464076 0.690909 0.974129 0.878436 0.485475 0.814773 0.681245 0.910563 0.639244 0.008105 0.162629 0.156984 0.241428 0.533059 0.558047 0.919987 0.479210 0.531047 0.601981 0.713819 0.999128 0.026728 0.513794 0.812503 0.529240 0.554608 0.924531 0.696701 0.616793 0.891412 0.430550 0.930432 0.896255 0.101810 0.860709 0.031085 0.126163 0.090308 0.448088 0.424818 0.940922 0.997990 0.913258 0.647600 0.838605 0.893828 0.095579 0.905359 0.329505 0.222242 0.444590 0.804213 0.527790 0.590682 0.446334 0.104703 0.688843 0.609752 0.581610 0.482007 0.955646 0.490295 0.193106 0.357029 0.212154 0.671304 0.450611 0.074915 0.261304 0.899029 0.965984 0.428441 0.169239 0.465458 0.616984 0.429410 0.963063 0.683384 0.047790 0.038489 0.637959 0.765598 0.406141 0.003350 0.456071 0.347404 0.352730 0.830149 0.435858 0.439601 0.378362 0.108048 0.270956 0.384986 0.019417 0.474961 0.352011 0.624631 0.581537 0.575361 0.252901 0.858326 0.514998 0.357898 0.572897 0.994388 0.438836 0.741263 0.724628 0.498222 0.439183 0.627833 0.636046 0.023429 0.643825 0.238841 0.709351 0.427537 0.485707 0.909386 0.020058 0.473972 0.159384 0.820068 0.575616 0.018065 0.753223 0.557417 0.273551 0.994317 0.939265 0.693242 0.548394 0.621655 0.968303 0.892263 0.190237 0.666895 0.425405 0.905080 0.069728 0.108422 0.030277 0.020294 0.687060 0.514593 0.231494 0.347113 0.939514 0.944368 0.301177 0.296915 0.942600 0.625754 0.016410 0.009688 0.204427 0.149520 0.229836 0.706113 0.030064 0.341111 0.350814 0.544049 0.099226 0.616452 0.095416 0.269787 0.181233 0.524230 0.686452 0.498728 0.442400 0.994215 0.711926 0.314324 0.424409 0.805806 0.337404 0.707027 0.025469 0.360522 0.862341 0.128470 0.652690 0.095850 0.514129 0.762805 0.800346 0.272822 0.720484 0.240130
0.721996 0.481927 0.133388 0.111342 0.051904 0.488807 0.704653 0.836118 0.652040 0.625046 0.921773 0.129937 0.445177 0.422066 0.084818 0.589170 0.731592 0.619905 0.125971 0.917966 0.275347 0.846630 0.670351 0.276759 0.467279 0.482778 0.959257 0.740012 0.938744 0.630489 0.170961 0.217719 0.894559 0.911416 0.674239 0.598842 0.553461 0.611822 0.440608 0.994409 0.589194 0.043866 0.294757 0.765709 0.598275 0.716841 0.150891 0.501846 0.408631 0.048904 0.557117 0.010437 0.223785 0.197315 0.711729 0.656444 0.719774 0.146540 0.398002 0.392384 0.590878 0.475396 0.519450 0.158988 0.990762 0.739054 0.809828 0.059005 0.517946 0.882316 0.331520 0.500813 0.633020 0.710242 0.044155 0.144914 0.029473 0.870806 0.575579 0.139817 0.511962 0.518777 0.544492 0.367705 0.957691 0.323406 0.888530 0.063248 0.293340 0.087141 0.144423 0.944305 0.959950 0.995048 0.720097 0.472407 0.869068 0.432316 0.439796 0.056664 0.377956 0.936257 0.238629 0.915055 0.054393 0.605456 0.351872 0.058419 0.355098 0.881668 0.850811 0.763954 0.562608 0.021210 0.387305 0.733258 0.830214 0.701525 0.985434 0.003254 0.644509 0.826654 0.747510 0.232406 0.736762 0.417992 0.006511 0.360816 0.985628 0.722132 0.955383 0.599041 0.517637 0.316523 0.772214 0.490922 0.906745 0.923424 0.649837 0.492199 0.345832 0.637468 0.446846 0.664460 0.511129 0.215822 0.886392 0.102723 0.814192 0.770299 0.183456 0.154136 0.461316 0.745651 0.200485 0.551324 0.590489 0.342051 0.617655 0.979203 0.925722 0.889603 0.193121 0.895013 0.671463 0.526438 0.031803 0.025010 0.064734 0.274179 0.712614 0.947613 0.330469 0.132343 0.243757 0.885234 0.292692 0.418264 0.646586 0.127738 0.079626 0.458909 0.813313 0.304245 0.196770 0.655303 0.546588 0.338160 0.752649 0.217415 0.759248 0.457669 0.193602 0.386031 0.415983 0.274915 0.315442 0.733577 0.919331 0.371639 0.116030 0.742481 0.466681 0.190733 0.086395 0.658535 0.241974 0.325185 0.411332 0.551302 0.680597 0.802381 0.676652 0.569177 0.297207 0.865350 0.062877 0.528681 0.863056 0.282439 0.808618 0.832218 0.162440 0.457592 0.543013 0.634151 0.159181 0.606563 0.899882 0.191595 0.480489 0.467497 0.189518 0.834762 0.339398 0.508407 0.756968 0.027130 0.760663 0.495735 0.309731 0.726698 0.166698 0.544923 0.436290 0.599986 0.495400 0.743709 0.540308 0.434042 0.595805 0.377665 0.050757 0.558907 0.214214 0.177181 0.875931 0.460392 0.053441 0.420555 0.082315 0.359387 0.015485 0.205824 0.865160 0.490494 0.607383 0.330877 0.731147 0.498519 0.956719 0.802455 0.039980 0.636727 0.220171 0.239703 0.835823 0.749918 0.665211 0.766786 0.695448 0.357362 0.850229 0.357237 0.301173 0.607280 0.995358 0.081799 0.469074 0.502900 0.659022 0.119552 0.165341 0.511691 0.268837 0.800548 0.084762 0.608042 0.820305 0.099647
0.562847 0.801472 0.158023 0.783193 0.281005 0.717883 0.694219 0.798352 0.684451 0.716923 0.743741 0.283011 0.873592 0.079504 0.924170 0.114633 0.030239 0.608644 0.449306 0.327463 0.258194 0.013463 0.944123 0.852852 0.701973 0.540105 0.517002 0.128345 0.495756 0.167958 0.510005 0.358615 0.389071 0.725977 0.959769 0.764501 0.270916 0.864134 0.394178 0.927334 0.917244 0.890830 0.752792 0.363312 0.483526 0.008273 0.290732 0.777855 0.758445 0.422315 0.519917 0.524188 0.828505 0.582938 0.206777 0.280161 0.121082 0.894743 0.901805 0.582810 0.076327 0.282889 0.221165 0.865268 0.445301 0.743347 0.996730 0.085446 0.272821 0.568648 0.697666 0.640928 0.535196 0.561166 0.917180 0.227820 0.318871 0.475737 0.109411 0.702365 0.289014 0.484282 0.858358 0.132013 0.231579 0.942514 0.699375 0.721355 0.526772 0.290304 0.886522 0.936553 0.073558 0.174969 0.760562 0.418935 0.224207 0.670764 0.686192 0.464961 0.444620 0.359807 0.661467 0.783086 0.166671 0.239190 0.512389 0.247933 0.965072 0.896688 0.595832 0.858558 0.118971 0.023000 0.031414 0.080491 0.968836 0.155630 0.052508 0.755657 0.778993 0.976826 0.239693 0.625700 0.548267 0.686244 0.022392 0.085414 0.838754 0.556667 0.867149 0.137792 0.178428 0.370314 0.542755 0.988052 0.539176 0.679357 0.175267 0.351200 0.186122 0.102627 0.644166 0.741502 0.273349 0.007024 0.503519 0.226030 0.513358 0.112151 0.719411 0.703263 0.996819 0.599630 0.819675 0.427415 0.345692 0.773952 0.910885 0.683538 0.255957 0.844463 0.841279 0.071582 0.373053 0.089820 0.400165 0.098432 0.180388 0.047663 0.213964 0.574475 0.262200 0.775238 0.892222 0.580230 0.924048 0.437113 0.269465 0.629140 0.325481 0.842971 0.577381 0.427923 0.897787 0.009022 0.361568 0.129971 0.044143 0.623630 0.278346 0.880143 0.997071 0.550918 0.061558 0.592828 0.490945 0.673429 0.433719 0.361645 0.392389 0.615861 0.082409 0.016751 0.340233 0.703578 0.600123 0.271886 0.213739 0.397257 0.683417 0.198230 0.633399 0.890152 0.977669 0.867805 0.963746 0.303564 0.836436 0.275178 0.557476 0.910417 0.002984 0.061598 0.202241 0.144292 0.898580 0.674992 0.676444 0.029538 0.691085 0.478015 0.401502 0.444157 0.419006 0.941048 0.290740 0.161904 0.422556 0.689960 0.521514 0.920012 0.020922 0.889374 0.737263 0.201150 0.473583 0.512305 0.973915 0.289061 0.974774 0.250312 0.245601 0.169865 0.430789 0.739401 0.924726 0.382477 0.501735 0.156189 0.468869 0.307902 0.373951 0.545463 0.931527 0.661215 0.506029 0.442856 0.256613 0.606876 0.076886 0.982436 0.510653 0.417003 0.138712 0.955531 0.159069 0.853276 0.942194 0.326189 0.557579 0.361683 0.781432 0.042018 0.325655 0.116342 0.701647 0.448149 0.090383 0.810109 0.598516 0.831821 0.371251 0.375766 0.206481 0.363792 0.337813 0.236049 0.035653 0.197459
0.458348 0.579760 0.624197 0.979718 0.633521 0.097635 0.882023 0.465225 0.916955 0.860256 0.953581 0.107945 0.419856 0.665932 0.637771 0.962443 0.839043 0.937750 0.865943 0.169468 0.710870 0.943085 0.264897 0.768070 0.144495 0.593012 0.237579 0.698598 0.231618 0.970241 0.214062 0.410892 0.332315 0.955486 0.697037 0.458779 0.268383 0.082797 0.894895 0.756785 0.554603 0.514881 0.865633 0.819762 0.962739 0.752858 0.858068 0.968982 0.313315 0.778736 0.815898 0.160279 0.931885 0.589091 0.993944 0.645739 0.865039 0.256633 0.071356 0.072641 0.285281 0.874246 0.682278 0.746275 0.254277 0.413342 0.855659 0.818140 0.427733 0.828399 0.728790 0.386863 0.915303 0.416992 0.088460 0.340312 0.215274 0.170277 0.916525 0.453777 0.106232 0.402429 0.302193 0.086174 0.270426 0.479034 0.573503 0.453995 0.999407 0.328901 0.252759 0.887677 0.939545 0.606083 0.896022 0.924307 0.358017 0.896086 0.380882 0.463644 0.442838 0.447979 0.277642 0.588685 0.651810 0.151272 0.978373 0.201257 0.282226 0.085905 0.519894 0.127842 0.970686 0.841026 0.390508 0.070956 0.438966 0.060642 0.839904 0.017920 0.661419 0.242009 0.227380 0.658086 0.164471 0.955295 0.042592 0.412220 0.558125 0.561699 0.533575 0.786289 0.510814 0.879388 0.565235 0.885249 0.520839 0.342058 0.888712 0.258502 0.532248 0.190486 0.972168 0.280279 0.789990 0.231658 0.472155 0.137018 0.906026 0.248813 0.400699 0.191339 0.584162 0.640891 0.958403 0.922444 0.338535 0.466505 0.819741 0.291562 0.866625 0.101957 0.414180 0.531148 0.744791 0.590384 0.071595 0.635325 0.135919 0.614241 0.336054 0.568426 0.406399 0.153744 0.033703 0.577611 0.198724 0.751015 0.977157 0.268782 0.619081 0.715728 0.139310 0.461356 0.376774 0.359364 0.193505 0.319826 0.265164 0.248352 0.218515 0.659971 0.140533 0.216066 0.848068 0.655260 0.871237 0.470898 0.617970 0.654703 0.612092 0.182346 0.025567 0.658981 0.763138 0.977275 0.971446 0.887618 0.077950 0.819771 0.117718 0.946256 0.226946 0.513098 0.077878 0.693650 0.233370 0.340177 0.875359 0.318725 0.521686 0.345695 0.009598 0.796128 0.961480 0.250104 0.431810 0.252692 0.256753 0.272073 0.909887 0.094959 0.663417 0.003389 0.324198 0.040735 0.089936 0.494222 0.060596 0.695324 0.074291 0.541267 0.801732 0.726551 0.666170 0.299086 0.088522 0.285875 0.913130 0.803160 0.145580 0.642184 0.886142 0.087872 0.845495 0.663940 0.861410 0.123904 0.143070 0.632303 0.938371 0.597682 0.105249 0.795076 0.667892 0.312520 0.793033 0.139602 0.538517 0.311650 0.995404 0.798846 0.211021 0.413205 0.831719 0.886598 0.885246 0.861718 0.834618 0.437900 0.411305 0.052139 0.150734 0.964596 0.965190 0.076715 0.733747 0.654141 0.858395 0.577450 0.561595 0.525432 0.234114 0.331547 0.509232 0.885899 0.351329 0.774676 0.286647 0.612791
0.057211 0.820190 0.892511 0.286928 0.110607 0.509167 0.851436 0.227004 0.434391 0.573590 0.149429 0.892743 0.482082 0.831252 0.959413 0.852166 0.867809 0.972259 0.654753 0.985263 0.581879 0.550076 0.228379 0.798031 0.017810 0.436110 0.720219 0.739293 0.183762 0.672278 0.553828 0.441457 0.478360 0.784326 0.317097 0.383501 0.693227 0.360602 0.008778 0.626657 0.185498 0.595525 0.076375 0.116951 0.884671 0.225687 0.108153 0.154717 0.220208 0.184889 0.244217 0.035197 0.552348 0.646733 0.691789 0.009932 0.686519 0.099663 0.170580 0.914372 0.544044 0.890232 0.711072 0.521669 0.093319 0.295672 0.179985 0.765181 0.160903 0.395828 0.374796 0.648660 0.716910 0.450744 0.830427 0.156350 0.852345 0.654408 0.385207 0.690613 0.482269 0.078673 0.092269 0.427108 0.476437 0.477508 0.864349 0.518340 0.016523 0.385449 0.010583 0.241836 0.951875 0.680515 0.441890 0.503481 0.071854 0.289268 0.340646 0.099630 0.680483 0.245245 0.151050 0.739346 0.366756 0.185158 0.041204 0.943328 0.740037 0.474351 0.157511 0.912156 0.775417 0.711253 0.885123 0.622850 0.266954 0.922046 0.585224 0.032061 0.628607 0.944183 0.455085 0.943014 0.202060 0.164224 0.218920 0.488478 0.475496 0.106407 0.424472 0.249966 0.560978 0.644222 0.861018 0.839689 0.590591 0.945130 0.010181 0.536254 0.747927 0.280381 0.881110 0.024506 0.907984 0.440065 0.346123 0.836588 0.833273 0.479496 0.643358 0.611273 0.057896 0.544948 0.900456 0.250588 0.805002 0.393472 0.305564 0.623492 0.597509 0.089426 0.810563 0.121298 0.071739 0.371402 0.649360 0.896622 0.691050 0.219999 0.436602 0.493367 0.662409 0.791045 0.401552 0.461981 0.289311 0.838097 0.661289 0.512049 0.955560 0.546518 0.490864 0.008685 0.280901 0.398496 0.022365 0.892996 0.428436 0.477693 0.032269 0.861847 0.388728 0.539949 0.065870 0.430024 0.357536 0.352147 0.132105 0.812180 0.334540 0.987152 0.413943 0.254757 0.199731 0.350996 0.891670 0.393185 0.319065 0.541999 0.411831 0.773724 0.879927 0.051671 0.296813 0.880841 0.363504 0.379312 0.299758 0.835074 0.268514 0.852490 0.783665 0.572638 0.565238 0.707279 0.765753 0.136622 0.710958 0.362862 0.020058 0.113432 0.469644 0.840328 0.941178 0.065428 0.622383 0.075010 0.500495 0.446506 0.193525 0.161173 0.559225 0.385527 0.290342 0.441824 0.006386 0.530324 0.599801 0.899292 0.729481 0.029148 0.142957 0.982315 0.706655 0.049681 0.555370 0.941052 0.494702 0.259914 0.520155 0.683178 0.859583 0.965178 0.114446 0.077027 0.410308 0.229173 0.108926 0.266918 0.569388 0.373518 0.355612 0.286026 0.865340 0.443775 0.352151 0.871872 0.695973 0.939686 0.889813 0.472352 0.963774 0.844910 0.937140 0.200476 0.432517 0.384346 0.714255 0.186312 0.522792 0.373905 0.776388 0.791977 0.996232 0.991151 0.131035 0.616424 0.145771 0.578946
0.340355 0.508491 0.997612 0.544869 0.136440 0.811686 0.276013 0.041861 0.344617 0.571321 0.248765 0.369937 0.414336 0.915176 0.146436 0.343592 0.807273 0.779409 0.560647 0.558853 0.844259 0.741767 0.679752 0.491264 0.064426 0.305290 0.545704 0.495757 0.406420 0.558694 0.538056 0.426087 0.593198 0.404479 0.625782 0.842177 0.881916 0.210376 0.299764 0.898996 0.988708 0.238931 0.800846 0.864042 0.889209 0.447681 0.926575 0.805204 0.030181 0.538659 0.214636 0.139376 0.709557 0.571934 0.062593 0.555127 0.866344 0.913911 0.755208 0.927076 0.654861 0.856427 0.451093 0.614353 0.594755 0.750326 0.857572 0.807304 0.729271 0.814220 0.843806 0.530803 0.101009 0.258838 0.663193 0.697879 0.654616 0.472936 0.501327 0.162399 0.721223 0.453792 0.737714 0.342356 0.511013 0.040224 0.997296 0.849567 0.452126 0.219298 0.912608 0.116158 0.280339 0.686821 0.089264 0.596286 0.934197 0.917670 0.840620 0.843200 0.685511 0.698587 0.397744 0.514667 0.938426 0.336848 0.075676 0.979534 0.238740 0.453882 0.174597 0.242279 0.337066 0.205980 0.743533 0.173304 0.525336 0.181060 0.574765 0.571442 0.733106 0.051644 0.085356 0.374509 0.114550 0.261552 0.163700 0.239396 0.533833 0.760063 0.362589 0.465996 0.748959 0.826717 0.740923 0.587359 0.663166 0.646552 0.927769 0.358107 0.527861 0.832629 0.389473 0.071933 0.720183 0.377713 0.423867 0.323428 0.051828 0.841002 0.662928 0.850235 0.396300 0.038552 0.513623 0.793448 0.496025 0.355752 0.075200 0.390804 0.932353 0.575884 0.045954 0.354748 0.038062 0.129757 0.008983 0.820348 0.689611 0.663502 0.449230 0.263089 0.509907 0.621675 0.202432 0.095380 0.388273 0.802867 0.881555 0.727611 0.659832 0.573913 0.588134 0.234108 0.431401 0.021708 0.586084 0.563451 0.608107 0.592132 0.987168 0.353512 0.185142 0.670939 0.880827 0.441414 0.827335 0.606892 0.672323 0.847453 0.023568 0.469519 0.804775 0.056649 0.809317 0.837775 0.524216 0.633706 0.593177 0.330714 0.464709 0.771863 0.600505 0.314272 0.084279 0.515693 0.140136 0.685082 0.982933 0.374351 0.104579 0.510655 0.668651 0.830260 0.820865 0.651776 0.930968 0.721051 0.655210 0.828293 0.714614 0.824729 0.307778 0.802185 0.301305 0.557273 0.323413 0.657449 0.789643 0.425300 0.666647 0.614255 0.277821 0.671912 0.538003 0.154594 0.798767 0.954162 0.544941 0.814643 0.896885 0.917583 0.105025 0.234073 0.730584 0.726828 0.305904 0.980300 0.202819 0.345317 0.181875 0.027180 0.352004 0.969560 0.660673 0.168413 0.561566 0.395345 0.680860 0.671011 0.252604 0.692223 0.093512 0.266523 0.655930 0.383487 0.097879 0.211756 0.422907 0.280830 0.790798 0.212850 0.402224 0.119954 0.774020 0.256634 0.491542 0.846364 0.880506 0.439920 0.511876 0.962354 0.221381 0.989730 0.409757 0.704352 0.769158 0.703958 0.364266 0.128285
0.164407 0.857049 0.539565 0.684959 0.307993 0.467367 0.644396 0.946906 0.241651 0.121201 0.016934 0.892997 0.946629 0.031842 0.876164 0.961057 0.212290 0.545131 0.693817 0.827740 0.712068 0.624129 0.743242 0.676975 0.614317 0.180055 0.357137 0.445453 0.268345 0.661804 0.044014 0.469641 0.988445 0.834571 0.692388 0.926412 0.820787 0.369151 0.586286 0.860293 0.470645 0.440250 0.682185 0.389931 0.260423 0.312168 0.288839 0.885506 0.254805 0.261392 0.097742 0.427401 0.755019 0.419624 0.825706 0.077183 0.184730 0.988075 0.750321 0.294469 0.291364 0.123585 0.879624 0.373988 0.309830 0.000762 0.948121 0.483470 0.594422 0.827892 0.952460 0.445144 0.185397 0.408019 0.957266 0.055325 0.634094 0.853625 0.482127 0.855388 0.591407 0.613565 0.953430 0.946413 0.878227 0.868871 0.500722 0.796441 0.348493 0.976338 0.109332 0.266477 0.714398 0.955645 0.712265 0.127777 0.488897 0.931470 0.759338 0.296248 0.815144 0.967019 0.810523 0.038584 0.849278 0.973895 0.134417 0.447000 0.785287 0.867043 0.377203 0.963609 0.785873 0.937632 0.731758 0.384784 0.659617 0.058712 0.546854 0.869812 0.145807 0.332890 0.512868 0.648708 0.694180 0.014583 0.448103 0.475967 0.396855 0.765438 0.495562 0.916931 0.192991 0.023457 0.330249 0.610883 0.814703 0.480734 0.377356 0.338469 0.998469 0.180756 0.237653 0.582151 0.863632 0.874904 0.137056 0.031692 0.275583 0.415383 0.091609 0.368322 0.879643 0.967250 0.664245 0.400852 0.714332 0.563896 0.203620 0.018458 0.066711 0.387528 0.156843 0.915234 0.076525 0.998293 0.128791 0.742023 0.183227 0.727777 0.095893 0.651498 0.475467 0.281842 0.215978 0.783261 0.526966 0.171743 0.689755 0.646458 0.501090 0.709721 0.328309 0.025344 0.404305 0.216891 0.756826 0.682168 0.538624 0.875836 0.575463 0.228005 0.698591 0.757890 0.908599 0.396054 0.715660 0.221914 0.537396 0.176995 0.320102 0.383770 0.307516 0.588917 0.918468 0.080246 0.434074 0.841330 0.585080 0.082419 0.421041 0.937759 0.377954 0.992129 0.276758 0.031369 0.860542 0.010865 0.936903 0.879660 0.930060 0.624287 0.900698 0.470038 0.891201 0.773018 0.974851 0.432365 0.900287 0.679971 0.576547 0.444376 0.170255 0.655018 0.551156 0.540658 0.526751 0.745751 0.041316 0.496823 0.590001 0.182512 0.712609 0.712389 0.010589 0.583747 0.925595 0.365223 0.043355 0.810617 0.549182 0.349044 0.461512 0.312891 0.127190 0.483197 0.040601 0.802603 0.846109 0.548366 0.607800 0.143126 0.887929 0.865111 0.599609 0.074026 0.516431 0.718445 0.218498 0.150697 0.166177 0.695833 0.766620 0.398915 0.065731 0.782046 0.474239 0.788547 0.589121 0.653512 0.623045 0.949682 0.461501 0.469277 0.720785 0.696261 0.775612 0.095697 0.005360 0.609911 0.546074 0.416286 0.989406 0.550874 0.152828 0.458385 0.197254 0.344875 0.267151 0.165326
0.285628 0.992828 0.101022 0.992124 0.965388 0.844230 0.957111 0.332029 0.696218 0.565647 0.682187 0.712978 0.467951 0.937609 0.699518 0.235631 0.970659 0.303336 0.194912 0.287675 0.817593 0.331636 0.089631 0.746803 0.906655 0.970333 0.760841 0.201474 0.234331 0.626061 0.616391 0.824546 0.978026 0.462332 0.749908 0.859771 0.540740 0.054680 0.696394 0.195233 0.131952 0.559563 0.498930 0.402037 0.435044 0.281237 0.542849 0.243829 0.539192 0.707253 0.671761 0.471469 0.757090 0.412261 0.020355 0.920484 0.233379 0.067813 0.903839 0.721252 0.197999 0.175139 0.314668 0.621568 0.458456 0.416530 0.971586 0.682163 0.384320 0.531168 0.018750 0.884514 0.369014 0.400618 0.139521 0.325172 0.844127 0.499267 0.265556 0.619658 0.922694 0.288144 0.284462 0.491595 0.629726 0.332010 0.835881 0.622699 0.719409 0.364263 0.666742 0.414389 0.077149 0.421007 0.270732 0.658862 0.021290 0.449379 0.970852 0.153676 0.639762 0.371371 0.358183 0.776185 0.457009 0.823939 0.875433 0.130881 0.042124 0.802351 0.288279 0.972298 0.310151 0.345151 0.102684 0.186616 0.088129 0.154614 0.305597 0.719973 0.207781 0.693585 0.564145 0.267642 0.799594 0.644816 0.569584 0.110143 0.433193 0.566017 0.281049 0.017740 0.726659 0.964323 0.622604 0.832568 0.465476 0.560988 0.275024 0.304983 0.504361 0.644038 0.390561 0.407492 0.096615 0.962078 0.586321 0.571296 0.236240 0.576190 0.959862 0.248334 0.022130 0.265543 0.427546 0.682089 0.129991 0.432581 0.637861 0.458887 0.796987 0.242698 0.069738 0.230114 0.112853 0.486503 0.860100 0.188275 0.236392 0.562061 0.593231 0.684742 0.351191 0.077077 0.798664 0.346870 0.594805 0.868963 0.017700 0.768330 0.064248 0.166426 0.656774 0.399589 0.491560 0.644577 0.281101 0.933839 0.712782 0.888746 0.658122 0.344457 0.142790 0.254003 0.098879 0.202823 0.243676 0.476420 0.908450 0.235590 0.874554 0.436779 0.098190 0.854251 0.544264 0.649324 0.622192 0.605668 0.431275 0.893252 0.464711 0.552920 0.759714 0.348644 0.536905 0.937300 0.453269 0.591379 0.023277 0.019891 0.765011 0.151937 0.427902 0.657315 0.673258 0.176251 0.791989 0.369555 0.272894 0.840426 0.755744 0.585144 0.233817 0.173431 0.038207 0.245712 0.583186 0.768979 0.584139 0.916572 0.312884 0.624837 0.705112 0.622407 0.478686 0.698133 0.305419 0.172625 0.304916 0.107847 0.806072 0.981177 0.675423 0.752774 0.998282 0.281672 0.791371 0.800026 0.507273 0.857344 0.446348 0.441961 0.013508 0.041283 0.240554 0.681484 0.776973 0.044428 0.606495 0.728891 0.537682 0.278473 0.576643 0.590194 0.150042 0.154120 0.445147 0.071123 0.053755 0.203047 0.500163 0.301240 0.643382 0.995145 0.339252 0.287863 0.886337 0.681455 0.659334 0.464484 0.264994 0.315533 0.348578 0.622482 0.714455 0.803160 0.889971 0.373083 0.001331 0.681999
0.913806 0.807455 0.870136 0.152411 0.612785 0.771710 0.359589 0.228978 0.576100 0.737042 0.410464 0.009902 0.432394 0.702881 0.617097 0.292733 0.974900 0.210648 0.371791 0.279464 0.076755 0.269238 0.532072 0.477823 0.311324 0.730075 0.248875 0.153403 0.794622 0.723788 0.657579 0.730251 0.079244 0.982658 0.616276 0.976849 0.617897 0.397688 0.934072 0.515190 0.789514 0.852021 0.103088 0.295465 0.121668 0.896942 0.839202 0.361501 0.888517 0.586037 0.035388 0.565447 0.939513 0.599124 0.610854 0.963952 0.307923 0.786891 0.783386 0.957891 0.357633 0.772294 0.213574 0.051883 0.588783 0.657775 0.130282 0.743219 0.639521 0.728034 0.545921 0.614673 0.416935 0.393835 0.852217 0.954722 0.582822 0.484046 0.276544 0.410217 0.408547 0.031630 0.878083 0.838905 0.242155 0.549531 0.668046 0.167113 0.668558 0.839069 0.185528 0.188368 0.603572 0.400446 0.931451 0.879071 0.460677 0.446517 0.978097 0.880602 0.050919 0.865351 0.009138 0.831476 0.415447 0.330887 0.638776 0.940074 0.952788 0.778627 0.209172 0.237176 0.447225 0.043047 0.523082 0.415420 0.296906 0.129771 0.510441 0.399883 0.061561 0.721002 0.635828 0.952953 0.852211 0.673697 0.502337 0.668610 0.028297 0.143275 0.696091 0.384831 0.208475 0.676245 0.273623 0.587880 0.700551 0.814697 0.870101 0.624801 0.298409 0.882986 0.491001 0.916087 0.242967 0.716630 0.451843 0.047651 0.653978 0.428111 0.453794 0.077459 0.476397 0.780538 0.755210 0.469591 0.706275 0.917538 0.570969 0.830316 0.382856 0.982403 0.584356 0.856488 0.956121 0.635506 0.688462 0.672495 0.664541 0.709769 0.945903 0.588641 0.083138 0.692764 0.565148 0.913906 0.035711 0.644931 0.596483 0.099433 0.301770 0.179170 0.839965 0.061856 0.718344 0.576817 0.123057 0.857897 0.934135 0.643775 0.666522 0.332460 0.662797 0.069959 0.286286 0.620965 0.917430 0.307033 0.267634 0.912110 0.016259 0.784746 0.923275 0.708971 0.884875 0.167669 0.915073 0.587694 0.040281 0.507178 0.321351 0.048458 0.407855 0.519677 0.993895 0.689025 0.349421 0.136720 0.899809 0.064223 0.687034 0.510371 0.503800 0.781923 0.858254 0.132755 0.140801 0.515221 0.567602 0.858204 0.602952 0.051741 0.783628 0.674171 0.695124 0.646705 0.038357 0.572882 0.221170 0.027373 0.559229 0.664652 0.574603 0.499591 0.246884 0.419860 0.445296 0.733080 0.679049 0.928792 0.730120 0.994233 0.693929 0.622980 0.799934 0.086019 0.829174 0.881503 0.500004 0.491044 0.069380 0.950106 0.157311 0.358937 0.366297 0.899237 0.939713 0.622950 0.356265 0.679065 0.618754 0.085437 0.723168 0.960441 0.894409 0.884459 0.555117 0.105766 0.171588 0.905355 0.186059 0.208830 0.793380 0.116686 0.798581 0.634021 0.197740 0.887182 0.351229 0.478026 0.261357 0.849455 0.901518 0.672842 0.908192 0.037751 0.229978 0.433147 0.061929 0.909198
0.417045 0.321745 0.534334 0.359029 0.724058 0.875818 0.616506 0.725764 0.385661 0.287407 0.688059 0.696778 0.253882 0.390908 0.972480 0.223045 0.366555 0.287120 0.611751 0.513335 0.799574 0.296777 0.507740 0.895526 0.615759 0.589606 0.450191 0.791428 0.906807 0.248865 0.922452 0.327612 0.001291 0.813247 0.780049 0.400210 0.816049 0.846827 0.031126 0.335091 0.325573 0.533699 0.835592 0.080424 0.256297 0.478820 0.260001 0.001111 0.474191 0.977344 0.726811 0.375050 0.335928 0.954492 0.024688 0.639321 0.344393 0.511764 0.100353 0.600183 0.215972 0.430691 0.158971 0.321359 0.440066 0.490784 0.030756 0.627085 0.049603 0.747347 0.679079 0.709524 0.499814 0.385162 0.808177 0.461979 0.192212 0.141651 0.209188 0.381307 0.445278 0.155823 0.284836 0.059319 0.239146 0.230235 0.042411 0.833343 0.799892 0.645072 0.955629 0.473157 0.661296 0.704859 0.944829 0.096080 0.317931 0.853754 0.184597 0.943974 0.242167 0.013827 0.306589 0.378172 0.597841 0.313578 0.077037 0.552533 0.103275 0.962404 0.585452 0.979067 0.186808 0.105718 0.574542 0.882277 0.293477 0.535177 0.359369 0.148326 0.505235 0.884431 0.225818 0.427396 0.551130 0.175560 0.405246 0.602075 0.252788 0.484996 0.412013 0.399089 0.316880 0.763432 0.036610 0.984069 0.788240 0.795750 0.209114 0.522441 0.990306 0.412611 0.830325 0.225647 0.557324 0.699211 0.325962 0.324036 0.576112 0.416049 0.521296 0.294971 0.528699 0.926689 0.667276 0.602745 0.229695 0.185984 0.346055 0.272358 0.135351 0.041714 0.597472 0.800258 0.021255 0.418464 0.021361 0.528148 0.486296 0.416193 0.512083 0.910864 0.708032 0.793334 0.570401 0.547290 0.265405 0.515757 0.882828 0.999585 0.974849 0.344703 0.918076 0.134857 0.117829 0.622912 0.718152 0.878921 0.722636 0.388452 0.391773 0.941414 0.244710 0.767870 0.665202 0.127623 0.552127 0.945305 0.164073 0.659269 0.577892 0.604026 0.033154 0.898495 0.185183 0.869604 0.871731 0.170383 0.785583 0.291359 0.559800 0.461595 0.027221 0.158656 0.498210 0.519683 0.657539 0.529793 0.412733 0.187838 0.196128 0.011985 0.658548 0.884439 0.376488 0.665399 0.929389 0.127270 0.410529 0.067861 0.061196 0.586396 0.772999 0.362436 0.467571 0.923920 0.307513 0.655305 0.096204 0.467033 0.332767 0.009843 0.375112 0.073814 0.916292 0.218896 0.639081 0.020502 0.846256 0.453444 0.317086 0.757670 0.305237 0.708402 0.724025 0.368038 0.611510 0.915084 0.537086 0.113826 0.413112 0.063422 0.549267 0.483775 0.644907 0.001118 0.842369 0.223056 0.459615 0.419694 0.070411 0.033391 0.862071 0.251119 0.700629 0.546639 0.455267 0.467184 0.620504 0.967194 0.500742 0.119294 0.929954 0.259451 0.728522 0.808420 0.560114 0.354047 0.209579 0.823839 0.657003 0.859360 0.087584 0.494141 0.280900 0.066909 0.417455 0.968519 0.592651 0.272367
0.087804 0.138088 0.401179 0.500269 0.975072 0.159765 0.329306 0.376304 0.515258 0.708681 0.660526 0.494659 0.159260 0.003538 0.973374 0.994636 0.720017 0.433667 0.813809 0.881582 0.321553 0.046329 0.340750 0.134208 0.258650 0.726576 0.671120 0.369962 0.485199 0.816082 0.228202 0.244273 0.060178 0.769600 0.188992 0.700055 0.731197 0.712919 0.672607 0.203575 0.318250 0.623661 0.925916 0.498590 0.759071 0.813619 0.148584 0.560577 0.414156 0.051592 0.756010 0.688522 0.673399 0.617479 0.681022 0.720853 0.102009 0.971548 0.332830 0.220730 0.070465 0.846213 0.441207 0.136193 0.387241 0.098927 0.611009 0.344450 0.432027 0.092246 0.225189 0.343312 0.084435 0.828447 0.437108 0.402524 0.642957 0.735106 0.051616 0.502866 0.454689 0.766793 0.453832 0.956480 0.748350 0.444610 0.974164 0.821039 0.980436 0.615470 0.872720 0.923644 0.719029 0.926969 0.676371 0.485008 0.699938 0.128281 0.216543 0.778464 0.876949 0.102323 0.114804 0.974564 0.272073 0.239901 0.652594 0.294349 0.016818 0.703195 0.522324 0.010290 0.501629 0.573905 0.705968 0.581635 0.598123 0.488458 0.222391 0.677594 0.443066 0.750597 0.843070 0.119600 0.523744 0.041203 0.531325 0.320881 0.220335 0.993680 0.225690 0.506011 0.596124 0.643677 0.287209 0.747673 0.209477 0.121664 0.803899 0.519372 0.858610 0.862378 0.380702 0.857893 0.021864 0.711611 0.290379 0.092112 0.978497 0.751142 0.803250 0.991651 0.477659 0.516239 0.387918 0.881782 0.349028 0.031315 0.897759 0.286152 0.008664 0.157741 0.162769 0.098053 0.950612 0.309987 0.096212 0.389282 0.053282 0.282916 0.377477 0.244873 0.308849 0.716899 0.718242 0.111122 0.504361 0.890315 0.657123 0.533191 0.881884 0.789473 0.465390 0.053176 0.128509 0.339910 0.897440 0.367950 0.154882 0.941717 0.775737 0.769166 0.433205 0.098671 0.109293 0.543737 0.102080 0.784458 0.265243 0.841003 0.667189 0.568626 0.521234 0.139746 0.614018 0.330273 0.606998 0.449807 0.018960 0.477328 0.600035 0.546692 0.236507 0.195965 0.200550 0.524221 0.755511 0.905457 0.639265 0.587368 0.734448 0.251570 0.878179 0.017208 0.538140 0.797200 0.165524 0.845702 0.880593 0.656706 0.899812 0.362692 0.641892 0.264769 0.487408 0.107649 0.098114 0.851721 0.285997 0.083748 0.221276 0.774455 0.398800 0.851182 0.224810 0.663320 0.146214 0.999123 0.250403 0.072866 0.349698 0.975166 0.746661 0.064227 0.740503 0.044909 0.356451 0.817438 0.865503 0.295921 0.557069 0.160845 0.391538 0.496303 0.641095 0.044579 0.506429 0.935919 0.882873 0.989631 0.723101 0.311933 0.041068 0.247662 0.172234 0.428703 0.637365 0.756447 0.272060 0.937044 0.685200 0.483841 0.689667 0.180020 0.742413 0.819841 0.680907 0.099581 0.863192 0.629576 0.260680 0.390796 0.226694 0.945601 0.743253 0.046417 0.542321 0.862652 0.080405 0.762668
0.633669 0.542804 0.407750 0.508441 0.933888 0.123033 0.426817 0.653344 0.226119 0.136624 0.495917 0.297730 0.371900 0.815870 0.605467 0.799037 0.534668 0.264739 0.265137 0.372212 0.349096 0.065420 0.986691 0.447645 0.233950 0.234247 0.478935 0.900052 0.818627 0.305830 0.728518 0.121627 0.225674 0.432380 0.035875 0.951226 0.034234 0.853318 0.254290 0.746359 0.088500 0.300863 0.108800 0.460484 0.659345 0.669978 0.487383 0.448869 0.201282 0.301257 0.893203 0.736129 0.948475 0.555107 0.067600 0.962873 0.763023 0.064435 0.428857 0.753531 0.009886 0.386686 0.668081 0.166457 0.450487 0.977571 0.114899 0.735520 0.215513 0.042102 0.307896 0.674101 0.305382 0.618822 0.495409 0.209213 0.108110 0.497774 0.647441 0.969874 0.125090 0.993577 0.919011 0.454425 0.193492 0.571900 0.621706 0.105847 0.936323 0.093248 0.093250 0.076475 0.917598 0.058103 0.866304 0.614030 0.336482 0.198409 0.900888 0.255365 0.552367 0.338387 0.462249 0.651039 0.807804 0.113083 0.663033 0.468951 0.341253 0.304518 0.086533 0.001149 0.289101 0.035535 0.277779 0.245830 0.587157 0.688635 0.698909 0.135127 0.849734 0.853114 0.442249 0.753920 0.243578 0.561855 0.230700 0.110403 0.305216 0.287388 0.256057 0.214889 0.119691 0.395813 0.987387 0.181057 0.965901 0.864055 0.871663 0.297562 0.803169 0.468169 0.979342 0.175629 0.867367 0.779135 0.343411 0.819205 0.808731 0.621042 0.894649 0.606054 0.332818 0.722254 0.205874 0.776070 0.890302 0.243328 0.297884 0.983438 0.845684 0.061991 0.632672 0.453372 0.118091 0.110765 0.158030 0.594888 0.351742 0.147406 0.270823 0.688927 0.858643 0.587579 0.400805 0.852167 0.757215 0.361240 0.633249 0.144208 0.459661 0.256858 0.423656 0.813220 0.285007 0.136289 0.587833 0.336953 0.697965 0.000976 0.752418 0.882927 0.997528 0.120851 0.011000 0.641911 0.509988 0.025078 0.067616 0.377832 0.281982 0.992683 0.588725 0.360012 0.160042 0.982003 0.482815 0.601075 0.144166 0.777102 0.079990 0.101862 0.209939 0.700877 0.479558 0.573040 0.180095 0.324250 0.432291 0.128744 0.257962 0.171860 0.713996 0.705317 0.208682 0.136175 0.893167 0.574745 0.013291 0.149249 0.407361 0.925670 0.787092 0.349764 0.910226 0.506816 0.115055 0.961802 0.389316 0.546498 0.956517 0.766493 0.926109 0.383148 0.091063 0.203512 0.735685 0.945161 0.075867 0.689392 0.343013 0.382942 0.082625 0.508481 0.951413 0.950097 0.329997 0.773972 0.967940 0.296575 0.382307 0.314786 0.438957 0.396943 0.984224 0.990003 0.694536 0.533391 0.503133 0.898435 0.041785 0.106552 0.533993 0.064400 0.260466 0.677106 0.762039 0.701505 0.591416 0.692416 0.578990 0.690038 0.980098 0.008342 0.705424 0.662786 0.211729 0.759034 0.069162 0.183250 0.918625 0.606222 0.339430 0.519000 0.574506 0.149620 0.898201 0.017979 0.707066 0.361678
0.362741 0.471545 0.913269 0.403151 0.144292 0.609310 0.722735 0.725705 0.650058 0.309739 0.710933 0.754752 0.698826 0.718428 0.887317 0.872910 0.951678 0.260242 0.932718 0.755514 0.113784 0.119660 0.838573 0.609678 0.857597 0.760089 0.532842 0.005040 0.412732 0.140623 0.201454 0.365904 0.493245 0.722749 0.724064 0.955148 0.464454 0.631205 0.996185 0.456648 0.831482 0.618237 0.476988 0.205628 0.137838 0.950927 0.471649 0.426006 0.234184 0.733813 0.722974 0.797938 0.831665 0.315517 0.208644 0.843052 0.469618 0.747722 0.340096 0.724095 0.323390 0.784063 0.770418 0.960508 0.025548 0.832652 0.972557 0.943092 0.250972 0.065878 0.582238 0.082071 0.968033 0.327171 0.597426 0.048606 0.062010 0.373662 0.185339 0.417021 0.111575 0.621103 0.578903 0.222098 0.758707 0.722544 0.303666 0.317771 0.239682 0.482550 0.933825 0.883595 0.339506 0.053902 0.383135 0.868670 0.439876 0.502153 0.039887 0.138054 0.650721 0.481951 0.386626 0.216962 0.772074 0.560892 0.627438 0.934282 0.291062 0.935730 0.628015 0.788734 0.969130 0.798398 0.520273 0.819604 0.039311 0.825745 0.910296 0.864766 0.798843 0.127494 0.914625 0.304720 0.449258 0.169432 0.272115 0.882629 0.458149 0.978274 0.587814 0.094071 0.283085 0.310523 0.278144 0.644155 0.666727 0.041472 0.314085 0.846764 0.841108 0.244452 0.413978 0.681766 0.463028 0.131807 0.832866 0.626964 0.256101 0.393279 0.055623 0.462297 0.038897 0.237875 0.224528 0.979271 0.868139 0.016075 0.088357 0.243373 0.724133 0.538179 0.547597 0.803588 0.288150 0.420517 0.743895 0.307630 0.122481 0.965006 0.014101 0.177369 0.921970 0.737686 0.033074 0.922498 0.258247 0.882258 0.954004 0.698459 0.066540 0.832000 0.584396 0.460892 0.740771 0.138635 0.973808 0.584188 0.724705 0.700672 0.389780 0.440110 0.857405 0.464721 0.627177 0.848498 0.555056 0.083360 0.930722 0.182965 0.992544 0.404243 0.624284 0.480279 0.284875 0.344834 0.475482 0.168399 0.216048 0.887242 0.173825 0.022698 0.370899 0.825019 0.052753 0.282572 0.672502 0.083749 0.419761 0.841422 0.206453 0.589782 0.759490 0.707229 0.727771 0.326280 0.640386 0.842032 0.270086 0.990884 0.467397 0.091070 0.713306 0.677267 0.498674 0.694151 0.405013 0.411889 0.394788 0.365671 0.799549 0.021403 0.014656 0.936523 0.510170 0.988754 0.356255 0.912825 0.970446 0.120838 0.656006 0.868425 0.566430 0.653459 0.426206 0.285062 0.377905 0.756036 0.467138 0.645336 0.226126 0.050668 0.679083 0.925826 0.856576 0.375026 0.014279 0.900547 0.355376 0.550343 0.656361 0.613193 0.999279 0.969692 0.619499 0.119201 0.395722 0.385694 0.080350 0.755898 0.979826 0.080762 0.456979 0.998353 0.658538 0.683419 0.510734 0.146866 0.026982 0.297026 0.713198 0.630255 0.455369 0.595751 0.829644 0.544962 0.055512 0.468029 0.219894 0.991035
0.103500 0.084713 0.897454 0.195778 0.135492 0.506135 0.266124 0.768928 0.315863 0.504925 0.616605 0.650243 0.442316 0.144588 0.385409 0.240387 0.964916 0.068412 0.405545 0.384520 0.579969 0.525648 0.861483 0.571355 0.620455 0.585280 0.948157 0.680544 0.022706 0.564575 0.104720 0.059303 0.936642 0.952878 0.813721 0.948083 0.000788 0.407541 0.743657 0.203685 0.926882 0.282771 0.376265 0.186874 0.125670 0.078709 0.216496 0.971679 0.171427 0.265336 0.613763 0.868006 0.243127 0.242238 0.937852 0.831517 0.437975 0.710901 0.659226 0.191916 0.040518 0.939210 0.774797 0.214800 0.051627 0.728858 0.064514 0.728907 0.449063 0.220709 0.033624 0.665058 0.965671 0.236301 0.119223 0.567797 0.858160 0.688221 0.495570 0.788515 0.331447 0.461267 0.143287 0.583610 0.998462 0.169697 0.582210 0.334063 0.692594 0.669439 0.891071 0.604400 0.178751 0.500483 0.434885 0.783514 0.715442 0.288882 0.806461 0.702129 0.706343 0.706460 0.611777 0.566558 0.168314 0.155807 0.951923 0.331860 0.220377 0.937136 0.839783 0.229419 0.776641 0.641597 0.007439 0.325926 0.864466 0.553006 0.655288 0.718440 0.308362 0.532441 0.181049 0.805115 0.123253 0.996069 0.672962 0.739515 0.847379 0.583972 0.422090 0.608542 0.600812 0.264762 0.211960 0.598422 0.325689 0.843465 0.488449 0.436001 0.417462 0.913956 0.513165 0.254751 0.874035 0.287238 0.651411 0.937633 0.128886 0.064362 0.020653 0.116325 0.093476 0.845749 0.509049 0.816904 0.754601 0.175935 0.614124 0.959581 0.531898 0.567767 0.246225 0.320884 0.901810 0.337106 0.733006 0.475745 0.910737 0.564205 0.732041 0.746313 0.341932 0.777754 0.594748 0.904653 0.868151 0.321537 0.752940 0.517486 0.541649 0.939974 0.337668 0.875249 0.579708 0.229332 0.368428 0.785305 0.194497 0.817227 0.025240 0.521285 0.202988 0.195434 0.562014 0.121947 0.859554 0.559419 0.912999 0.351931 0.001511 0.941281 0.220132 0.183693 0.702407 0.319461 0.442451 0.186447 0.466216 0.340225 0.586173 0.591778 0.833126 0.953906 0.742442 0.680362 0.081019 0.797001 0.952149 0.418116 0.090096 0.196441 0.208104 0.499003 0.996550 0.317739 0.094677 0.126852 0.543185 0.774466 0.636196 0.765888 0.446761 0.865971 0.718244 0.321496 0.811568 0.295092 0.278729 0.118482 0.923779 0.742716 0.145176 0.045395 0.219881 0.598110 0.573559 0.326286 0.985703 0.472949 0.264167 0.595128 0.735331 0.322310 0.018062 0.904779 0.885364 0.075909 0.591766 0.407906 0.406968 0.559927 0.843510 0.267660 0.433578 0.003421 0.652672 0.270011 0.785055 0.369902 0.621138 0.432108 0.050796 0.283629 0.444661 0.346709 0.525997 0.727232 0.733542 0.090538 0.596294 0.243062 0.278145 0.497974 0.226106 0.035105 0.353633 0.728623 0.460564 0.851014 0.109893 0.963391 0.306704 0.235274 0.789334 0.575970 0.428823 0.616022 0.268741 0.567860
0.958824 0.803330 0.363243 0.581281 0.994230 0.854682 0.795168 0.625518 0.743564 0.879176 0.731696 0.230326 0.961204 0.877441 0.875512 0.144765 0.181678 0.262084 0.552753 0.399029 0.392964 0.654149 0.186303 0.371559 0.096385 0.744749 0.253097 0.199769 0.508262 0.285690 0.023715 0.357136 0.937680 0.672360 0.400796 0.894282 0.688662 0.238178 0.053515 0.020192 0.840101 0.236030 0.146578 0.673047 0.498378 0.686342 0.585042 0.180516 0.427439 0.982793 0.966462 0.790786 0.011650 0.694008 0.238588 0.694951 0.630545 0.218422 0.837510 0.300781 0.916194 0.753714 0.302424 0.554659 0.129961 0.987242 0.011490 0.345750 0.692316 0.901566 0.643196 0.354830 0.467865 0.837744 0.171775 0.366892 0.341198 0.641432 0.062906 0.675000 0.933072 0.157437 0.668101 0.739074 0.751750 0.356397 0.380786 0.963816 0.902257 0.619087 0.358015 0.156797 0.363171 0.912768 0.705908 0.824919 0.074817 0.593223 0.749703 0.243922 0.896883 0.514838 0.037511 0.310975 0.470722 0.973614 0.309441 0.505353 0.490883 0.041525 0.199977 0.729157 0.364429 0.825550 0.962930 0.192069 0.792053 0.941446 0.339657 0.220502 0.211440 0.963379 0.796985 0.018642 0.234954 0.311127 0.354089 0.528540 0.196060 0.604066 0.756080 0.638155 0.851686 0.906921 0.598633 0.862259 0.076098 0.682485 0.603210 0.343492 0.474638 0.547943 0.045487 0.466263 0.490183 0.151219 0.001853 0.171230 0.066353 0.899967 0.406911 0.371187 0.322927 0.081644 0.834438 0.249264 0.943447 0.931362 0.239048 0.888385 0.427636 0.406185 0.511731 0.948513 0.709713 0.138234 0.854494 0.264945 0.068452 0.248518 0.786205 0.367897 0.029726 0.843073 0.865758 0.176044 0.581315 0.502247 0.159684 0.538546 0.052574 0.425981 0.777942 0.525326 0.138349 0.738498 0.999617 0.480528 0.767465 0.857253 0.247907 0.763294 0.966240 0.402163 0.818440 0.635250 0.783829 0.575505 0.280622 0.786752 0.479729 0.643797 0.029922 0.421857 0.497798 0.259039 0.418601 0.721583 0.772316 0.545888 0.694085 0.925712 0.605694 0.322895 0.408671 0.688076 0.155736 0.826224 0.030391 0.873159 0.001579 0.125882 0.745105 0.789905 0.918171 0.535894 0.405000 0.574083 0.906899 0.322094 0.604069 0.078856 0.402363 0.262179 0.564022 0.926216 0.258623 0.151013 0.698832 0.473103 0.195090 0.844319 0.520232 0.935803 0.893478 0.180247 0.915573 0.602992 0.120266 0.381273 0.083693 0.049488 0.792930 0.556344 0.414479 0.905295 0.575213 0.030006 0.165912 0.364362 0.771842 0.808462 0.359298 0.800579 0.065163 0.065102 0.323194 0.564925 0.536417 0.307437 0.314946 0.242862 0.683923 0.278656 0.999324 0.919155 0.645314 0.977610 0.160949 0.879510 0.733352 0.565826 0.735416 0.718643 0.823408 0.280051 0.949043 0.367903 0.599538 0.409886 0.021829 0.628057 0.981307 0.859660 0.899242 0.226971 0.528791 0.666380 0.839847 0.871197
0.711430 0.767791 0.767387 0.520648 0.328381 0.916961 0.447471 0.098801 0.934060 0.504664 0.409212 0.160848 0.270216 0.308096 0.814205 0.613130 0.027497 0.177937 0.610493 0.200287 0.207129 0.237242 0.485962 0.770248 0.864961 0.354883 0.131232 0.621019 0.312607 0.916760 0.068910 0.400280 0.314474 0.427616 0.351397 0.617507 0.303666 0.203726 0.772467 0.128171 0.811659 0.640906 0.748684 0.290545 0.653811 0.579585 0.181986 0.903401 0.721319 0.063493 0.025241 0.202033 0.040557 0.748155 0.419898 0.372889 0.090371 0.881378 0.161868 0.708779 0.623464 0.624180 0.856956 0.465464 0.102304 0.187370 0.730521 0.751500 0.457448 0.108178 0.187675 0.273710 0.543532 0.591693 0.536918 0.581601 0.129753 0.250547 0.512050 0.745608 0.598827 0.989649 0.479454 0.446862 0.510763 0.355233 0.639060 0.342812 0.839882 0.675152 0.575850 0.965709 0.555244 0.814401 0.866132 0.622226 0.145452 0.361417 0.413248 0.360427 0.232884 0.500659 0.818949 0.845305 0.937558 0.195530 0.742660 0.137159 0.008893 0.415884 0.519838 0.131187 0.683989 0.949292 0.861833 0.270111 0.990620 0.208282 0.588390 0.485615 0.344298 0.979935 0.010372 0.732776 0.340904 0.745266 0.834884 0.525967 0.350668 0.018455 0.044257 0.555931 0.272191 0.248135 0.552416 0.147839 0.757107 0.514883 0.227371 0.355169 0.293243 0.895363 0.186558 0.210917 0.527061 0.277338 0.482978 0.572313 0.577223 0.600706 0.008570 0.111470 0.282683 0.689715 0.877324 0.363442 0.867782 0.448755 0.759896 0.579249 0.104049 0.840769 0.644924 0.413065 0.014136 0.754144 0.710982 0.068795 0.862988 0.666097 0.975271 0.729741 0.562924 0.557336 0.028940 0.303301 0.388519 0.894216 0.285196 0.666428 0.115641 0.215447 0.802406 0.505510 0.914357 0.663173 0.483132 0.833529 0.732695 0.238428 0.076653 0.798975 0.866112 0.693916 0.501086 0.691042 0.250132 0.263319 0.180153 0.887898 0.425987 0.547741 0.722672 0.822511 0.057073 0.697976 0.682713 0.438040 0.969088 0.360490 0.100326 0.188359 0.532719 0.019955 0.676318 0.488397 0.245498 0.689936 0.902389 0.020591 0.294205 0.251482 0.035909 0.237522 0.492422 0.758576 0.165791 0.715674 0.671271 0.911554 0.901741 0.154838 0.529826 0.625729 0.181303 0.130902 0.635760 0.402034 0.712553 0.900406 0.441149 0.966750 0.593196 0.491504 0.731827 0.411620 0.241920 0.447634 0.866628 0.762513 0.519008 0.925851 0.646167 0.414373 0.076790 0.215782 0.878464 0.209750 0.595763 0.771551 0.232345 0.161530 0.880094 0.904130 0.580035 0.165608 0.855886 0.740622 0.136642 0.513951 0.339762 0.741373 0.808451 0.262407 0.479427 0.184003 0.318953 0.864444 0.346956 0.559388 0.485528 0.378094 0.596693 0.396440 0.798675 0.735722 0.060653 0.373678 0.225824 0.221597 0.439178 0.103291 0.293862 0.160822 0.005341 0.873163 0.901921 0.992410 0.245265 0.731446
0.713384 0.671554 0.207180 0.960308 0.376301 0.577056 0.521540 0.503539 0.026969 0.447375 0.413643 0.123205 0.883407 0.774271 0.644830 0.439469 0.469829 0.584981 0.663293 0.206090 0.991828 0.394110 0.327130 0.258386 0.631129 0.532392 0.837389 0.452056 0.947761 0.162407 0.965463 0.587339 0.942304 0.455021 0.284600 0.435788 0.146410 0.253593 0.510954 0.965781 0.709524 0.916207 0.881821 0.065368 0.145736 0.967732 0.173597 0.646857 0.180708 0.672322 0.490327 0.339590 0.554873 0.132638 0.568067 0.072390 0.502570 0.843516 0.455405 0.113377 0.437397 0.206932 0.433251 0.043152 0.736552 0.804692 0.268726 0.193798 0.915404 0.400216 0.953142 0.496627 0.989092 0.424717 0.866163 0.728926 0.556118 0.526467 0.232668 0.969342 0.620390 0.360500 0.885209 0.741455 0.457596 0.914316 0.578716 0.638242 0.202170 0.956510 0.970624 0.146706 0.419987 0.454445 0.848838 0.924774 0.364481 0.059072 0.091523 0.808212 0.422299 0.392722 0.248510 0.369000 0.360941 0.816040 0.611007 0.200394 0.116146 0.383413 0.599614 0.218570 0.506656 0.936079 0.364868 0.059050 0.210594 0.590019 0.142055 0.184061 0.904858 0.930273 0.980652 0.576632 0.078309 0.673643 0.626466 0.022961 0.421483 0.847788 0.798362 0.459816 0.302039 0.899497 0.193179 0.520624 0.136651 0.376164 0.038881 0.499641 0.731361 0.838216 0.829214 0.311101 0.804560 0.177584 0.092320 0.917539 0.077356 0.660099 0.348800 0.893750 0.592678 0.594707 0.407701 0.708194 0.815862 0.914567 0.177129 0.175195 0.647259 0.689235 0.135416 0.831815 0.291498 0.597629 0.035187 0.925521 0.964588 0.317174 0.803858 0.478296 0.946672 0.813519 0.846309 0.452346 0.441766 0.176924 0.474491 0.423937 0.270008 0.718816 0.106410 0.653223 0.704192 0.790608 0.315735 0.927848 0.963695 0.385272 0.491393 0.105481 0.490195 0.699267 0.912053 0.280563 0.174886 0.583257 0.173158 0.873003 0.075292 0.538183 0.287094 0.615632 0.122448 0.276570 0.225556 0.686977 0.016858 0.325915 0.908501 0.264814 0.213980 0.475350 0.493230 0.686506 0.960903 0.061419 0.449061 0.412084 0.501714 0.417234 0.579405 0.706438 0.085996 0.978077 0.436360 0.057706 0.179837 0.864309 0.141614 0.449000 0.064755 0.284271 0.078400 0.055645 0.952706 0.235140 0.063529 0.427919 0.481455 0.372655 0.079679 0.877263 0.533831 0.261280 0.180952 0.269273 0.333038 0.873481 0.220646 0.777024 0.125772 0.437936 0.161782 0.631751 0.588975 0.450353 0.078677 0.762007 0.949297 0.752888 0.801254 0.145150 0.350957 0.079678 0.725453 0.478553 0.244134 0.657687 0.767494 0.904440 0.049773 0.100944 0.103596 0.346893 0.594646 0.991061 0.265938 0.468858 0.841597 0.579357 0.398474 0.436861 0.574635 0.754164 0.632123 0.506094 0.368670 0.604154 0.264058 0.086319 0.698725 0.400394 0.251156 0.149666 0.358457 0.955516 0.107183 0.735544
0.770972 0.583920 0.848667 0.022717 0.661972 0.952026 0.678572 0.666434 0.025828 0.639246 0.193971 0.798728 0.294972 0.453318 0.813814 0.781249 0.775816 0.687942 0.199470 0.090763 0.042274 0.948691 0.613626 0.406653 0.509361 0.699313 0.152105 0.573902 0.690357 0.667034 0.754515 0.217368 0.937484 0.533629 0.774242 0.007337 0.415521 0.711699 0.241240 0.699202 0.582570 0.750759 0.831501 0.172538 0.167631 0.128620 0.873786 0.225904 0.084314 0.674265 0.986358 0.121063 0.229604 0.973466 0.945683 0.315231 0.775108 0.860098 0.798035 0.701337 0.354063 0.990906 0.338835 0.321559 0.087651 0.406936 0.349189 0.813424 0.408696 0.220417 0.277585 0.609875 0.578777 0.559943 0.590567 0.764699 0.002272 0.325698 0.442540 0.303745 0.126780 0.784408 0.839200 0.044055 0.864279 0.578337 0.574017 0.780203 0.555045 0.666224 0.054275 0.464177 0.326762 0.666977 0.991699 0.984239 0.188912 0.924377 0.845460 0.768691 0.583586 0.047930 0.721906 0.523701 0.137211 0.159308 0.781715 0.778707 0.289305 0.802316 0.724184 0.763427 0.915320 0.463225 0.299289 0.771956 0.176072 0.714793 0.448506 0.904649 0.300582 0.654640 0.102650 0.749305 0.792230 0.720041 0.550766 0.997743 0.481704 0.312815 0.607120 0.242007 0.255304 0.567126 0.739324 0.678541 0.169613 0.642778 0.844667 0.171030 0.176764 0.296623 0.066732 0.258292 0.962823 0.386621 0.360062 0.036755 0.927183 0.720735 0.021941 0.897688 0.406278 0.417832 0.062848 0.480127 0.706183 0.460503 0.644710 0.366305 0.128195 0.329326 0.056423 0.110772 0.022750 0.277744 0.887368 0.718518 0.518876 0.532862 0.582434 0.251227 0.685019 0.061034 0.610792 0.226987 0.651274 0.196057 0.626678 0.392425 0.476065 0.780129 0.609608 0.000559 0.323737 0.567809 0.505592 0.389212 0.999065 0.360862 0.603020 0.120974 0.801811 0.950517 0.454123 0.094107 0.060412 0.079387 0.110738 0.360920 0.895017 0.349727 0.140851 0.193053 0.177298 0.546966 0.222807 0.894653 0.019716 0.719384 0.569388 0.271537 0.511736 0.082948 0.376013 0.269864 0.288882 0.213643 0.340026 0.272828 0.597152 0.040181 0.284610 0.065540 0.302481 0.326162 0.185240 0.387685 0.860129 0.046302 0.924763 0.865287 0.041097 0.689664 0.841193 0.868879 0.216869 0.197103 0.997139 0.272509 0.464677 0.238653 0.771372 0.640011 0.521412 0.246668 0.281577 0.126288 0.552761 0.189288 0.248092 0.658372 0.697099 0.511752 0.213188 0.047007 0.285117 0.814416 0.125765 0.377359 0.449954 0.126567 0.402153 0.091291 0.870972 0.243379 0.103910 0.429843 0.535110 0.327377 0.048255 0.769918 0.495372 0.231289 0.088222 0.978399 0.319106 0.329998 0.870762 0.396580 0.035713 0.816280 0.845886 0.424025 0.514782 0.816608 0.106047 0.020952 0.263335 0.433329 0.790944 0.399624 0.604535 0.099707 0.557106 0.356078 0.057694 0.166637 0.019086 0.593418
0.572275 0.917961 0.862161 0.555510 0.655653 0.242629 0.325741 0.613394 0.506004 0.356084 0.645005 0.898048 0.776142 0.715411 0.416032 0.390174 0.955629 0.844286 0.049891 0.714818 0.637518 0.842811 0.552937 0.436834 0.214999 0.958415 0.141935 0.953013 0.939307 0.699470 0.387487 0.057556 0.084044 0.004366 0.209812 0.555550 0.182722 0.872893 0.835802 0.624632 0.141552 0.014581 0.140649 0.016083 0.433499 0.639570 0.692306 0.158205 0.692220 0.478051 0.016575 0.499343 0.379348 0.026272 0.429430 0.623266 0.619084 0.556668 0.375852 0.485712 0.701825 0.244695 0.402110 0.517811 0.106130 0.066248 0.086284 0.783080 0.172289 0.543790 0.185546 0.399476 0.734251 0.249319 0.336392 0.038945 0.943362 0.352601 0.560909 0.389023 0.494501 0.195887 0.724715 0.112450 0.743742 0.791162 0.351579 0.251096 0.068476 0.791770 0.500326 0.294283 0.574275 0.140113 0.544905 0.209205 0.885807 0.555258 0.235151 0.724424 0.191929 0.973778 0.158748 0.564369 0.463157 0.737814 0.340517 0.631275 0.564521 0.184620 0.553919 0.267384 0.352484 0.337245 0.214819 0.415322 0.518626 0.542381 0.652183 0.350695 0.756294 0.580628 0.779316 0.816206 0.525419 0.069275 0.041022 0.128305 0.586884 0.079188 0.711733 0.205984 0.991583 0.374630 0.287808 0.213898 0.922740 0.823469 0.858809 0.505719 0.505816 0.215620 0.013824 0.776832 0.965465 0.145438 0.069692 0.492958 0.537846 0.169494 0.087559 0.587030 0.755638 0.804838 0.339584 0.261453 0.445723 0.068220 0.105021 0.803015 0.000469 0.732566 0.838090 0.338324 0.141549 0.219790 0.079608 0.161688 0.950557 0.783320 0.415913 0.682805 0.369913 0.410119 0.934451 0.700028 0.618770 0.384933 0.830212 0.300528 0.258709 0.459202 0.753921 0.722671 0.674754 0.480292 0.968721 0.493405 0.821492 0.390430 0.633354 0.177317 0.048074 0.284126 0.344704 0.161225 0.990706 0.818549 0.626578 0.971283 0.338315 0.804109 0.946245 0.096792 0.306526 0.030562 0.273235 0.779041 0.034394 0.104062 0.167276 0.079462 0.555824 0.820540 0.164188 0.138476 0.862745 0.447204 0.540405 0.053104 0.306371 0.387548 0.470897 0.054203 0.470290 0.791465 0.824709 0.492469 0.871389 0.142420 0.781960 0.819592 0.353405 0.516015 0.744736 0.408769 0.382976 0.983777 0.977663 0.690163 0.993964 0.571339 0.092125 0.059359 0.616657 0.264513 0.088126 0.908213 0.232991 0.882024 0.671228 0.916210 0.533894 0.186982 0.490683 0.283222 0.084328 0.365312 0.875058 0.190263 0.091391 0.414562 0.085825 0.346084 0.886756 0.156493 0.887357 0.224212 0.671618 0.575514 0.176321 0.866060 0.477549 0.469617 0.555190 0.830241 0.737154 0.204736 0.992204 0.592259 0.078836 0.370309 0.242819 0.341751 0.428264 0.457450 0.208930 0.301543 0.790688 0.243597 0.582396 0.748876 0.931397 0.489932 0.623079 0.960949 0.566060 0.568063 0.759033 0.290844
0.939272 0.832436 0.548396 0.250160 0.955471 0.451577 0.520518 0.371383 0.800184 0.561827 0.619193 0.821672 0.215628 0.220773 0.697270 0.127858 0.085831 0.878214 0.400358 0.792272 0.639303 0.318944 0.487386 0.638312 0.996644 0.668859 0.952643 0.263935 0.834607 0.136278 0.099075 0.475145 0.443035 0.043040 0.938826 0.293790 0.839948 0.996705 0.096372 0.526011 0.107861 0.449945 0.971126 0.698917 0.467098 0.985521 0.999933 0.574485 0.318678 0.206952 0.679255 0.299361 0.559919 0.107086 0.984309 0.649955 0.970198 0.301907 0.803262 0.544152 0.173186 0.653882 0.845838 0.324746 0.254109 0.981769 0.668812 0.642328 0.170877 0.579258 0.894215 0.611108 0.587134 0.719578 0.557003 0.940198 0.170328 0.766037 0.111610 0.850767 0.954564 0.060457 0.904146 0.166581 0.000509 0.144868 0.837928 0.199149 0.279010 0.769074 0.965315 0.067411 0.587101 0.962592 0.999530 0.326511 0.561602 0.696332 0.089183 0.790031 0.176189 0.624565 0.501271 0.561013 0.058996 0.056600 0.440214 0.848873 0.821918 0.938035 0.597171 0.961925 0.074681 0.464696 0.704112 0.661994 0.576874 0.454359 0.232357 0.113659 0.525871 0.040490 0.722230 0.112757 0.994575 0.787342 0.177423 0.352529 0.653581 0.544158 0.989931 0.082203 0.678824 0.424564 0.160519 0.013303 0.459178 0.270187 0.738990 0.856208 0.397243 0.874379 0.269102 0.909438 0.595108 0.478318 0.918472 0.031158 0.334967 0.135031 0.839003 0.936809 0.479370 0.216911 0.422892 0.485631 0.436225 0.400393 0.594542 0.977221 0.347095 0.740736 0.921666 0.573628 0.863565 0.992699 0.533196 0.414234 0.191365 0.346877 0.193872 0.240881 0.617549 0.515697 0.959657 0.716405 0.428451 0.979835 0.556146 0.134495 0.823591 0.590137 0.125420 0.112659 0.627843 0.116025 0.505781 0.481904 0.069805 0.758971 0.006269 0.031681 0.442868 0.424121 0.953595 0.260904 0.402212 0.928426 0.577624 0.883822 0.488925 0.696885 0.613881 0.947096 0.188205 0.796403 0.837183 0.944090 0.233486 0.629700 0.243129 0.813621 0.184627 0.886135 0.481823 0.862858 0.688779 0.456609 0.443873 0.356406 0.086912 0.085255 0.161545 0.742393 0.591406 0.378269 0.605185 0.716048 0.156907 0.566641 0.174897 0.711723 0.117515 0.541904 0.842015 0.239040 0.775517 0.693526 0.015932 0.119713 0.696327 0.713607 0.632166 0.768850 0.950516 0.829085 0.285125 0.899065 0.918253 0.905804 0.050473 0.868707 0.775585 0.356603 0.274885 0.694082 0.875905 0.992029 0.989461 0.871631 0.619447 0.834976 0.257981 0.964303 0.022624 0.078470 0.755644 0.609332 0.382655 0.402833 0.055737 0.213299 0.918440 0.601722 0.141134 0.733796 0.049021 0.087014 0.056867 0.082225 0.756126 0.453053 0.612370 0.256291 0.900506 0.822503 0.420075 0.572950 0.849660 0.306752 0.054246 0.214915 0.592016 0.523942 0.590836 0.251811 0.366722 0.465962 0.375450 0.034648
0.478807 0.147966 0.911920 0.129614 0.575486 0.032144 0.927070 0.552471 0.767723 0.583922 0.511214 0.871399 0.466865 0.762336 0.487137 0.702773 0.348052 0.952399 0.133036 0.561883 0.049963 0.914074 0.487022 0.370764 0.448529 0.761550 0.530015 0.749664 0.189520 0.750735 0.945355 0.193516 0.114633 0.203365 0.025407 0.792465 0.954576 0.605338 0.695079 0.378636 0.177884 0.901990 0.874240 0.369867 0.926916 0.696515 0.871591 0.175119 0.389636 0.417847 0.014477 0.515128 0.233695 0.814516 0.215531 0.426900 0.491871 0.526421 0.448415 0.683366 0.792797 0.948297 0.661085 0.916561 0.839396 0.522112 0.618037 0.411866 0.676383 0.767481 0.411820 0.579350 0.009260 0.729135 0.571876 0.015897 0.741801 0.235874 0.143231 0.368430 0.816005 0.192582 0.871141 0.862685 0.404269 0.564384 0.923027 0.970003 0.515433 0.797347 0.702410 0.764561 0.664756 0.244265 0.726350 0.209078 0.066939 0.075365 0.952447 0.733517 0.187475 0.458195 0.381813 0.938968 0.879353 0.660807 0.397136 0.912108 0.790655 0.580850 0.131097 0.545974 0.183904 0.145815 0.504932 0.499142 0.720729 0.232170 0.147271 0.163029 0.490538 0.064031 0.001936 0.398167 0.231334 0.494998 0.294261 0.948788 0.008766 0.722775 0.583542 0.536400 0.092407 0.219810 0.072976 0.256651 0.017370 0.813767 0.936178 0.369206 0.600744 0.112456 0.311145 0.590128 0.874832 0.257446 0.508358 0.327597 0.753271 0.336666 0.220565 0.299269 0.237930 0.488207 0.278596 0.045309 0.031514 0.070196 0.192069 0.211304 0.507997 0.799701 0.665527 0.678006 0.164709 0.536718 0.991233 0.901792 0.227723 0.141041 0.721095 0.790092 0.797158 0.403507 0.288474 0.357813 0.254896 0.796464 0.128374 0.324141 0.445311 0.875964 0.596449 0.944812 0.030178 0.301917 0.166563 0.309617 0.678416 0.743121 0.914540 0.639109 0.428953 0.510946 0.759212 0.842758 0.444801 0.435426 0.853351 0.232744 0.969723 0.968465 0.208518 0.379158 0.098722 0.055816 0.547588 0.766639 0.039427 0.669706 0.483654 0.179088 0.841283 0.007953 0.745242 0.771258 0.672531 0.511530 0.490314 0.700655 0.903463 0.633065 0.601021 0.023261 0.636458 0.830744 0.389392 0.598897 0.030986 0.731304 0.434840 0.554689 0.887342 0.998094 0.322108 0.000633 0.630837 0.585674 0.764946 0.653441 0.398371 0.683488 0.858241 0.469626 0.532684 0.761596 0.652928 0.306973 0.379306 0.068332 0.348563 0.312166 0.463981 0.524936 0.997586 0.678996 0.490856 0.172454 0.554267 0.811647 0.329045 0.054928 0.195635 0.090907 0.019609 0.827411 0.994532 0.797862 0.980345 0.412751 0.764799 0.654969 0.319216 0.122495 0.796090 0.908708 0.918677 0.042738 0.031278 0.851437 0.875540 0.704503 0.574721 0.500374 0.205860 0.244960 0.392720 0.303795 0.145311 0.188450 0.349101 0.826064 0.518630 0.296616 0.527571 0.169428 0.398448 0.204894 0.957003 0.302021
0.176224 0.069688 0.857070 0.881231 0.946115 0.835372 0.400948 0.545022 0.220807 0.352026 0.278834 0.257177 0.895577 0.080546 0.226268 0.533572 0.858116 0.398206 0.797164 0.415155 0.232573 0.580699 0.787029 0.244781 0.653964 0.146340 0.786673 0.568692 0.138106 0.192330 0.239234 0.551970 0.583444 0.393690 0.846961 0.484642 0.827181 0.483441 0.770609 0.354341 0.646129 0.370669 0.071049 0.711165 0.192663 0.661063 0.165245 0.711812 0.208265 0.602810 0.925209 0.410581 0.828104 0.348593 0.434120 0.532637 0.463628 0.932216 0.261243 0.390836 0.651468 0.820821 0.646789 0.905083 0.790977 0.348489 0.282052 0.511939 0.706120 0.672626 0.952056 0.692026 0.649375 0.437243 0.877899 0.071060 0.093313 0.578552 0.373766 0.440104 0.230812 0.119292 0.595971 0.277336 0.863109 0.649962 0.281436 0.257964 0.471910 0.822658 0.348802 0.804484 0.001803 0.068524 0.252241 0.938914 0.017671 0.309469 0.953732 0.371197 0.104897 0.708024 0.495023 0.753410 0.777788 0.291875 0.288421 0.050486 0.028382 0.154929 0.561953 0.470900 0.232642 0.006475 0.313395 0.501303 0.028771 0.250407 0.368775 0.187180 0.143529 0.077025 0.648325 0.917910 0.758438 0.612116 0.606409 0.133392 0.451827 0.851257 0.730186 0.607555 0.146126 0.164135 0.091593 0.363587 0.895447 0.005189 0.801763 0.989277 0.889976 0.544411 0.535770 0.038801 0.248708 0.467033 0.578035 0.051890 0.325522 0.154266 0.989812 0.422990 0.785593 0.691720 0.186877 0.870217 0.613361 0.323052 0.156388 0.846687 0.212236 0.395156 0.190077 0.586436 0.954260 0.203962 0.400718 0.493229 0.377414 0.813330 0.268778 0.233171 0.913073 0.204210 0.529577 0.483331 0.902523 0.445222 0.950919 0.857450 0.833263 0.941199 0.568183 0.796029 0.153985 0.116543 0.357581 0.009273 0.418296 0.145367 0.462699 0.469823 0.722669 0.891426 0.410073 0.857795 0.174369 0.700945 0.936121 0.557475 0.090687 0.843994 0.612141 0.437915 0.703654 0.606833 0.417940 0.986373 0.342629 0.533936 0.819847 0.945126 0.356440 0.409171 0.729986 0.573837 0.640765 0.053914 0.259688 0.869266 0.063192 0.837089 0.493282 0.989893 0.653340 0.017015 0.588358 0.408924 0.275296 0.013111 0.837065 0.127447 0.329187 0.186698 0.434620 0.108329 0.066323 0.648342 0.953040 0.586702 0.810822 0.850868 0.248891 0.943295 0.499147 0.522314 0.116078 0.430243 0.378232 0.990191 0.923312 0.247297 0.293065 0.853370 0.219513 0.696710 0.708880 0.597912 0.140654 0.219970 0.999735 0.509780 0.592323 0.161725 0.909086 0.548059 0.455175 0.004215 0.871799 0.586366 0.181669 0.238233 0.930379 0.312812 0.261987 0.107494 0.027550 0.428164 0.965602 0.414412 0.210883 0.123431 0.741186 0.183129 0.894876 0.491082 0.644388 0.100042 0.254426 0.078014 0.886605 0.224811 0.645870 0.746484 0.113501 0.705015 0.372044 0.740511 0.440374 0.520403
0.286248 0.224208 0.324482 0.687502 0.975017 0.082014 0.037384 0.768958 0.352106 0.335212 0.423582 0.224949 0.568515 0.413325 0.706469 0.410390 0.548518 0.020344 0.288337 0.966227 0.792167 0.556403 0.868672 0.189774 0.800504 0.483919 0.597971 0.932014 0.282960 0.532351 0.910822 0.676512 0.555576 0.805575 0.381632 0.734539 0.613249 0.807804 0.717479 0.552954 0.388446 0.835970 0.791040 0.121334 0.642105 0.351826 0.980101 0.319354 0.033410 0.156015 0.052271 0.077535 0.630092 0.517501 0.328017 0.239071 0.131519 0.005242 0.984070 0.840279 0.603125 0.543327 0.149704 0.931556 0.710607 0.038318 0.424033 0.489091 0.329957 0.883082 0.073795 0.644697 0.593624 0.245118 0.161846 0.331550 0.769028 0.745096 0.358732 0.825095 0.576017 0.372729 0.271647 0.833937 0.971578 0.083015 0.944390 0.269469 0.889802 0.341490 0.932284 0.977671 0.503873 0.481329 0.781488 0.656169 0.558945 0.111280 0.585686 0.410743 0.460843 0.990084 0.261895 0.798126 0.963420 0.044252 0.122152 0.449455 0.235560 0.635821 0.062361 0.445379 0.777966 0.692445 0.111388 0.222377 0.241956 0.788563 0.951807 0.534372 0.647308 0.609014 0.887105 0.347525 0.925176 0.162483 0.688281 0.091878 0.004058 0.550856 0.673252 0.273965 0.547284 0.335343 0.952107 0.840937 0.097769 0.418939 0.568927 0.535245 0.380809 0.257460 0.403114 0.911671 0.443661 0.586333 0.812263 0.070105 0.703590 0.491285 0.070000 0.071883 0.810437 0.953075 0.123583 0.304763 0.542794 0.396987 0.687734 0.605296 0.643967 0.272990 0.760460 0.041680 0.076999 0.106030 0.945771 0.127462 0.509897 0.743139 0.571661 0.497601 0.263022 0.509159 0.924040 0.971663 0.648352 0.921657 0.621258 0.752376 0.182035 0.416611 0.256942 0.586871 0.364131 0.626879 0.738753 0.775893 0.893283 0.001729 0.012396 0.858434 0.845689 0.707952 0.560270 0.881711 0.525921 0.497261 0.619497 0.823039 0.360473 0.495873 0.940895 0.678806 0.435645 0.057848 0.203880 0.463258 0.918325 0.682179 0.096899 0.936991 0.163803 0.021716 0.640993 0.354515 0.099772 0.656162 0.045540 0.281590 0.361492 0.679360 0.876208 0.448639 0.477715 0.052143 0.637837 0.047987 0.336690 0.503324 0.788404 0.789857 0.125595 0.387139 0.705186 0.000768 0.448711 0.019166 0.335641 0.635503 0.385240 0.856203 0.746532 0.805091 0.027084 0.797139 0.254254 0.061941 0.154010 0.553708 0.762106 0.076134 0.141624 0.610909 0.102803 0.694112 0.432481 0.272775 0.331005 0.279111 0.889725 0.007618 0.407545 0.646301 0.890201 0.877148 0.491540 0.107979 0.210646 0.418754 0.789162 0.323994 0.265160 0.281252 0.609841 0.221642 0.062192 0.254105 0.371448 0.146269 0.553018 0.341674 0.436989 0.527833 0.324984 0.666340 0.599291 0.751926 0.436449 0.405963 0.977010 0.939440 0.847111 0.832855 0.150343 0.390103 0.038134 0.804531 0.576427 0.736765
0.755796 0.267079 0.559924 0.309997 0.742284 0.255061 0.432816 0.476403 0.260416 0.430254 0.488390 0.882776 0.267008 0.650962 0.092752 0.175213 0.413960 0.831810 0.045696 0.677730 0.036206 0.094547 0.393007 0.096199 0.177656 0.855334 0.236777 0.485766 0.824254 0.815339 0.416759 0.809690 0.086592 0.394972 0.554454 0.496572 0.567983 0.843856 0.358170 0.904370 0.574649 0.611415 0.805984 0.793195 0.119528 0.125000 0.160082 0.895181 0.673339 0.311145 0.505573 0.351778 0.059575 0.339092 0.319506 0.640364 0.091339 0.759817 0.714164 0.110141 0.908536 0.241375 0.369451 0.881591 0.313077 0.381588 0.575804 0.816972 0.623612 0.241953 0.683355 0.298225 0.819291 0.824645 0.303151 0.721223 0.115274 0.370702 0.401575 0.476135 0.755487 0.883155 0.799216 0.417645 0.697877 0.226175 0.272879 0.953869 0.289888 0.837103 0.544627 0.963074 0.952777 0.892174 0.638009 0.397353 0.632127 0.582183 0.277152 0.265453 0.369172 0.635078 0.874566 0.046357 0.660482 0.348315 0.614898 0.660573 0.115610 0.925752 0.151728 0.360865 0.814450 0.569919 0.003134 0.664019 0.720441 0.619067 0.362570 0.117042 0.278625 0.767715 0.324617 0.430630 0.655962 0.160673 0.900234 0.811722 0.814632 0.935635 0.958397 0.140601 0.296188 0.290573 0.408049 0.216659 0.717618 0.428833 0.016332 0.533764 0.100351 0.138922 0.927499 0.898599 0.509541 0.084186 0.304241 0.367329 0.649245 0.038357 0.969543 0.752657 0.146092 0.299372 0.605635 0.857318 0.715354 0.215376 0.707260 0.338371 0.206311 0.815069 0.759401 0.329597 0.305130 0.049138 0.065877 0.515712 0.569231 0.152086 0.409660 0.976949 0.643950 0.564952 0.373049 0.342980 0.101656 0.132015 0.602632 0.534082 0.943680 0.094803 0.176513 0.032727 0.997968 0.859708 0.622124 0.027679 0.762756 0.379710 0.162362 0.703978 0.900433 0.381095 0.782686 0.473357 0.316211 0.846361 0.376197 0.550015 0.015156 0.191264 0.714907 0.340319 0.520897 0.014239 0.631793 0.012189 0.756809 0.079790 0.523113 0.165473 0.935256 0.654963 0.964575 0.732084 0.427975 0.760596 0.411160 0.628705 0.724001 0.666490 0.158351 0.571547 0.651989 0.118717 0.720360 0.178579 0.703895 0.302469 0.160310 0.203942 0.401568 0.542113 0.688794 0.362693 0.842847 0.969539 0.891541 0.244506 0.419244 0.573155 0.161958 0.802527 0.108043 0.124108 0.238513 0.544230 0.556638 0.019958 0.385971 0.249858 0.239606 0.803027 0.881315 0.725356 0.418318 0.100733 0.794511 0.303706 0.554996 0.602293 0.538909 0.591928 0.339295 0.351576 0.582434 0.545828 0.216699 0.905814 0.724999 0.333954 0.330832 0.308272 0.724669 0.498017 0.572157 0.510551 0.515153 0.579111 0.238048 0.653139 0.789121 0.894816 0.549619 0.765135 0.814356 0.074600 0.889134 0.161747 0.302095 0.458074 0.565521 0.405616 0.842647 0.045664 0.008519 0.546683 0.783100 0.564291
0.025624 0.382247 0.055611 0.912036 0.369157 0.517872 0.117111 0.176889 0.322845 0.491276 0.070657 0.418762 0.380142 0.396534 0.363166 0.346790 0.581822 0.813925 0.291161 0.699450 0.238954 0.942047 0.901264 0.678763 0.897382 0.423522 0.725477 0.018630 0.209888 0.263990 0.986107 0.720691 0.033225 0.518758 0.980207 0.816606 0.097168 0.192489 0.933893 0.304891 0.103886 0.458143 0.764455 0.203505 0.223439 0.997454 0.096889 0.585784 0.624725 0.600751 0.712360 0.579832 0.972305 0.546671 0.276024 0.691616 0.935712 0.274602 0.727465 0.486703 0.929804 0.473745 0.242865 0.379614 0.434157 0.904394 0.492207 0.492911 0.070072 0.989013 0.227813 0.811549 0.983524 0.523754 0.006772 0.711953 0.730377 0.076407 0.555335 0.453385 0.698669 0.650477 0.227881 0.299656 0.825881 0.182346 0.790478 0.750026 0.007034 0.182210 0.904175 0.429588 0.764084 0.503696 0.576532 0.690884 0.866767 0.633734 0.564199 0.752761 0.678746 0.220888 0.645258 0.143940 0.261277 0.732081 0.364599 0.427551 0.369657 0.484361 0.918969 0.605118 0.005983 0.064548 0.081227 0.274930 0.038043 0.538938 0.081596 0.268126 0.885852 0.982828 0.487673 0.624450 0.539052 0.824767 0.936110 0.967176 0.784200 0.678693 0.079816 0.194038 0.907414 0.900761 0.019597 0.277342 0.843132 0.644077 0.809642 0.454161 0.617454 0.525818 0.307790 0.334592 0.603614 0.455262 0.657403 0.569148 0.739831 0.229865 0.758203 0.224905 0.881246 0.781694 0.178592 0.525223 0.566223 0.240572 0.080477 0.124316 0.079310 0.244204 0.602949 0.109003 0.793450 0.187458 0.775346 0.268370 0.140065 0.219151 0.338506 0.848016 0.237751 0.115368 0.493953 0.993071 0.331619 0.625982 0.669391 0.151076 0.795972 0.239134 0.064062 0.741304 0.105009 0.478559 0.275983 0.247842 0.500401 0.130850 0.314749 0.519509 0.456265 0.393877 0.932251 0.107926 0.797821 0.530554 0.446458 0.391612 0.970012 0.560159 0.870465 0.223955 0.972637 0.412393 0.228436 0.696502 0.546818 0.688514 0.480118 0.341625 0.421621 0.110399 0.740764 0.592718 0.066599 0.988205 0.835877 0.986790 0.372895 0.006643 0.764396 0.021113 0.292057 0.108968 0.854745 0.036836 0.329853 0.321156 0.171388 0.265244 0.565048 0.542929 0.430994 0.845440 0.698690 0.051111 0.666013 0.702903 0.923351 0.238180 0.944646 0.175459 0.031520 0.910938 0.411785 0.477976 0.140867 0.021175 0.478571 0.864328 0.296124 0.311398 0.580612 0.112774 0.695982 0.273256 0.896057 0.094678 0.779485 0.417208 0.822168 0.949764 0.051723 0.346899 0.010560 0.234816 0.961099 0.020939 0.841268 0.081533 0.960058 0.373122 0.967126 0.408505 0.817351 0.768978 0.672060 0.815501 0.018753 0.937555 0.879601 0.908036 0.856783 0.248691 0.233581 0.469173 0.038505 0.615652 0.087949 0.798587 0.988470 0.640015 0.841604 0.886054 0.838862 0.954155 0.221037 0.163665
0.093592 0.815341 0.026818 0.759775 0.326783 0.771547 0.976219 0.736057 0.506782 0.821024 0.948283 0.080903 0.731751 0.520935 0.457280 0.151061 0.456351 0.435011 0.402802 0.184101 0.093954 0.457825 0.534651 0.507176 0.288723 0.594148 0.013476 0.790990 0.722699 0.128350 0.713916 0.253051 0.496468 0.691291 0.119239 0.274749 0.201460 0.528685 0.997332 0.321279 0.431977 0.503938 0.376430 0.354440 0.619581 0.826082 0.895131 0.468822 0.378004 0.815275 0.338291 0.952184 0.856204 0.344578 0.747210 0.189240 0.673961 0.979326 0.959958 0.617211 0.580421 0.510860 0.872318 0.511645 0.561522 0.904126 0.329130 0.147496 0.076626 0.020593 0.858922 0.659115 0.279965 0.790201 0.305681 0.032725 0.273614 0.666734 0.075972 0.310655 0.077258 0.909733 0.386543 0.327673 0.268859 0.062182 0.707886 0.132378 0.615092 0.054961 0.085446 0.175689 0.486414 0.168330 0.117770 0.056248 0.100009 0.964087 0.318607 0.585666 0.589790 0.220231 0.169467 0.071872 0.215285 0.637900 0.905655 0.251563 0.879165 0.374858 0.566565 0.681677 0.849242 0.025402 0.814277 0.690163 0.101370 0.423337 0.924152 0.634726 0.123133 0.040168 0.095810 0.350393 0.502634 0.613725 0.453150 0.334816 0.885697 0.570025 0.040593 0.001697 0.559616 0.648340 0.849854 0.150963 0.730349 0.951466 0.554467 0.998844 0.713859 0.794596 0.660203 0.697774 0.577327 0.933193 0.002890 0.766382 0.300227 0.311633 0.243548 0.398405 0.395552 0.326585 0.645197 0.605182 0.782346 0.570870 0.521744 0.711202 0.205936 0.918263 0.632114 0.299942 0.205412 0.370637 0.600420 0.004160 0.527450 0.582972 0.331518 0.805221 0.095126 0.144643 0.916428 0.142405 0.783609 0.997764 0.615258 0.635386 0.953579 0.845368 0.799666 0.634186 0.720314 0.783957 0.754905 0.858359 0.987002 0.140124 0.355830 0.326205 0.471959 0.046761 0.143034 0.612449 0.047104 0.585413 0.639474 0.153541 0.672801 0.270293 0.675660 0.124010 0.624633 0.284061 0.099914 0.575975 0.331182 0.076828 0.417875 0.568419 0.069841 0.747428 0.070707 0.068627 0.295472 0.544853 0.869828 0.698182 0.205531 0.692128 0.436720 0.762088 0.905721 0.954481 0.903225 0.974835 0.628334 0.559497 0.628988 0.199879 0.237155 0.117763 0.416764 0.764173 0.120797 0.923374 0.321815 0.855182 0.033710 0.580754 0.112458 0.295882 0.745724 0.752094 0.281876 0.626601 0.927435 0.707776 0.022506 0.561327 0.824813 0.380473 0.875946 0.350082 0.273410 0.996251 0.057865 0.464080 0.287039 0.338068 0.787853 0.703626 0.948722 0.813941 0.506335 0.987706 0.371410 0.337436 0.622831 0.809535 0.311109 0.395948 0.037985 0.678749 0.683153 0.369559 0.496248 0.350195 0.427980 0.512675 0.906832 0.602675 0.392808 0.040040 0.340608 0.970435 0.783184 0.252472 0.008073 0.696747 0.565129 0.237846 0.238613 0.778170 0.923295 0.485112 0.952488 0.585560
0.010253 0.815199 0.221364 0.953599 0.780313 0.704357 0.886739 0.334478 0.688865 0.223654 0.076229 0.186413 0.478861 0.369821 0.454834 0.121913 0.628736 0.749638 0.886459 0.142018 0.405867 0.151263 0.688278 0.967526 0.499153 0.740832 0.845848 0.055378 0.886974 0.277343 0.699660 0.906359 0.407391 0.729032 0.288648 0.456244 0.673505 0.039986 0.250874 0.891098 0.817464 0.149803 0.518960 0.680335 0.452416 0.750774 0.735667 0.263788 0.238149 0.104802 0.020625 0.590762 0.493127 0.236373 0.403938 0.091635 0.644249 0.114120 0.024570 0.485878 0.479437 0.619865 0.394134 0.277967 0.104349 0.743927 0.796958 0.477410 0.266159 0.025281 0.985240 0.815133 0.407411 0.136315 0.532929 0.656189 0.015042 0.572996 0.209029 0.636585 0.699141 0.486565 0.755123 0.435422 0.185186 0.289909 0.577321 0.517656 0.956922 0.448384 0.949874 0.175390 0.601026 0.500767 0.997755 0.874027 0.310623 0.741825 0.695447 0.873236 0.336095 0.582661 0.300556 0.535863 0.304000 0.903517 0.368080 0.317697 0.282020 0.388800 0.641595 0.444251 0.383672 0.177296 0.789759 0.403146 0.256149 0.633510 0.426996 0.334057 0.628734 0.258639 0.803392 0.117956 0.047297 0.091858 0.715306 0.109632 0.917431 0.943051 0.576653 0.100752 0.715780 0.060117 0.287261 0.143701 0.604449 0.956565 0.990503 0.798244 0.359801 0.267904 0.789200 0.776565 0.331005 0.727341 0.823523 0.613470 0.209966 0.668326 0.830625 0.612355 0.318871 0.820570 0.970544 0.888206 0.965739 0.575820 0.748441 0.368548 0.792923 0.267727 0.345918 0.556704 0.243775 0.204791 0.089198 0.414768 0.798935 0.067882 0.729739 0.648519 0.462852 0.961869 0.855655 0.516322 0.921566 0.390911 0.594215 0.889870 0.886057 0.580450 0.876154 0.439751 0.303199 0.618144 0.374825 0.657095 0.151851 0.811477 0.711982 0.756033 0.443917 0.094953 0.436399 0.411157 0.239141 0.443349 0.416041 0.590128 0.034062 0.931285 0.410640 0.358602 0.630218 0.581915 0.790803 0.274947 0.287441 0.423428 0.661966 0.111769 0.006565 0.943247 0.550980 0.825146 0.280756 0.091867 0.833783 0.106381 0.058596 0.151683 0.487582 0.085317 0.628999 0.063462 0.855183 0.324429 0.430481 0.567621 0.443546 0.197870 0.604941 0.981029 0.510808 0.506590 0.857168 0.790764 0.359699 0.663855 0.480428 0.988356 0.074145 0.472698 0.540560 0.934974 0.296115 0.485327 0.926912 0.057720 0.324340 0.518399 0.417703 0.952639 0.261200 0.243401 0.269412 0.237124 0.638650 0.256901 0.144880 0.520218 0.669462 0.765303 0.849689 0.160925 0.622316 0.682059 0.100863 0.440591 0.433024 0.731911 0.161665 0.817674 0.118991 0.566029 0.994434 0.453269 0.706422 0.404597 0.533337 0.348734 0.070172 0.974070 0.632108 0.026502 0.145076 0.471443 0.643886 0.786020 0.649877 0.627382 0.366984 0.474629 0.138723 0.764422 0.544107 0.362414 0.946067 0.156051
0.471443 0.493503 0.078506 0.532825 0.474226 0.311757 0.277582 0.108491 0.077386 0.527678 0.932706 0.116886 0.012897 0.986595 0.527450 0.611142 0.139092 0.294862 0.360323 0.767772 0.577656 0.696792 0.337069 0.423059 0.436740 0.697288 0.638562 0.785094 0.036506 0.495146 0.059364 0.924612 0.601382 0.203525 0.507692 0.766015 0.202850 0.538391 0.195844 0.451277 0.075766 0.390717 0.083128 0.877919 0.642378 0.536664 0.158628 0.799535 0.184223 0.921448 0.770153 0.292063 0.273284 0.450911 0.684883 0.801331 0.717118 0.909851 0.543079 0.256100 0.130790 0.752537 0.115994 0.212166 0.152859 0.860854 0.091418 0.986815 0.820613 0.807923 0.691205 0.734146 0.118532 0.756282 0.317954 0.472562 0.066494 0.792554 0.142734 0.958845 0.909018 0.077519 0.059875 0.692753 0.943434 0.582757 0.893586 0.540344 0.129880 0.220797 0.827305 0.029182 0.690532 0.207987 0.931922 0.985573 0.133423 0.053631 0.660571 0.387051 0.075838 0.301467 0.834528 0.864499 0.302687 0.011701 0.293288 0.748743 0.388971 0.854728 0.624395 0.685404 0.158500 0.344038 0.036174 0.478864 0.297083 0.915450 0.696822 0.292435 0.832736 0.630539 0.929709 0.519065 0.412954 0.333674 0.808326 0.252795 0.091493 0.431658 0.932730 0.444560 0.679822 0.600430 0.908890 0.350473 0.006701 0.183024 0.550809 0.787083 0.034125 0.198402 0.988167 0.208377 0.858822 0.348219 0.045290 0.151341 0.636110 0.138451 0.963196 0.082805 0.790069 0.402656 0.424749 0.234635 0.837665 0.823283 0.766916 0.058110 0.430490 0.540878 0.345738 0.193059 0.671117 0.775827 0.785873 0.061915 0.795389 0.009230 0.165655 0.838694 0.841005 0.718309 0.393990 0.737114 0.977720 0.045594 0.988939 0.250832 0.560338 0.135705 0.402895 0.553131 0.174544 0.392589 0.299076 0.031638 0.904436 0.177489 0.520027 0.521412 0.740075 0.888906 0.684064 0.182486 0.617831 0.716168 0.587298 0.109990 0.100490 0.592509 0.183793 0.911757 0.020652 0.953445 0.019074 0.486277 0.354556 0.133733 0.755576 0.561949 0.921489 0.739516 0.191512 0.752525 0.862297 0.883333 0.729576 0.247979 0.529268 0.173071 0.885479 0.731765 0.119172 0.146042 0.693265 0.464543 0.099876 0.135693 0.077074 0.816835 0.645323 0.876276 0.709409 0.835139 0.458517 0.116937 0.573143 0.190005 0.313042 0.429662 0.280234 0.157176 0.217718 0.156329 0.298177 0.443760 0.557218 0.634650 0.583505 0.343334 0.071442 0.706693 0.328377 0.870176 0.078588 0.360923 0.094202 0.087619 0.220054 0.767509 0.609421 0.385807 0.905958 0.632037 0.032615 0.530619 0.518241 0.253053 0.767287 0.990019 0.413355 0.830693 0.573602 0.619797 0.965519 0.778136 0.729557 0.657269 0.570196 0.999963 0.206155 0.767086 0.479547 0.250801 0.207488 0.775601 0.900392 0.562327 0.419919 0.990071 0.644901 0.872558 0.242568 0.637067 0.624182 0.959252 0.797572 0.308206
0.640440 0.004180 0.116003 0.833480 0.916110 0.290085 0.911308 0.412690 0.937194 0.006041 0.965454 0.371403 0.329153 0.553105 0.042668 0.057717 0.712033 0.705532 0.527784 0.262956 0.045382 0.756800 0.780254 0.437518 0.790849 0.349683 0.810359 0.908657 0.439561 0.478170 0.835816 0.378760 0.066010 0.036019 0.690583 0.372458 0.615319 0.856079 0.639653 0.831366 0.063293 0.475541 0.285744 0.944437 0.657362 0.624029 0.639921 0.536800 0.850161 0.669574 0.262727 0.310679 0.788470 0.084506 0.414401 0.543152 0.530279 0.190298 0.114806 0.223477 0.749920 0.055380 0.690697 0.715668 0.109915 0.506228 0.484910 0.963836 0.324907 0.749203 0.826645 0.410214 0.865809 0.989014 0.732098 0.885868 0.108832 0.112091 0.539155 0.576830 0.746790 0.352394 0.439303 0.779860 0.544330 0.081098 0.891923 0.807928 0.086705 0.319226 0.384535 0.855984 0.210256 0.631010 0.876513 0.943750 0.986148 0.965228 0.551668 0.699915 0.412892 0.376518 0.528232 0.877112 0.690473 0.714777 0.832088 0.396750 0.594847 0.623879 0.046771 0.469102 0.069602 0.655709 0.620293 0.547198 0.959927 0.735846 0.652124 0.021020 0.531075 0.720348 0.224464 0.824202 0.324961 0.690887 0.671394 0.367964 0.717622 0.561701 0.700055 0.121924 0.915412 0.480617 0.170071 0.079593 0.643202 0.113063 0.362340 0.016864 0.884725 0.070190 0.320391 0.535200 0.245855 0.067663 0.243996 0.711760 0.957796 0.543532 0.938492 0.916932 0.805684 0.861971 0.666882 0.572235 0.839697 0.700078 0.709511 0.551795 0.554956 0.384007 0.399996 0.806572 0.303280 0.017965 0.924304 0.080692 0.841307 0.444309 0.393790 0.049749 0.331272 0.471053 0.383759 0.727778 0.840688 0.017514 0.550362 0.914074 0.319432 0.310463 0.601075 0.108121 0.857161 0.671698 0.564571 0.794058 0.435052 0.236523 0.715577 0.658647 0.614678 0.797509 0.771048 0.174496 0.858970 0.427652 0.665441 0.047927 0.258194 0.799538 0.462508 0.063853 0.523735 0.422353 0.081681 0.072242 0.408147 0.594643 0.802121 0.157684 0.690398 0.230823 0.638207 0.523376 0.540894 0.948071 0.208879 0.460163 0.935160 0.693798 0.535772 0.753234 0.693504 0.583506 0.084424 0.477992 0.667573 0.054040 0.336725 0.443641 0.265702 0.330619 0.884537 0.816238 0.216641 0.305536 0.478298 0.704318 0.191121 0.882641 0.358554 0.158535 0.948385 0.356307 0.647823 0.270266 0.629203 0.739828 0.722598 0.454388 0.070751 0.809714 0.262591 0.624881 0.221164 0.668458 0.285771 0.621482 0.025136 0.441585 0.229149 0.657194 0.696453 0.231780 0.606388 0.399802 0.539645 0.791205 0.222799 0.118097 0.742224 0.642379 0.932195 0.731912 0.147102 0.354933 0.213881 0.549258 0.167198 0.673994 0.234504 0.464722 0.059692 0.985327 0.544302 0.691588 0.008025 0.488494 0.025424 0.342731 0.228461 0.347934 0.377085 0.082286 0.377302 0.879367 0.433329 0.096676
0.002845 0.147019 0.069126 0.647632 0.524984 0.716093 0.328880 0.912507 0.582127 0.098466 0.006715 0.481070 0.651604 0.757486 0.019416 0.105499 0.927601 0.561472 0.766439 0.929901 0.382369 0.493379 0.637843 0.103223 0.892680 0.586626 0.182963 0.766485 0.469141 0.419441 0.203615 0.870554 0.847711 0.657407 0.441871 0.222340 0.424335 0.907966 0.464590 0.000131 0.321287 0.552823 0.475043 0.846707 0.620106 0.998052 0.662610 0.134986 0.953848 0.389517 0.794550 0.244708 0.004915 0.337777 0.003720 0.176486 0.492474 0.843877 0.636962 0.167496 0.179877 0.882960 0.016979 0.963557 0.943306 0.534219 0.532510 0.482353 0.077591 0.686209 0.147268 0.463770 0.270511 0.749344 0.816815 0.224702 0.997887 0.029266 0.746954 0.630997 0.392140 0.884820 0.049973 0.737107 0.109066 0.163455 0.650598 0.761484 0.650593 0.902516 0.048464 0.941881 0.365774 0.768457 0.007630 0.055752 0.446763 0.771486 0.539728 0.480813 0.415788 0.467504 0.068950 0.712566 0.745670 0.855132 0.645112 0.165259 0.358869 0.530988 0.867688 0.608835 0.343820 0.728880 0.620699 0.869249 0.145708 0.053618 0.958817 0.755766 0.209763 0.231073 0.443011 0.159184 0.363139 0.283471 0.626281 0.482661 0.814270 0.517580 0.057474 0.210547 0.791980 0.497808 0.864104 0.956931 0.065118 0.752642 0.743244 0.729538 0.356470 0.488339 0.777630 0.471018 0.390329 0.507872 0.319059 0.554530 0.309603 0.716257 0.688865 0.210057 0.859556 0.271006 0.798076 0.084978 0.571958 0.505006 0.829471 0.873321 0.464203 0.741714 0.686190 0.387685 0.294602 0.892410 0.962402 0.308371 0.670512 0.121635 0.116359 0.495220 0.834246 0.973971 0.558822 0.955929 0.976459 0.080514 0.576889 0.519829 0.292683 0.847256 0.961569 0.176919 0.622645 0.251405 0.875480 0.700027 0.941141 0.324646 0.666423 0.607239 0.430066 0.006141 0.118772 0.526693 0.747489 0.279849 0.087388 0.104788 0.495777 0.263888 0.988588 0.875491 0.660740 0.226787 0.222569 0.134771 0.839981 0.107058 0.222703 0.244052 0.164596 0.039003 0.286484 0.805797 0.376627 0.278779 0.015209 0.382483 0.241270 0.882530 0.073146 0.642374 0.705914 0.784991 0.013484 0.371650 0.959301 0.940839 0.610860 0.160552 0.245367 0.952133 0.521620 0.094438 0.732961 0.236644 0.169647 0.997445 0.871182 0.013730 0.535579 0.582656 0.911255 0.624851 0.074945 0.555024 0.961016 0.331039 0.664955 0.295254 0.203468 0.622445 0.469398 0.261101 0.049589 0.055728 0.384928 0.287403 0.571719 0.676946 0.172846 0.779253 0.398203 0.626092 0.563844 0.702747 0.953613 0.561444 0.513898 0.434366 0.488760 0.586899 0.844668 0.207597 0.238689 0.171464 0.046499 0.766343 0.527739 0.411754 0.449980 0.415183 0.337813 0.629130 0.634923 0.842994 0.996589 0.641471 0.787374 0.828603 0.680279 0.733756 0.618749 0.885931 0.374093 0.555258 0.540720 0.702503
0.608843 0.113760 0.505449 0.187373 0.831773 0.531017 0.057038 0.453894 0.597970 0.889162 0.428147 0.567059 0.254937 0.557632 0.443852 0.415751 0.817455 0.904332 0.326272 0.743885 0.641124 0.360545 0.288588 0.725873 0.477891 0.323730 0.555154 0.207020 0.157680 0.860931 0.825032 0.686398 0.948553 0.014921 0.648806 0.643740 0.242172 0.660684 0.711655 0.181967 0.193631 0.824103 0.732038 0.438643 0.562332 0.889952 0.214546 0.016903 0.502904 0.824382 0.733852 0.031833 0.891441 0.012204 0.924146 0.588709 0.691495 0.962194 0.237094 0.726807 0.837997 0.270467 0.367242 0.541822 0.495782 0.914270 0.357866 0.002037 0.787230 0.482321 0.201326 0.984173 0.912295 0.855292 0.243548 0.961274 0.703493 0.459161 0.887817 0.550409 0.905761 0.799470 0.293997 0.181729 0.457705 0.375693 0.145463 0.109113 0.478726 0.521132 0.303057 0.518969 0.376577 0.831808 0.358479 0.490451 0.404445 0.521025 0.633937 0.404279 0.935317 0.643909 0.525273 0.391505 0.739488 0.571280 0.218800 0.762147 0.194713 0.564392 0.748180 0.768843 0.675523 0.079780 0.063887 0.166573 0.746502 0.660299 0.923972 0.721816 0.548292 0.990409 0.618138 0.628741 0.787121 0.287740 0.540574 0.110160 0.055837 0.797770 0.410191 0.322739 0.715247 0.650523 0.946204 0.032966 0.389291 0.118896 0.094211 0.346605 0.948688 0.429275 0.065219 0.581692 0.808930 0.733106 0.183851 0.240832 0.982455 0.451889 0.414626 0.363646 0.767789 0.832545 0.540589 0.898626 0.269177 0.218412 0.794885 0.741266 0.028309 0.675246 0.281899 0.307880 0.298240 0.387656 0.987552 0.220060 0.949417 0.151278 0.760992 0.546197 0.312522 0.873591 0.229239 0.864711 0.175800 0.843579 0.442055 0.981069 0.576000 0.022093 0.762199 0.624353 0.068469 0.471690 0.056005 0.145946 0.574964 0.906031 0.569606 0.933248 0.124545 0.554170 0.099471 0.019103 0.564371 0.882126 0.289722 0.248866 0.682298 0.411440 0.830365 0.839540 0.011559 0.528754 0.892692 0.074176 0.723913 0.874744 0.067236 0.459554 0.337283 0.779172 0.650225 0.092543 0.944647 0.961153 0.871340 0.608963 0.673540 0.252596 0.555467 0.071538 0.977606 0.652500 0.269521 0.383333 0.977228 0.823469 0.508523 0.632799 0.436268 0.490169 0.293846 0.343236 0.604058 0.290751 0.445908 0.276417 0.701867 0.005318 0.354789 0.881608 0.102235 0.428075 0.494631 0.549472 0.306828 0.949149 0.476743 0.182175 0.293103 0.615977 0.295172 0.829172 0.248568 0.729398 0.129052 0.714407 0.530077 0.569400 0.317331 0.095241 0.637213 0.721042 0.782367 0.575755 0.877420 0.706244 0.618959 0.233910 0.359846 0.936696 0.189167 0.214685 0.950797 0.501196 0.896906 0.621071 0.519083 0.372492 0.391847 0.904423 0.596495 0.748735 0.080411 0.914106 0.646634 0.926841 0.812249 0.412251 0.174328 0.448186 0.527450 0.832155 0.952560 0.559219 0.570265 0.290477
0.216888 0.535834 0.575166 0.162930 0.745332 0.992294 0.714859 0.456408 0.520157 0.249538 0.680135 0.157711 0.296070 0.190359 0.200123 0.632567 0.217316 0.082982 0.260031 0.050982 0.159041 0.796232 0.067730 0.268709 0.795538 0.338429 0.579676 0.442445 0.241569 0.187968 0.432510 0.141014 0.421066 0.968849 0.299805 0.762870 0.468672 0.459405 0.692188 0.501213 0.855384 0.451107 0.848063 0.132753 0.829611 0.027382 0.730591 0.712237 0.916259 0.726721 0.177273 0.458685 0.255940 0.245577 0.003984 0.460857 0.331512 0.685035 0.494534 0.794379 0.630717 0.639689 0.400022 0.972986 0.893401 0.458793 0.710985 0.016904 0.321460 0.888251 0.793497 0.835836 0.280280 0.220637 0.586553 0.946222 0.524608 0.307827 0.607622 0.798992 0.835979 0.349106 0.675925 0.141969 0.970369 0.526588 0.869055 0.645540 0.335619 0.114459 0.335865 0.664894 0.801217 0.403664 0.525344 0.101064 0.296146 0.726120 0.558796 0.463750 0.899726 0.927091 0.333776 0.368919 0.116976 0.042470 0.441996 0.048375 0.460387 0.856747 0.444895 0.213302 0.845692 0.177689 0.809952 0.901238 0.508644 0.221272 0.505194 0.462473 0.957586 0.195348 0.431723 0.674735 0.256846 0.185292 0.558758 0.039947 0.020100 0.965005 0.110908 0.762186 0.647725 0.856702 0.969778 0.797736 0.678547 0.803353 0.873400 0.674222 0.016561 0.269269 0.205856 0.838537 0.441193 0.023873 0.894216 0.651854 0.441641 0.268903 0.628972 0.258195 0.607284 0.269397 0.909282 0.047412 0.304762 0.895228 0.845467 0.482473 0.314578 0.124525 0.824450 0.496286 0.974475 0.260940 0.667150 0.308296 0.542039 0.731235 0.682857 0.792674 0.857025 0.645177 0.663974 0.398696 0.497218 0.831792 0.875937 0.905751 0.978907 0.697325 0.324408 0.059852 0.044977 0.902232 0.969321 0.844727 0.087849 0.922170 0.504181 0.843209 0.715361 0.477283 0.687977 0.024387 0.878413 0.599120 0.483245 0.577148 0.827437 0.582527 0.114444 0.096944 0.933883 0.307967 0.092052 0.888403 0.853891 0.343369 0.763564 0.578535 0.630769 0.395560 0.769998 0.234509 0.860431 0.690249 0.505160 0.035015 0.151212 0.677172 0.292394 0.363111 0.933196 0.697804 0.340796 0.264495 0.723431 0.425773 0.288620 0.416129 0.352261 0.906075 0.107344 0.737796 0.360914 0.521111 0.688478 0.095057 0.362450 0.347258 0.051386 0.460852 0.778330 0.185723 0.365204 0.091634 0.492434 0.317294 0.492500 0.922238 0.834279 0.757483 0.087852 0.171127 0.976888 0.601493 0.208854 0.042424 0.336917 0.417035 0.416663 0.166722 0.414717 0.728251 0.641216 0.900664 0.768041 0.153000 0.821685 0.637579 0.665453 0.902989 0.956990 0.982734 0.550903 0.761287 0.477335 0.840989 0.800126 0.408377 0.301761 0.804703 0.413704 0.177456 0.348424 0.074354 0.270004 0.544208 0.572625 0.512438 0.189389 0.082585 0.963925 0.354224 0.096962 0.057771 0.481398 0.230702
0.041088 0.498432 0.002792 0.046367 0.722459 0.789980 0.220090 0.810827 0.906221 0.619128 0.386048 0.238192 0.204365 0.844004 0.179668 0.081842 0.269534 0.472748 0.903220 0.849460 0.619686 0.068146 0.581973 0.429953 0.860060 0.941854 0.062625 0.831892 0.685030 0.064427 0.049006 0.542837 0.540739 0.788185 0.960843 0.492207 0.092806 0.829025 0.629406 0.962921 0.563468 0.242451 0.275101 0.897101 0.483428 0.653275 0.288675 0.229679 0.233352 0.684239 0.048372 0.393823 0.035779 0.512538 0.205068 0.363007 0.514789 0.462633 0.082161 0.169805 0.498093 0.866669 0.906237 0.733463 0.150873 0.281123 0.623599 0.782933 0.107527 0.259976 0.909480 0.632751 0.151206 0.696223 0.958877 0.090699 0.208892 0.938357 0.902829 0.708794 0.666376 0.753169 0.418285 0.419950 0.161962 0.628024 0.072588 0.065194 0.274467 0.366478 0.817175 0.468410 0.099272 0.046721 0.276542 0.510477 0.949817 0.934043 0.661017 0.190557 0.324999 0.942762 0.256753 0.354958 0.330939 0.222299 0.809855 0.728552 0.652720 0.299051 0.725501 0.032642 0.554406 0.222383 0.443354 0.931930 0.550572 0.607628 0.659024 0.240795 0.265949 0.216482 0.668231 0.715364 0.945715 0.508530 0.864567 0.667933 0.279802 0.995942 0.342877 0.752415 0.827231 0.137849 0.269556 0.302775 0.053514 0.271750 0.047351 0.836624 0.390530 0.403030 0.131457 0.714153 0.130952 0.078488 0.720308 0.335875 0.480901 0.964491 0.929088 0.385613 0.992510 0.383047 0.639469 0.020957 0.486054 0.815174 0.448542 0.359252 0.596781 0.049789 0.546997 0.498420 0.548538 0.731924 0.574381 0.956897 0.105352 0.261344 0.079334 0.805703 0.371833 0.539101 0.141585 0.053052 0.049432 0.511266 0.819195 0.477712 0.915635 0.411820 0.370030 0.904526 0.345851 0.306818 0.509796 0.964994 0.147650 0.865567 0.858776 0.059448 0.204161 0.670195 0.992376 0.465696 0.951841 0.651434 0.352591 0.634174 0.128617 0.181913 0.405171 0.431760 0.013682 0.670392 0.675067 0.285109 0.527408 0.057364 0.255422 0.918515 0.246453 0.577316 0.746800 0.053356 0.603465 0.223649 0.925724 0.434104 0.740770 0.697323 0.926608 0.625417 0.685363 0.480809 0.654189 0.314442 0.259891 0.498792 0.298259 0.554411 0.503654 0.799792 0.986471 0.883230 0.345484 0.058588 0.672362 0.235303 0.671625 0.145546 0.464768 0.080516 0.453569 0.014997 0.790023 0.578196 0.687264 0.391500 0.079414 0.572945 0.287252 0.976833 0.927714 0.859565 0.179199 0.718726 0.766675 0.760171 0.196557 0.689991 0.854717 0.939846 0.333835 0.921381 0.751402 0.455052 0.984550 0.272746 0.072938 0.305296 0.251034 0.054996 0.785488 0.763794 0.377854 0.696601 0.632809 0.068074 0.607800 0.154327 0.561828 0.933581 0.614236 0.707065 0.420859 0.237138 0.120342 0.558691 0.937223 0.625697 0.319568 0.521773 0.301689 0.414213 0.962668 0.441389 0.813553 0.977017
0.260079 0.027938 0.878360 0.404676 0.782929 0.907552 0.151438 0.267732 0.649382 0.619105 0.985135 0.313418 0.716215 0.691692 0.370511 0.247735 0.961218 0.030605 0.447505 0.007074 0.482282 0.873473 0.167726 0.411802 0.897467 0.674609 0.691718 0.623367 0.411023 0.325211 0.058336 0.857129 0.799164 0.699560 0.794214 0.409253 0.614123 0.058167 0.519420 0.516755 0.364415 0.349803 0.245382 0.205365 0.821544 0.009951 0.530529 0.036786 0.152982 0.983174 0.466239 0.601955 0.836364 0.391397 0.129674 0.007314 0.114474 0.378424 0.060195 0.015938 0.140047 0.592246 0.821235 0.779434 0.107255 0.905939 0.922954 0.040251 0.303222 0.742352 0.493965 0.625406 0.847656 0.426175 0.005481 0.603973 0.242865 0.772156 0.799138 0.521082 0.629701 0.336999 0.364391 0.239646 0.197577 0.749389 0.182352 0.144729 0.670095 0.535072 0.308851 0.820113 0.187179 0.617520 0.328885 0.989597 0.216161 0.393173 0.133314 0.033491 0.786688 0.265421 0.781560 0.432181 0.281539 0.941075 0.085485 0.689599 0.863327 0.748966 0.313777 0.075176 0.950083 0.607819 0.037207 0.603787 0.680182 0.299683 0.785987 0.607855 0.139618 0.915078 0.337047 0.642852 0.057765 0.725178 0.897777 0.319062 0.004999 0.150951 0.555736 0.892070 0.878993 0.685262 0.210912 0.538546 0.100360 0.275629 0.739661 0.193984 0.008140 0.490433 0.475492 0.297471 0.706560 0.019855 0.603870 0.123633 0.410361 0.840883 0.344457 0.978789 0.753309 0.221314 0.890968 0.377209 0.972970 0.067257 0.672879 0.602547 0.478325 0.562222 0.864115 0.725401 0.307442 0.173439 0.597568 0.162537 0.085690 0.952670 0.590499 0.434541 0.161723 0.813476 0.100949 0.393239 0.608917 0.417375 0.575739 0.880784 0.290736 0.582067 0.788894 0.432413 0.199706 0.659458 0.932868 0.435487 0.992019 0.064034 0.416561 0.963845 0.441216 0.107867 0.426940 0.065682 0.617604 0.250935 0.854419 0.962318 0.322464 0.734013 0.526289 0.673775 0.407588 0.993189 0.810397 0.194956 0.511610 0.908359 0.580305 0.247443 0.393006 0.344023 0.168422 0.096666 0.750510 0.542394 0.578768 0.552413 0.634674 0.209312 0.460780 0.576158 0.235352 0.516138 0.239607 0.725061 0.758899 0.244651 0.693980 0.695656 0.037390 0.243016 0.977468 0.463914 0.593799 0.545219 0.770076 0.466223 0.943503 0.583183 0.542524 0.917393 0.420299 0.240668 0.035620 0.737867 0.116891 0.470620 0.243242 0.567236 0.936228 0.047032 0.484021 0.528370 0.593812 0.822682 0.619611 0.536052 0.255825 0.980066 0.116897 0.500162 0.710863 0.623121 0.267020 0.354064 0.382329 0.673789 0.671614 0.054556 0.318474 0.056009 0.347422 0.638912 0.764790 0.962781 0.241374 0.693544 0.625922 0.203752 0.752441 0.691755 0.162754 0.638417 0.046157 0.181557 0.470073 0.346567 0.851171 0.763305 0.674379 0.591287 0.336447 0.774172 0.947378 0.298576 0.446449 0.772021
0.195426 0.202400 0.985816 0.629162 0.469350 0.946828 0.178554 0.246454 0.818815 0.310115 0.776477 0.668491 0.878974 0.858114 0.117044 0.912571 0.829162 0.888612 0.373540 0.290080 0.864507 0.883004 0.106473 0.086234 0.936691 0.687651 0.345668 0.481718 0.456034 0.004868 0.118400 0.507313 0.348602 0.071282 0.399283 0.389261 0.208668 0.858790 0.179857 0.619270 0.461770 0.001585 0.125136 0.319713 0.584703 0.231237 0.746710 0.934722 0.377455 0.353798 0.639539 0.090541 0.654772 0.768338 0.761310 0.146712 0.503505 0.451785 0.886475 0.377564 0.845729 0.752110 0.310626 0.663483 0.897888 0.040495 0.667634 0.589850 0.114582 0.493079 0.491100 0.315300 0.184448 0.193518 0.293821 0.719398 0.354940 0.523151 0.388425 0.128863 0.790442 0.175895 0.594636 0.516579 0.280601 0.734131 0.203721 0.001866 0.961784 0.769683 0.578156 0.995510 0.073104 0.678296 0.837819 0.209242 0.810128 0.826596 0.103933 0.118424 0.124348 0.444110 0.183711 0.221068 0.470576 0.819144 0.337430 0.570001 0.346408 0.784614 0.400140 0.123778 0.152524 0.407182 0.820150 0.370025 0.856431 0.494713 0.109925 0.315542 0.962759 0.352885 0.102967 0.757981 0.645674 0.747816 0.455463 0.769201 0.693496 0.183349 0.150686 0.870746 0.898296 0.236489 0.307385 0.626892 0.325925 0.627805 0.239774 0.047047 0.895079 0.244184 0.491297 0.650535 0.462721 0.658812 0.988106 0.979944 0.433730 0.516923 0.879596 0.696692 0.397937 0.160516 0.454650 0.828258 0.772175 0.516114 0.290633 0.060997 0.267319 0.284643 0.282589 0.371958 0.775769 0.403226 0.370909 0.589824 0.267329 0.621503 0.337406 0.046398 0.947196 0.930816 0.045732 0.368561 0.509695 0.365560 0.160179 0.906599 0.712649 0.111186 0.711554 0.228174 0.124032 0.266744 0.944263 0.336309 0.248500 0.024849 0.433174 0.256633 0.454047 0.015604 0.195558 0.896098 0.843355 0.909661 0.905473 0.888914 0.846554 0.774996 0.090684 0.811745 0.455624 0.313236 0.605593 0.871128 0.763754 0.403761 0.705203 0.908596 0.327783 0.426121 0.696952 0.308277 0.751399 0.562624 0.637951 0.200798 0.479751 0.179504 0.537995 0.063774 0.416445 0.615940 0.994710 0.079340 0.698426 0.554752 0.231624 0.089212 0.619421 0.594102 0.983014 0.626555 0.959951 0.286710 0.595803 0.144287 0.932945 0.262541 0.258725 0.497101 0.028383 0.868610 0.429489 0.608088 0.626440 0.216461 0.735959 0.286193 0.598328 0.852508 0.687554 0.486354 0.482148 0.264785 0.199244 0.532554 0.334307 0.339880 0.271827 0.795643 0.710261 0.191517 0.193202 0.612209 0.755034 0.160931 0.470703 0.887637 0.129383 0.040714 0.423514 0.430656 0.004193 0.489991 0.642137 0.934848 0.863706 0.856363 0.930480 0.342567 0.115780 0.479476 0.665720 0.616447 0.407932 0.476281 0.973717 0.838442 0.698470 0.570749 0.116973 0.865149 0.546337 0.396536 0.639530 0.738416
0.121768 0.883706 0.177327 0.555028 0.154253 0.901906 0.700879 0.727808 0.683945 0.684731 0.083133 0.525856 0.775463 0.978680 0.688513 0.686126 0.529470 0.249384 0.250353 0.513391 0.564501 0.056777 0.082564 0.864836 0.493249 0.336332 0.428817 0.831088 0.627182 0.216055 0.442966 0.282719 0.066744 0.379791 0.015182 0.559569 0.655744 0.645739 0.341310 0.006756 0.958615 0.599867 0.393556 0.777136 0.164066 0.766813 0.278308 0.215862 0.301509 0.341096 0.252137 0.715704 0.519127 0.797097 0.830780 0.590430 0.030436 0.070203 0.908547 0.920017 0.007138 0.854882 0.292215 0.000008 0.781874 0.678152 0.364254 0.861093 0.628291 0.968982 0.731252 0.685520 0.894129 0.421564 0.947802 0.142881 0.534136 0.796419 0.183263 0.720883 0.404141 0.200840 0.790022 0.535676 0.599497 0.717161 0.271485 0.447991 0.312012 0.840717 0.628149 0.478193 0.779862 0.559270 0.602830 0.902893 0.398851 0.276452 0.409734 0.577220 0.596269 0.896121 0.839502 0.078725 0.430946 0.669543 0.098257 0.276110 0.834426 0.993322 0.542329 0.708168 0.529971 0.133060 0.668615 0.626234 0.325561 0.700031 0.431067 0.308944 0.817970 0.064981 0.298625 0.037390 0.686862 0.009993 0.390929 0.646110 0.851603 0.464220 0.473519 0.790403 0.580213 0.327995 0.703578 0.681693 0.316655 0.171373 0.690598 0.838149 0.402921 0.663020 0.789237 0.220953 0.780697 0.902327 0.058620 0.372453 0.499637 0.699145 0.728231 0.252941 0.717856 0.270375 0.979994 0.521385 0.176583 0.435471 0.205495 0.081600 0.782528 0.785990 0.356506 0.727781 0.858209 0.026480 0.985288 0.166659 0.435203 0.598719 0.249115 0.302938 0.652080 0.585160 0.929059 0.687946 0.277152 0.456086 0.318459 0.590456 0.616620 0.387613 0.256279 0.070368 0.403020 0.282623 0.589235 0.092209 0.391517 0.229601 0.618411 0.307348 0.346695 0.920065 0.496285 0.678937 0.774598 0.464751 0.565585 0.778196 0.932955 0.510111 0.612962 0.003794 0.787044 0.981337 0.847227 0.623172 0.260992 0.033250 0.019642 0.573337 0.908018 0.685881 0.648080 0.522206 0.730022 0.641810 0.032557 0.340939 0.014636 0.333571 0.317713 0.194416 0.642853 0.788689 0.243493 0.114628 0.385286 0.213193 0.258249 0.612812 0.525777 0.691554 0.073120 0.640905 0.618313 0.426274 0.490762 0.774106 0.786354 0.928220 0.039194 0.814282 0.383108 0.164441 0.373812 0.928866 0.361380 0.749743 0.695909 0.675944 0.395032 0.202161 0.336359 0.065017 0.466280 0.933720 0.368603 0.966581 0.569307 0.296311 0.095350 0.079265 0.072325 0.535546 0.501087 0.493280 0.595332 0.929683 0.393775 0.029153 0.526689 0.638276 0.974939 0.692909 0.096837 0.808110 0.437825 0.832669 0.951035 0.230854 0.339992 0.482384 0.033176 0.056424 0.255190 0.321503 0.147046 0.151195 0.509991 0.535437 0.813438 0.077539 0.842367 0.203944 0.712238 0.048300 0.319305 0.333638
0.030856 0.369173 0.654906 0.271738 0.602835 0.095729 0.874324 0.395151 0.227686 0.372450 0.615077 0.565913 0.233903 0.058987 0.024623 0.656001 0.883729 0.077875 0.727542 0.191755 0.593601 0.099361 0.905409 0.840503 0.927435 0.447283 0.579488 0.633878 0.756740 0.161848 0.847761 0.825232 0.394469 0.552443 0.100743 0.477459 0.810682 0.088926 0.368703 0.599896 0.388319 0.376849 0.400688 0.190821 0.073405 0.456173 0.687635 0.397397 0.779220 0.986266 0.681289 0.510198 0.324459 0.290703 0.154031 0.562040 0.195650 0.247148 0.192713 0.967233 0.556258 0.205095 0.648421 0.764672 0.183383 0.842642 0.138506 0.806621 0.932337 0.586657 0.140400 0.983743 0.305810 0.705570 0.554124 0.900045 0.249160 0.637971 0.355009 0.002566 0.648474 0.598022 0.637316 0.712590 0.571035 0.936572 0.790185 0.580415 0.943088 0.540518 0.144828 0.007847 0.718711 0.311090 0.878273 0.795736 0.179567 0.138026 0.947817 0.065537 0.754517 0.145925 0.771167 0.034724 0.448076 0.057102 0.345028 0.253001 0.823303 0.413955 0.767618 0.246208 0.171694 0.347366 0.282509 0.263132 0.088438 0.730930 0.728855 0.342215 0.071159 0.408768 0.809696 0.939466 0.494556 0.061205 0.279874 0.513433 0.662681 0.163164 0.560072 0.871951 0.893747 0.534152 0.081305 0.403501 0.136834 0.008342 0.731832 0.407113 0.365337 0.733762 0.048687 0.814608 0.305507 0.827210 0.183052 0.528967 0.306706 0.500651 0.516834 0.202771 0.943995 0.272866 0.786120 0.931839 0.310839 0.173923 0.923323 0.137972 0.532830 0.428608 0.549538 0.858301 0.698251 0.116130 0.138960 0.286550 0.611019 0.499301 0.376584 0.364597 0.520197 0.615801 0.994991 0.512266 0.864583 0.856639 0.160308 0.732742 0.562484 0.744633 0.141704 0.672092 0.812025 0.074409 0.447057 0.005341 0.767022 0.617303 0.678507 0.144642 0.689097 0.162957 0.474742 0.054444 0.982987 0.629034 0.780726 0.664235 0.425728 0.725632 0.458411 0.857336 0.711879 0.928668 0.480539 0.027238 0.127546 0.543603 0.746871 0.629856 0.741510 0.220103 0.156725 0.632259 0.001889 0.554768 0.264437 0.187096 0.819490 0.467219 0.203740 0.796501 0.959025 0.781824 0.702768 0.521266 0.452625 0.329267 0.491838 0.578323 0.134953 0.178743 0.494682 0.764555 0.259528 0.240819 0.092717 0.458960 0.304528 0.363793 0.463791 0.437280 0.223739 0.167565 0.195631 0.971967 0.959825 0.791027 0.512905 0.875054 0.748335 0.245091 0.974119 0.066334 0.577995 0.743438 0.900662 0.919358 0.030146 0.264556 0.229232 0.641333 0.159175 0.600632 0.026625 0.384914 0.310145 0.535438 0.715648 0.122108 0.131206 0.031484 0.786626 0.226674 0.255000 0.930074 0.855338 0.719953 0.403244 0.047443 0.953119 0.147349 0.336812 0.810079 0.051276 0.869478 0.306256 0.061324 0.489533 0.762392 0.092483 0.267608 0.890406 0.091822 0.234224 0.395184 0.140472 0.498141
0.661257 0.844293 0.585207 0.640414 0.642520 0.222927 0.544210 0.679598 0.566826 0.179713 0.450259 0.261206 0.389187 0.702235 0.430385 0.962762 0.515224 0.382572 0.963067 0.859093 0.474595 0.306400 0.384182 0.232403 0.013849 0.028806 0.192120 0.908299 0.931499 0.239818 0.780307 0.901400 0.071604 0.588456 0.239600 0.268791 0.369692 0.706885 0.145732 0.200327 0.455758 0.604929 0.685094 0.590946 0.990141 0.159969 0.391549 0.874484 0.319628 0.734623 0.922707 0.446205 0.733841 0.202921 0.036288 0.634148 0.867009 0.261661 0.474952 0.189316 0.675434 0.920964 0.770031 0.825124 0.612739 0.785692 0.903553 0.969178 0.503605 0.660481 0.972366 0.732722 0.373459 0.153558 0.828524 0.837746 0.059534 0.685899 0.842811 0.172263 0.194773 0.447237 0.905286 0.005556 0.281204 0.066481 0.294937 0.713156 0.910674 0.807295 0.949768 0.408285 0.904660 0.046763 0.985590 0.911619 0.947146 0.053422 0.801936 0.109689 0.436167 0.301447 0.008735 0.087308 0.871933 0.811069 0.586967 0.685849 0.264752 0.111659 0.889852 0.373145 0.830164 0.805094 0.382335 0.283810 0.068343 0.259863 0.859125 0.167703 0.992955 0.872468 0.221058 0.775269 0.557238 0.011714 0.462260 0.353087 0.713956 0.256251 0.601893 0.609406 0.890502 0.656027 0.409531 0.590023 0.674238 0.789560 0.528863 0.746916 0.138110 0.912156 0.252802 0.513061 0.670970 0.701496 0.062959 0.785340 0.474690 0.050498 0.038335 0.366970 0.362216 0.546572 0.576489 0.100179 0.472456 0.686772 0.375475 0.489210 0.018083 0.535505 0.576541 0.365175 0.260969 0.677864 0.916474 0.421374 0.072840 0.973857 0.652567 0.592850 0.718340 0.255543 0.046708 0.981911 0.257749 0.274723 0.679642 0.239779 0.968705 0.269399 0.681675 0.326976 0.928654 0.778704 0.225334 0.229054 0.318698 0.948248 0.397245 0.675009 0.291647 0.068477 0.679562 0.518080 0.523456 0.711552 0.696510 0.234961 0.372838 0.413328 0.307310 0.232324 0.518402 0.807017 0.739425 0.329832 0.350222 0.332354 0.422452 0.240605 0.433075 0.465164 0.870485 0.451143 0.871820 0.623262 0.964123 0.662373 0.502918 0.428839 0.966527 0.860453 0.283138 0.731552 0.523926 0.822163 0.916392 0.004857 0.697134 0.397931 0.382476 0.707239 0.914312 0.079320 0.857314 0.556361 0.391017 0.342592 0.972833 0.932650 0.262555 0.954715 0.231968 0.849074 0.033588 0.252827 0.248437 0.672695 0.167759 0.268326 0.567620 0.327823 0.277778 0.417408 0.600433 0.969052 0.927871 0.253380 0.857155 0.741827 0.881858 0.697679 0.399042 0.326330 0.555496 0.955432 0.875772 0.929201 0.854242 0.272216 0.478637 0.408159 0.980198 0.272989 0.611463 0.128597 0.628394 0.609986 0.833011 0.346773 0.398569 0.434012 0.812814 0.470585 0.688808 0.512147 0.178910 0.566586 0.508479 0.435020 0.023031 0.012142 0.355287 0.067018 0.778169 0.109150 0.174882 0.300067
0.802168 0.672287 0.710277 0.884615 0.391074 0.749783 0.460892 0.519402 0.516855 0.401397 0.570544 0.604466 0.651287 0.520918 0.422048 0.706874 0.607496 0.464907 0.561326 0.941102 0.489734 0.245623 0.963033 0.589717 0.487885 0.687436 0.564508 0.954521 0.045439 0.186758 0.337485 0.726105 0.542715 0.085589 0.686884 0.859598 0.383839 0.033110 0.846087 0.588209 0.827249 0.808160 0.146027 0.237395 0.016649 0.445965 0.954573 0.528771 0.824102 0.062725 0.613170 0.943224 0.773491 0.998186 0.388113 0.866756 0.483926 0.243536 0.214039 0.636979 0.468222 0.374925 0.869540 0.689265 0.627502 0.638585 0.779289 0.174043 0.448842 0.012840 0.419310 0.939424 0.308562 0.364025 0.463844 0.129211 0.052847 0.664086 0.843329 0.102054 0.603019 0.731905 0.269115 0.629499 0.485382 0.332599 0.579705 0.677322 0.643635 0.347539 0.933069 0.345228 0.797016 0.635668 0.844359 0.210144 0.688614 0.036958 0.777116 0.908894 0.028778 0.127517 0.331703 0.859195 0.244346 0.430805 0.815995 0.084842 0.102022 0.792147 0.643487 0.131176 0.019433 0.585056 0.600639 0.312491 0.449752 0.233694 0.818772 0.363557 0.245127 0.839269 0.157102 0.663452 0.765618 0.708047 0.947155 0.788810 0.751846 0.198038 0.192104 0.079992 0.415602 0.940789 0.353728 0.225974 0.328428 0.601578 0.332094 0.288987 0.470660 0.035662 0.623718 0.389907 0.819033 0.003746 0.893486 0.823340 0.719882 0.980453 0.196766 0.360458 0.074839 0.846857 0.601717 0.528195 0.243226 0.910185 0.158995 0.659386 0.622829 0.373687 0.852643 0.853780 0.920743 0.182226 0.885566 0.142430 0.463705 0.636292 0.175580 0.448188 0.417915 0.448798 0.350555 0.910317 0.213959 0.574435 0.090470 0.999780 0.144912 0.345612 0.462300 0.169791 0.863283 0.920454 0.590181 0.290905 0.522221 0.759747 0.034236 0.078241 0.043619 0.019854 0.560675 0.984972 0.520798 0.035498 0.344132 0.541047 0.056604 0.572460 0.408289 0.882320 0.532462 0.720974 0.386771 0.490211 0.717555 0.242251 0.559403 0.618674 0.773985 0.283115 0.214919 0.410460 0.029596 0.102652 0.177646 0.715705 0.531642 0.250522 0.702513 0.451847 0.587160 0.291932 0.964081 0.644353 0.371743 0.591478 0.662793 0.053620 0.193509 0.714856 0.603364 0.908685 0.936550 0.136060 0.879881 0.203471 0.632193 0.459326 0.744595 0.066379 0.104580 0.443133 0.602827 0.843711 0.516402 0.827102 0.071741 0.837913 0.613766 0.030680 0.224828 0.476486 0.958739 0.827122 0.311689 0.610874 0.520818 0.591044 0.981357 0.991642 0.841313 0.428717 0.074219 0.172101 0.078786 0.884266 0.155461 0.776807 0.949315 0.345882 0.750579 0.436432 0.642881 0.745736 0.273278 0.090966 0.349956 0.389360 0.874797 0.859994 0.237759 0.980034 0.411899 0.052101 0.017327 0.689126 0.349071 0.156646 0.814245 0.154866 0.263021 0.655691 0.451229 0.581685 0.657601 0.816931
0.337199 0.729561 0.688206 0.065066 0.233577 0.606103 0.719096 0.391214 0.200273 0.146685 0.849461 0.402260 0.943058 0.876816 0.601188 0.433415 0.748812 0.986857 0.639516 0.592895 0.034650 0.209026 0.324498 0.718512 0.920404 0.472331 0.509819 0.738126 0.230214 0.425140 0.804832 0.062036 0.759395 0.707418 0.733144 0.869637 0.490570 0.223603 0.953738 0.649342 0.429249 0.903818 0.400616 0.425342 0.327705 0.710059 0.931870 0.602708 0.697722 0.225100 0.591594 0.455636 0.542075 0.204077 0.771498 0.733052 0.996118 0.521821 0.386981 0.499119 0.386755 0.551143 0.579417 0.254638 0.924995 0.008677 0.972441 0.040696 0.154809 0.905434 0.270454 0.639371 0.181105 0.899418 0.204914 0.438622 0.917050 0.891993 0.615716 0.942117 0.252741 0.337451 0.261902 0.765270 0.441906 0.715915 0.148259 0.361166 0.933710 0.910615 0.595371 0.227974 0.478787 0.092416 0.067005 0.431221 0.550387 0.850474 0.268933 0.545295 0.022891 0.178688 0.784474 0.456818 0.876308 0.945795 0.990498 0.243270 0.691049 0.147255 0.591749 0.764217 0.117376 0.694899 0.232491 0.544239 0.691672 0.191446 0.696672 0.242554 0.463314 0.193709 0.113472 0.290978 0.465872 0.206666 0.322518 0.924183 0.728428 0.500958 0.070513 0.564881 0.000055 0.581026 0.432102 0.914777 0.287626 0.167649 0.819256 0.722458 0.866039 0.893221 0.246210 0.304009 0.200064 0.182663 0.220768 0.194847 0.592985 0.737249 0.698387 0.032066 0.220079 0.828830 0.048092 0.808014 0.617883 0.118575 0.760922 0.783765 0.582698 0.316648 0.438466 0.892326 0.445806 0.531056 0.192178 0.859628 0.151551 0.129058 0.279203 0.267174 0.343986 0.199324 0.315711 0.916171 0.771873 0.012029 0.771571 0.589119 0.788399 0.315445 0.600341 0.824718 0.868841 0.163288 0.898858 0.232125 0.172036 0.354993 0.968876 0.407217 0.831074 0.287235 0.413628 0.941771 0.166248 0.942000 0.459016 0.235631 0.855661 0.436621 0.236341 0.561903 0.680837 0.255098 0.705133 0.823174 0.714079 0.817376 0.588574 0.669743 0.818875 0.521877 0.395799 0.093273 0.430548 0.484937 0.185311 0.899202 0.046902 0.892594 0.325790 0.806091 0.611338 0.313165 0.750359 0.970709 0.392397 0.081324 0.570048 0.077109 0.456875 0.023346 0.849178 0.525225 0.727154 0.895153 0.573404 0.413086 0.657854 0.363094 0.567771 0.178214 0.023972 0.802727 0.509023 0.034172 0.263564 0.962175 0.253698 0.678398 0.883558 0.754696 0.525741 0.126574 0.066828 0.281594 0.891943 0.976053 0.034689 0.851942 0.397300 0.866412 0.490914 0.237217 0.880056 0.450253 0.200760 0.194452 0.626901 0.570762 0.530633 0.756917 0.323184 0.781793 0.466688 0.008184 0.880760 0.449532 0.989739 0.357657 0.549896 0.308168 0.943376 0.259390 0.459983 0.006757 0.044332 0.957933 0.455360 0.426592 0.807553 0.592031 0.781061 0.055331 0.096793 0.325816 0.669307 0.930510
0.817344 0.792472 0.089048 0.836756 0.599624 0.519339 0.106646 0.864757 0.031803 0.424549 0.000059 0.350758 0.614221 0.625818 0.151131 0.101248 0.622398 0.904725 0.483341 0.267331 0.468441 0.796475 0.218712 0.887478 0.165614 0.469581 0.544024 0.231831 0.431828 0.763012 0.212267 0.293975 0.349100 0.999848 0.031936 0.667113 0.422566 0.507943 0.440738 0.365859 0.130818 0.562908 0.848239 0.121372 0.135632 0.025920 0.913445 0.781583 0.737697 0.264047 0.071090 0.552994 0.111856 0.394021 0.686233 0.632896 0.781358 0.981089 0.385580 0.245202 0.630783 0.800264 0.762565 0.219241 0.882223 0.675671 0.597340 0.034977 0.036255 0.357417 0.458541 0.359473 0.627700 0.016024 0.705405 0.570346 0.438311 0.795593 0.868101 0.695194 0.497239 0.012779 0.101226 0.589375 0.832627 0.061466 0.216054 0.346401 0.458470 0.046603 0.165634 0.646289 0.936534 0.506031 0.792542 0.261733 0.312593 0.353800 0.781444 0.401781 0.580424 0.917635 0.353722 0.752901 0.928194 0.757889 0.632961 0.020864 0.754051 0.799050 0.816324 0.332158 0.981990 0.123320 0.627416 0.410386 0.769194 0.074617 0.887133 0.402594 0.125303 0.095372 0.340508 0.840140 0.601700 0.210629 0.236184 0.092506 0.111271 0.630148 0.603388 0.594796 0.060319 0.965636 0.405370 0.228835 0.999578 0.944021 0.400095 0.290634 0.776001 0.765563 0.067094 0.188964 0.480119 0.629391 0.189049 0.630707 0.011564 0.244732 0.383816 0.540074 0.174319 0.723606 0.614013 0.005973 0.810886 0.018260 0.253910 0.818302 0.237827 0.936609 0.454425 0.219075 0.492618 0.757814 0.047467 0.085827 0.111270 0.339570 0.823258 0.479711 0.776134 0.755620 0.624293 0.843176 0.034867 0.087877 0.337835 0.303084 0.157194 0.490608 0.314903 0.147761 0.668840 0.811574 0.371500 0.121867 0.155049 0.673176 0.577365 0.740971 0.986513 0.085436 0.091268 0.083368 0.580847 0.614460 0.907975 0.299767 0.263293 0.742226 0.766131 0.235211 0.140512 0.542269 0.139686 0.134856 0.780471 0.211759 0.309742 0.277060 0.384999 0.411999 0.858099 0.350844 0.527181 0.172504 0.870676 0.466945 0.318915 0.397338 0.574582 0.390069 0.497463 0.039120 0.997792 0.455023 0.124606 0.494717 0.667259 0.723123 0.228909 0.850141 0.788120 0.980601 0.347750 0.235038 0.184909 0.649566 0.809247 0.358307 0.872339 0.845059 0.101275 0.029573 0.852656 0.763294 0.706486 0.330084 0.509970 0.573622 0.072834 0.631905 0.266203 0.588918 0.789825 0.653795 0.652855 0.676469 0.671400 0.178490 0.145193 0.033166 0.191760 0.576347 0.041641 0.993657 0.137734 0.615404 0.271092 0.286624 0.203633 0.849033 0.652035 0.208011 0.103157 0.840509 0.417718 0.152572 0.888084 0.282806 0.457050 0.385711 0.805845 0.379030 0.901877 0.332925 0.475189 0.128202 0.314088 0.086368 0.619710 0.164824 0.255472 0.489180 0.457138 0.497362 0.142741 0.395655
0.223942 0.358493 0.942406 0.784293 0.530437 0.807114 0.850316 0.577719 0.923392 0.969221 0.380928 0.675246 0.795156 0.435450 0.866102 0.117197 0.797726 0.957939 0.528944 0.266718 0.897144 0.908973 0.222571 0.278988 0.003709 0.479806 0.672505 0.214416 0.305710 0.886251 0.975434 0.455870 0.009238 0.258363 0.094672 0.326433 0.423625 0.052440 0.558294 0.800719 0.753865 0.683457 0.773424 0.059444 0.489639 0.604716 0.710069 0.685503 0.029953 0.590433 0.415802 0.559522 0.991330 0.765316 0.272046 0.584992 0.087121 0.139441 0.552932 0.104670 0.259426 0.851134 0.370204 0.028841 0.843181 0.443781 0.167890 0.901545 0.735713 0.730041 0.084467 0.582195 0.954698 0.735200 0.760985 0.252690 0.789024 0.520051 0.043758 0.926246 0.415834 0.641306 0.578465 0.423864 0.153810 0.633532 0.428316 0.153404 0.020793 0.455682 0.797770 0.652706 0.051458 0.150730 0.606421 0.209299 0.116342 0.061057 0.829614 0.010925 0.608200 0.003508 0.192015 0.858537 0.656054 0.048378 0.652892 0.327507 0.767896 0.141646 0.703954 0.338624 0.798692 0.162506 0.787618 0.650113 0.214494 0.966986 0.975620 0.051932 0.857057 0.035716 0.769402 0.163327 0.240186 0.929444 0.578482 0.074620 0.394155 0.617342 0.572225 0.612116 0.586788 0.238107 0.728515 0.299150 0.872845 0.027555 0.138695 0.875778 0.139045 0.582525 0.525829 0.612644 0.142179 0.654260 0.620445 0.722398 0.280959 0.067780 0.137379 0.073044 0.311623 0.306384 0.699026 0.280148 0.100122 0.166678 0.196702 0.632336 0.388895 0.636609 0.373870 0.847327 0.814606 0.498105 0.331585 0.985669 0.622656 0.741407 0.122658 0.456963 0.080650 0.311887 0.217432 0.969990 0.306079 0.150994 0.678809 0.010293 0.785404 0.211445 0.654498 0.137707 0.492695 0.830417 0.808473 0.900591 0.544841 0.252382 0.954220 0.964902 0.528753 0.610458 0.794560 0.681896 0.028409 0.974932 0.386278 0.394733 0.617987 0.443513 0.708675 0.772742 0.947995 0.569283 0.720691 0.250390 0.567593 0.864781 0.148571 0.969043 0.724877 0.381315 0.327706 0.031948 0.534251 0.874261 0.960452 0.173228 0.959819 0.407354 0.960316 0.688973 0.403287 0.633711 0.503116 0.455933 0.362368 0.282297 0.990418 0.018448 0.983219 0.102753 0.797888 0.656281 0.083700 0.488290 0.817413 0.841003 0.031815 0.577900 0.022569 0.973979 0.951288 0.628048 0.863112 0.766745 0.243430 0.461179 0.471843 0.198366 0.624319 0.777220 0.318447 0.992177 0.475900 0.475560 0.372666 0.716488 0.561262 0.724482 0.586087 0.624112 0.490343 0.137536 0.077452 0.407336 0.041902 0.737305 0.164974 0.780917 0.773009 0.592927 0.101209 0.994189 0.344152 0.286966 0.384554 0.487863 0.043418 0.265110 0.767348 0.633316 0.305734 0.874512 0.361055 0.771742 0.228783 0.647009 0.014496 0.586594 0.431506 0.585703 0.019055 0.870007 0.098718 0.690698 0.319547 0.475709
0.214851 0.709381 0.917823 0.443808 0.845563 0.944891 0.660902 0.847839 0.041967 0.893155 0.985913 0.542858 0.534183 0.611241 0.984506 0.868396 0.152554 0.244136 0.610464 0.980960 0.981495 0.900147 0.559362 0.380837 0.353736 0.376554 0.248395 0.915360 0.833196 0.413066 0.164578 0.925403 0.460693 0.152419 0.504364 0.351770 0.281091 0.289845 0.908737 0.280811 0.655698 0.265682 0.373308 0.348758 0.043861 0.540949 0.809543 0.234173 0.965546 0.603736 0.263273 0.679232 0.479249 0.660023 0.263102 0.205223 0.332154 0.710731 0.381611 0.405302 0.169329 0.019776 0.619561 0.525173 0.177558 0.030348 0.468919 0.935835 0.216462 0.015378 0.322405 0.318606 0.684149 0.127453 0.372653 0.435911 0.103492 0.525670 0.332116 0.718787 0.571490 0.597079 0.212928 0.594975 0.774789 0.014539 0.558626 0.312079 0.598006 0.290447 0.932844 0.716964 0.729607 0.557659 0.097007 0.557953 0.441691 0.591854 0.106015 0.671501 0.881872 0.309047 0.957345 0.822610 0.707087 0.962872 0.859316 0.974602 0.619476 0.235002 0.447782 0.294855 0.421540 0.123221 0.013497 0.049903 0.632575 0.241614 0.908149 0.522371 0.876900 0.757210 0.043138 0.137882 0.520805 0.601493 0.845038 0.741909 0.754939 0.686586 0.105611 0.684930 0.598873 0.802595 0.126733 0.097268 0.568190 0.081364 0.059713 0.719677 0.948047 0.291677 0.779984 0.558373 0.562077 0.661573 0.428610 0.477773 0.753610 0.738136 0.646043 0.362863 0.860652 0.225851 0.212353 0.510662 0.247443 0.646634 0.885394 0.922377 0.719649 0.321407 0.814271 0.836153 0.400341 0.899015 0.343054 0.871073 0.623973 0.337382 0.151841 0.578729 0.064924 0.661847 0.236245 0.550805 0.216225 0.129197 0.046216 0.223883 0.836290 0.645036 0.130054 0.822185 0.442668 0.923102 0.096741 0.042773 0.531715 0.013256 0.387624 0.296997 0.230000 0.387498 0.726438 0.327762 0.784719 0.579653 0.956175 0.864520 0.730405 0.248662 0.014006 0.519975 0.240383 0.467639 0.752568 0.882638 0.245625 0.721323 0.123859 0.236237 0.411718 0.432833 0.814115 0.813768 0.192626 0.583774 0.169227 0.718498 0.286285 0.017823 0.502020 0.229715 0.663547 0.695994 0.189140 0.459378 0.426915 0.228730 0.297731 0.999281 0.095423 0.452812 0.175359 0.484556 0.387158 0.751885 0.214390 0.012003 0.165534 0.598167 0.932042 0.157087 0.736011 0.795156 0.362258 0.712462 0.585376 0.554337 0.840937 0.050025 0.012985 0.398830 0.709731 0.648212 0.727377 0.242288 0.971596 0.465560 0.185610 0.728902 0.213393 0.807763 0.066125 0.083492 0.824432 0.061175 0.969492 0.202792 0.932618 0.198058 0.241133 0.770709 0.741574 0.411411 0.363605 0.182589 0.801311 0.047847 0.928931 0.220608 0.776810 0.092071 0.007414 0.597479 0.960057 0.610406 0.987984 0.796763 0.114664 0.780718 0.958558 0.253286 0.482195 0.047396 0.877569 0.080064 0.388331 0.513063
0.653074 0.707244 0.566801 0.961801 0.332308 0.953498 0.780999 0.585134 0.834724 0.329364 0.578735 0.845695 0.144141 0.020987 0.057273 0.773952 0.630237 0.832445 0.994217 0.075415 0.845610 0.559722 0.427768 0.848120 0.269623 0.732186 0.080513 0.756355 0.875540 0.203445 0.271876 0.659377 0.826724 0.835328 0.553757 0.790836 0.405304 0.078624 0.387389 0.613924 0.112213 0.822252 0.569660 0.609306 0.440875 0.218793 0.082425 0.421004 0.140867 0.754596 0.427270 0.156297 0.156213 0.487364 0.203628 0.730452 0.796987 0.722885 0.548802 0.177092 0.015325 0.854133 0.080904 0.551822 0.354295 0.282728 0.318065 0.122442 0.662694 0.379340 0.526315 0.818228 0.477959 0.854202 0.273715 0.151146 0.692959 0.242959 0.562251 0.066458 0.399825 0.179692 0.555873 0.765295 0.993617 0.870592 0.279718 0.851492 0.770323 0.861643 0.861342 0.533523 0.225771 0.251352 0.904920 0.678427 0.783994 0.650376 0.705174 0.053394 0.594853 0.612737 0.701775 0.721068 0.115062 0.339448 0.767388 0.645035 0.217647 0.401683 0.801063 0.933619 0.766415 0.121252 0.550502 0.619628 0.711242 0.887587 0.821920 0.077395 0.157808 0.443558 0.508868 0.759712 0.529424 0.419632 0.479882 0.004256 0.196266 0.389391 0.842705 0.093757 0.447759 0.989320 0.999250 0.460859 0.273496 0.005099 0.267551 0.008923 0.479418 0.041579 0.190259 0.644052 0.421534 0.200302 0.387670 0.596080 0.835468 0.956240 0.764090 0.105221 0.046858 0.667832 0.445196 0.421389 0.271228 0.594785 0.742481 0.212181 0.724389 0.098481 0.524984 0.497865 0.339203 0.271230 0.023726 0.078253 0.002078 0.287857 0.218572 0.297016 0.107146 0.203448 0.879615 0.400339 0.280676 0.062231 0.595218 0.912226 0.012919 0.018579 0.208571 0.232604 0.749418 0.801195 0.805993 0.734505 0.104222 0.055647 0.960559 0.627632 0.692531 0.858229 0.434414 0.249311 0.223001 0.663440 0.904520 0.028527 0.511517 0.523706 0.402497 0.227859 0.547902 0.456556 0.887553 0.883854 0.039832 0.656133 0.082233 0.334592 0.209004 0.077467 0.364504 0.215627 0.771131 0.225471 0.995560 0.020623 0.963527 0.572070 0.253591 0.338574 0.012327 0.736082 0.307263 0.111502 0.957224 0.029437 0.728720 0.339278 0.964210 0.203931 0.149329 0.505112 0.955779 0.826185 0.793942 0.865695 0.558780 0.724515 0.186214 0.725968 0.635362 0.287577 0.818808 0.634099 0.327700 0.648294 0.548574 0.942950 0.544314 0.094221 0.545735 0.402190 0.496822 0.084876 0.538051 0.780936 0.487722 0.141364 0.797818 0.912354 0.000210 0.186828 0.956625 0.617858 0.571372 0.484064 0.315019 0.873921 0.711595 0.293303 0.954225 0.693958 0.319014 0.600263 0.835544 0.378523 0.542263 0.789460 0.725614 0.114941 0.786573 0.836479 0.575858 0.818621 0.989163 0.640979 0.995593 0.368940 0.098092 0.444279 0.931496 0.787273 0.224745 0.356089 0.667914 0.759799
0.792093 0.588620 0.074240 0.176146 0.494564 0.861348 0.698028 0.178396 0.252327 0.403271 0.915467 0.263168 0.997296 0.526275 0.097128 0.132072 0.348095 0.981682 0.022570 0.058722 0.299266 0.151959 0.226327 0.315715 0.699828 0.966569 0.534156 0.930736 0.627228 0.875331 0.990715 0.719548 0.249625 0.267166 0.835663 0.140456 0.843716 0.691740 0.612030 0.418775 0.838894 0.275266 0.698706 0.479772 0.159069 0.190028 0.585047 0.760128 0.344272 0.398399 0.781725 0.738157 0.043866 0.779626 0.431957 0.073832 0.946057 0.620790 0.764148 0.988564 0.171581 0.660106 0.488027 0.037680 0.848961 0.464804 0.716537 0.750047 0.329075 0.772792 0.762965 0.671665 0.146098 0.602110 0.379849 0.576438 0.507773 0.372192 0.515316 0.095590 0.491866 0.312407 0.055150 0.139911 0.102064 0.345988 0.200538 0.285186 0.510305 0.313350 0.974213 0.482860 0.950226 0.473221 0.623008 0.480543 0.049962 0.399755 0.357899 0.847863 0.765465 0.898118 0.415381 0.830445 0.534190 0.776412 0.768985 0.555941 0.875612 0.048213 0.792009 0.224889 0.514649 0.985426 0.302056 0.168242 0.085971 0.804450 0.930066 0.218787 0.812357 0.834035 0.097229 0.465283 0.864590 0.389610 0.421348 0.226346 0.719974 0.373987 0.623177 0.079049 0.539192 0.453219 0.899942 0.568300 0.234061 0.738232 0.575216 0.081373 0.697830 0.553389 0.752409 0.338765 0.635946 0.749318 0.083471 0.866679 0.200479 0.605419 0.945183 0.619996 0.581721 0.085279 0.958518 0.957717 0.082554 0.279413 0.444685 0.104559 0.358448 0.378227 0.967186 0.364316 0.140639 0.463897 0.163860 0.279061 0.128251 0.246539 0.556295 0.628634 0.444724 0.261754 0.369644 0.234853 0.902035 0.572826 0.433063 0.131132 0.307247 0.602224 0.139787 0.090512 0.065313 0.721106 0.775073 0.950928 0.648070 0.371031 0.009942 0.604354 0.685001 0.495699 0.513586 0.592984 0.717982 0.506124 0.970603 0.781462 0.683168 0.009988 0.256618 0.822918 0.195354 0.671591 0.377134 0.445151 0.868707 0.059611 0.028149 0.265220 0.162075 0.620155 0.752406 0.891949 0.639251 0.139610 0.739542 0.551720 0.522735 0.757727 0.333982 0.386452 0.042253 0.995411 0.713535 0.444505 0.389972 0.130100 0.270906 0.968775 0.641608 0.374582 0.638900 0.818098 0.897953 0.788982 0.436638 0.834479 0.343618 0.681747 0.942744 0.720141 0.564851 0.161128 0.631004 0.740876 0.211672 0.831324 0.633040 0.695098 0.983850 0.651934 0.936940 0.164246 0.547841 0.175532 0.242787 0.669253 0.732846 0.289121 0.644504 0.255001 0.854989 0.327648 0.554792 0.876445 0.916202 0.246333 0.555387 0.757068 0.444460 0.466799 0.363884 0.657730 0.290441 0.818609 0.947564 0.047536 0.129964 0.827456 0.570796 0.943487 0.803563 0.339080 0.709541 0.702094 0.265750 0.209251 0.118396 0.085211 0.129481 0.082813 0.615397 0.725370 0.607501 0.727860 0.522413 0.736630
0.977338 0.765985 0.511547 0.519202 0.128601 0.865633 0.777460 0.082986 0.345599 0.085305 0.383289 0.750576 0.150091 0.049886 0.486861 0.558679 0.236835 0.238200 0.529314 0.622605 0.674902 0.183299 0.718506 0.934967 0.191063 0.522950 0.132455 0.915157 0.610986 0.446389 0.119148 0.848381 0.515631 0.353179 0.837466 0.863836 0.248018 0.423023 0.631516 0.037173 0.788619 0.847763 0.895589 0.068448 0.452788 0.431823 0.920613 0.120927 0.797996 0.478213 0.960929 0.567277 0.112146 0.539943 0.685690 0.525908 0.248345 0.800412 0.017877 0.303501 0.032075 0.377733 0.934286 0.715816 0.535461 0.986111 0.367895 0.745188 0.074381 0.366733 0.100017 0.701930 0.993620 0.582742 0.353551 0.356699 0.876825 0.166836 0.757698 0.255914 0.371974 0.340550 0.543527 0.983776 0.873024 0.777655 0.430233 0.448056 0.210369 0.568216 0.018879 0.740900 0.025713 0.061991 0.428715 0.259333 0.897177 0.692810 0.017844 0.381395 0.805379 0.254221 0.528835 0.589342 0.692256 0.619940 0.805896 0.595104 0.741349 0.380564 0.270154 0.064746 0.300291 0.755072 0.851237 0.753306 0.339371 0.765089 0.707782 0.497470 0.108206 0.722532 0.844129 0.990622 0.598161 0.471213 0.431949 0.626879 0.466340 0.526755 0.319183 0.385126 0.638826 0.661090 0.169748 0.103539 0.331363 0.885182 0.682461 0.735862 0.711454 0.491440 0.922093 0.808764 0.558565 0.938609 0.368481 0.799026 0.862282 0.935956 0.743939 0.508779 0.710313 0.942505 0.749332 0.250693 0.936051 0.209994 0.763734 0.199725 0.258157 0.630541 0.181612 0.785659 0.910993 0.821315 0.847870 0.214980 0.184906 0.619995 0.681406 0.669956 0.038123 0.283514 0.948989 0.047906 0.695811 0.808142 0.646979 0.415412 0.594719 0.959401 0.246867 0.386483 0.519018 0.369221 0.519877 0.589519 0.959849 0.948976 0.885373 0.350143 0.382019 0.882821 0.866217 0.017523 0.202281 0.292400 0.442219 0.762815 0.280330 0.054776 0.024600 0.260828 0.719751 0.813482 0.986664 0.896958 0.427353 0.046988 0.985572 0.059436 0.638426 0.268845 0.175556 0.662822 0.629664 0.340905 0.168374 0.719474 0.928539 0.599577 0.611807 0.406059 0.745543 0.108334 0.729567 0.008394 0.903559 0.712111 0.613009 0.286535 0.721393 0.445518 0.032345 0.194114 0.488803 0.304226 0.883104 0.199271 0.696510 0.155437 0.747115 0.809067 0.092018 0.252178 0.023721 0.377264 0.999819 0.979656 0.102915 0.355042 0.301185 0.267895 0.024674 0.273093 0.497134 0.661027 0.049538 0.427742 0.377233 0.109827 0.221222 0.075873 0.481722 0.911162 0.363207 0.010866 0.605093 0.104751 0.713698 0.473514 0.579788 0.531892 0.210434 0.539764 0.140001 0.452085 0.126027 0.071138 0.202275 0.229231 0.164352 0.976299 0.436333 0.510072 0.882162 0.051123 0.481235 0.590501 0.451141 0.014722 0.674909 0.717760 0.835735 0.681295 0.497594 0.396849 0.852027 0.381864
0.539509 0.829466 0.138527 0.439266 0.863201 0.657521 0.037066 0.273438 0.192536 0.201937 0.723495 0.907837 0.721184 0.118084 0.120321 0.451019 0.414821 0.614129 0.909338 0.827743 0.588967 0.210973 0.664400 0.724442 0.897925 0.060190 0.768820 0.802238 0.713860 0.831399 0.405901 0.520450 0.352706 0.953800 0.460463 0.538500 0.446846 0.244523 0.890698 0.366143 0.372617 0.069131 0.498269 0.361637 0.265195 0.879055 0.992103 0.786340 0.338668 0.798265 0.172869 0.329336 0.123430 0.416177 0.987769 0.486485 0.852683 0.785678 0.341312 0.324849 0.923562 0.666441 0.712942 0.122643 0.516543 0.598217 0.755965 0.536818 0.678582 0.386102 0.484595 0.994996 0.349129 0.468366 0.589001 0.557048 0.561968 0.493298 0.026853 0.739573 0.320003 0.643180 0.622314 0.007879 0.475651 0.061556 0.880371 0.408291 0.980575 0.844944 0.392876 0.915868 0.818460 0.077100 0.991230 0.814220 0.759939 0.199169 0.162822 0.271968 0.162986 0.584936 0.437202 0.691327 0.013163 0.451734 0.076629 0.311517 0.459902 0.091208 0.223281 0.754224 0.268532 0.814155 0.343253 0.252000 0.148117 0.837597 0.415382 0.494464 0.036705 0.632579 0.360371 0.931605 0.197677 0.624925 0.175182 0.789911 0.652688 0.125610 0.825707 0.764881 0.920247 0.778954 0.351031 0.283224 0.007894 0.353198 0.042496 0.165917 0.405073 0.322635 0.725364 0.768807 0.915912 0.749000 0.087543 0.569573 0.917563 0.673945 0.370862 0.154592 0.296308 0.587765 0.665977 0.012898 0.107929 0.098910 0.853858 0.211114 0.749114 0.175884 0.885715 0.246484 0.948563 0.337224 0.546296 0.131322 0.132808 0.925991 0.904409 0.386983 0.701728 0.574380 0.211409 0.924764 0.972244 0.283287 0.851458 0.183440 0.365883 0.419406 0.481318 0.182139 0.568269 0.988239 0.387990 0.136809 0.746161 0.967346 0.891272 0.645911 0.785899 0.959031 0.872199 0.010493 0.911619 0.610359 0.334861 0.223693 0.493322 0.110227 0.733693 0.718605 0.935103 0.340157 0.530686 0.397061 0.658157 0.446481 0.916851 0.613334 0.805259 0.065285 0.359224 0.156913 0.459937 0.225230 0.221137 0.651459 0.030199 0.677516 0.710913 0.995048 0.228562 0.220600 0.807508 0.269923 0.701229 0.877175 0.361250 0.087984 0.630454 0.289007 0.233300 0.036830 0.341742 0.157219 0.529297 0.734125 0.400150 0.070543 0.519948 0.092866 0.666860 0.045535 0.208442 0.345493 0.686144 0.027778 0.518312 0.159504 0.966912 0.886609 0.773766 0.788011 0.447718 0.125956 0.766432 0.591993 0.975534 0.826454 0.780886 0.803143 0.777116 0.636969 0.538290 0.424859 0.998319 0.200223 0.850254 0.803332 0.566627 0.401637 0.548731 0.868525 0.682282 0.382366 0.335780 0.179464 0.569059 0.967234 0.963907 0.824891 0.549433 0.752770 0.638204 0.906078 0.465440 0.761370 0.807537 0.037038 0.820908 0.653936 0.554263 0.918995 0.369050 0.302770 0.822043 0.030611
0.770060 0.484605 0.931621 0.454882 0.038715 0.570230 0.812210 0.374000 0.914407 0.259340 0.257081 0.303772 0.962067 0.995019 0.481943 0.674665 0.871644 0.273887 0.176465 0.705742 0.376031 0.604687 0.402954 0.734404 0.075145 0.142979 0.549855 0.229182 0.690858 0.676437 0.846243 0.315334 0.971604 0.376181 0.311958 0.292298 0.148379 0.010282 0.989977 0.229483 0.413123 0.416674 0.166452 0.035308 0.753219 0.519851 0.576471 0.864609 0.418121 0.402923 0.545041 0.825663 0.319200 0.686993 0.810326 0.038101 0.134926 0.700711 0.912433 0.000751 0.531893 0.620820 0.303949 0.519539 0.965622 0.112194 0.750173 0.724095 0.533453 0.063355 0.170513 0.426522 0.536268 0.965665 0.860112 0.824129 0.569673 0.316689 0.810204 0.286772 0.266900 0.702695 0.877039 0.358579 0.813314 0.201166 0.098646 0.392471 0.263253 0.981510 0.488307 0.417969 0.652133 0.823390 0.428211 0.661544 0.659833 0.001036 0.858933 0.108573 0.979591 0.805417 0.987673 0.495764 0.701062 0.254933 0.093205 0.989860 0.015185 0.580023 0.052598 0.443979 0.426678 0.579536 0.196554 0.642497 0.358278 0.831905 0.837247 0.305372 0.377799 0.041520 0.254299 0.937345 0.666566 0.962829 0.700089 0.027370 0.753085 0.640331 0.895789 0.568571 0.786489 0.199213 0.892794 0.803623 0.976012 0.650419 0.344326 0.615447 0.537198 0.666213 0.874414 0.741914 0.764827 0.332097 0.869777 0.059748 0.371251 0.808085 0.691882 0.727309 0.802193 0.068018 0.217927 0.988918 0.272402 0.807333 0.543849 0.259775 0.417982 0.963341 0.094020 0.211514 0.484958 0.656012 0.131815 0.903085 0.989762 0.008085 0.113132 0.411946 0.175088 0.173158 0.288031 0.074266 0.552564 0.989685 0.210144 0.519325 0.225935 0.133150 0.031856 0.312969 0.339451 0.349432 0.552062 0.929321 0.585428 0.825842 0.667607 0.967951 0.609891 0.941041 0.411041 0.116698 0.099077 0.998373 0.788636 0.601316 0.098738 0.829424 0.162316 0.937069 0.654736 0.898975 0.816312 0.044777 0.595401 0.611177 0.871940 0.527870 0.569940 0.146253 0.593122 0.461883 0.309757 0.108229 0.311319 0.646255 0.001535 0.310525 0.422571 0.887330 0.043170 0.617702 0.203940 0.811647 0.440313 0.639983 0.228359 0.199280 0.057815 0.950294 0.500721 0.067224 0.170887 0.259381 0.325710 0.083840 0.363675 0.588100 0.310638 0.257932 0.454554 0.533351 0.705365 0.733907 0.957784 0.619235 0.194254 0.003454 0.332614 0.997148 0.667672 0.645658 0.857838 0.803369 0.481715 0.245304 0.268559 0.539583 0.049386 0.304446 0.782303 0.800217 0.736727 0.021959 0.820225 0.953164 0.350562 0.345064 0.218437 0.894781 0.828785 0.362816 0.063134 0.878281 0.219240 0.056062 0.802799 0.546869 0.142704 0.235418 0.240568 0.145004 0.669553 0.827375 0.198395 0.640887 0.916338 0.587276 0.527879 0.994712 0.122668 0.849915 0.098699 0.323265 0.041336 0.348947
0.606273 0.890412 0.997770 0.516179 0.081572 0.248450 0.890831 0.850036 0.518643 0.513607 0.979511 0.805054 0.688464 0.179102 0.691725 0.912283 0.064977 0.459375 0.478424 0.807124 0.961293 0.143069 0.514496 0.529782 0.371372 0.944004 0.537979 0.547394 0.690529 0.804107 0.119760 0.248505 0.962250 0.286551 0.525540 0.545148 0.167976 0.710154 0.164574 0.770969 0.642838 0.089910 0.170139 0.969069 0.994427 0.892586 0.165520 0.972135 0.253268 0.135036 0.087481 0.260823 0.746107 0.649060 0.745900 0.683427 0.533261 0.858814 0.412512 0.856086 0.386300 0.623258 0.633429 0.197905 0.529922 0.174691 0.515101 0.317357 0.598061 0.347873 0.627226 0.989167 0.098946 0.352330 0.010090 0.179344 0.108568 0.242531 0.012979 0.747357 0.991077 0.460114 0.982077 0.141199 0.482819 0.965697 0.995851 0.489365 0.577083 0.004971 0.128989 0.914053 0.695361 0.704786 0.957112 0.665201 0.928494 0.524577 0.404406 0.261795 0.760557 0.501486 0.670559 0.486286 0.477119 0.524472 0.832325 0.425426 0.658826 0.450351 0.954300 0.138139 0.188159 0.465106 0.492669 0.049529 0.607781 0.570382 0.009898 0.328520 0.271432 0.671038 0.917849 0.918471 0.004976 0.368152 0.005497 0.835845 0.549652 0.908807 0.852585 0.121413 0.691138 0.167775 0.246988 0.089712 0.268576 0.082054 0.529318 0.829989 0.680711 0.335938 0.014186 0.910219 0.281449 0.335114 0.459171 0.649354 0.534015 0.044276 0.090001 0.256867 0.346953 0.373551 0.593973 0.447926 0.168995 0.124498 0.256941 0.552247 0.127618 0.967409 0.629525 0.153141 0.560400 0.218956 0.898255 0.979609 0.816876 0.658327 0.446303 0.778397 0.079722 0.541538 0.988714 0.866295 0.632149 0.334695 0.455781 0.735834 0.529141 0.218978 0.018391 0.123633 0.004419 0.087833 0.784537 0.727724 0.001861 0.499604 0.158747 0.941149 0.794444 0.862353 0.873943 0.072763 0.883418 0.999522 0.104639 0.363810 0.705413 0.420218 0.817604 0.256524 0.113123 0.802064 0.355658 0.009615 0.763669 0.620732 0.327381 0.165128 0.324929 0.734338 0.943764 0.836644 0.813605 0.776559 0.291232 0.538237 0.372620 0.291213 0.225225 0.463483 0.104829 0.392428 0.242244 0.307837 0.424412 0.980531 0.506632 0.861453 0.057691 0.470459 0.499947 0.562481 0.004310 0.024803 0.184126 0.133820 0.291728 0.982311 0.412980 0.766844 0.684004 0.133156 0.344472 0.852533 0.538095 0.130770 0.707282 0.961862 0.980119 0.724519 0.833326 0.784871 0.290826 0.097556 0.475450 0.319616 0.113295 0.549753 0.681930 0.304104 0.988093 0.869294 0.717280 0.231292 0.642607 0.256053 0.731699 0.063825 0.301113 0.422151 0.292595 0.630442 0.367082 0.280388 0.885848 0.199895 0.990889 0.356207 0.123846 0.401491 0.333093 0.433900 0.236017 0.490213 0.581750 0.674631 0.247724 0.539097 0.824521 0.067208 0.273919 0.452857 0.062482 0.863294 0.360699 0.243294
0.641450 0.198558 0.865058 0.099790 0.064270 0.043399 0.040885 0.389334 0.409632 0.211953 0.502358 0.065713 0.560183 0.286476 0.153580 0.336316 0.923025 0.154800 0.347398 0.104761 0.052982 0.210970 0.836326 0.431458 0.256321 0.401250 0.359071 0.971922 0.166873 0.119180 0.613048 0.646171 0.596658 0.866434 0.599752 0.382499 0.359884 0.207297 0.346950 0.445857 0.153121 0.534859 0.580669 0.496335 0.215501 0.741854 0.850344 0.037188 0.262320 0.322939 0.067995 0.976638 0.028291 0.028874 0.864869 0.281348 0.009848 0.041725 0.252478 0.630652 0.274462 0.202535 0.191594 0.351676 0.249590 0.760240 0.793092 0.220945 0.529454 0.723918 0.890561 0.039483 0.728199 0.391270 0.142896 0.037965 0.814719 0.934433 0.859842 0.319669 0.355784 0.665318 0.921649 0.959957 0.197313 0.791822 0.860034 0.858528 0.720633 0.027346 0.356922 0.718344 0.113921 0.804600 0.067428 0.384686 0.549609 0.586954 0.527415 0.285636 0.765954 0.100525 0.341627 0.526342 0.339251 0.712208 0.571009 0.788110 0.103899 0.828584 0.442590 0.652474 0.935926 0.649311 0.623034 0.648625 0.904782 0.683491 0.333278 0.683941 0.327606 0.884839 0.598887 0.559753 0.107493 0.988536 0.320978 0.896600 0.886280 0.751688 0.429358 0.303068 0.434356 0.996244 0.068105 0.637386 0.626851 0.189212 0.945321 0.857235 0.657215 0.234548 0.374017 0.252702 0.722146 0.829582 0.057548 0.712095 0.979839 0.688640 0.562402 0.256505 0.097604 0.598546 0.190725 0.236013 0.191926 0.602024 0.200150 0.735634 0.254491 0.822335 0.751654 0.266438 0.771715 0.751803 0.255353 0.376237 0.288949 0.108374 0.345606 0.065672 0.771776 0.750618 0.825671 0.908905 0.019828 0.429658 0.367989 0.897279 0.229395 0.365899 0.478101 0.847725 0.059172 0.843354 0.501527 0.884835 0.939905 0.577455 0.841239 0.761569 0.400707 0.061151 0.554799 0.748250 0.159384 0.073797 0.231962 0.033681 0.422856 0.861718 0.981701 0.845285 0.151704 0.001005 0.247943 0.963859 0.358765 0.946461 0.297430 0.692547 0.717868 0.989549 0.134535 0.627498 0.956484 0.650951 0.567820 0.669091 0.988578 0.073189 0.040438 0.546781 0.331400 0.251281 0.882859 0.445809 0.621828 0.368537 0.409314 0.320299 0.191604 0.057560 0.545712 0.703364 0.832005 0.509674 0.349894 0.583754 0.766712 0.932813 0.379065 0.507692 0.616519 0.004126 0.702995 0.193064 0.276025 0.226850 0.533034 0.751575 0.246391 0.936815 0.636904 0.346498 0.142605 0.285584 0.493107 0.519933 0.752890 0.227700 0.446912 0.726751 0.077398 0.216371 0.491952 0.369909 0.807704 0.910176 0.217496 0.633076 0.601088 0.689446 0.504351 0.215884 0.156476 0.891039 0.567388 0.837161 0.186897 0.873347 0.418705 0.513673 0.385603 0.490159 0.577629 0.173285 0.593238 0.074148 0.569753 0.199548 0.857811 0.120806 0.134713 0.688324 0.144391 0.156414 0.475508 0.208387
0.237012 0.452791 0.527061 0.989405 0.478514 0.700968 0.244950 0.478669 0.885588 0.037646 0.577583 0.524177 0.648701 0.032616 0.470765 0.985671 0.265917 0.978925 0.861289 0.770924 0.049279 0.760841 0.670040 0.314585 0.413256 0.525147 0.463618 0.419167 0.851616 0.440017 0.827034 0.363466 0.056680 0.009683 0.956811 0.349809 0.567879 0.524892 0.005842 0.385280 0.353856 0.651255 0.804053 0.526472 0.668966 0.207446 0.429609 0.721380 0.602654 0.749463 0.636131 0.979830 0.058990 0.199296 0.777271 0.414616 0.066954 0.977624 0.012257 0.267982 0.904788 0.071207 0.918333 0.600511 0.825071 0.213846 0.277160 0.044590 0.179072 0.445263 0.180521 0.938599 0.819863 0.942013 0.541755 0.877775 0.259037 0.574590 0.376885 0.096598 0.858216 0.710201 0.421913 0.562150 0.743063 0.980249 0.476194 0.387736 0.910254 0.809915 0.903193 0.302724 0.068330 0.400504 0.066082 0.777420 0.778409 0.788885 0.153737 0.852197 0.255629 0.887571 0.189597 0.993584 0.558791 0.288811 0.210657 0.921017 0.658597 0.360319 0.196457 0.982999 0.459683 0.468237 0.083468 0.166969 0.228410 0.666267 0.602437 0.236214 0.982644 0.713514 0.232971 0.199685 0.412431 0.578851 0.385129 0.813174 0.595602 0.573479 0.780472 0.893575 0.048560 0.418134 0.190449 0.957862 0.780687 0.785911 0.028359 0.585973 0.524147 0.216626 0.438674 0.770409 0.410222 0.700870 0.570528 0.771076 0.777767 0.255524 0.487629 0.277752 0.519653 0.308386 0.122553 0.690274 0.068157 0.472155 0.936600 0.260424 0.516345 0.885347 0.915397 0.653871 0.054307 0.431431 0.422624 0.203250 0.082954 0.769876 0.876020 0.448439 0.730884 0.941680 0.727407 0.807553 0.252985 0.521507 0.193177 0.835831 0.603326 0.999350 0.971148 0.592575 0.041631 0.225255 0.169254 0.268063 0.964514 0.309255 0.478940 0.605614 0.304418 0.088806 0.908559 0.549375 0.735044 0.290094 0.518805 0.182494 0.273229 0.075248 0.426458 0.008274 0.340045 0.768705 0.124517 0.487676 0.472524 0.282225 0.301769 0.338140 0.194795 0.179022 0.050991 0.209816 0.428415 0.563251 0.036753 0.542035 0.915961 0.806729 0.736549 0.038532 0.821427 0.043283 0.260042 0.617802 0.850970 0.542961 0.400854 0.593012 0.634114 0.296297 0.061458 0.051295 0.906691 0.450782 0.789070 0.917032 0.308864 0.127237 0.701383 0.979649 0.444368 0.248277 0.877979 0.251683 0.449666 0.052679 0.666849 0.277996 0.569482 0.740999 0.517947 0.349616 0.532240 0.069826 0.492252 0.777209 0.080417 0.663451 0.663543 0.323276 0.195348 0.568887 0.993568 0.943650 0.493953 0.882445 0.072819 0.321100 0.768221 0.262109 0.531627 0.433036 0.397902 0.309325 0.599434 0.939991 0.059837 0.090501 0.912779 0.800143 0.355504 0.033915 0.720916 0.203501 0.066873 0.262497 0.283260 0.560943 0.229700 0.154534 0.838157 0.959224 0.415882 0.194010 0.132165 0.358867
0.692007 0.195623 0.412905 0.145734 0.685091 0.535811 0.251865 0.128492 0.824680 0.685045 0.401036 0.782058 0.867188 0.847160 0.757871 0.322104 0.544737 0.745817 0.510619 0.201639 0.626636 0.645670 0.368718 0.733025 0.065343 0.531920 0.816702 0.753665 0.781842 0.009356 0.047381 0.984838 0.203758 0.816506 0.891948 0.918733 0.172825 0.365246 0.658889 0.631782 0.384802 0.458298 0.898043 0.981208 0.574511 0.103503 0.026819 0.430374 0.275356 0.745123 0.919762 0.926429 0.504458 0.951009 0.066674 0.410506 0.288518 0.277376 0.657957 0.571596 0.276009 0.525407 0.450870 0.980864 0.622967 0.246344 0.066274 0.951918 0.011811 0.204654 0.356593 0.754257 0.752970 0.923170 0.929910 0.159386 0.750036 0.719237 0.351584 0.030770 0.514240 0.565598 0.384940 0.848810 0.221415 0.966520 0.361174 0.434742 0.729333 0.332536 0.932646 0.170652 0.236368 0.614896 0.652416 0.194384 0.365702 0.303235 0.784126 0.910498 0.641721 0.142170 0.663015 0.469023 0.199587 0.534122 0.790446 0.426512 0.270252 0.107870 0.685207 0.616194 0.726687 0.319466 0.890266 0.378615 0.456448 0.508534 0.509909 0.267365 0.072133 0.282993 0.307684 0.475670 0.166074 0.760075 0.285446 0.275211 0.767034 0.115940 0.672980 0.898072 0.471172 0.868120 0.860941 0.576944 0.521420 0.989293 0.144570 0.969159 0.200500 0.721328 0.454259 0.339781 0.029494 0.432718 0.594284 0.369098 0.520560 0.003352 0.117699 0.416671 0.661543 0.712610 0.343857 0.136978 0.952898 0.096425 0.222274 0.068907 0.400685 0.670935 0.483009 0.350106 0.435252 0.974828 0.332296 0.413144 0.018040 0.547257 0.667788 0.431289 0.166938 0.792957 0.020143 0.417174 0.592509 0.891927 0.520470 0.132785 0.708141 0.044774 0.094980 0.576420 0.692888 0.261550 0.274777 0.693226 0.024034 0.940958 0.133716 0.789456 0.298655 0.354002 0.406297 0.228407 0.206099 0.328669 0.986181 0.790409 0.679522 0.881051 0.738435 0.763773 0.055700 0.816403 0.688126 0.263812 0.170846 0.221383 0.124054 0.040973 0.088676 0.836371 0.721719 0.242107 0.607447 0.035645 0.618686 0.523117 0.623023 0.527050 0.847461 0.008689 0.728762 0.953805 0.462976 0.644290 0.366868 0.741272 0.226292 0.975710 0.792339 0.850102 0.786226 0.831081 0.700558 0.628217 0.862885 0.638401 0.967630 0.626125 0.301025 0.600643 0.088707 0.073113 0.027215 0.727910 0.020245 0.266179 0.715495 0.847773 0.646273 0.405497 0.938338 0.089448 0.442577 0.024313 0.763976 0.864625 0.406529 0.150387 0.464409 0.600499 0.954677 0.513866 0.168160 0.756396 0.497661 0.955036 0.272403 0.411684 0.306821 0.809103 0.199595 0.072845 0.899063 0.612958 0.078995 0.504659 0.200529 0.070817 0.165981 0.928032 0.481139 0.681627 0.274929 0.424657 0.260664 0.179383 0.347023 0.819838 0.773396 0.011372 0.611786 0.904302 0.614837 0.512131 0.153355 0.395278
0.563769 0.966759 0.314362 0.754881 0.845055 0.015629 0.514231 0.843771 0.821145 0.287425 0.036987 0.210804 0.664957 0.189964 0.360611 0.308906 0.686918 0.621880 0.984325 0.630092 0.575831 0.552282 0.058671 0.898223 0.002579 0.080250 0.440238 0.239499 0.929249 0.600826 0.631687 0.369485 0.786971 0.873802 0.290764 0.107070 0.598020 0.395580 0.071125 0.404089 0.929847 0.196413 0.946351 0.764550 0.026485 0.913671 0.519817 0.275025 0.217481 0.958587 0.868562 0.466230 0.750544 0.944858 0.694594 0.613390 0.626793 0.494476 0.936883 0.707033 0.398066 0.028104 0.787513 0.493839 0.766631 0.467432 0.788916 0.374460 0.571471 0.570676 0.848133 0.100893 0.139369 0.513683 0.779661 0.673746 0.092322 0.936626 0.374324 0.391293 0.520995 0.811159 0.728082 0.963937 0.248145 0.742175 0.165793 0.457023 0.943601 0.093623 0.887073 0.099389 0.476041 0.420193 0.065007 0.247219 0.585807 0.755897 0.398939 0.222456 0.750708 0.180270 0.227117 0.019246 0.105412 0.750614 0.077528 0.943355 0.409423 0.960259 0.279312 0.867818 0.175473 0.890317 0.788327 0.442056 0.995728 0.272831 0.137786 0.781536 0.486213 0.168820 0.945476 0.706766 0.065230 0.143432 0.426392 0.471480 0.208501 0.558890 0.482463 0.739094 0.709768 0.708324 0.779543 0.728735 0.385395 0.611386 0.890600 0.725445 0.289049 0.435183 0.227080 0.963869 0.731241 0.356369 0.799061 0.337305 0.519228 0.330371 0.315288 0.198285 0.670321 0.055041 0.507418 0.230573 0.383017 0.487268 0.125594 0.695883 0.847402 0.962166 0.291806 0.760666 0.200761 0.123951 0.784110 0.820841 0.289144 0.339406 0.434297 0.146285 0.611492 0.518096 0.621870 0.602459 0.698249 0.993043 0.222439 0.669550 0.126868 0.176232 0.139882 0.809445 0.786551 0.923674 0.159708 0.749807 0.716397 0.202905 0.535299 0.574289 0.385882 0.976876 0.595905 0.844167 0.383475 0.290396 0.410702 0.790635 0.066856 0.892640 0.758359 0.878531 0.590951 0.691642 0.372561 0.781910 0.253770 0.902287 0.883981 0.091377 0.779009 0.325951 0.337451 0.819592 0.788618 0.487329 0.250681 0.689086 0.356282 0.409074 0.107141 0.272759 0.807634 0.226178 0.833825 0.445141 0.629759 0.465684 0.548239 0.468772 0.911543 0.494564 0.482175 0.942047 0.991223 0.756441 0.364524 0.178392 0.119997 0.556956 0.200810 0.701541 0.934393 0.892028 0.123296 0.278345 0.731447 0.147855 0.431363 0.684890 0.475484 0.609689 0.953972 0.058097 0.225279 0.407318 0.016628 0.892961 0.902254 0.000929 0.847442 0.783137 0.392462 0.969608 0.927601 0.701885 0.410264 0.206404 0.646790 0.725140 0.860440 0.062661 0.001594 0.634827 0.995360 0.557466 0.006132 0.956647 0.103910 0.658176 0.405754 0.329461 0.392004 0.120197 0.224502 0.052002 0.033382 0.243226 0.170344 0.835371 0.495692 0.761873 0.847042 0.808902 0.329511 0.945860 0.290062 0.230709
0.164988 0.048468 0.615895 0.432491 0.209367 0.022939 0.747359 0.490953 0.827034 0.390657 0.966724 0.881632 0.048648 0.433424 0.236077 0.421986 0.119958 0.516964 0.227660 0.619303 0.931707 0.362865 0.383173 0.334031 0.987419 0.576557 0.173085 0.590142 0.909778 0.515032 0.668508 0.368958 0.951586 0.905896 0.925923 0.917718 0.298394 0.136297 0.921494 0.683793 0.861473 0.376942 0.701634 0.544816 0.022041 0.409984 0.692243 0.060473 0.726884 0.203736 0.066463 0.275365 0.518800 0.273195 0.052898 0.064726 0.120899 0.098984 0.080348 0.858679 0.636170 0.973947 0.058860 0.800448 0.736305 0.471599 0.010726 0.158658 0.938343 0.926838 0.929813 0.226369 0.395774 0.523094 0.506575 0.515185 0.385355 0.523776 0.954507 0.678687 0.741601 0.436277 0.911151 0.088568 0.298161 0.119308 0.994152 0.161676 0.882346 0.810905 0.877104 0.757006 0.023762 0.424690 0.548291 0.082793 0.260223 0.802502 0.148148 0.159734 0.474140 0.114057 0.467954 0.126699 0.649564 0.247211 0.729206 0.339525 0.587804 0.375231 0.077502 0.792203 0.440092 0.505576 0.248152 0.624653 0.245265 0.191132 0.381345 0.861288 0.827675 0.759190 0.648197 0.220898 0.731165 0.631094 0.633402 0.608797 0.657059 0.846625 0.526818 0.146036 0.421354 0.149994 0.572123 0.818458 0.004344 0.858014 0.617248 0.871311 0.742805 0.302210 0.517080 0.293494 0.302442 0.945032 0.926908 0.269469 0.245492 0.661817 0.542536 0.045612 0.430260 0.230464 0.653930 0.299800 0.769821 0.229414 0.255182 0.099933 0.977258 0.451366 0.841249 0.045298 0.122801 0.135734 0.628698 0.321023 0.815377 0.762784 0.380342 0.804595 0.083453 0.321841 0.994383 0.099430 0.765214 0.232510 0.057720 0.919544 0.612771 0.181062 0.503044 0.137429 0.464517 0.986503 0.314370 0.949854 0.553708 0.778933 0.683622 0.654752 0.164453 0.487976 0.686270 0.184834 0.688959 0.184672 0.429638 0.466794 0.381809 0.619484 0.712259 0.161419 0.941129 0.191394 0.582566 0.912291 0.819913 0.042639 0.658606 0.262013 0.683522 0.766076 0.186230 0.598853 0.052440 0.680825 0.090509 0.301556 0.987192 0.807368 0.798210 0.394574 0.872175 0.105416 0.307719 0.214031 0.261174 0.200691 0.813697 0.695333 0.612091 0.423586 0.437795 0.057192 0.996090 0.159914 0.035556 0.141682 0.769774 0.360464 0.184176 0.425767 0.586877 0.057827 0.550418 0.851826 0.744932 0.127535 0.687144 0.630130 0.858237 0.321785 0.016722 0.223171 0.558128 0.537336 0.541348 0.570374 0.583369 0.079471 0.238265 0.274936 0.956861 0.084345 0.109936 0.835709 0.260146 0.345242 0.005245 0.263405 0.863603 0.107827 0.928473 0.742844 0.584333 0.754780 0.415624 0.477379 0.933323 0.992424 0.960353 0.067146 0.649889 0.398596 0.743030 0.719088 0.616206 0.105988 0.133631 0.586721 0.085354 0.229049 0.180673 0.866321 0.031868 0.434828 0.220202 0.284583
0.622849 0.364647 0.652446 0.137155 0.043154 0.493024 0.737919 0.515110 0.777951 0.107173 0.293140 0.859315 0.179488 0.111847 0.438304 0.836113 0.148469 0.940969 0.850673 0.932828 0.396717 0.599184 0.274941 0.288612 0.089814 0.435471 0.303461 0.884184 0.601950 0.196025 0.074720 0.952685 0.004174 0.434169 0.551880 0.740577 0.851785 0.017857 0.761048 0.168044 0.195953 0.335084 0.142654 0.443323 0.973002 0.642006 0.844778 0.919391 0.068252 0.426124 0.993074 0.249485 0.465056 0.340191 0.168252 0.900035 0.194997 0.964696 0.606799 0.750597 0.617767 0.170995 0.852729 0.222984 0.162375 0.860732 0.282792 0.825682 0.541998 0.037214 0.780530 0.269245 0.718230 0.441734 0.388898 0.254997 0.316589 0.315073 0.030533 0.220975 0.007676 0.978093 0.425533 0.642205 0.007378 0.278650 0.654137 0.950190 0.929369 0.440709 0.300662 0.425019 0.981483 0.453499 0.051099 0.976881 0.815085 0.796441 0.391517 0.908403 0.557235 0.723804 0.349790 0.831675 0.331796 0.967329 0.946793 0.281455 0.465730 0.524745 0.419167 0.031393 0.454482 0.172807 0.027374 0.634615 0.762994 0.158805 0.675243 0.480317 0.670634 0.392278 0.155688 0.345397 0.644596 0.680831 0.335896 0.435753 0.969218 0.697081 0.805793 0.835239 0.305426 0.309899 0.151334 0.719279 0.425710 0.747457 0.839542 0.257209 0.713308 0.064017 0.401854 0.274119 0.905810 0.800980 0.091655 0.091355 0.154884 0.081854 0.531090 0.129984 0.998835 0.668216 0.082431 0.398571 0.349751 0.242539 0.768526 0.144947 0.729937 0.843451 0.472059 0.259461 0.889009 0.053787 0.648276 0.845902 0.679361 0.741342 0.938581 0.495166 0.357089 0.430279 0.002710 0.565291 0.588620 0.844246 0.305918 0.885123 0.892365 0.816836 0.515317 0.905063 0.298659 0.987186 0.333735 0.890636 0.376342 0.735634 0.388399 0.003684 0.656900 0.856761 0.460164 0.388650 0.970377 0.872573 0.953729 0.482634 0.572582 0.257670 0.499856 0.386447 0.177511 0.783583 0.975491 0.633059 0.353453 0.285070 0.461520 0.791450 0.745172 0.740717 0.402473 0.697513 0.380028 0.114873 0.416659 0.848500 0.195124 0.316950 0.553859 0.244634 0.769891 0.319535 0.992294 0.097418 0.329854 0.160492 0.560767 0.955999 0.798418 0.829686 0.834804 0.488135 0.557318 0.785303 0.411074 0.450867 0.147494 0.965594 0.097327 0.234303 0.336856 0.074477 0.759166 0.289508 0.110193 0.252967 0.350987 0.995484 0.626816 0.867773 0.391144 0.724191 0.062790 0.486515 0.964614 0.870599 0.868326 0.423370 0.639445 0.843919 0.287295 0.845678 0.307097 0.556780 0.574037 0.341312 0.598771 0.694659 0.657597 0.587437 0.744202 0.730313 0.404917 0.861442 0.947996 0.692187 0.612601 0.256442 0.790575 0.752918 0.587844 0.129553 0.451210 0.204600 0.247502 0.757922 0.556196 0.877386 0.798418 0.342316 0.361241 0.991823 0.221820 0.355113 0.232913 0.333094
0.757088 0.459032 0.677294 0.156613 0.511711 0.659564 0.748334 0.654998 0.482932 0.610709 0.980324 0.249874 0.111310 0.232769 0.720933 0.174750 0.073719 0.170262 0.332505 0.651308 0.191007 0.036952 0.791024 0.393423 0.460901 0.483134 0.899433 0.661495 0.775715 0.423736 0.064405 0.421405 0.940734 0.065238 0.069082 0.067800 0.339988 0.108660 0.690015 0.035188 0.015654 0.642904 0.888439 0.976864 0.114412 0.716215 0.528819 0.631903 0.415009 0.839951 0.117749 0.379375 0.609523 0.607295 0.194742 0.680319 0.478771 0.580176 0.485325 0.615182 0.074044 0.990154 0.712015 0.467355 0.413302 0.467161 0.896806 0.426848 0.775745 0.502178 0.882065 0.791697 0.477047 0.094826 0.994482 0.653810 0.192781 0.818153 0.946472 0.365987 0.261417 0.812239 0.195484 0.084997 0.107573 0.386562 0.729704 0.891086 0.663632 0.205306 0.019024 0.586179 0.511398 0.168434 0.628129 0.821520 0.650838 0.601444 0.970369 0.499334 0.225280 0.010341 0.486111 0.251893 0.015170 0.527340 0.466565 0.482929 0.813337 0.670947 0.521662 0.457499 0.097035 0.547583 0.119562 0.535840 0.450026 0.814592 0.917719 0.406194 0.552606 0.608027 0.016777 0.644563 0.202517 0.026718 0.270614 0.611760 0.907122 0.039091 0.057387 0.369562 0.537684 0.166465 0.177771 0.831976 0.099455 0.611369 0.080090 0.378578 0.233095 0.437828 0.935287 0.230743 0.814810 0.172621 0.855127 0.243931 0.125784 0.894567 0.664728 0.065646 0.654457 0.473256 0.278663 0.495068 0.943267 0.593022 0.963808 0.669518 0.340486 0.580861 0.288917 0.253004 0.078537 0.745559 0.282616 0.995555 0.107241 0.848124 0.059996 0.809871 0.313973 0.932233 0.662068 0.209324 0.851294 0.560601 0.472162 0.790147 0.801524 0.507367 0.506604 0.649437 0.763846 0.762626 0.455583 0.129376 0.299778 0.634414 0.784862 0.954928 0.022610 0.544114 0.208462 0.111078 0.764245 0.992140 0.680850 0.202156 0.814314 0.221237 0.006740 0.516705 0.953224 0.397644 0.595646 0.293460 0.120204 0.372588 0.850865 0.972410 0.485751 0.682365 0.363302 0.569214 0.425982 0.352823 0.895059 0.381440 0.779634 0.947027 0.730268 0.767633 0.783349 0.367975 0.222169 0.327195 0.888517 0.870670 0.725755 0.950930 0.767763 0.578508 0.040036 0.114599 0.423168 0.987359 0.117129 0.972577 0.839348 0.382706 0.122982 0.479369 0.067096 0.053937 0.066590 0.988545 0.360280 0.627395 0.523040 0.307840 0.502194 0.847147 0.042622 0.944781 0.790654 0.272015 0.760666 0.883463 0.487778 0.428158 0.021599 0.539013 0.683561 0.572999 0.103859 0.937640 0.712829 0.445263 0.989587 0.425743 0.732296 0.186118 0.576438 0.937599 0.065999 0.459795 0.225091 0.862544 0.027546 0.608137 0.303772 0.112154 0.106819 0.656193 0.596966 0.172610 0.332049 0.021519 0.891829 0.285344 0.007314 0.419037 0.864009 0.298566 0.091326 0.647389 0.571960 0.607695
0.373087 0.836726 0.971289 0.578127 0.040498 0.593107 0.228288 0.165676 0.584106 0.134759 0.705958 0.834392 0.459852 0.337434 0.930197 0.946647 0.995171 0.397057 0.254095 0.654337 0.131240 0.140452 0.994111 0.587663 0.410419 0.858229 0.369762 0.238459 0.289666 0.970293 0.431180 0.676055 0.485398 0.190724 0.817666 0.408966 0.714640 0.483071 0.555329 0.565722 0.135804 0.105338 0.119561 0.333152 0.179533 0.508168 0.721767 0.293902 0.850383 0.761312 0.744160 0.399399 0.668770 0.312451 0.397860 0.024948 0.651459 0.749397 0.288149 0.593903 0.570427 0.151759 0.898153 0.273218 0.956951 0.984036 0.535222 0.359225 0.505127 0.299997 0.213751 0.229136 0.977287 0.539313 0.389561 0.912913 0.113092 0.379499 0.073663 0.405641 0.150911 0.178324 0.379538 0.129356 0.107272 0.303780 0.642128 0.600165 0.120713 0.625550 0.634283 0.302961 0.454337 0.779443 0.327267 0.874728 0.453607 0.499151 0.893596 0.469557 0.616313 0.528006 0.101998 0.940395 0.137832 0.740472 0.879095 0.291408 0.476067 0.779975 0.676792 0.338201 0.319924 0.121499 0.677687 0.601772 0.644812 0.481005 0.786455 0.614204 0.505767 0.348614 0.578762 0.733698 0.756701 0.267885 0.059987 0.082285 0.065033 0.303633 0.130591 0.911711 0.969650 0.170094 0.006823 0.581588 0.684514 0.086440 0.484648 0.154374 0.059841 0.063113 0.959970 0.289974 0.768065 0.284797 0.231898 0.419761 0.668872 0.290014 0.363007 0.133428 0.408381 0.355528 0.417775 0.395014 0.346687 0.920210 0.973402 0.284844 0.656609 0.543335 0.438632 0.686102 0.719797 0.781043 0.908617 0.815484 0.852568 0.653001 0.945878 0.805409 0.820670 0.627035 0.612460 0.739461 0.138219 0.760436 0.246541 0.428493 0.181684 0.662838 0.206651 0.824811 0.230828 0.955642 0.937470 0.707936 0.884773 0.844851 0.509502 0.245691 0.493508 0.704872 0.578044 0.472863 0.320454 0.312402 0.382547 0.495877 0.643871 0.542187 0.092184 0.909866 0.570585 0.098606 0.253431 0.107687 0.222487 0.539712 0.333293 0.359988 0.890721 0.739857 0.869950 0.830004 0.824425 0.864779 0.552030 0.748990 0.680756 0.056135 0.911569 0.988207 0.875464 0.015033 0.042486 0.790909 0.356666 0.249893 0.408231 0.612157 0.056720 0.686092 0.107099 0.090663 0.850041 0.512759 0.307927 0.407619 0.575213 0.171251 0.590202 0.953801 0.713419 0.124364 0.905248 0.085697 0.152663 0.648702 0.914745 0.022464 0.380268 0.298033 0.132869 0.132280 0.434221 0.937238 0.677943 0.011051 0.727715 0.207088 0.464200 0.230786 0.280503 0.752325 0.623870 0.017591 0.889883 0.140334 0.163080 0.192513 0.797979 0.567753 0.300005 0.723703 0.301146 0.225987 0.991557 0.250198 0.954483 0.845668 0.859849 0.965503 0.932335 0.034454 0.496128 0.974099 0.598260 0.982253 0.344914 0.978671 0.168978 0.659420 0.423877 0.253750 0.196221 0.313099 0.384325 0.922225
0.009388 0.348568 0.200452 0.434834 0.490122 0.231614 0.934782 0.428549 0.150634 0.955066 0.254901 0.977223 0.954939 0.048112 0.835105 0.128804 0.764783 0.658585 0.424681 0.590254 0.878131 0.929309 0.967729 0.330977 0.950758 0.393423 0.641066 0.951634 0.155187 0.607171 0.655766 0.792706 0.474247 0.245744 0.127924 0.082065 0.593526 0.713950 0.650898 0.389375 0.699542 0.955768 0.319071 0.294696 0.117898 0.595089 0.753314 0.485191 0.555891 0.847741 0.266441 0.991279 0.816639 0.241133 0.643291 0.623561 0.081709 0.317099 0.135679 0.328157 0.437853 0.464917 0.445978 0.037411 0.142065 0.770412 0.798498 0.158523 0.845710 0.921276 0.741334 0.411988 0.034819 0.590945 0.796405 0.034988 0.837467 0.202834 0.814219 0.427507 0.310651 0.625297 0.665152 0.424848 0.082835 0.980025 0.647996 0.290752 0.274660 0.214278 0.513366 0.982438 0.516023 0.943725 0.085572 0.737553 0.583095 0.519430 0.245989 0.023671 0.299139 0.412994 0.882181 0.304135 0.808927 0.188287 0.146221 0.160850 0.881429 0.085875 0.151127 0.769959 0.741230 0.953700 0.215130 0.672788 0.879629 0.855021 0.601706 0.276177 0.931810 0.671333 0.889342 0.940694 0.474006 0.711850 0.595089 0.195564 0.059774 0.316478 0.024147 0.576922 0.719843 0.396544 0.578515 0.788492 0.369723 0.562811 0.849333 0.943728 0.948571 0.259754 0.313528 0.333172 0.748124 0.363575 0.141001 0.671743 0.327837 0.768245 0.465829 0.260761 0.831408 0.938931 0.054664 0.094769 0.705976 0.357880 0.552647 0.027318 0.180766 0.682748 0.542773 0.756642 0.220912 0.316188 0.925388 0.865492 0.037784 0.296882 0.203982 0.504373 0.687144 0.444501 0.079438 0.307425 0.308481 0.049032 0.411179 0.534024 0.666574 0.902184 0.434920 0.664107 0.191329 0.115362 0.458279 0.079494 0.662639 0.312113 0.398402 0.257345 0.159735 0.875150 0.895039 0.547242 0.218953 0.704954 0.898737 0.682252 0.277293 0.074224 0.156306 0.023968 0.874928 0.088012 0.965644 0.662230 0.445870 0.937032 0.141020 0.978179 0.985917 0.230705 0.532248 0.651138 0.533671 0.554478 0.102699 0.829414 0.525607 0.566526 0.534428 0.175452 0.940874 0.682943 0.563557 0.054379 0.246118 0.936625 0.160093 0.654426 0.255202 0.322083 0.307328 0.038269 0.439193 0.622415 0.422496 0.260869 0.627966 0.887585 0.588980 0.568387 0.822035 0.233100 0.149690 0.388758 0.488368 0.182476 0.413264 0.541718 0.659216 0.675559 0.707635 0.416613 0.590280 0.199795 0.352244 0.009010 0.721489 0.572196 0.728156 0.767940 0.065779 0.464419 0.244815 0.852247 0.958036 0.778369 0.198516 0.087861 0.439936 0.016517 0.387253 0.812804 0.765436 0.052340 0.158174 0.031614 0.395082 0.805099 0.597951 0.139128 0.861937 0.497145 0.080809 0.911421 0.030313 0.313686 0.518352 0.607196 0.623310 0.204263 0.487964 0.996571 0.662261 0.716564 0.416642 0.633553
0.279268 0.684828 0.373856 0.720205 0.611239 0.932741 0.946803 0.286261 0.161466 0.246277 0.719226 0.909359 0.188299 0.938850 0.756753 0.043075 0.573972 0.632051 0.150785 0.243803 0.630119 0.992131 0.649527 0.598100 0.368881 0.852239 0.884486 0.314127 0.892818 0.056930 0.315212 0.430654 0.631384 0.343212 0.863363 0.996150 0.451583 0.167362 0.001070 0.578633 0.760735 0.487824 0.556854 0.837345 0.383937 0.189619 0.776187 0.273981 0.864704 0.619934 0.371071 0.320035 0.115196 0.061088 0.046650 0.711154 0.876764 0.806912 0.292858 0.589034 0.272382 0.871728 0.810434 0.142310 0.871775 0.001750 0.631240 0.132856 0.405588 0.427379 0.540418 0.874031 0.782203 0.102045 0.556162 0.490884 0.740983 0.780577 0.348904 0.240117 0.034056 0.498314 0.956367 0.381635 0.729225 0.447197 0.595391 0.355814 0.716956 0.551532 0.421904 0.065850 0.745327 0.943988 0.808724 0.761317 0.367885 0.153812 0.492093 0.383090 0.439349 0.379767 0.377394 0.729643 0.103334 0.395172 0.468256 0.542627 0.981960 0.454095 0.961772 0.039680 0.801258 0.589585 0.165086 0.060360 0.617415 0.599326 0.360227 0.074397 0.671002 0.033865 0.728110 0.309218 0.148685 0.895791 0.214468 0.937293 0.015120 0.659982 0.472561 0.744738 0.232684 0.377130 0.287203 0.498015 0.776820 0.294283 0.016577 0.022651 0.280274 0.051306 0.644912 0.310007 0.152028 0.430878 0.523462 0.141619 0.784048 0.288430 0.572651 0.175493 0.518790 0.939698 0.210967 0.387820 0.845157 0.609855 0.154002 0.721494 0.963255 0.957059 0.670751 0.150003 0.579697 0.639774 0.480940 0.750189 0.344867 0.305785 0.160178 0.174685 0.360526 0.300389 0.950128 0.322824 0.152948 0.463390 0.526484 0.307802 0.172397 0.000355 0.419963 0.057861 0.633863 0.730412 0.760027 0.102140 0.620120 0.322400 0.438892 0.652159 0.555268 0.154407 0.539665 0.629066 0.098332 0.216301 0.654307 0.245395 0.228140 0.123136 0.387359 0.922247 0.220109 0.059720 0.667313 0.073219 0.203390 0.942719 0.102936 0.790312 0.405117 0.425584 0.032369 0.763981 0.537256 0.491367 0.860864 0.631479 0.237117 0.066545 0.258626 0.555643 0.889064 0.343626 0.215955 0.619644 0.169680 0.131041 0.291420 0.627928 0.429695 0.374769 0.530644 0.483933 0.141642 0.786449 0.962715 0.788306 0.037607 0.879702 0.789467 0.637154 0.867941 0.253916 0.662084 0.281023 0.123847 0.615161 0.814052 0.824176 0.744131 0.650316 0.801168 0.903368 0.792686 0.582382 0.431101 0.800694 0.069309 0.591708 0.358195 0.566395 0.139090 0.768743 0.159300 0.729742 0.592554 0.145177 0.972750 0.535231 0.027718 0.320903 0.413943 0.273806 0.453327 0.486983 0.072237 0.278682 0.641184 0.517544 0.119470 0.972053 0.812114 0.341162 0.093814 0.532789 0.669534 0.278478 0.625517 0.276532 0.818371 0.414016 0.573212 0.421999 0.100657 0.432384 0.766144 0.253992
0.567288 0.360160 0.140483 0.933810 0.206470 0.142297 0.129686 0.475703 0.222975 0.560345 0.392748 0.161236 0.138891 0.482025 0.816322 0.001454 0.642381 0.483165 0.082804 0.717389 0.691004 0.779855 0.425837 0.229170 0.808517 0.802454 0.261344 0.198429 0.252567 0.330803 0.652445 0.771928 0.763984 0.341085 0.456203 0.949354 0.784767 0.805411 0.658937 0.585072 0.051017 0.743021 0.331549 0.635795 0.079103 0.287743 0.765273 0.106781 0.768138 0.171325 0.592385 0.511902 0.772269 0.162606 0.670720 0.961536 0.990335 0.701450 0.919166 0.895620 0.780092 0.671222 0.955937 0.645111 0.615759 0.474695 0.477973 0.509861 0.579478 0.130750 0.319148 0.396105 0.094301 0.264694 0.737387 0.022063 0.143321 0.565088 0.243373 0.486659 0.367820 0.982642 0.684568 0.814918 0.349818 0.150864 0.988261 0.709714 0.049587 0.238681 0.246802 0.464576 0.214657 0.851240 0.604143 0.632639 0.949491 0.914731 0.545802 0.268031 0.376475 0.636981 0.559626 0.972059 0.305315 0.465756 0.344039 0.490819 0.536531 0.696790 0.611631 0.801594 0.979087 0.435608 0.095014 0.195130 0.235065 0.679284 0.952767 0.491295 0.787031 0.145681 0.744137 0.659744 0.623015 0.960855 0.438092 0.715689 0.251106 0.770969 0.988866 0.491314 0.246326 0.917615 0.716576 0.081202 0.941498 0.169074 0.399883 0.096495 0.892777 0.346840 0.422941 0.185921 0.030276 0.369874 0.616876 0.230555 0.384613 0.107643 0.143447 0.004827 0.031833 0.479889 0.733927 0.727691 0.620684 0.951665 0.467554 0.045101 0.430495 0.453492 0.036092 0.900667 0.268274 0.286304 0.469425 0.791327 0.744865 0.091621 0.971958 0.958099 0.559532 0.408297 0.430712 0.641731 0.324027 0.691417 0.438319 0.398899 0.579483 0.087448 0.635951 0.881390 0.081129 0.981435 0.778561 0.251563 0.365275 0.802247 0.070184 0.151762 0.389789 0.820955 0.590462 0.249377 0.845909 0.363920 0.403684 0.116801 0.569069 0.536167 0.227655 0.777292 0.019612 0.456168 0.242642 0.311743 0.620164 0.792497 0.199462 0.675661 0.760071 0.371976 0.649882 0.014686 0.095726 0.624621 0.758972 0.771868 0.729117 0.230740 0.929008 0.435734 0.201724 0.702438 0.139704 0.930695 0.926566 0.075423 0.768754 0.136423 0.000858 0.636376 0.059068 0.245654 0.761608 0.663336 0.783517 0.367438 0.635110 0.763064 0.629383 0.622251 0.463029 0.903807 0.998719 0.337888 0.918011 0.548416 0.138143 0.077498 0.834052 0.455952 0.829010 0.501675 0.021580 0.211020 0.809203 0.051711 0.276126 0.502395 0.918942 0.910640 0.743523 0.843405 0.365045 0.709880 0.413177 0.318714 0.196777 0.423530 0.589032 0.882081 0.830759 0.456014 0.449958 0.716731 0.125246 0.914778 0.712464 0.163056 0.494970 0.330808 0.962210 0.152471 0.212945 0.918694 0.003216 0.924741 0.722946 0.502102 0.143934 0.027338 0.281608 0.058533 0.384271 0.685029 0.068578 0.568145
0.959696 0.574343 0.047647 0.772190 0.092981 0.736379 0.268971 0.312032 0.932607 0.654400 0.418932 0.068760 0.005789 0.684439 0.180434 0.070431 0.836333 0.806580 0.692377 0.651054 0.111665 0.026402 0.904531 0.180822 0.287500 0.897217 0.744554 0.614213 0.890292 0.861267 0.596655 0.331642 0.335692 0.681284 0.672650 0.925951 0.655675 0.447403 0.253125 0.776619 0.938664 0.826508 0.159527 0.063045 0.667962 0.320147 0.278249 0.980928 0.402443 0.041722 0.509114 0.722863 0.710708 0.169864 0.623978 0.863283 0.469248 0.327945 0.230338 0.782554 0.475494 0.100731 0.476481 0.576775 0.638764 0.111515 0.974855 0.422906 0.714899 0.950030 0.989076 0.868905 0.880576 0.956435 0.714748 0.804422 0.042971 0.687150 0.492181 0.379575 0.051038 0.553462 0.856961 0.326656 0.534145 0.129206 0.080264 0.192047 0.934716 0.663204 0.857384 0.493815 0.227007 0.241863 0.178582 0.883765 0.388555 0.003926 0.546616 0.834902 0.909878 0.958746 0.369255 0.744792 0.355707 0.919851 0.454636 0.097997 0.478198 0.084170 0.456112 0.675497 0.303489 0.144371 0.437367 0.557600 0.584021 0.067698 0.943136 0.893215 0.793694 0.875869 0.389075 0.437460 0.395062 0.733330 0.696018 0.049113 0.955662 0.709485 0.160238 0.599225 0.027180 0.395443 0.461291 0.982594 0.139602 0.643830 0.515690 0.125957 0.772146 0.420036 0.426110 0.597923 0.926421 0.410387 0.525361 0.754047 0.057788 0.963859 0.154356 0.593398 0.430652 0.632126 0.123011 0.835791 0.262681 0.538022 0.029239 0.751713 0.013869 0.596530 0.967714 0.169136 0.140639 0.403245 0.952257 0.685379 0.765223 0.705510 0.809500 0.588091 0.884067 0.015948 0.927581 0.927351 0.416003 0.627972 0.439536 0.233873 0.442353 0.037893 0.264602 0.870710 0.730677 0.321954 0.113309 0.272319 0.908678 0.831020 0.071389 0.819513 0.930594 0.995807 0.315950 0.614288 0.224205 0.373323 0.753681 0.600642 0.840080 0.345465 0.618315 0.543343 0.218752 0.647643 0.198615 0.080903 0.257120 0.434003 0.831647 0.845283 0.520676 0.826423 0.025067 0.274311 0.858450 0.598401 0.014078 0.950522 0.607341 0.483621 0.330913 0.505122 0.488588 0.174842 0.926536 0.360858 0.988134 0.133199 0.286868 0.031327 0.526875 0.166600 0.318610 0.457486 0.258619 0.993596 0.569251 0.648322 0.572999 0.726431 0.988290 0.323448 0.578794 0.766388 0.444461 0.095752 0.552500 0.218130 0.075034 0.262079 0.990330 0.467907 0.275772 0.954963 0.158600 0.114513 0.379732 0.353109 0.513003 0.623763 0.480998 0.754767 0.805183 0.792823 0.101334 0.808511 0.104711 0.617235 0.213413 0.330176 0.031329 0.285400 0.294792 0.804397 0.966434 0.238994 0.804517 0.259626 0.018240 0.773750 0.335293 0.868863 0.010661 0.210164 0.455217 0.034904 0.020892 0.896353 0.831936 0.869956 0.100080 0.161712 0.230693 0.701671 0.138103 0.961797 0.010406 0.918663
0.723909 0.165699 0.536662 0.926739 0.945761 0.982198 0.306717 0.384395 0.033352 0.896851 0.159212 0.677400 0.377205 0.770797 0.278076 0.956539 0.840831 0.711991 0.694851 0.626668 0.008963 0.342485 0.306384 0.665192 0.183091 0.157601 0.411057 0.797330 0.734358 0.678690 0.247394 0.605882 0.586596 0.403169 0.007763 0.111735 0.449132 0.201786 0.817772 0.823187 0.657517 0.292941 0.494148 0.776270 0.715151 0.070987 0.340651 0.055310 0.271366 0.828091 0.176967 0.183980 0.276429 0.676861 0.646599 0.003458 0.933484 0.886353 0.881873 0.114962 0.249046 0.167862 0.998070 0.057726 0.478421 0.847949 0.004073 0.003656 0.768372 0.290034 0.677023 0.387981 0.343348 0.866884 0.899977 0.242351 0.615980 0.269029 0.571170 0.870163 0.250563 0.966153 0.078832 0.723174 0.670964 0.662548 0.491955 0.327735 0.871606 0.245570 0.790045 0.018563 0.848596 0.839524 0.525173 0.706066 0.383626 0.231524 0.249022 0.302726 0.341631 0.100634 0.988109 0.625603 0.487961 0.776702 0.488747 0.172987 0.952894 0.502033 0.193531 0.461329 0.767028 0.026986 0.677659 0.607019 0.360523 0.288399 0.163721 0.237029 0.845051 0.335066 0.565838 0.708178 0.250436 0.104502 0.233799 0.176179 0.686736 0.508623 0.943293 0.261057 0.033343 0.856201 0.819302 0.042813 0.782438 0.572962 0.050539 0.836769 0.682408 0.793179 0.984230 0.816318 0.738419 0.936425 0.984631 0.149047 0.691015 0.100987 0.610899 0.095028 0.505635 0.242914 0.209058 0.926404 0.194514 0.132115 0.426018 0.124673 0.307587 0.488722 0.426295 0.637435 0.149605 0.241583 0.979471 0.683213 0.724868 0.088791 0.146760 0.865302 0.254657 0.688750 0.363022 0.981435 0.247851 0.016187 0.977827 0.553353 0.708937 0.848877 0.802461 0.051318 0.661260 0.307286 0.396710 0.423473 0.469380 0.425560 0.274812 0.877169 0.370580 0.615889 0.617793 0.649821 0.642629 0.294951 0.165741 0.158736 0.497377 0.618331 0.922785 0.954806 0.999206 0.551321 0.212637 0.835091 0.739032 0.143551 0.561684 0.578907 0.105760 0.736173 0.327687 0.100546 0.605163 0.561702 0.966083 0.064964 0.634586 0.049611 0.519612 0.147793 0.852643 0.497617 0.797460 0.255492 0.051152 0.435943 0.494950 0.248287 0.342799 0.487726 0.138030 0.255690 0.620176 0.693112 0.349365 0.889485 0.318619 0.563163 0.222874 0.687979 0.318254 0.360026 0.045093 0.181396 0.125467 0.316057 0.825890 0.134667 0.450206 0.288450 0.861858 0.856440 0.559646 0.610268 0.573163 0.502061 0.596667 0.340619 0.703748 0.300223 0.745075 0.121841 0.361357 0.054312 0.948646 0.516325 0.317195 0.205288 0.331065 0.914407 0.500843 0.513535 0.431536 0.499688 0.055498 0.118905 0.436001 0.276109 0.867129 0.596468 0.364038 0.303362 0.610230 0.264775 0.368067 0.326134 0.307585 0.448653 0.271577 0.135252 0.454054 0.794045 0.841629 0.933012 0.730352 0.596246
0.494094 0.683109 0.016817 0.023689 0.124898 0.772635 0.030532 0.369658 0.124362 0.741316 0.477870 0.653099 0.149312 0.251896 0.750053 0.338503 0.869520 0.654581 0.816605 0.322671 0.303836 0.033878 0.930050 0.670804 0.738935 0.269208 0.029323 0.058795 0.420715 0.429170 0.650987 0.589391 0.201808 0.056200 0.782238 0.797558 0.739386 0.509100 0.410222 0.434150 0.211583 0.831470 0.499811 0.305412 0.589419 0.069902 0.911416 0.202336 0.091565 0.103323 0.515202 0.745444 0.962201 0.937700 0.383929 0.495216 0.044317 0.684536 0.522953 0.694051 0.074339 0.611891 0.983709 0.022475 0.599514 0.435130 0.212789 0.708880 0.022888 0.507463 0.191065 0.618479 0.127151 0.481227 0.858966 0.731994 0.564419 0.776717 0.114546 0.584663 0.976288 0.485474 0.290172 0.656764 0.347397 0.715003 0.863003 0.873595 0.163430 0.601042 0.724744 0.117431 0.739308 0.779771 0.655750 0.128334 0.917761 0.890364 0.549970 0.511662 0.291863 0.824912 0.465279 0.103481 0.241463 0.839065 0.318349 0.450533 0.846777 0.824633 0.635801 0.171261 0.069071 0.577729 0.182434 0.842296 0.675933 0.649533 0.655234 0.149847 0.696196 0.588375 0.173005 0.028608 0.761277 0.388979 0.734718 0.623879 0.141687 0.248144 0.905996 0.866542 0.805301 0.449597 0.708775 0.988106 0.295898 0.654352 0.689264 0.497529 0.234318 0.361940 0.321767 0.169047 0.168776 0.394174 0.222682 0.590878 0.975647 0.358496 0.925428 0.225368 0.023067 0.523451 0.654815 0.621939 0.459859 0.938869 0.434410 0.019814 0.559583 0.385532 0.621955 0.084793 0.270792 0.112146 0.626263 0.523095 0.225674 0.300431 0.040585 0.051274 0.020115 0.489712 0.568790 0.198349 0.782457 0.610126 0.146783 0.913037 0.448893 0.553869 0.668723 0.859865 0.092845 0.154799 0.907818 0.398432 0.573432 0.103046 0.564328 0.979862 0.121725 0.025362 0.067711 0.486687 0.556021 0.314207 0.046399 0.359911 0.894934 0.147700 0.053604 0.167716 0.238862 0.826254 0.940515 0.826027 0.993616 0.858278 0.610670 0.237341 0.683765 0.424642 0.958181 0.627691 0.874439 0.057508 0.111372 0.715224 0.225244 0.191732 0.561767 0.936705 0.126070 0.481854 0.371227 0.838372 0.227976 0.204404 0.144362 0.565442 0.614485 0.915054 0.785302 0.953183 0.272295 0.323938 0.781116 0.075124 0.209860 0.043300 0.901264 0.487105 0.553153 0.431561 0.524744 0.515245 0.787575 0.795517 0.122862 0.703656 0.406889 0.499297 0.923032 0.961118 0.316700 0.453659 0.620165 0.921278 0.108395 0.076960 0.362724 0.432202 0.077163 0.444545 0.052420 0.009501 0.393356 0.342081 0.365894 0.649514 0.661228 0.069912 0.359230 0.503131 0.293688 0.534935 0.977114 0.669396 0.836169 0.287162 0.842244 0.984699 0.167915 0.719865 0.678014 0.386269 0.063788 0.193497 0.276598 0.821895 0.372194 0.494393 0.002222 0.663106 0.856209 0.578685 0.702771 0.436201
0.429925 0.658368 0.167534 0.657242 0.946085 0.246841 0.067981 0.464233 0.410539 0.121997 0.729987 0.070620 0.516894 0.654590 0.383680 0.709039 0.295068 0.192479 0.573313 0.192044 0.930646 0.370807 0.120514 0.030200 0.302893 0.799938 0.719646 0.225248 0.585323 0.959926 0.944601 0.332235 0.852119 0.938566 0.076899 0.443421 0.376862 0.884867 0.162311 0.239728 0.905747 0.196150 0.515067 0.854994 0.191977 0.935588 0.312406 0.265763 0.141120 0.436906 0.151324 0.850806 0.102820 0.687968 0.430530 0.316594 0.777835 0.610295 0.211638 0.671287 0.067383 0.280636 0.606754 0.627320 0.701348 0.891697 0.935448 0.358087 0.990745 0.975160 0.180322 0.725342 0.579342 0.613257 0.040728 0.432181 0.723041 0.145043 0.228010 0.795482 0.587251 0.137166 0.848602 0.990081 0.853875 0.007293 0.972346 0.202878 0.738939 0.804150 0.049013 0.449572 0.334530 0.853482 0.369180 0.230964 0.894320 0.958685 0.051177 0.556423 0.077664 0.315271 0.664911 0.418505 0.776243 0.475724 0.937850 0.429741 0.000660 0.067263 0.910272 0.289506 0.314718 0.806225 0.544558 0.556040 0.846257 0.651790 0.700461 0.404045 0.627975 0.924610 0.894568 0.882505 0.302162 0.825737 0.073304 0.494896 0.625239 0.250417 0.568889 0.210033 0.145093 0.477595 0.196033 0.273172 0.487612 0.708834 0.366798 0.566223 0.121542 0.838721 0.155880 0.078203 0.719189 0.465803 0.458134 0.271873 0.798866 0.086607 0.687413 0.970450 0.180112 0.034634 0.642478 0.762926 0.487037 0.365942 0.239064 0.821262 0.379863 0.833943 0.556139 0.810013 0.931901 0.215998 0.113328 0.894624 0.062982 0.747933 0.640986 0.196538 0.350343 0.552798 0.763312 0.210943 0.811370 0.876404 0.628700 0.520578 0.218184 0.864697 0.919319 0.064416 0.531851 0.730802 0.937979 0.779549 0.491462 0.026306 0.202223 0.344288 0.525426 0.341532 0.192431 0.848673 0.826876 0.696201 0.167090 0.160558 0.521564 0.232999 0.337432 0.887286 0.457673 0.805736 0.724060 0.190427 0.169123 0.674110 0.926899 0.793957 0.022985 0.868478 0.230977 0.097899 0.411397 0.196021 0.777657 0.170883 0.321936 0.680991 0.952655 0.783256 0.214042 0.287747 0.735128 0.162483 0.183734 0.144736 0.425993 0.243058 0.231638 0.171808 0.177364 0.855930 0.850142 0.721805 0.538635 0.273401 0.521271 0.872383 0.237303 0.418397 0.661507 0.694927 0.945772 0.215890 0.354456 0.387441 0.205327 0.621602 0.319031 0.262039 0.223601 0.298373 0.076850 0.353509 0.186892 0.625417 0.893818 0.923823 0.999256 0.186703 0.998485 0.419208 0.343823 0.057139 0.977656 0.086205 0.333231 0.972778 0.252278 0.225390 0.048053 0.917492 0.328151 0.886680 0.445263 0.120397 0.539200 0.986759 0.062500 0.006898 0.840964 0.927485 0.825736 0.419610 0.340266 0.605764 0.180758 0.016521 0.260786 0.371968 0.824915 0.666043 0.513773 0.792628 0.807550 0.885220
0.680887 0.749116 0.343819 0.938829 0.222493 0.392255 0.478662 0.858627 0.976203 0.893680 0.248028 0.744887 0.958904 0.535756 0.058727 0.926480 0.816798 0.583595 0.534379 0.372508 0.715213 0.020627 0.571085 0.676693 0.780599 0.709162 0.182385 0.437424 0.067140 0.989125 0.898222 0.657765 0.499369 0.795309 0.715443 0.071124 0.096384 0.298071 0.695941 0.187885 0.025453 0.561600 0.688715 0.248077 0.606601 0.030353 0.347897 0.625276 0.413391 0.888410 0.228866 0.906808 0.889523 0.596392 0.885815 0.528086 0.841277 0.503519 0.276375 0.515411 0.860363 0.600815 0.046483 0.710255 0.989267 0.033480 0.235414 0.655424 0.303452 0.118873 0.520411 0.655330 0.292982 0.490510 0.822320 0.166971 0.058759 0.704076 0.413862 0.762787 0.596252 0.072026 0.623689 0.957778 0.276160 0.019318 0.705354 0.233994 0.097555 0.671550 0.594827 0.973899 0.491000 0.537511 0.112244 0.106884 0.226102 0.903579 0.512895 0.138710 0.203562 0.050117 0.445494 0.131289 0.391633 0.249518 0.897293 0.910646 0.262550 0.367942 0.254183 0.647184 0.354309 0.158951 0.669974 0.156310 0.370843 0.041200 0.365085 0.498126 0.896285 0.560309 0.499250 0.617665 0.106133 0.982757 0.944016 0.074986 0.816758 0.912976 0.591170 0.862739 0.091261 0.747569 0.555142 0.518829 0.730903 0.513283 0.947089 0.429337 0.678825 0.374479 0.164458 0.416136 0.012852 0.955636 0.590026 0.607381 0.779192 0.942247 0.675390 0.224794 0.246983 0.641969 0.400498 0.709764 0.071732 0.379009 0.684798 0.238940 0.215267 0.851505 0.954952 0.161419 0.745136 0.502318 0.982830 0.026583 0.042574 0.012487 0.260963 0.453992 0.704604 0.303471 0.724255 0.613752 0.413519 0.919412 0.102665 0.086275 0.933973 0.551485 0.603691 0.270227 0.101224 0.170764 0.265129 0.764029 0.411404 0.212138 0.998254 0.907875 0.972081 0.281040 0.095722 0.779735 0.754591 0.497810 0.514810 0.702433 0.075843 0.767154 0.562399 0.608142 0.439930 0.481357 0.662944 0.976760 0.757081 0.532399 0.723770 0.104474 0.930719 0.776037 0.514350 0.077903 0.850980 0.774782 0.129574 0.114205 0.665886 0.508541 0.129316 0.260705 0.067065 0.533581 0.909561 0.902837 0.822079 0.252533 0.076927 0.301884 0.004128 0.618394 0.544425 0.073972 0.542023 0.352062 0.352659 0.529727 0.060246 0.478750 0.834717 0.234798 0.976259 0.006158 0.910795 0.932422 0.184626 0.212852 0.483198 0.230348 0.926505 0.243388 0.280448 0.989789 0.603717 0.157927 0.514843 0.614026 0.859339 0.749859 0.552404 0.644604 0.812873 0.345300 0.751567 0.961025 0.426539 0.636720 0.756681 0.205393 0.103789 0.543100 0.378155 0.675438 0.462175 0.928744 0.878977 0.811661 0.216376 0.423701 0.500042 0.078422 0.655872 0.884986 0.789360 0.431784 0.007881 0.904137 0.322593 0.322362 0.194972 0.388983 0.544674 0.429056 0.050977 0.535769 0.738238 0.542197
0.505938 0.024684 0.103611 0.208886 0.738453 0.120018 0.053430 0.027864 0.262349 0.264309 0.915994 0.022807 0.381048 0.938356 0.049861 0.041417 0.909608 0.938384 0.025235 0.851476 0.899645 0.166083 0.972790 0.207107 0.819867 0.714807 0.235588 0.645583 0.580465 0.104343 0.861815 0.425862 0.333362 0.961951 0.071185 0.640581 0.300312 0.313062 0.784724 0.232826 0.813895 0.565720 0.840358 0.735612 0.467614 0.593304 0.146307 0.036787 0.882539 0.216502 0.140135 0.708962 0.594846 0.131705 0.598213 0.761106 0.696185 0.671464 0.082784 0.548613 0.197974 0.106998 0.076801 0.382631 0.274857 0.654571 0.367427 0.339402 0.355208 0.161606 0.410831 0.463681 0.316780 0.508719 0.186365 0.238820 0.446486 0.475020 0.323662 0.976363 0.212336 0.156474 0.301096 0.611372 0.164326 0.936049 0.878464 0.838535 0.379693 0.433089 0.442064 0.216008 0.293447 0.609509 0.793659 0.362423 0.715736 0.877653 0.100979 0.072663 0.432693 0.290929 0.232820 0.197983 0.388935 0.748553 0.242994 0.376198 0.312079 0.196367 0.694157 0.811461 0.239633 0.046615 0.824313 0.676128 0.428124 0.947622 0.150588 0.587360 0.733205 0.336321 0.562059 0.242624 0.025124 0.768912 0.754023 0.738040 0.816787 0.003407 0.192407 0.895347 0.848881 0.739442 0.051441 0.663633 0.537178 0.519291 0.142672 0.847766 0.058125 0.571170 0.802095 0.739360 0.063552 0.515980 0.064253 0.285043 0.804491 0.056643 0.929030 0.194260 0.404858 0.733164 0.211727 0.912467 0.209337 0.362208 0.459794 0.632145 0.255398 0.642330 0.490480 0.089758 0.579516 0.769189 0.518970 0.779947 0.377132 0.083840 0.463893 0.452006 0.835378 0.674106 0.540122 0.305039 0.021856 0.802355 0.976875 0.166916 0.618172 0.703912 0.396881 0.068588 0.162238 0.042917 0.412845 0.394304 0.536708 0.589226 0.126338 0.284858 0.456062 0.039177 0.534671 0.989048 0.356356 0.116714 0.628603 0.628482 0.153451 0.174866 0.587819 0.797689 0.771790 0.417634 0.865885 0.020725 0.235398 0.596381 0.675894 0.028124 0.137868 0.661734 0.128202 0.090341 0.680887 0.566549 0.172194 0.269095 0.821447 0.002016 0.816378 0.859012 0.739724 0.537989 0.194024 0.371126 0.886084 0.927030 0.752114 0.634494 0.395870 0.167398 0.595479 0.348435 0.886866 0.737901 0.044164 0.969945 0.739233 0.780269 0.294178 0.009920 0.012738 0.438547 0.541959 0.561228 0.370767 0.157472 0.503275 0.471801 0.775490 0.442471 0.722335 0.602938 0.521900 0.616278 0.286215 0.397940 0.658779 0.032732 0.703479 0.193164 0.038475 0.641645 0.973164 0.929057 0.295328 0.162260 0.554412 0.703034 0.903752 0.293715 0.079415 0.165990 0.683899 0.658661 0.608422 0.766461 0.523788 0.745574 0.423157 0.049699 0.649032 0.689204 0.042224 0.314375 0.900018 0.112202 0.329371 0.857294 0.127254 0.883093 0.272886 0.670454 0.784694 0.035838 0.902359 0.446134
0.380471 0.338239 0.360094 0.660012 0.978219 0.167107 0.589865 0.646482 0.564105 0.534124 0.036082 0.147150 0.843837 0.829583 0.877045 0.756662 0.896080 0.241655 0.989338 0.769761 0.606571 0.990888 0.193584 0.552105 0.388667 0.114600 0.161088 0.498786 0.531891 0.466616 0.005875 0.104873 0.431012 0.468094 0.073565 0.934986 0.172781 0.925940 0.602231 0.783079 0.665696 0.245545 0.637291 0.799040 0.176784 0.880434 0.413533 0.135276 0.042761 0.834082 0.772456 0.323952 0.801653 0.824212 0.470724 0.775632 0.289197 0.892929 0.313938 0.701365 0.659189 0.913847 0.372558 0.249088 0.022454 0.681247 0.353336 0.911632 0.873245 0.680656 0.626151 0.217256 0.176555 0.115709 0.925023 0.809645 0.064913 0.520913 0.884740 0.657033 0.628168 0.184185 0.983769 0.542718 0.665399 0.750877 0.477529 0.071206 0.928698 0.416582 0.885980 0.754164 0.855855 0.549523 0.456346 0.662962 0.206712 0.946033 0.329308 0.890925 0.771334 0.510469 0.807972 0.595884 0.112939 0.775565 0.041037 0.501885 0.949551 0.941156 0.071220 0.812210 0.973650 0.542343 0.943361 0.134844 0.378890 0.840695 0.542071 0.852252 0.836989 0.140874 0.818120 0.266947 0.366924 0.262559 0.612011 0.297371 0.126618 0.682583 0.021469 0.984606 0.986885 0.181180 0.635203 0.343987 0.141794 0.716387 0.930001 0.847124 0.408432 0.772261 0.027329 0.464563 0.256450 0.171979 0.013194 0.124397 0.988336 0.986296 0.574564 0.503094 0.614359 0.141623 0.374204 0.044952 0.377248 0.245464 0.307994 0.889349 0.202289 0.322074 0.722693 0.844924 0.639156 0.079176 0.667793 0.921780 0.568390 0.708744 0.211086 0.653533 0.194235 0.875455 0.385339 0.743133 0.664713 0.983334 0.194869 0.778817 0.253881 0.583204 0.805246 0.807064 0.438934 0.813188 0.424197 0.529327 0.058788 0.975365 0.117774 0.186852 0.425167 0.365740 0.587198 0.666253 0.944204 0.560876 0.687099 0.499390 0.908778 0.554435 0.682090 0.435262 0.958539 0.201532 0.889629 0.596887 0.647792 0.142612 0.895026 0.652716 0.966767 0.255048 0.671762 0.454989 0.624020 0.946202 0.435356 0.479725 0.139401 0.312878 0.704115 0.801856 0.233081 0.638868 0.974643 0.094788 0.007035 0.110198 0.397362 0.255149 0.264924 0.399327 0.281010 0.742241 0.995488 0.578737 0.953333 0.114395 0.502225 0.317814 0.184153 0.751388 0.751621 0.776515 0.996432 0.878834 0.378774 0.839627 0.166572 0.830980 0.943995 0.200734 0.118941 0.675887 0.600774 0.305967 0.254933 0.399570 0.237881 0.720881 0.111306 0.392749 0.578349 0.104126 0.622179 0.980797 0.326870 0.202503 0.195328 0.653952 0.863516 0.514504 0.086322 0.624726 0.280052 0.067343 0.291206 0.298738 0.324732 0.967137 0.853931 0.293674 0.209159 0.733101 0.326045 0.976136 0.933542 0.894245 0.475559 0.172289 0.950744 0.541900 0.396997 0.959798 0.441559 0.733991 0.962639 0.245261
0.832355 0.334672 0.719805 0.350433 0.271222 0.947196 0.907655 0.187801 0.676255 0.315083 0.713604 0.283582 0.076212 0.770609 0.673893 0.130851 0.175253 0.077283 0.533967 0.385780 0.891489 0.799174 0.210493 0.128488 0.264834 0.388692 0.924741 0.426750 0.805953 0.568897 0.827097 0.179856 0.548658 0.960074 0.323087 0.056948 0.753297 0.730167 0.919979 0.003547 0.598237 0.042872 0.999774 0.930550 0.300662 0.150538 0.193458 0.797701 0.995996 0.451898 0.369585 0.576539 0.387136 0.067290 0.780776 0.484796 0.814270 0.459365 0.524583 0.726153 0.520470 0.210899 0.041818 0.069855 0.504058 0.552172 0.865288 0.977043 0.659772 0.848937 0.444556 0.665181 0.006461 0.763071 0.910865 0.127202 0.474828 0.658282 0.251119 0.023438 0.097685 0.993225 0.913664 0.640723 0.820990 0.165003 0.986952 0.657639 0.276445 0.959817 0.659393 0.173037 0.647306 0.458460 0.726302 0.544743 0.658831 0.377409 0.411656 0.137237 0.660621 0.514166 0.007285 0.495043 0.340122 0.220642 0.249806 0.941149 0.374059 0.167849 0.320383 0.544762 0.708430 0.177851 0.767366 0.139025 0.143177 0.959421 0.363174 0.482650 0.172657 0.060212 0.057132 0.243484 0.475512 0.395097 0.307767 0.392289 0.655913 0.911347 0.833127 0.165518 0.210463 0.545390 0.390587 0.381945 0.868446 0.297800 0.942591 0.444463 0.549358 0.261014 0.870774 0.865889 0.840158 0.990039 0.211559 0.737638 0.511633 0.365104 0.360166 0.941276 0.528969 0.402050 0.545306 0.545256 0.397430 0.497663 0.192060 0.402166 0.923045 0.401074 0.134219 0.592027 0.436481 0.519067 0.404308 0.721236 0.097721 0.013652 0.747650 0.965085 0.749915 0.298090 0.688090 0.109627 0.696906 0.047810 0.036912 0.577983 0.392273 0.486384 0.890360 0.189374 0.545952 0.460900 0.292387 0.514923 0.032890 0.792831 0.719066 0.158915 0.825544 0.699917 0.591784 0.714528 0.820404 0.197950 0.840529 0.287737 0.224258 0.599867 0.600438 0.566806 0.424602 0.512847 0.474482 0.066312 0.278291 0.235051 0.103507 0.587516 0.604077 0.776492 0.460794 0.473338 0.419362 0.812680 0.453960 0.429666 0.787386 0.645380 0.275466 0.777828 0.104971 0.935008 0.814928 0.902813 0.680739 0.648881 0.107287 0.673530 0.628821 0.623083 0.053385 0.428431 0.407881 0.999126 0.927086 0.236892 0.963522 0.521218 0.514424 0.619542 0.614165 0.055549 0.606406 0.958205 0.706113 0.199515 0.831279 0.858900 0.843124 0.008859 0.907946 0.170490 0.765997 0.323013 0.489786 0.444302 0.968204 0.393495 0.692758 0.652902 0.820108 0.084724 0.894728 0.608607 0.271828 0.655763 0.686522 0.994536 0.769295 0.314466 0.771952 0.444875 0.683174 0.744167 0.766016 0.315908 0.493743 0.796645 0.171917 0.141791 0.907788 0.534349 0.913378 0.992274 0.979346 0.507212 0.371108 0.239097 0.560670 0.464323 0.419166 0.740652 0.786439 0.848543 0.362594 0.664170
0.894050 0.666649 0.623769 0.760167 0.276572 0.835362 0.244603 0.834498 0.988660 0.970718 0.932436 0.830942 0.216887 0.075072 0.116600 0.591622 0.216331 0.894346 0.498448 0.475301 0.528207 0.464395 0.953017 0.377532 0.444717 0.542101 0.815345 0.597786 0.873653 0.952146 0.251329 0.440193 0.079625 0.963445 0.308833 0.306705 0.379635 0.334917 0.877004 0.608297 0.951303 0.594524 0.685137 0.011308 0.032471 0.411179 0.982532 0.297985 0.918490 0.208094 0.578892 0.245880 0.945633 0.315911 0.203308 0.548376 0.711005 0.534428 0.131698 0.099345 0.659316 0.639154 0.762444 0.002893 0.412793 0.384140 0.023101 0.286055 0.629989 0.992589 0.049695 0.357649 0.344014 0.453649 0.086647 0.074483 0.589976 0.805853 0.695255 0.332260 0.440217 0.306021 0.435599 0.174214 0.530916 0.486113 0.157513 0.230650 0.384042 0.776750 0.811240 0.279466 0.909269 0.821693 0.238271 0.373786 0.987881 0.515851 0.196916 0.058470 0.843036 0.568354 0.193790 0.014475 0.113791 0.255704 0.175533 0.850719 0.361824 0.540690 0.859581 0.076397 0.195329 0.266912 0.164741 0.512063 0.507363 0.192728 0.036893 0.189170 0.995179 0.020408 0.818229 0.160557 0.134491 0.516304 0.478671 0.794659 0.113258 0.115610 0.102718 0.268940 0.233943 0.342398 0.279115 0.211030 0.258239 0.740838 0.288617 0.547740 0.065098 0.729734 0.801457 0.787492 0.850117 0.100788 0.358160 0.162863 0.510117 0.480729 0.170417 0.051291 0.001747 0.677863 0.189558 0.889231 0.425092 0.372585 0.764642 0.971582 0.629984 0.239582 0.202029 0.729392 0.959469 0.138240 0.863569 0.892578 0.465790 0.893405 0.025103 0.216781 0.859476 0.751072 0.757074 0.025044 0.958238 0.845995 0.457380 0.227884 0.236076 0.458930 0.843359 0.920354 0.333301 0.194986 0.452441 0.600347 0.210352 0.968277 0.424959 0.431269 0.923245 0.488473 0.288360 0.957180 0.928928 0.084450 0.368289 0.789389 0.957338 0.501218 0.455249 0.681202 0.662717 0.897807 0.312801 0.185937 0.749313 0.528346 0.183893 0.562838 0.626986 0.660999 0.333651 0.693632 0.074491 0.332863 0.376909 0.460575 0.434573 0.767329 0.526671 0.177427 0.893165 0.268919 0.148655 0.218818 0.966543 0.347645 0.812915 0.674941 0.024596 0.799533 0.981963 0.466671 0.089129 0.058107 0.057972 0.761924 0.439201 0.748220 0.617459 0.443739 0.637011 0.632191 0.554366 0.815667 0.331817 0.228929 0.568360 0.912731 0.802487 0.594655 0.194274 0.092665 0.824911 0.902190 0.848557 0.496720 0.763196 0.634886 0.200483 0.567113 0.572731 0.301423 0.092974 0.476332 0.048816 0.345206 0.634078 0.040745 0.429793 0.230905 0.880772 0.451716 0.847366 0.779070 0.797903 0.045083 0.759629 0.845045 0.460136 0.851315 0.201623 0.793693 0.155861 0.664776 0.009546 0.990165 0.800148 0.190234 0.909577 0.242400 0.726789 0.809894 0.834212 0.997519 0.350692 0.588602
0.679168 0.603843 0.510169 0.231704 0.909957 0.104144 0.334021 0.313492 0.844378 0.048962 0.196191 0.435227 0.619225 0.465714 0.614106 0.230727 0.341142 0.615015 0.949561 0.492147 0.746377 0.677916 0.854986 0.781206 0.205284 0.637637 0.696793 0.261030 0.162942 0.257960 0.864222 0.642771 0.672552 0.187410 0.967755 0.198186 0.520903 0.636731 0.148269 0.509731 0.060561 0.611493 0.179562 0.759578 0.460918 0.889622 0.201166 0.501847 0.397105 0.686392 0.115966 0.049197 0.679966 0.091134 0.363560 0.246934 0.926858 0.112314 0.861388 0.353107 0.228031 0.711500 0.004495 0.290195 0.228567 0.679126 0.413592 0.097152 0.191617 0.441435 0.186942 0.663986 0.280931 0.877668 0.584567 0.740716 0.983746 0.345811 0.358842 0.969965 0.861588 0.157640 0.611529 0.293411 0.366101 0.280706 0.396052 0.227436 0.241001 0.466272 0.585881 0.407105 0.582252 0.752890 0.734968 0.350717 0.454573 0.256324 0.277903 0.201219 0.315898 0.195433 0.770087 0.859203 0.443196 0.154944 0.052855 0.914296 0.830791 0.367403 0.471911 0.795473 0.822068 0.967349 0.752236 0.223058 0.699190 0.310495 0.732103 0.825166 0.363607 0.791166 0.359077 0.317452 0.883256 0.491329 0.556720 0.944742 0.429839 0.269984 0.935411 0.506647 0.181600 0.443647 0.532074 0.089686 0.716076 0.546764 0.325352 0.950491 0.736927 0.669723 0.109174 0.292375 0.829928 0.227757 0.762180 0.232775 0.691818 0.929823 0.279443 0.225650 0.993592 0.484132 0.839509 0.316271 0.833520 0.191535 0.450311 0.183890 0.145808 0.821432 0.248485 0.206976 0.054218 0.620935 0.343001 0.178189 0.442024 0.077942 0.053095 0.081341 0.000404 0.623120 0.781750 0.829947 0.825074 0.571927 0.218983 0.397500 0.687110 0.594672 0.182561 0.563853 0.049083 0.062190 0.250871 0.371748 0.573290 0.771592 0.236550 0.616452 0.782438 0.985957 0.812804 0.268547 0.040834 0.583501 0.621155 0.956784 0.435926 0.337177 0.217293 0.578166 0.344614 0.262820 0.497966 0.770301 0.310693 0.961139 0.619673 0.291021 0.803820 0.969439 0.160100 0.508182 0.010618 0.577333 0.507851 0.856391 0.448781 0.296595 0.902389 0.302448 0.478344 0.036350 0.418252 0.228213 0.906712 0.435045 0.057970 0.578848 0.346168 0.373849 0.473428 0.709818 0.005178 0.078784 0.275630 0.790419 0.543080 0.283840 0.339165 0.491720 0.398720 0.543611 0.311405 0.744993 0.007994 0.502239 0.488649 0.019875 0.901889 0.828363 0.959551 0.943203 0.585522 0.436465 0.171959 0.813028 0.423850 0.045811 0.984834 0.591840 0.922713 0.524739 0.313271 0.324632 0.498587 0.282704 0.118994 0.499760 0.685495 0.017412 0.393395 0.262320 0.126496 0.427623 0.084307 0.779372 0.644497 0.859117 0.076049 0.571354 0.233216 0.661393 0.197300 0.970393 0.219093 0.570610 0.692248 0.655141 0.021451 0.397473 0.911178 0.447459 0.498495 0.178121 0.941802 0.059630
0.873226 0.345131 0.409968 0.440850 0.888010 0.737858 0.229965 0.975214 0.340483 0.147584 0.600174 0.101080 0.378230 0.187580 0.697100 0.477304 0.092901 0.473925 0.386563 0.949257 0.829383 0.897754 0.003132 0.678533 0.581718 0.115699 0.095163 0.337683 0.696461 0.895888 0.236110 0.536966 0.450959 0.747448 0.454542 0.018009 0.663702 0.245195 0.055813 0.210970 0.036833 0.053485 0.067247 0.778782 0.519321 0.709571 0.960970 0.849704 0.949510 0.855500 0.475532 0.804278 0.141626 0.758158 0.370416 0.642914 0.758843 0.507412 0.289688 0.576107 0.322212 0.310281 0.544435 0.234745 0.539491 0.241784 0.616882 0.954919 0.398684 0.511016 0.167888 0.825740 0.847447 0.335854 0.704962 0.549093 0.676356 0.120352 0.230586 0.571256 0.571464 0.540733 0.937846 0.505664 0.402780 0.733875 0.523494 0.443481 0.136636 0.069550 0.144501 0.180142 0.100108 0.038835 0.694059 0.566991 0.311471 0.556563 0.363816 0.571184 0.451484 0.624876 0.682219 0.478320 0.726427 0.483647 0.389004 0.733112 0.614484 0.285380 0.117187 0.783787 0.269347 0.894869 0.270861 0.120736 0.762304 0.601965 0.090746 0.223032 0.179428 0.752982 0.271795 0.384885 0.411915 0.924075 0.324792 0.082627 0.510630 0.809281 0.609174 0.211146 0.297742 0.398172 0.262500 0.949930 0.483796 0.457056 0.908364 0.619380 0.220199 0.805047 0.833995 0.157059 0.814625 0.871914 0.313780 0.893042 0.178788 0.776340 0.838245 0.704334 0.757746 0.990163 0.910776 0.014519 0.924249 0.992126 0.882792 0.847617 0.678425 0.299220 0.920047 0.766944 0.824985 0.380461 0.035555 0.347807 0.296105 0.400766 0.749290 0.676024 0.733273 0.065195 0.237129 0.941568 0.008891 0.839756 0.783074 0.394465 0.706134 0.610834 0.094195 0.512606 0.085826 0.871982 0.878769 0.652415 0.216667 0.079652 0.794010 0.604193 0.227516 0.531279 0.288336 0.887691 0.429097 0.568568 0.280430 0.101286 0.720848 0.526990 0.491746 0.900257 0.492690 0.909673 0.697547 0.944218 0.071000 0.740206 0.074908 0.715119 0.573006 0.417181 0.207240 0.151288 0.070813 0.398872 0.674670 0.589996 0.775432 0.760996 0.320495 0.769031 0.334094 0.304017 0.632459 0.574902 0.983142 0.620558 0.602838 0.323425 0.121807 0.719342 0.327611 0.633082 0.659423 0.526333 0.160612 0.690268 0.621019 0.326768 0.000349 0.081386 0.072790 0.195796 0.216715 0.868937 0.199980 0.788169 0.551434 0.579558 0.984258 0.970664 0.691135 0.830141 0.736949 0.813838 0.064744 0.834361 0.311412 0.393407 0.959439 0.907102 0.255982 0.822034 0.130681 0.625505 0.444296 0.659783 0.038735 0.967190 0.422518 0.607306 0.949720 0.949684 0.628724 0.449005 0.649267 0.198937 0.660100 0.742019 0.335124 0.239546 0.995609 0.606829 0.389914 0.739754 0.730563 0.368739 0.933828 0.591909 0.900829 0.634816 0.802267 0.416957 0.499273 0.366722 0.155058 0.422278
0.820140 0.873687 0.979967 0.426469 0.786833 0.954182 0.095285 0.783768 0.664713 0.458230 0.229339 0.750303 0.445756 0.777566 0.599293 0.944964 0.705446 0.116521 0.983744 0.799426 0.985957 0.515377 0.661421 0.375441 0.538352 0.241883 0.497917 0.067384 0.642236 0.368863 0.897686 0.607766 0.782567 0.849400 0.104947 0.459313 0.322882 0.769125 0.917461 0.547429 0.161151 0.857775 0.481786 0.560199 0.569753 0.128860 0.428658 0.334185 0.906859 0.433876 0.513707 0.636494 0.989744 0.360647 0.929787 0.718363 0.916441 0.263013 0.635178 0.803659 0.491279 0.835578 0.091799 0.760896 0.599949 0.402414 0.335712 0.940852 0.809259 0.809129 0.065627 0.570254 0.228732 0.972752 0.515933 0.771560 0.583303 0.263433 0.765031 0.751203 0.532077 0.481477 0.162834 0.041729 0.487915 0.606637 0.488138 0.260924 0.368185 0.167779 0.577431 0.774934 0.701120 0.455473 0.117180 0.244351 0.958127 0.638907 0.745408 0.499158 0.331446 0.086005 0.367382 0.597062 0.392161 0.171326 0.560687 0.135341 0.161569 0.247749 0.456198 0.633001 0.802823 0.157767 0.962806 0.743863 0.453206 0.514193 0.770397 0.143914 0.585334 0.711997 0.060914 0.638219 0.492816 0.765377 0.086415 0.459182 0.284896 0.460808 0.779304 0.150647 0.015586 0.919344 0.604650 0.381951 0.189777 0.958170 0.348621 0.348430 0.476143 0.369681 0.801349 0.481279 0.009538 0.070917 0.623860 0.246141 0.207656 0.320869 0.527082 0.795017 0.863115 0.335254 0.536090 0.205101 0.759606 0.298788 0.790464 0.880474 0.530258 0.063459 0.041330 0.743136 0.204733 0.428056 0.753292 0.763814 0.944774 0.260560 0.404037 0.481947 0.391725 0.870822 0.832808 0.509882 0.695521 0.034828 0.571200 0.180104 0.586344 0.038681 0.718074 0.073420 0.840667 0.072005 0.835052 0.072414 0.239970 0.776614 0.828041 0.719298 0.982140 0.839265 0.169335 0.222851 0.033418 0.208961 0.856114 0.431169 0.804563 0.577012 0.836438 0.666445 0.780643 0.645062 0.998350 0.530792 0.952850 0.963986 0.560926 0.412113 0.404001 0.881069 0.300026 0.608949 0.830665 0.993334 0.480338 0.668116 0.612248 0.877330 0.402334 0.723232 0.295101 0.578308 0.816641 0.911374 0.612537 0.163810 0.264643 0.374620 0.614964 0.593930 0.940393 0.952625 0.178731 0.306696 0.981073 0.774315 0.195029 0.474174 0.827735 0.177684 0.302494 0.473314 0.901214 0.366588 0.610244 0.397364 0.436907 0.085206 0.096181 0.991662 0.012407 0.666425 0.580918 0.802390 0.097317 0.620015 0.673096 0.191630 0.379710 0.212927 0.726467 0.878990 0.635976 0.400091 0.977467 0.408161 0.624375 0.249540 0.074545 0.533404 0.172612 0.613570 0.701790 0.242232 0.495943 0.541312 0.142825 0.943091 0.188151 0.545141 0.351713 0.139288 0.185834 0.549728 0.996395 0.301561 0.346980 0.141502 0.984286 0.174559 0.563212 0.122450 0.885553 0.516449 0.926874 0.004059
0.169415 0.504183 0.335509 0.884898 0.987838 0.582939 0.370066 0.673575 0.000589 0.925193 0.591941 0.379110 0.638510 0.499071 0.708253 0.533302 0.549921 0.714400 0.003746 0.138219 0.423765 0.612927 0.651361 0.862655 0.273454 0.641589 0.512308 0.763885 0.951595 0.477502 0.608608 0.553493 0.919114 0.191211 0.000602 0.585739 0.835655 0.530642 0.070101 0.719907 0.498305 0.361106 0.104426 0.064122 0.667171 0.550038 0.151533 0.370171 0.736751 0.213938 0.833573 0.265257 0.312235 0.923799 0.695965 0.143719 0.585505 0.775209 0.072693 0.478851 0.632144 0.469368 0.404656 0.502430 0.117937 0.676168 0.032508 0.116942 0.134898 0.681899 0.135770 0.743457 0.995899 0.112867 0.741413 0.941755 0.080735 0.960578 0.474026 0.409933 0.079538 0.643201 0.485168 0.546608 0.658989 0.529016 0.283878 0.977713 0.062602 0.118430 0.978605 0.899305 0.562538 0.810350 0.099393 0.059683 0.405532 0.684616 0.066257 0.569192 0.638640 0.071944 0.017126 0.024059 0.272808 0.065506 0.730715 0.193912 0.527543 0.228717 0.980981 0.072914 0.456125 0.249098 0.391052 0.138094 0.521278 0.993554 0.940417 0.968738 0.151167 0.563602 0.198645 0.826902 0.951426 0.290005 0.260338 0.821771 0.235748 0.634067 0.488402 0.488986 0.078653 0.538561 0.221547 0.298112 0.330379 0.626214 0.160333 0.438176 0.033994 0.757198 0.274529 0.828556 0.916087 0.774954 0.480442 0.069244 0.529442 0.764013 0.004231 0.374566 0.458501 0.362240 0.448781 0.694227 0.035450 0.912264 0.046796 0.801519 0.498884 0.548121 0.086229 0.299632 0.092659 0.347756 0.837558 0.745104 0.061197 0.102885 0.091288 0.095729 0.902310 0.592045 0.732134 0.794844 0.331599 0.159223 0.613396 0.468051 0.775253 0.356101 0.071918 0.665989 0.689905 0.835994 0.082161 0.915508 0.531925 0.565895 0.387783 0.788857 0.015944 0.339354 0.929746 0.336866 0.869520 0.245258 0.468325 0.610105 0.292490 0.478290 0.753244 0.685785 0.541575 0.707725 0.372464 0.934306 0.399163 0.810063 0.283528 0.063008 0.230358 0.555541 0.288540 0.306772 0.173759 0.987072 0.125584 0.762652 0.740726 0.021580 0.411129 0.923235 0.338259 0.389387 0.528795 0.983147 0.680136 0.486889 0.059648 0.853080 0.161114 0.980927 0.951256 0.946523 0.454938 0.376933 0.519897 0.304911 0.679629 0.001967 0.911317 0.959278 0.179045 0.314792 0.115658 0.804952 0.937830 0.875229 0.557935 0.704459 0.415072 0.472058 0.305154 0.738346 0.375304 0.771399 0.642995 0.364053 0.007123 0.294457 0.637909 0.394140 0.433798 0.181866 0.495691 0.564023 0.592574 0.396452 0.563230 0.953839 0.082790 0.679662 0.396948 0.196160 0.945786 0.559720 0.824906 0.127461 0.691485 0.553634 0.594016 0.461628 0.901406 0.211157 0.585234 0.173581 0.283439 0.451898 0.861171 0.401158 0.598342 0.262829 0.665316 0.770444 0.643260 0.484012 0.939326 0.531963
0.134486 0.153038 0.094523 0.241371 0.364482 0.800160 0.716248 0.755438 0.583986 0.162273 0.862248 0.116828 0.751628 0.468421 0.667693 0.589820 0.400317 0.501829 0.276978 0.377280 0.725422 0.962876 0.389235 0.546003 0.330418 0.894604 0.275008 0.239936 0.123542 0.887357 0.034009 0.099508 0.665619 0.767999 0.055500 0.344879 0.182820 0.540650 0.892995 0.053360 0.000873 0.642198 0.515072 0.909033 0.974440 0.033645 0.265728 0.259183 0.640545 0.096567 0.705623 0.050643 0.273593 0.468048 0.532729 0.414382 0.624079 0.738922 0.089361 0.852484 0.246088 0.854109 0.020684 0.963582 0.087570 0.953300 0.862067 0.270524 0.696789 0.776334 0.141081 0.180118 0.786155 0.655423 0.726373 0.257303 0.945603 0.793447 0.464420 0.650236 0.227792 0.348279 0.652315 0.683756 0.370816 0.026890 0.607304 0.848444 0.341303 0.637578 0.016435 0.228232 0.377865 0.810034 0.889288 0.217301 0.519003 0.321674 0.450085 0.323633 0.935566 0.872562 0.810499 0.095073 0.002988 0.980299 0.975790 0.546297 0.411809 0.208478 0.417256 0.218050 0.389990 0.797672 0.626512 0.345001 0.897681 0.886312 0.040673 0.436003 0.512277 0.904795 0.173141 0.583149 0.541059 0.466831 0.449648 0.923173 0.751318 0.063918 0.162998 0.449791 0.499656 0.926420 0.431432 0.940625 0.610643 0.382299 0.891506 0.826013 0.560527 0.604459 0.487285 0.308921 0.233622 0.547282 0.800261 0.182587 0.270172 0.856706 0.834400 0.999088 0.208417 0.997216 0.678065 0.064011 0.275077 0.409399 0.230296 0.061615 0.169450 0.079767 0.728393 0.825702 0.986860 0.917067 0.053962 0.256876 0.414430 0.580449 0.175087 0.029587 0.059279 0.765360 0.761795 0.977055 0.411881 0.547155 0.040450 0.776702 0.421789 0.606812 0.893601 0.008226 0.777780 0.161145 0.019875 0.505126 0.986098 0.220097 0.663905 0.419219 0.572029 0.956251 0.098253 0.331739 0.139512 0.637332 0.157612 0.319444 0.752107 0.086310 0.587070 0.642527 0.417642 0.323155 0.222994 0.041316 0.736601 0.424113 0.160638 0.797038 0.207191 0.716556 0.146494 0.717947 0.097096 0.802774 0.971611 0.882185 0.934616 0.861685 0.356849 0.566034 0.349617 0.979559 0.198941 0.369604 0.676358 0.374069 0.294960 0.373939 0.395834 0.704581 0.019490 0.419613 0.958510 0.679553 0.016033 0.091931 0.049899 0.191061 0.578297 0.586239 0.578136 0.387487 0.829117 0.921301 0.591621 0.742500 0.612118 0.638487 0.488932 0.696033 0.569687 0.459396 0.661502 0.777612 0.270844 0.064538 0.051472 0.290279 0.449585 0.480885 0.273954 0.338660 0.161877 0.915047 0.791521 0.263915 0.750998 0.696488 0.815680 0.008235 0.459925 0.755804 0.011049 0.556491 0.313268 0.225532 0.151637 0.510056 0.443377 0.882846 0.834596 0.349360 0.798526 0.349253 0.514206 0.360865 0.398765 0.913087 0.786377 0.234692 0.922975 0.493556 0.102255 0.820390 0.597518 0.510746
0.871641 0.741453 0.819818 0.655477 0.615376 0.605034 0.069133 0.386341 0.732231 0.350078 0.956999 0.623331 0.783690 0.493475 0.689902 0.909135 0.335019 0.731027 0.936721 0.876092 0.483266 0.292492 0.412513 0.148480 0.667592 0.940858 0.026895 0.537026 0.313372 0.005454 0.106608 0.256090 0.290555 0.502765 0.611890 0.532645 0.070978 0.056699 0.664082 0.572052 0.628869 0.831692 0.088794 0.786194 0.772033 0.228831 0.410437 0.772007 0.915235 0.031670 0.011417 0.178589 0.542219 0.513133 0.964870 0.114735 0.734169 0.763747 0.112616 0.026267 0.499689 0.434986 0.724638 0.466786 0.494740 0.651778 0.758592 0.484103 0.516263 0.249520 0.702290 0.617042 0.298541 0.168736 0.669755 0.217953 0.564374 0.847950 0.389743 0.259262 0.601758 0.351525 0.184192 0.716588 0.344597 0.360025 0.452924 0.745241 0.718670 0.593321 0.725964 0.029896 0.422680 0.066862 0.149350 0.670597 0.005708 0.564837 0.713430 0.867394 0.327583 0.807620 0.829763 0.754017 0.348855 0.721885 0.142533 0.458492 0.136471 0.959183 0.386869 0.508555 0.115418 0.485762 0.149729 0.804044 0.319077 0.109279 0.829717 0.798194 0.464118 0.873556 0.765828 0.711660 0.017169 0.580714 0.045200 0.234131 0.034349 0.083958 0.855747 0.747702 0.264279 0.653118 0.591401 0.022276 0.769019 0.342080 0.881514 0.591310 0.679681 0.148330 0.933638 0.063868 0.009276 0.552872 0.805196 0.107387 0.719011 0.581645 0.833029 0.053666 0.558419 0.177296 0.499156 0.067299 0.890544 0.175606 0.876134 0.705510 0.267204 0.425101 0.954257 0.477046 0.532991 0.672072 0.141339 0.836544 0.899115 0.793027 0.362047 0.685524 0.667095 0.911922 0.757470 0.799743 0.120064 0.398856 0.810944 0.813324 0.402245 0.275876 0.014555 0.942261 0.593818 0.450162 0.316462 0.319324 0.610508 0.726718 0.481068 0.451794 0.045599 0.539820 0.243730 0.381848 0.379004 0.040219 0.705307 0.081882 0.321297 0.451999 0.386906 0.521752 0.071920 0.632308 0.728032 0.832603 0.203607 0.554170 0.028624 0.736226 0.668674 0.035911 0.255268 0.405415 0.064257 0.619460 0.246285 0.490237 0.800003 0.745545 0.339574 0.480134 0.057181 0.273516 0.906974 0.649716 0.434424 0.216672 0.493839 0.806140 0.855694 0.938816 0.414382 0.171088 0.315027 0.340196 0.095673 0.719433 0.343635 0.666468 0.048218 0.193158 0.283870 0.182063 0.811044 0.441942 0.856442 0.367031 0.788172 0.184539 0.208046 0.573298 0.265334 0.186841 0.010234 0.398009 0.059265 0.680462 0.364534 0.082006 0.424090 0.410836 0.948564 0.660611 0.863074 0.640315 0.994044 0.856150 0.109981 0.769975 0.523284 0.041272 0.611337 0.416468 0.254714 0.462434 0.013124 0.579249 0.039785 0.584881 0.815504 0.306887 0.058536 0.358540 0.492102 0.753039 0.668504 0.312644 0.372168 0.451045 0.696302 0.374081 0.478292 0.164525 0.514311 0.552970 0.653164 0.403964
0.864134 0.537854 0.986538 0.945486 0.193522 0.331707 0.716470 0.131996 0.591297 0.234566 0.087456 0.930512 0.282576 0.374706 0.943026 0.947186 0.416396 0.188868 0.036567 0.365949 0.665873 0.260876 0.494719 0.556410 0.320549 0.740596 0.104368 0.586898 0.978035 0.537805 0.936483 0.781978 0.711641 0.054249 0.562765 0.077235 0.809793 0.379711 0.800528 0.079166 0.407627 0.296489 0.672913 0.053850 0.643433 0.526756 0.001979 0.945105 0.890642 0.503460 0.386092 0.962613 0.544575 0.050659 0.559024 0.393646 0.677877 0.121889 0.903111 0.617302 0.730521 0.304370 0.324607 0.616816 0.619411 0.011862 0.423549 0.522910 0.785803 0.466769 0.439813 0.955778 0.580925 0.976993 0.786902 0.918312 0.101191 0.021578 0.400771 0.158963 0.415478 0.054221 0.699096 0.320944 0.747469 0.032620 0.341438 0.416443 0.541188 0.555922 0.594522 0.819244 0.071101 0.247607 0.734946 0.190434 0.196499 0.831071 0.193485 0.383478 0.894572 0.251280 0.721826 0.566756 0.274251 0.105540 0.262716 0.595800 0.328035 0.207804 0.228070 0.294967 0.344605 0.397608 0.800602 0.257384 0.805358 0.913017 0.174069 0.843111 0.375980 0.352862 0.997042 0.891408 0.801463 0.855229 0.784826 0.000731 0.996494 0.057146 0.005657 0.444684 0.280994 0.577241 0.938281 0.046324 0.603837 0.810377 0.392729 0.870364 0.767541 0.899350 0.952999 0.768977 0.196757 0.164489 0.537713 0.288169 0.886640 0.145916 0.407170 0.621789 0.661109 0.532027 0.229769 0.343028 0.080749 0.648936 0.680383 0.273388 0.833085 0.599650 0.284727 0.390738 0.097853 0.893926 0.048032 0.631384 0.718994 0.022489 0.956573 0.592727 0.116961 0.742365 0.027643 0.333387 0.721271 0.560873 0.373473 0.295739 0.252232 0.365293 0.746508 0.884916 0.392583 0.484151 0.121910 0.728065 0.396537 0.556436 0.232436 0.967431 0.319870 0.679905 0.340013 0.978959 0.476703 0.172534 0.223505 0.525883 0.311815 0.227193 0.954596 0.349547 0.589430 0.816069 0.118559 0.096216 0.861627 0.115556 0.680032 0.657938 0.582078 0.228585 0.596395 0.880263 0.497716 0.736864 0.893821 0.788702 0.914031 0.878828 0.618580 0.854290 0.029756 0.297431 0.143322 0.593253 0.808538 0.808433 0.487175 0.510077 0.884539 0.551322 0.728417 0.553023 0.874903 0.794485 0.235361 0.437736 0.207319 0.782795 0.308100 0.104032 0.699655 0.474056 0.322139 0.799759 0.986848 0.623790 0.419813 0.422918 0.055650 0.136824 0.455545 0.368455 0.224025 0.847562 0.882493 0.638450 0.128523 0.076135 0.833217 0.116298 0.532055 0.353734 0.775994 0.252528 0.648577 0.372677 0.758037 0.632780 0.547798 0.859694 0.558936 0.709338 0.205060 0.701120 0.533324 0.596047 0.762830 0.230946 0.858847 0.127753 0.915441 0.594036 0.205128 0.344402 0.700638 0.390187 0.257908 0.957137 0.131058 0.839146 0.239686 0.480009 0.079927 0.882829 0.183920 0.760230
0.703659 0.931601 0.782730 0.770258 0.296646 0.750161 0.543690 0.169235 0.592245 0.478605 0.518699 0.851019 0.404868 0.152339 0.430738 0.931345 0.117800 0.734563 0.903501 0.028742 0.306686 0.957765 0.979792 0.016157 0.307191 0.117532 0.264436 0.383028 0.916566 0.508163 0.793403 0.050714 0.150865 0.276324 0.742266 0.610970 0.804937 0.712120 0.392580 0.363257 0.799475 0.788577 0.727557 0.649653 0.897981 0.850574 0.762387 0.024322 0.512654 0.162945 0.173406 0.357107 0.297622 0.866898 0.388313 0.228770 0.974647 0.987995 0.247667 0.579176 0.504919 0.762874 0.890718 0.542132 0.706698 0.868025 0.101377 0.694290 0.976042 0.473903 0.700575 0.100378 0.881957 0.694676 0.202670 0.532786 0.723870 0.530060 0.448126 0.554688 0.161983 0.134387 0.651796 0.163698 0.212171 0.203156 0.837146 0.210433 0.225483 0.425325 0.200443 0.011591 0.707042 0.002130 0.037962 0.111598 0.676009 0.801760 0.619400 0.372003 0.073730 0.333562 0.133291 0.251865 0.741151 0.941266 0.354605 0.703453 0.669591 0.594763 0.166247 0.398753 0.978357 0.840210 0.694118 0.285813 0.011873 0.138749 0.045920 0.405277 0.942762 0.963229 0.848029 0.325530 0.754326 0.081580 0.163964 0.793389 0.789977 0.433277 0.487545 0.537316 0.119786 0.476607 0.616836 0.758908 0.778782 0.656799 0.516061 0.779046 0.910764 0.061577 0.777781 0.831215 0.145466 0.882590 0.751527 0.037045 0.024379 0.299237 0.316846 0.711299 0.347209 0.738472 0.917929 0.334709 0.397387 0.750109 0.668989 0.530589 0.281406 0.670421 0.090867 0.789590 0.867976 0.992126 0.090399 0.146250 0.147907 0.498787 0.347773 0.299201 0.602836 0.014098 0.720652 0.518423 0.200486 0.246770 0.372116 0.150326 0.137959 0.128651 0.640468 0.201767 0.918206 0.829560 0.148632 0.772132 0.243099 0.147269 0.445612 0.361887 0.316737 0.469616 0.101637 0.437775 0.729271 0.728022 0.900244 0.791331 0.097318 0.174627 0.874160 0.579240 0.634052 0.492393 0.302481 0.640764 0.166084 0.242464 0.810076 0.584695 0.289302 0.300427 0.894131 0.876747 0.826291 0.261146 0.271312 0.386167 0.414582 0.868860 0.313854 0.165222 0.904771 0.876815 0.736569 0.000223 0.660176 0.100456 0.389801 0.291623 0.734742 0.214125 0.985499 0.476486 0.738356 0.791283 0.447538 0.204787 0.939758 0.313060 0.145708 0.370225 0.205219 0.048591 0.771177 0.406202 0.319099 0.863365 0.033387 0.166391 0.781162 0.348890 0.489731 0.281244 0.267785 0.690362 0.373620 0.247280 0.585268 0.597701 0.379545 0.080729 0.873181 0.154825 0.596911 0.669476 0.242648 0.936539 0.674845 0.269689 0.508515 0.529369 0.872467 0.107694 0.447771 0.218172 0.592331 0.866542 0.534469 0.677505 0.493364 0.030560 0.622301 0.557022 0.405718 0.343721 0.319805 0.142611 0.933992 0.022349 0.470668 0.885397 0.206868 0.584474 0.960948 0.094860 0.676378 0.493159
0.637390 0.183387 0.612420 0.003395 0.111874 0.875331 0.734999 0.288341 0.610833 0.716827 0.477117 0.467488 0.444005 0.450334 0.477048 0.348768 0.693319 0.465026 0.937698 0.350935 0.980930 0.858468 0.489378 0.571118 0.161296 0.137690 0.945246 0.239693 0.999796 0.431524 0.733677 0.720071 0.434873 0.688962 0.755107 0.480093 0.961295 0.922750 0.554144 0.397877 0.655922 0.275781 0.924950 0.315802 0.751981 0.933090 0.081277 0.904676 0.164333 0.679547 0.586222 0.535432 0.552142 0.066380 0.445481 0.242338 0.622242 0.785811 0.189386 0.485370 0.840853 0.718765 0.937341 0.748483 0.796888 0.436306 0.074378 0.811430 0.227084 0.293150 0.344808 0.438658 0.834726 0.554716 0.621640 0.774755 0.679538 0.863391 0.481772 0.651387 0.157720 0.384100 0.425210 0.585659 0.005562 0.558161 0.502347 0.504172 0.417214 0.274807 0.683167 0.885482 0.265092 0.031116 0.557555 0.881764 0.470887 0.359870 0.946640 0.924607 0.597893 0.863321 0.791878 0.977338 0.009652 0.942575 0.589196 0.661918 0.544248 0.210446 0.701992 0.492285 0.173974 0.508963 0.794743 0.248994 0.070404 0.028832 0.822407 0.315630 0.529974 0.973625 0.487590 0.611431 0.133477 0.035084 0.923654 0.170938 0.902952 0.397248 0.035545 0.946259 0.468500 0.890720 0.669390 0.793065 0.924876 0.021479 0.163904 0.698726 0.241501 0.777157 0.622625 0.861974 0.031775 0.814031 0.418240 0.013965 0.704048 0.562191 0.878695 0.830755 0.194119 0.803806 0.347308 0.844757 0.264346 0.817301 0.033442 0.196476 0.828071 0.469592 0.925681 0.779626 0.808606 0.369613 0.061975 0.447280 0.093652 0.364027 0.458887 0.091714 0.914298 0.902273 0.988368 0.251197 0.204982 0.708022 0.619626 0.507643 0.017409 0.847409 0.373266 0.212918 0.206818 0.333002 0.798723 0.141049 0.318909 0.300776 0.315917 0.195354 0.887936 0.412010 0.163182 0.846951 0.277051 0.295547 0.426230 0.857526 0.666907 0.367672 0.468275 0.795403 0.718951 0.372744 0.476150 0.801936 0.963812 0.075186 0.726008 0.189999 0.909555 0.806898 0.404299 0.201092 0.104057 0.537924 0.414462 0.548021 0.317808 0.945444 0.854413 0.287896 0.825437 0.967527 0.399529 0.678602 0.129910 0.632690 0.099333 0.877893 0.339296 0.771499 0.480175 0.780282 0.942717 0.740238 0.770941 0.972689 0.367693 0.414063 0.818187 0.035463 0.917597 0.127007 0.335152 0.552527 0.505197 0.237088 0.390464 0.772252 0.257734 0.496021 0.506515 0.254219 0.019158 0.363022 0.992498 0.222469 0.615392 0.362044 0.152059 0.576802 0.651082 0.323425 0.199504 0.040261 0.397972 0.586280 0.873541 0.429363 0.602830 0.888085 0.230854 0.424217 0.511089 0.332164 0.255983 0.260222 0.653169 0.742690 0.195398 0.327353 0.596746 0.798569 0.531035 0.392769 0.268964 0.562330 0.389711 0.438013 0.413476 0.526382 0.581496 0.556195 0.392915 0.159769 0.378306 0.963930
0.679573 0.038763 0.489423 0.602472 0.114641 0.877945 0.070289 0.647482 0.784844 0.314359 0.994968 0.941234 0.964543 0.936597 0.229346 0.954264 0.738984 0.380607 0.796913 0.501833 0.897489 0.614321 0.507081 0.409622 0.590855 0.778659 0.010949 0.416994 0.275174 0.537462 0.913808 0.009744 0.348357 0.796124 0.901604 0.354094 0.559052 0.526946 0.457234 0.185559 0.148824 0.682722 0.937463 0.910639 0.968551 0.387948 0.442031 0.286029 0.753466 0.757013 0.570030 0.632696 0.534529 0.518647 0.798006 0.127333 0.645462 0.402235 0.997141 0.941032 0.999515 0.967772 0.499094 0.213369 0.128245 0.805195 0.895646 0.974285 0.487945 0.965183 0.313398 0.307281 0.426858 0.609493 0.685159 0.404557 0.205879 0.212448 0.719246 0.701834 0.116590 0.830290 0.987402 0.645749 0.192359 0.780881 0.040359 0.013368 0.683356 0.148479 0.455675 0.708575 0.436734 0.288241 0.402004 0.784062 0.356178 0.514229 0.972409 0.811020 0.493765 0.127595 0.935013 0.932392 0.475282 0.712873 0.811309 0.394154 0.688565 0.493770 0.459780 0.852446 0.909479 0.292602 0.491851 0.779232 0.171376 0.279153 0.587120 0.115258 0.254496 0.549464 0.345506 0.116122 0.003776 0.630620 0.411181 0.121319 0.788809 0.345042 0.357112 0.948385 0.750760 0.941446 0.616684 0.701326 0.643999 0.944111 0.383016 0.471573 0.355698 0.919874 0.869021 0.804111 0.632599 0.611577 0.883598 0.472363 0.357787 0.028757 0.695050 0.472046 0.547857 0.747167 0.567414 0.731208 0.526036 0.605138 0.265604 0.960764 0.678751 0.554756 0.903415 0.467464 0.217724 0.024789 0.771732 0.062725 0.216028 0.802428 0.628591 0.774690 0.581196 0.573949 0.460216 0.993693 0.159307 0.118475 0.210252 0.668376 0.696305 0.483454 0.984977 0.833044 0.507945 0.579601 0.890684 0.979683 0.279900 0.432012 0.763519 0.375911 0.331040 0.001275 0.105485 0.098476 0.003181 0.769200 0.312038 0.289153 0.510350 0.874405 0.864799 0.444828 0.624723 0.983432 0.554491 0.565467 0.995340 0.916206 0.931572 0.333028 0.874979 0.865141 0.473881 0.572548 0.340229 0.594601 0.407832 0.869652 0.980175 0.088968 0.706531 0.791199 0.762218 0.048455 0.654343 0.488781 0.780387 0.889479 0.198535 0.236986 0.098159 0.103240 0.617993 0.705393 0.363845 0.286807 0.350521 0.004099 0.726708 0.023164 0.699090 0.084655 0.067036 0.675814 0.164886 0.515459 0.659139 0.992019 0.955085 0.646405 0.085316 0.909724 0.865303 0.669870 0.771849 0.846595 0.682480 0.300557 0.888116 0.932358 0.437612 0.629371 0.677007 0.619739 0.023378 0.326665 0.663623 0.161604 0.991383 0.021395 0.564910 0.346457 0.109883 0.862163 0.091337 0.437063 0.424376 0.480861 0.986347 0.914115 0.132387 0.322064 0.736385 0.133313 0.714548 0.927827 0.843336 0.591569 0.483295 0.553104 0.151441 0.977168 0.565833 0.392947 0.044639 0.578585 0.880713 0.981399
0.345051 0.003798 0.027301 0.906944 0.949998 0.106824 0.933541 0.383991 0.844974 0.883303 0.915284 0.375326 0.819722 0.420165 0.067530 0.749715 0.936077 0.795614 0.092385 0.030879 0.166146 0.798508 0.052877 0.047839 0.385105 0.627742 0.888726 0.079393 0.512136 0.404264 0.511789 0.489756 0.469123 0.679858 0.671985 0.412166 0.831155 0.429146 0.113716 0.717145 0.007028 0.673674 0.000459 0.136015 0.816301 0.167120 0.269362 0.161215 0.840337 0.334299 0.736888 0.770071 0.941587 0.197386 0.122020 0.198295 0.212338 0.460824 0.070268 0.233318 0.519522 0.614186 0.829397 0.267716 0.556826 0.443159 0.241091 0.199999 0.095773 0.012371 0.534261 0.239991 0.300295 0.181281 0.294182 0.531720 0.161665 0.593597 0.643422 0.527246 0.078537 0.232525 0.959461 0.716913 0.135407 0.878000 0.572754 0.481050 0.398168 0.093347 0.935962 0.609646 0.522725 0.820594 0.725229 0.447864 0.783873 0.769652 0.691659 0.564340 0.818940 0.318031 0.340469 0.481225 0.589777 0.854820 0.133876 0.393262 0.991453 0.875437 0.519187 0.884580 0.113536 0.138600 0.682987 0.059506 0.940528 0.818197 0.636408 0.073374 0.683643 0.674596 0.843134 0.909335 0.963538 0.404648 0.331780 0.563148 0.302455 0.573716 0.071625 0.324144 0.924169 0.892354 0.780661 0.339454 0.375801 0.908605 0.608935 0.310052 0.474550 0.736255 0.895932 0.753812 0.295484 0.514339 0.960838 0.998482 0.244981 0.951788 0.598125 0.335319 0.640200 0.184057 0.723892 0.557192 0.308076 0.391216 0.254154 0.541839 0.113289 0.516930 0.899106 0.692003 0.445764 0.502571 0.697795 0.793047 0.079167 0.102307 0.437346 0.376941 0.838831 0.627892 0.916208 0.328084 0.341810 0.327648 0.356459 0.924368 0.614286 0.575447 0.285654 0.904577 0.138142 0.294980 0.641171 0.603747 0.037747 0.481853 0.539884 0.779865 0.101607 0.178989 0.437282 0.816580 0.946745 0.767326 0.809704 0.355320 0.128846 0.050834 0.595094 0.348605 0.429389 0.948202 0.419468 0.717384 0.346884 0.786948 0.953755 0.771312 0.047611 0.521158 0.159078 0.881279 0.792915 0.257804 0.010972 0.830641 0.526131 0.273096 0.657939 0.029491 0.646884 0.475481 0.059013 0.857570 0.559789 0.837055 0.996193 0.090935 0.259796 0.702568 0.242686 0.792973 0.316620 0.867218 0.678499 0.359900 0.898331 0.573174 0.022334 0.509540 0.621355 0.879628 0.586563 0.354209 0.941070 0.188994 0.166062 0.572762 0.818932 0.267312 0.483351 0.954491 0.114866 0.831916 0.951541 0.738299 0.632053 0.050832 0.538864 0.889814 0.357957 0.092495 0.227286 0.626894 0.919450 0.975683 0.894961 0.765407 0.157059 0.731858 0.555377 0.410458 0.411928 0.479679 0.245596 0.032548 0.006096 0.631134 0.760631 0.754269 0.341625 0.684363 0.257891 0.969507 0.621885 0.407491 0.890740 0.820434 0.722280 0.875703 0.610828 0.413147 0.682624 0.204268 0.318661 0.011115
0.149297 0.921958 0.909168 0.925639 0.508849 0.352972 0.333263 0.236843 0.900172 0.641083 0.732984 0.952714 0.774623 0.111350 0.302631 0.828096 0.583207 0.833066 0.888367 0.314025 0.935440 0.707110 0.057720 0.529948 0.918231 0.104482 0.223752 0.553511 0.544121 0.608715 0.508124 0.293679 0.702826 0.639024 0.546418 0.055642 0.879043 0.389935 0.133939 0.519399 0.458727 0.999950 0.667766 0.593933 0.188319 0.394183 0.114814 0.150209 0.296801 0.377285 0.097906 0.550566 0.735854 0.848335 0.708100 0.363470 0.075669 0.069486 0.361995 0.201861 0.044107 0.639830 0.297471 0.287490 0.534686 0.916340 0.218192 0.444617 0.119835 0.564616 0.457377 0.262678 0.851521 0.657267 0.228101 0.056889 0.227297 0.519550 0.915836 0.668557 0.255625 0.156466 0.924282 0.705539 0.533294 0.376185 0.086839 0.096579 0.780254 0.380695 0.166085 0.266806 0.480083 0.632402 0.561575 0.900220 0.381087 0.848296 0.285487 0.897666 0.488121 0.426631 0.255464 0.712564 0.334544 0.126113 0.012351 0.874954 0.285290 0.686689 0.240269 0.980743 0.014369 0.189910 0.223408 0.082179 0.792413 0.652720 0.111813 0.528284 0.744409 0.779060 0.584198 0.583175 0.663258 0.729938 0.554377 0.211426 0.542811 0.213869 0.894452 0.196439 0.320554 0.189131 0.411899 0.558906 0.549612 0.254201 0.086302 0.805378 0.127975 0.289944 0.128860 0.651477 0.336835 0.219045 0.118041 0.186722 0.056821 0.635761 0.337571 0.654147 0.605232 0.345632 0.697357 0.444135 0.871750 0.654585 0.580940 0.797431 0.713965 0.870363 0.995937 0.702646 0.815962 0.870064 0.529713 0.027484 0.680680 0.456569 0.739629 0.359776 0.902873 0.560071 0.972051 0.837580 0.421451 0.768840 0.271757 0.570455 0.060795 0.684929 0.852416 0.821810 0.834417 0.764835 0.747343 0.147395 0.781854 0.401049 0.682609 0.988187 0.290808 0.244449 0.094474 0.147766 0.832288 0.095698 0.893685 0.612353 0.888802 0.626651 0.655613 0.270428 0.128106 0.824665 0.154949 0.556603 0.978744 0.814988 0.548827 0.129323 0.532779 0.390191 0.232969 0.052113 0.004535 0.103843 0.208656 0.350616 0.774075 0.119079 0.948193 0.748088 0.294747 0.709777 0.559362 0.033370 0.630985 0.873404 0.970472 0.064934 0.906858 0.466977 0.700640 0.755762 0.235860 0.056499 0.170385 0.129511 0.323209 0.037828 0.189725 0.884193 0.783031 0.570089 0.230356 0.208181 0.123465 0.882944 0.308807 0.930159 0.464125 0.841492 0.822240 0.583484 0.523675 0.415203 0.849400 0.086947 0.286152 0.257615 0.849030 0.464605 0.337239 0.355678 0.505675 0.642779 0.055676 0.299434 0.944618 0.963956 0.839206 0.146724 0.809003 0.814069 0.205725 0.690652 0.608531 0.937043 0.873194 0.249047 0.683292 0.230380 0.990860 0.682499 0.352134 0.750190 0.712589 0.987361 0.159637 0.786414 0.278227 0.874361 0.431255 0.673442 0.583656 0.644993 0.178863 0.164839
0.494897 0.891281 0.441175 0.377906 0.889061 0.260243 0.096773 0.225847 0.535403 0.467745 0.700874 0.040641 0.501141 0.472482 0.508454 0.805601 0.700716 0.582397 0.471769 0.484507 0.105337 0.335201 0.317007 0.323943 0.568604 0.862081 0.693742 0.129302 0.212484 0.634713 0.961350 0.018291 0.335429 0.394355 0.046554 0.369646 0.303006 0.994268 0.825980 0.739853 0.123218 0.864250 0.306474 0.014504 0.535231 0.079147 0.164104 0.377848 0.943414 0.163722 0.471062 0.669052 0.924515 0.500956 0.378756 0.388932 0.651839 0.111643 0.258212 0.671784 0.452496 0.380908 0.411307 0.277466 0.053073 0.119815 0.755386 0.463924 0.530624 0.710349 0.960246 0.161625 0.117625 0.656494 0.397868 0.014228 0.689404 0.560342 0.041424 0.373175 0.122161 0.096437 0.179042 0.111976 0.919448 0.801796 0.175321 0.567077 0.944636 0.895373 0.567349 0.095496 0.085454 0.803227 0.140937 0.927885 0.204994 0.121983 0.324798 0.910249 0.029594 0.692697 0.627050 0.499736 0.101531 0.248012 0.242714 0.104563 0.947595 0.684429 0.925967 0.067538 0.501981 0.964142 0.856533 0.778573 0.609681 0.313952 0.318728 0.533039 0.570495 0.954264 0.747299 0.927469 0.597940 0.121371 0.488559 0.467874 0.578133 0.337117 0.245603 0.464806 0.241694 0.273145 0.300474 0.164233 0.517465 0.478555 0.400221 0.110672 0.477331 0.901555 0.674295 0.518483 0.318751 0.222108 0.286563 0.405646 0.756192 0.178921 0.819652 0.227042 0.117749 0.693376 0.734593 0.180214 0.677845 0.451730 0.229197 0.419257 0.736945 0.432832 0.605101 0.477800 0.940197 0.031371 0.669255 0.018932 0.389076 0.063195 0.655455 0.236958 0.690069 0.411013 0.503622 0.603741 0.016968 0.262891 0.696990 0.744680 0.888025 0.632744 0.990320 0.379624 0.280272 0.628684 0.866231 0.705753 0.877806 0.001894 0.280535 0.566792 0.816268 0.503449 0.125864 0.539209 0.676231 0.544887 0.084548 0.985845 0.764293 0.961994 0.517537 0.014172 0.754568 0.122665 0.907621 0.815052 0.280727 0.071311 0.809374 0.833379 0.136991 0.373735 0.919886 0.488708 0.007360 0.108518 0.899107 0.051052 0.993546 0.479582 0.484579 0.249039 0.479141 0.303364 0.754007 0.033864 0.193644 0.010957 0.700743 0.126839 0.764961 0.858221 0.187377 0.252004 0.831921 0.696585 0.658540 0.613062 0.881988 0.184870 0.864158 0.151930 0.681245 0.797266 0.551830 0.484503 0.533430 0.672695 0.448881 0.477759 0.958172 0.247439 0.787248 0.992503 0.650484 0.137265 0.099479 0.384274 0.418135 0.903357 0.067203 0.730608 0.356542 0.729169 0.452954 0.502854 0.990452 0.689534 0.486340 0.161490 0.530617 0.950907 0.594744 0.235712 0.320703 0.564819 0.136451 0.197191 0.989909 0.740118 0.841473 0.360655 0.691430 0.682184 0.193272 0.685112 0.271181 0.225008 0.435136 0.648724 0.144275 0.688949 0.033516 0.727377 0.097470 0.511500 0.813501 0.406444
0.090933 0.858738 0.443029 0.873726 0.646413 0.003931 0.126817 0.157750 0.126848 0.702775 0.438192 0.728615 0.908662 0.189052 0.969079 0.897135 0.693069 0.787179 0.720879 0.206520 0.177014 0.283879 0.750738 0.570554 0.078020 0.096766 0.507063 0.777110 0.298864 0.544288 0.138818 0.126405 0.088771 0.424213 0.743477 0.177845 0.104776 0.718109 0.543783 0.121394 0.996681 0.477783 0.582884 0.829931 0.520638 0.087858 0.104274 0.048988 0.181490 0.921705 0.134240 0.531997 0.899589 0.306934 0.516725 0.331859 0.971332 0.407564 0.312124 0.403608 0.660848 0.126078 0.489852 0.680935 0.183994 0.907207 0.581263 0.264510 0.701535 0.645722 0.121401 0.229544 0.667175 0.598008 0.201990 0.725513 0.656131 0.242539 0.376056 0.576088 0.199819 0.895973 0.603813 0.108077 0.425887 0.824201 0.701301 0.377759 0.145639 0.581747 0.644962 0.621595 0.434751 0.206921 0.449593 0.624746 0.116866 0.852186 0.033376 0.129721 0.188153 0.090638 0.218461 0.579412 0.933138 0.308768 0.921345 0.943156 0.061768 0.663645 0.146668 0.379826 0.694995 0.254507 0.966960 0.203802 0.960520 0.445231 0.088432 0.763298 0.416765 0.072753 0.648533 0.785799 0.843859 0.697412 0.306027 0.552052 0.177302 0.439296 0.854377 0.261730 0.177125 0.206420 0.552853 0.161328 0.151174 0.977728 0.182679 0.958982 0.019680 0.331656 0.660568 0.161181 0.135565 0.442965 0.324929 0.492701 0.857852 0.415534 0.742445 0.989286 0.158202 0.076960 0.609804 0.240273 0.706951 0.841768 0.886093 0.314870 0.079808 0.591449 0.074739 0.004136 0.068176 0.199095 0.087376 0.941998 0.436676 0.345168 0.294125 0.840216 0.278077 0.335249 0.038860 0.262532 0.529006 0.157916 0.120515 0.249777 0.991389 0.586310 0.806995 0.531202 0.106210 0.550417 0.715036 0.730617 0.729847 0.786676 0.633632 0.344159 0.229336 0.920207 0.383189 0.152562 0.718403 0.444504 0.514334 0.871998 0.666759 0.542158 0.887809 0.241837 0.979340 0.145714 0.765125 0.239282 0.105364 0.473831 0.609011 0.241033 0.534047 0.652931 0.863551 0.453321 0.149845 0.468625 0.995959 0.831638 0.932699 0.476565 0.331064 0.191363 0.949877 0.778119 0.258195 0.407272 0.539314 0.914714 0.405697 0.505400 0.296153 0.820557 0.811407 0.758087 0.633090 0.325083 0.183750 0.121497 0.384958 0.558309 0.772539 0.896989 0.887488 0.177610 0.747423 0.429674 0.410498 0.092090 0.341336 0.593364 0.532898 0.073085 0.550890 0.752044 0.918600 0.081522 0.276653 0.651940 0.368471 0.136136 0.579758 0.426196 0.676466 0.509539 0.366260 0.836411 0.822799 0.615639 0.080253 0.329272 0.251181 0.654014 0.762364 0.583760 0.708553 0.686125 0.794340 0.894700 0.426904 0.241065 0.818772 0.764021 0.608795 0.336212 0.716915 0.134059 0.741511 0.150349 0.305195 0.082234 0.225424 0.277256 0.793330 0.532930 0.373777 0.373037 0.436575 0.775117
0.461300 0.633645 0.000264 0.895342 0.364917 0.457969 0.248911 0.077120 0.679602 0.185049 0.114882 0.407176 0.969078 0.793519 0.265091 0.267254 0.774432 0.178989 0.910948 0.285844 0.338483 0.257963 0.464872 0.816412 0.262897 0.447924 0.053100 0.414262 0.078476 0.335557 0.760929 0.598216 0.583637 0.353191 0.515456 0.049093 0.494469 0.926201 0.220935 0.300317 0.872899 0.571278 0.640893 0.864685 0.441212 0.685875 0.224924 0.817984 0.303336 0.391372 0.102881 0.902890 0.924822 0.841239 0.514721 0.833446 0.577237 0.077239 0.643138 0.010898 0.004439 0.515100 0.703751 0.301355 0.311716 0.560213 0.846691 0.959486 0.815935 0.319309 0.127075 0.038463 0.531870 0.044977 0.618068 0.576504 0.498188 0.852549 0.005925 0.979239 0.440866 0.706284 0.736574 0.134328 0.019770 0.022512 0.858444 0.030931 0.052582 0.147147 0.232996 0.861366 0.250623 0.935971 0.116885 0.072095 0.890086 0.686857 0.693804 0.206767 0.568253 0.022112 0.616920 0.346557 0.216747 0.292617 0.592842 0.902952 0.768910 0.648324 0.131243 0.100257 0.046792 0.946887 0.597811 0.588046 0.549833 0.148595 0.151325 0.133073 0.451772 0.330838 0.641444 0.465542 0.381694 0.685687 0.250898 0.934873 0.913557 0.849653 0.920572 0.252690 0.424811 0.077719 0.577509 0.972548 0.557950 0.312092 0.872961 0.208678 0.709083 0.725894 0.152036 0.703602 0.657143 0.487442 0.437022 0.792628 0.537339 0.330900 0.582249 0.029819 0.086363 0.149561 0.790417 0.254788 0.884042 0.244363 0.067254 0.836917 0.857227 0.636678 0.290165 0.804541 0.775612 0.164949 0.775429 0.932018 0.312304 0.669362 0.351252 0.052806 0.329498 0.677684 0.958420 0.939166 0.803682 0.163232 0.692185 0.611287 0.616553 0.466014 0.540058 0.091022 0.537552 0.327911 0.720372 0.485491 0.720765 0.525269 0.565955 0.492146 0.880838 0.790774 0.149047 0.077622 0.616315 0.038557 0.771086 0.790512 0.368620 0.228643 0.426062 0.581308 0.618162 0.929276 0.785775 0.316809 0.732050 0.820141 0.161118 0.137481 0.607574 0.746840 0.404250 0.414527 0.226316 0.291001 0.388424 0.022446 0.704485 0.873387 0.964498 0.524202 0.808609 0.502838 0.450388 0.139622 0.379381 0.467928 0.063898 0.400174 0.741433 0.508815 0.217167 0.410320 0.255491 0.235147 0.965271 0.566634 0.522334 0.699746 0.423145 0.264597 0.095361 0.602218 0.798187 0.551926 0.968461 0.865208 0.135964 0.529785 0.748383 0.769981 0.582235 0.845317 0.862604 0.608145 0.531096 0.031602 0.733827 0.670341 0.074262 0.619675 0.302807 0.028702 0.686926 0.923948 0.608131 0.745631 0.644847 0.300833 0.068325 0.845818 0.358496 0.781642 0.559521 0.914896 0.408360 0.250992 0.904897 0.543423 0.560964 0.134076 0.685621 0.769545 0.671545 0.060358 0.623377 0.870289 0.767075 0.811328 0.135308 0.575387 0.913696 0.589367 0.341797 0.856253 0.616847 0.200538
0.607656 0.323976 0.780773 0.056441 0.316442 0.122372 0.792585 0.516197 0.592204 0.938316 0.181712 0.020580 0.630306 0.388718 0.676355 0.592684 0.573123 0.952396 0.527542 0.868123 0.336552 0.226796 0.890702 0.286781 0.682000 0.505419 0.453651 0.863252 0.507554 0.627521 0.952130 0.976468 0.230318 0.348232 0.662792 0.127054 0.541321 0.859681 0.666011 0.189312 0.249392 0.986719 0.328452 0.019632 0.606788 0.788099 0.729070 0.629886 0.624058 0.761522 0.319461 0.270500 0.472348 0.922169 0.841786 0.692029 0.288530 0.231261 0.840480 0.888118 0.673844 0.188957 0.920686 0.990288 0.011792 0.198441 0.400471 0.829271 0.221122 0.340350 0.493865 0.391063 0.929142 0.215466 0.890435 0.362143 0.538184 0.031728 0.776950 0.076789 0.541550 0.700327 0.017309 0.385879 0.679193 0.885472 0.201930 0.846777 0.871085 0.368826 0.761907 0.402150 0.141949 0.329227 0.822250 0.107613 0.530316 0.941005 0.866986 0.362216 0.638465 0.472571 0.471928 0.218077 0.944378 0.584325 0.154848 0.452513 0.604816 0.652365 0.382753 0.326429 0.098828 0.253452 0.504665 0.289411 0.014856 0.167704 0.681441 0.260523 0.315601 0.397997 0.695068 0.818575 0.910954 0.870829 0.738133 0.146766 0.204973 0.158797 0.823428 0.419280 0.782012 0.740093 0.318099 0.559548 0.580331 0.097731 0.991464 0.201850 0.530537 0.724217 0.507445 0.355925 0.721616 0.412292 0.612981 0.769889 0.886230 0.652556 0.800408 0.681091 0.894551 0.912382 0.054701 0.690093 0.518036 0.478573 0.191604 0.811344 0.260725 0.939530 0.748030 0.668732 0.934871 0.869107 0.201512 0.725977 0.343046 0.905446 0.432921 0.447708 0.439664 0.884659 0.422254 0.567297 0.533565 0.427719 0.820381 0.997108 0.519947 0.905684 0.661670 0.199793 0.393530 0.275688 0.987754 0.009946 0.262465 0.789385 0.382016 0.884349 0.905249 0.888900 0.535810 0.329514 0.775731 0.491729 0.287818 0.265041 0.364031 0.520438 0.688285 0.176362 0.070316 0.546970 0.550146 0.616698 0.438482 0.116311 0.012724 0.125205 0.243906 0.346552 0.748524 0.884175 0.550085 0.168842 0.707430 0.356961 0.780672 0.044533 0.943530 0.522818 0.530458 0.295305 0.420883 0.979810 0.192523 0.594130 0.292230 0.855803 0.372232 0.075530 0.121231 0.122197 0.092980 0.787826 0.404129 0.353387 0.104658 0.074237 0.060207 0.720566 0.838413 0.799776 0.124744 0.828483 0.537763 0.381930 0.944038 0.516691 0.598671 0.589240 0.305612 0.601393 0.765228 0.210777 0.327848 0.252228 0.390085 0.607780 0.047275 0.623116 0.855885 0.382913 0.877546 0.477122 0.503887 0.956117 0.534419 0.804340 0.945672 0.549895 0.073368 0.029746 0.737342 0.320960 0.919578 0.961024 0.190599 0.363401 0.783886 0.391803 0.037640 0.919318 0.970133 0.852850 0.850307 0.277916 0.435558 0.344152 0.319418 0.191513 0.824437 0.696462 0.943821 0.183792 0.623586 0.732117
0.900830 0.883636 0.614977 0.592954 0.420565 0.101820 0.820869 0.930220 0.484794 0.097778 0.221723 0.076955 0.110096 0.866903 0.731077 0.098214 0.474235 0.481903 0.519321 0.176997 0.504906 0.073835 0.715639 0.640571 0.613336 0.822953 0.566776 0.773925 0.449527 0.755689 0.242194 0.372766 0.050575 0.182948 0.888725 0.673522 0.621512 0.568168 0.823569 0.906466 0.853043 0.194971 0.125199 0.717813 0.819812 0.945229 0.167626 0.435850 0.046076 0.225940 0.711779 0.649986 0.617354 0.580731 0.903644 0.536834 0.660239 0.805971 0.987672 0.859444 0.011047 0.712166 0.140669 0.510174 0.943127 0.023274 0.807581 0.544213 0.852412 0.526323 0.394181 0.728898 0.541503 0.006679 0.486618 0.600044 0.784107 0.728579 0.352891 0.662052 0.251582 0.918823 0.896155 0.082935 0.266861 0.330532 0.640804 0.313919 0.408045 0.315147 0.834755 0.795675 0.330184 0.554495 0.451801 0.582400 0.059567 0.625056 0.813257 0.630771 0.918186 0.829726 0.573955 0.902181 0.976719 0.105682 0.304013 0.899853 0.637039 0.901680 0.344537 0.045987 0.301236 0.670625 0.140317 0.918685 0.295058 0.861113 0.520177 0.433375 0.471340 0.533624 0.806527 0.726140 0.637132 0.440253 0.869865 0.437943 0.771753 0.101138 0.172622 0.705614 0.709672 0.681676 0.046835 0.608690 0.047719 0.729810 0.375521 0.884947 0.163666 0.099613 0.796700 0.612344 0.885344 0.188574 0.443100 0.109269 0.639393 0.433043 0.181412 0.659888 0.147545 0.991739 0.457632 0.259570 0.486639 0.919107 0.417025 0.241855 0.520859 0.805272 0.831257 0.103708 0.947464 0.680645 0.406926 0.736213 0.759203 0.590874 0.049299 0.507999 0.389177 0.620205 0.896804 0.093766 0.995768 0.118447 0.082069 0.779896 0.466013 0.062594 0.323807 0.508406 0.437336 0.373425 0.241237 0.566392 0.658779 0.434045 0.408953 0.451308 0.358109 0.187376 0.170914 0.128283 0.739483 0.537936 0.521182 0.661806 0.271147 0.111023 0.319178 0.842605 0.102227 0.557825 0.114175 0.636730 0.768458 0.309973 0.325008 0.574734 0.293752 0.891703 0.662322 0.159934 0.758848 0.629928 0.986142 0.192537 0.691578 0.637297 0.814176 0.152733 0.654050 0.009299 0.938410 0.909221 0.609322 0.832793 0.509483 0.978021 0.800092 0.135735 0.845605 0.611296 0.191572 0.778523 0.298784 0.447304 0.174389 0.731313 0.766366 0.004912 0.133938 0.142228 0.686174 0.122514 0.116049 0.374894 0.520736 0.187286 0.957402 0.018941 0.533624 0.426739 0.469770 0.895074 0.738645 0.741156 0.203989 0.758164 0.137057 0.727297 0.251677 0.799655 0.473843 0.628695 0.594051 0.725526 0.991127 0.611773 0.269492 0.674768 0.905433 0.288844 0.691643 0.156054 0.696857 0.527117 0.112178 0.618168 0.185696 0.943400 0.804720 0.015721 0.838833 0.734935 0.988475 0.145005 0.196469 0.871732 0.669911 0.074146 0.084559 0.106848 0.985503 0.892260 0.033460 0.488693
0.067921 0.444702 0.146082 0.082776 0.707368 0.085683 0.734544 0.351148 0.627099 0.937958 0.051404 0.049554 0.906315 0.565561 0.023689 0.782912 0.363596 0.354335 0.796196 0.646161 0.794756 0.372510 0.247545 0.238276 0.810050 0.508082 0.907399 0.908831 0.572434 0.950196 0.325582 0.364443 0.937448 0.251898 0.036145 0.692452 0.616619 0.852163 0.816707 0.711177 0.275488 0.693391 0.069788 0.531286 0.669929 0.691778 0.556009 0.625025 0.401950 0.609601 0.291511 0.050445 0.153026 0.874920 0.045340 0.902421 0.990413 0.710788 0.411725 0.569942 0.497618 0.475273 0.931396 0.321652 0.617851 0.577206 0.788838 0.137970 0.056171 0.431865 0.308040 0.275999 0.498504 0.254620 0.947844 0.246227 0.919096 0.095532 0.898538 0.531511 0.432425 0.338548 0.462011 0.744864 0.169377 0.162979 0.661502 0.419931 0.248480 0.453379 0.708461 0.732074 0.807466 0.997934 0.895933 0.705713 0.304775 0.752334 0.898670 0.413869 0.860028 0.051881 0.246750 0.411679 0.603262 0.668298 0.379881 0.632106 0.404106 0.335277 0.748507 0.098471 0.104295 0.520890 0.628153 0.365542 0.011788 0.704149 0.662588 0.090709 0.172602 0.098217 0.829884 0.100934 0.931818 0.760047 0.747924 0.841701 0.841737 0.323751 0.861173 0.936663 0.960001 0.095819 0.217355 0.766522 0.067037 0.486868 0.035586 0.392656 0.721291 0.737675 0.418435 0.074272 0.777190 0.460744 0.900016 0.950484 0.517724 0.280136 0.532619 0.272868 0.901192 0.282289 0.823801 0.398025 0.361262 0.566562 0.033448 0.731914 0.165107 0.532904 0.460789 0.392695 0.180793 0.621033 0.013408 0.965896 0.304875 0.694214 0.995008 0.910344 0.707479 0.529086 0.736532 0.726110 0.572571 0.523489 0.103163 0.606052 0.511369 0.514976 0.981845 0.026683 0.114294 0.946163 0.819137 0.149924 0.051419 0.683038 0.423985 0.161416 0.058130 0.709628 0.074353 0.044551 0.748646 0.842536 0.180612 0.927448 0.974347 0.491495 0.255172 0.640348 0.184519 0.225331 0.653823 0.981077 0.188439 0.813598 0.399928 0.825511 0.057127 0.663942 0.864659 0.376966 0.541966 0.567553 0.582837 0.476432 0.786952 0.172801 0.178682 0.814349 0.143677 0.657455 0.916245 0.082227 0.849335 0.022095 0.691175 0.438521 0.940949 0.046399 0.314591 0.533808 0.226677 0.044771 0.496347 0.259117 0.178263 0.451343 0.331000 0.607776 0.168801 0.112945 0.590882 0.622387 0.041807 0.147815 0.529161 0.094372 0.729722 0.697707 0.495681 0.339906 0.722427 0.138023 0.425499 0.454233 0.103067 0.102475 0.535483 0.243634 0.693836 0.057676 0.425879 0.036918 0.886865 0.441296 0.550988 0.315696 0.708730 0.794947 0.629464 0.772067 0.865463 0.914191 0.593580 0.753435 0.521351 0.358811 0.067971 0.780438 0.125249 0.889494 0.620546 0.706430 0.870990 0.390640 0.760809 0.901754 0.835252 0.297231 0.043527 0.541796 0.766063 0.320911 0.317427 0.945557
0.439529 0.486344 0.823904 0.737100 0.174793 0.554099 0.283358 0.816497 0.130306 0.692338 0.972171 0.553015 0.227340 0.699095 0.621242 0.851067 0.291364 0.103203 0.985759 0.291511 0.238321 0.719300 0.124033 0.721929 0.582142 0.816589 0.252001 0.084121 0.797883 0.000424 0.020683 0.436851 0.470119 0.261322 0.003855 0.130144 0.604046 0.596757 0.072384 0.705368 0.444971 0.702172 0.979605 0.465396 0.920717 0.954846 0.351497 0.545417 0.917490 0.593839 0.665296 0.883478 0.711731 0.730998 0.841667 0.273894 0.729727 0.562966 0.139738 0.927162 0.243310 0.208223 0.390171 0.871528 0.251998 0.327446 0.437951 0.886194 0.310102 0.211750 0.854712 0.636194 0.347634 0.093942 0.529481 0.398985 0.718646 0.846771 0.525200 0.300554 0.557360 0.023292 0.211534 0.770186 0.442695 0.531331 0.974439 0.673216 0.938849 0.381636 0.904337 0.408834 0.412929 0.902306 0.802375 0.004287 0.187032 0.224823 0.040248 0.134070 0.150910 0.470361 0.627111 0.379814 0.124635 0.138700 0.202467 0.907581 0.717122 0.156256 0.392853 0.971186 0.791197 0.641433 0.726064 0.781076 0.310324 0.185914 0.599482 0.329859 0.368765 0.984814 0.643559 0.131012 0.157798 0.087042 0.662497 0.883413 0.718326 0.314755 0.069188 0.247655 0.281631 0.742466 0.589174 0.209750 0.443310 0.338284 0.196894 0.260298 0.556561 0.161463 0.845251 0.716631 0.939033 0.679263 0.198730 0.905105 0.379249 0.636829 0.405476 0.435904 0.060185 0.085633 0.964808 0.418910 0.187067 0.805299 0.949391 0.627164 0.672193 0.537722 0.779802 0.785535 0.466009 0.811357 0.190225 0.259995 0.549555 0.256005 0.836562 0.337231 0.628143 0.836805 0.755171 0.809195 0.767714 0.095145 0.254247 0.181541 0.307480 0.792959 0.895907 0.107301 0.156782 0.819207 0.387874 0.267821 0.053428 0.490426 0.077508 0.166156 0.916670 0.182167 0.280806 0.749718 0.277667 0.853343 0.935170 0.366270 0.603709 0.361232 0.808471 0.437588 0.762088 0.596683 0.819997 0.797200 0.410117 0.547875 0.807989 0.235796 0.807118 0.014602 0.667450 0.454231 0.529571 0.349643 0.950772 0.339486 0.305967 0.115457 0.552447 0.352726 0.198778 0.916437 0.732066 0.212602 0.400718 0.726930 0.906848 0.489706 0.557430 0.442853 0.808350 0.862040 0.749503 0.577646 0.064867 0.115647 0.622549 0.409018 0.158304 0.408765 0.797704 0.205099 0.323438 0.046740 0.341617 0.937654 0.416120 0.172649 0.440001 0.595965 0.501335 0.539207 0.079188 0.041275 0.629401 0.835806 0.740165 0.507626 0.733233 0.852485 0.129076 0.242530 0.497671 0.239344 0.341135 0.767764 0.681538 0.511854 0.564443 0.508860 0.303580 0.865178 0.662339 0.543434 0.328460 0.922247 0.412037 0.620384 0.132864 0.210498 0.250888 0.505815 0.191381 0.791128 0.858749 0.519965 0.606018 0.233247 0.117514 0.866136 0.454353 0.885993 0.346971 0.861209 0.349721 0.412765
0.720202 0.390009 0.903560 0.693681 0.188362 0.227790 0.370170 0.842681 0.594464 0.427703 0.019840 0.384408 0.537102 0.864299 0.523587 0.664367 0.822641 0.784132 0.691803 0.057711 0.978901 0.361027 0.588038 0.660686 0.774995 0.142098 0.861053 0.882709 0.433823 0.206535 0.649246 0.869004 0.082790 0.354582 0.006428 0.233336 0.133706 0.412788 0.809998 0.113291 0.009228 0.546358 0.676718 0.662580 0.022144 0.671905 0.530935 0.268066 0.116575 0.791593 0.241805 0.942254 0.410807 0.572830 0.129420 0.768460 0.002416 0.544480 0.532563 0.917773 0.702763 0.399214 0.193883 0.052969 0.377195 0.222626 0.201759 0.466613 0.645780 0.080019 0.675286 0.575576 0.257670 0.268328 0.971429 0.451402 0.783498 0.999769 0.041030 0.240016 0.019333 0.050127 0.354418 0.501084 0.262320 0.226128 0.784168 0.862275 0.134567 0.350859 0.776215 0.125069 0.843604 0.693272 0.595663 0.514339 0.341464 0.956795 0.373416 0.267426 0.874744 0.857767 0.184269 0.329499 0.543808 0.063191 0.833375 0.194675 0.679430 0.871852 0.852620 0.129954 0.824229 0.555781 0.204352 0.002247 0.812428 0.791341 0.040524 0.013060 0.770818 0.659685 0.331294 0.701594 0.266835 0.367029 0.840081 0.461275 0.707367 0.123768 0.479594 0.468454 0.622236 0.953522 0.491596 0.982670 0.867333 0.980215 0.772611 0.555128 0.060401 0.723780 0.745943 0.944977 0.273767 0.694005 0.289515 0.634054 0.077394 0.321459 0.388474 0.769596 0.580109 0.798391 0.495655 0.085031 0.665469 0.644661 0.108214 0.589878 0.822894 0.243075 0.553081 0.656380 0.663254 0.387284 0.620421 0.907670 0.767389 0.985150 0.629990 0.903907 0.569458 0.244014 0.775062 0.238723 0.901407 0.559095 0.720459 0.103325 0.472645 0.313317 0.701668 0.968961 0.426118 0.888480 0.909532 0.877311 0.180341 0.849027 0.586804 0.162398 0.720742 0.732211 0.242047 0.263274 0.203752 0.648821 0.956493 0.278678 0.156598 0.095064 0.962567 0.408347 0.046704 0.164989 0.746937 0.743027 0.935301 0.701820 0.108520 0.476221 0.574835 0.561397 0.426607 0.340011 0.916481 0.125849 0.662855 0.880617 0.645596 0.730391 0.956660 0.546109 0.708490 0.644914 0.674599 0.405689 0.166447 0.994703 0.577292 0.138374 0.886447 0.894657 0.144374 0.436254 0.820206 0.676790 0.155543 0.264667 0.589792 0.258897 0.719761 0.010576 0.155709 0.974875 0.260090 0.785698 0.355736 0.504298 0.769796 0.572461 0.084179 0.844094 0.297724 0.182915 0.636654 0.298869 0.123780 0.918939 0.383296 0.539157 0.628510 0.094703 0.706645 0.559468 0.190746 0.921242 0.283992 0.871391 0.284478 0.665347 0.051110 0.301743 0.546497 0.002724 0.104314 0.355233 0.233951 0.494997 0.230496 0.028303 0.897570 0.653187 0.778212 0.505875 0.598645 0.770340 0.066198 0.751795 0.542186 0.275169 0.911175 0.512255 0.462318 0.209636 0.924462 0.521441 0.765383 0.899816
0.128935 0.260209 0.516154 0.003567 0.582064 0.568737 0.083715 0.644210 0.904235 0.901379 0.640002 0.739503 0.145580 0.539973 0.750257 0.520981 0.792909 0.387131 0.089093 0.501850 0.205455 0.525419 0.700020 0.364786 0.301601 0.757878 0.927215 0.027043 0.504620 0.433816 0.636097 0.606643 0.067803 0.994581 0.341224 0.677099 0.763178 0.107526 0.416013 0.103336 0.577486 0.069890 0.431316 0.678320 0.333262 0.109828 0.727902 0.922383 0.667529 0.199722 0.341597 0.832660 0.906566 0.156570 0.834526 0.748493 0.167144 0.888022 0.372692 0.943329 0.162242 0.796230 0.035787 0.300706 0.534471 0.548508 0.097771 0.412825 0.160099 0.609206 0.733712 0.046229 0.511894 0.396729 0.023525 0.342953 0.710811 0.908880 0.423149 0.199973 0.594787 0.248420 0.926761 0.358565 0.128310 0.850770 0.735140 0.058578 0.881943 0.268363 0.112157 0.326012 0.764448 0.113667 0.642906 0.216783 0.458066 0.260370 0.835218 0.899783 0.795806 0.164052 0.438232 0.349891 0.951471 0.817591 0.772126 0.034227 0.828006 0.171517 0.931057 0.744758 0.284439 0.719768 0.931488 0.690598 0.337717 0.308777 0.975939 0.324938 0.437180 0.302055 0.058788 0.926798 0.199944 0.470101 0.310907 0.878090 0.774255 0.161774 0.272551 0.656295 0.599122 0.835762 0.450936 0.260220 0.297049 0.345210 0.338195 0.410016 0.350606 0.111179 0.083531 0.192960 0.396676 0.211856 0.715977 0.678404 0.401971 0.297418 0.134895 0.072441 0.062039 0.112260 0.284019 0.515745 0.721517 0.537932 0.792196 0.288710 0.180454 0.245470 0.466720 0.862871 0.541427 0.066745 0.957475 0.638305 0.738299 0.665380 0.760335 0.290794 0.994635 0.581553 0.217009 0.592913 0.041135 0.538334 0.430254 0.974183 0.499007 0.521779 0.925294 0.654001 0.837400 0.499786 0.891635 0.812451 0.358415 0.054228 0.412074 0.429659 0.120591 0.085885 0.196349 0.375287 0.041407 0.084099 0.216050 0.758352 0.952292 0.974239 0.049706 0.473124 0.601478 0.433925 0.936020 0.580316 0.133569 0.895993 0.775774 0.160665 0.010170 0.925474 0.252685 0.912953 0.450374 0.645448 0.594531 0.432155 0.384787 0.425262 0.707224 0.052892 0.063379 0.743657 0.853462 0.826752 0.045133 0.162862 0.142222 0.371285 0.679879 0.914401 0.107647 0.722731 0.722611 0.933553 0.628669 0.863215 0.888763 0.512233 0.046124 0.043424 0.760681 0.630607 0.569696 0.942948 0.091693 0.836519 0.957099 0.442356 0.353613 0.982611 0.702078 0.393228 0.832139 0.125477 0.887941 0.246893 0.916419 0.846220 0.607832 0.391440 0.806617 0.418605 0.153295 0.776349 0.482591 0.854674 0.433255 0.788755 0.914754 0.013062 0.786064 0.038405 0.049243 0.642873 0.986601 0.872368 0.879930 0.661140 0.698891 0.716810 0.846329 0.879580 0.623256 0.303667 0.384561 0.464067 0.105116 0.345155 0.112997 0.116129 0.440911 0.252646 0.139690 0.954187 0.387882 0.541251
0.047391 0.844125 0.121723 0.210038 0.601727 0.422571 0.795359 0.983942 0.697019 0.096532 0.113410 0.914237 0.036705 0.456766 0.564916 0.482314 0.515042 0.956942 0.419392 0.110513 0.400917 0.744384 0.122321 0.275750 0.736839 0.953704 0.592842 0.154293 0.358007 0.683851 0.306095 0.528281 0.593179 0.197887 0.003562 0.682645 0.604653 0.618466 0.443495 0.262735 0.670084 0.188835 0.116157 0.925188 0.120345 0.437388 0.307145 0.633574 0.567648 0.786624 0.162964 0.885543 0.939247 0.707335 0.177618 0.462160 0.254703 0.650589 0.671254 0.132398 0.264649 0.574703 0.301333 0.527686 0.793778 0.489534 0.390407 0.303350 0.741454 0.312550 0.875996 0.283183 0.053903 0.734411 0.274022 0.202926 0.523896 0.186632 0.724502 0.591190 0.469652 0.757077 0.097183 0.173919 0.661863 0.988752 0.697224 0.447662 0.319093 0.550759 0.646058 0.846722 0.787777 0.503112 0.162097 0.940263 0.450328 0.803787 0.637156 0.933253 0.727098 0.638767 0.872662 0.992377 0.102326 0.447637 0.901761 0.402972 0.174699 0.217532 0.817875 0.452840 0.628919 0.828312 0.362368 0.358556 0.672199 0.823399 0.566535 0.702300 0.132941 0.417819 0.064842 0.784585 0.053986 0.881767 0.160635 0.335970 0.567653 0.261300 0.656308 0.237336 0.813556 0.648124 0.303800 0.144520 0.637983 0.560352 0.238931 0.053911 0.476250 0.806593 0.591842 0.106418 0.417281 0.153414 0.933882 0.427496 0.907706 0.909448 0.473988 0.914055 0.280581 0.347293 0.183820 0.213313 0.552294 0.392520 0.412595 0.918143 0.087754 0.076939 0.806748 0.742638 0.968966 0.019646 0.654189 0.388812 0.044613 0.605580 0.088196 0.209469 0.414400 0.334185 0.316489 0.063361 0.302550 0.191273 0.534720 0.078247 0.034603 0.466266 0.641628 0.929548 0.297244 0.980583 0.087710 0.926916 0.694001 0.044256 0.665926 0.827833 0.021501 0.148481 0.767247 0.546006 0.572363 0.600665 0.711169 0.474061 0.360855 0.194151 0.634917 0.390525 0.066659 0.279151 0.572024 0.333907 0.617178 0.695592 0.619843 0.311944 0.902985 0.879830 0.071091 0.850842 0.571650 0.213433 0.292304 0.215385 0.035646 0.266624 0.469196 0.635997 0.977983 0.921942 0.470968 0.763155 0.677340 0.632949 0.045155 0.772087 0.753473 0.728774 0.284945 0.724435 0.826661 0.270136 0.069159 0.501481 0.214792 0.062452 0.043063 0.621975 0.777451 0.099150 0.826161 0.515493 0.724100 0.294502 0.411405 0.208662 0.155693 0.388226 0.450797 0.254010 0.074622 0.768002 0.279515 0.521767 0.426456 0.105085 0.407420 0.308775 0.860314 0.305388 0.276075 0.279011 0.445887 0.097598 0.655016 0.055714 0.562332 0.620621 0.704403 0.377398 0.508702 0.315143 0.151119 0.722921 0.137039 0.335992 0.340925 0.513858 0.702336 0.697626 0.555659 0.063930 0.765608 0.859756 0.436333 0.579119 0.567910 0.004849 0.199410 0.310103 0.664374 0.403880 0.721571 0.148801
0.745307 0.462735 0.461123 0.680091 0.448600 0.730473 0.180958 0.125221 0.821480 0.825967 0.948186 0.107637 0.311287 0.789172 0.904784 0.912434 0.767121 0.849144 0.757922 0.247854 0.010370 0.790295 0.395198 0.431833 0.387151 0.574536 0.904756 0.249534 0.175652 0.698690 0.523107 0.185706 0.383427 0.950376 0.070220 0.701028 0.521850 0.051653 0.859352 0.977422 0.776751 0.237490 0.433327 0.180274 0.770179 0.639582 0.856278 0.002060 0.608861 0.945395 0.253494 0.641716 0.732826 0.793522 0.886422 0.980663 0.129816 0.372264 0.206689 0.006435 0.225398 0.412421 0.853113 0.512164 0.120477 0.271551 0.849970 0.883252 0.618153 0.362513 0.843205 0.390979 0.604549 0.285998 0.395519 0.887966 0.397806 0.697994 0.236848 0.656566 0.167921 0.360594 0.918911 0.786992 0.545134 0.262704 0.319241 0.193342 0.661676 0.965628 0.240906 0.622520 0.487593 0.877111 0.172642 0.724708 0.586518 0.203517 0.381288 0.132144 0.770818 0.023234 0.078192 0.617007 0.576843 0.585055 0.638843 0.482048 0.266055 0.509148 0.004547 0.587873 0.675537 0.324599 0.283854 0.874469 0.760471 0.709241 0.884622 0.462204 0.081786 0.815590 0.471522 0.272699 0.616497 0.293658 0.942050 0.353425 0.929899 0.940966 0.894784 0.952998 0.404809 0.075243 0.376589 0.780954 0.684082 0.986255 0.881773 0.283514 0.476593 0.944407 0.800645 0.908084 0.532600 0.013684 0.484449 0.664520 0.867683 0.681529 0.515177 0.437676 0.379625 0.120002 0.737602 0.215700 0.379443 0.963613 0.377933 0.638422 0.210520 0.302984 0.283402 0.350096 0.428203 0.403099 0.823164 0.760324 0.024872 0.994973 0.503675 0.199526 0.602675 0.652474 0.102573 0.647533 0.843171 0.313005 0.254970 0.900414 0.867165 0.602792 0.756052 0.860829 0.858186 0.141368 0.646371 0.512191 0.043142 0.290023 0.927659 0.593851 0.188593 0.300149 0.491634 0.037212 0.543281 0.502856 0.148301 0.225088 0.480692 0.940584 0.849114 0.884857 0.130539 0.856688 0.838660 0.170552 0.397378 0.136637 0.131366 0.302241 0.725722 0.499691 0.979267 0.141473 0.355267 0.417698 0.311095 0.173608 0.902254 0.173361 0.467090 0.826117 0.034413 0.950849 0.679082 0.965228 0.973053 0.298384 0.196390 0.747939 0.164374 0.489057 0.432757 0.204190 0.878646 0.273733 0.132945 0.940259 0.674297 0.412279 0.990263 0.413627 0.831598 0.047076 0.981258 0.821297 0.300895 0.648931 0.064229 0.535809 0.117514 0.707152 0.413098 0.862408 0.098891 0.809348 0.134317 0.995343 0.143478 0.758409 0.547946 0.921651 0.362163 0.575292 0.803152 0.996192 0.270625 0.433704 0.631001 0.009416 0.656440 0.588663 0.672050 0.722596 0.524330 0.261573 0.988406 0.318877 0.779457 0.075186 0.472915 0.320040 0.740238 0.379011 0.794995 0.064585 0.400362 0.379099 0.968157 0.741396 0.802008 0.428905 0.665088 0.411667 0.504368 0.884167 0.517570 0.031823
0.160166 0.788162 0.561187 0.780879 0.493791 0.416975 0.849702 0.356440 0.814198 0.683882 0.313658 0.902882 0.406044 0.812975 0.658236 0.957021 0.585382 0.602483 0.916361 0.578517 0.287232 0.823139 0.948985 0.069914 0.258214 0.841591 0.811939 0.422983 0.995921 0.414536 0.945130 0.261020 0.180059 0.642588 0.854937 0.417072 0.231894 0.697425 0.370912 0.378673 0.214050 0.032172 0.187450 0.449999 0.909632 0.345862 0.733433 0.343992 0.738370 0.351896 0.275366 0.853003 0.112138 0.633827 0.739235 0.020434 0.656137 0.532456 0.696885 0.845597 0.377610 0.444279 0.194021 0.817323 0.847781 0.080015 0.211682 0.929329 0.407230 0.850470 0.924347 0.618110 0.090540 0.280797 0.587271 0.473103 0.405235 0.948615 0.182787 0.351967 0.504648 0.504734 0.892811 0.902348 0.310994 0.517091 0.732777 0.100535 0.487417 0.918850 0.608216 0.218029 0.099352 0.902584 0.155443 0.146873 0.893354 0.347826 0.555624 0.417222 0.773766 0.051557 0.394550 0.779538 0.854314 0.892198 0.049019 0.200989 0.313944 0.795494 0.859070 0.746369 0.702018 0.755421 0.934220 0.708268 0.434831 0.667145 0.319896 0.453046 0.183355 0.980075 0.772162 0.927741 0.342985 0.815393 0.315367 0.668700 0.428771 0.604994 0.343900 0.905594 0.752450 0.780646 0.135492 0.588993 0.380359 0.995476 0.672288 0.202683 0.789155 0.360820 0.035034 0.561097 0.734284 0.614792 0.365168 0.241293 0.540873 0.270023 0.404175 0.661302 0.018590 0.916733 0.348116 0.299293 0.558436 0.533519 0.724238 0.754683 0.069451 0.318410 0.763885 0.403148 0.624214 0.068571 0.675377 0.970433 0.652362 0.340949 0.633542 0.534801 0.627139 0.230207 0.843114 0.438949 0.678178 0.832090 0.766258 0.056518 0.477741 0.613705 0.270203 0.757542 0.033071 0.655490 0.628559 0.052714 0.668757 0.408614 0.552480 0.286054 0.362266 0.040414 0.389258 0.300337 0.821237 0.990055 0.407071 0.518849 0.998418 0.281080 0.393617 0.620614 0.295833 0.453249 0.163618 0.073418 0.023150 0.169878 0.669111 0.837912 0.056006 0.020519 0.854457 0.280182 0.805873 0.699578 0.618727 0.757835 0.651177 0.062551 0.170738 0.299421 0.619388 0.004469 0.185021 0.447247 0.931865 0.867698 0.913437 0.971401 0.760561 0.341185 0.187585 0.830372 0.553335 0.222495 0.433416 0.221270 0.697276 0.314880 0.028953 0.291240 0.573784 0.063901 0.713037 0.205170 0.086571 0.495893 0.454832 0.881889 0.661924 0.357363 0.896818 0.421351 0.684763 0.610058 0.558933 0.115151 0.198352 0.440006 0.202440 0.766444 0.133883 0.567428 0.965202 0.327838 0.747038 0.910535 0.066215 0.915200 0.281360 0.387813 0.654520 0.720678 0.545128 0.714410 0.267216 0.600405 0.751148 0.622401 0.544623 0.450393 0.488465 0.223278 0.509520 0.338901 0.886136 0.146205 0.599648 0.569943 0.239866 0.186295 0.805902 0.279195 0.135412 0.435841 0.693763 0.496827
0.273065 0.731889 0.417599 0.776111 0.466697 0.293551 0.159036 0.846436 0.832532 0.859641 0.452713 0.505555 0.698378 0.242775 0.969521 0.033801 0.708725 0.153581 0.926308 0.665369 0.099742 0.596871 0.980781 0.846639 0.045797 0.088813 0.682974 0.448359 0.499674 0.275772 0.329494 0.123430 0.913504 0.899909 0.747074 0.822664 0.860550 0.435536 0.379824 0.491808 0.504901 0.193843 0.596101 0.711617 0.743824 0.205038 0.961590 0.927351 0.897912 0.166165 0.676551 0.334786 0.532555 0.962280 0.452871 0.249972 0.519067 0.397273 0.282572 0.467027 0.241898 0.840412 0.712239 0.323691 0.931294 0.887595 0.788578 0.897358 0.039273 0.237663 0.410658 0.243984 0.349914 0.311352 0.814511 0.087379 0.153388 0.181140 0.810871 0.445117 0.075058 0.708768 0.153924 0.696580 0.884147 0.806161 0.363885 0.233226 0.365037 0.295169 0.209223 0.704579 0.477943 0.581044 0.663571 0.560365 0.360629 0.101579 0.121490 0.414229 0.725366 0.340460 0.581614 0.729137 0.682869 0.615791 0.357364 0.341758 0.827354 0.034095 0.457929 0.523880 0.849165 0.406263 0.995041 0.328922 0.127726 0.249964 0.186193 0.845181 0.316882 0.235969 0.329666 0.923029 0.082653 0.491689 0.218726 0.610626 0.472872 0.888054 0.526611 0.950861 0.816137 0.865305 0.515269 0.863975 0.976008 0.219457 0.726909 0.476466 0.513659 0.861902 0.170345 0.960820 0.036661 0.861612 0.197326 0.279263 0.330113 0.200054 0.051359 0.269404 0.246203 0.419474 0.538049 0.203349 0.954540 0.736479 0.914635 0.070824 0.786424 0.416678 0.627885 0.535597 0.789092 0.035905 0.993096 0.227303 0.321593 0.222322 0.357273 0.254989 0.046848 0.970572 0.247154 0.934119 0.053551 0.067326 0.355008 0.661183 0.918996 0.403912 0.225206 0.680022 0.915756 0.205660 0.536912 0.016016 0.748290 0.950621 0.134108 0.313030 0.256320 0.549424 0.905053 0.902483 0.862471 0.507809 0.175164 0.898858 0.008803 0.592367 0.245157 0.822523 0.711959 0.091943 0.624839 0.515766 0.582338 0.886839 0.133878 0.064431 0.395758 0.060571 0.874920 0.422800 0.476346 0.190484 0.781592 0.142877 0.333662 0.606207 0.271585 0.749524 0.788622 0.434734 0.446757 0.276789 0.285150 0.802413 0.829947 0.190084 0.579788 0.925986 0.772540 0.151791 0.542073 0.099691 0.238881 0.540311 0.175126 0.632556 0.801090 0.957438 0.006387 0.802217 0.298266 0.737451 0.586959 0.460443 0.150847 0.918605 0.817359 0.905103 0.269807 0.928695 0.112599 0.511892 0.678869 0.925959 0.069535 0.559019 0.345994 0.113747 0.796573 0.659620 0.532584 0.981930 0.530266 0.127924 0.229848 0.763430 0.167966 0.289462 0.366418 0.717587 0.050560 0.915162 0.236854 0.897120 0.002772 0.371258 0.954065 0.987536 0.571572 0.976019 0.652300 0.760999 0.680053 0.986013 0.090915 0.511138 0.700850 0.928531 0.700010 0.376684 0.091435 0.316577 0.576967 0.213435
0.539035 0.590123 0.289221 0.225507 0.835046 0.754705 0.948117 0.142119 0.568919 0.066940 0.392437 0.050573 0.841494 0.992174 0.649832 0.486668 0.086813 0.835296 0.221078 0.088947 0.863692 0.252117 0.354917 0.872309 0.223651 0.218434 0.892898 0.636052 0.659794 0.847919 0.034308 0.064611 0.082250 0.620471 0.914339 0.269470 0.319828 0.847641 0.312427 0.416090 0.781155 0.494345 0.762472 0.224265 0.515752 0.867501 0.087644 0.850217 0.288715 0.775018 0.612117 0.706944 0.221746 0.203131 0.313214 0.051102 0.534119 0.401929 0.337237 0.659845 0.665432 0.191525 0.333518 0.311168 0.319276 0.444812 0.974843 0.099455 0.687810 0.847237 0.525782 0.805571 0.941076 0.858296 0.982116 0.406647 0.059958 0.172612 0.375277 0.381025 0.132750 0.959927 0.517682 0.314653 0.557531 0.456168 0.191068 0.061874 0.641963 0.617938 0.629204 0.387815 0.527956 0.434596 0.086068 0.282849 0.759253 0.672727 0.794019 0.126403 0.904090 0.336642 0.202469 0.504914 0.829848 0.169903 0.999944 0.485923 0.989181 0.580730 0.037582 0.737299 0.075499 0.274138 0.881452 0.512476 0.451899 0.122439 0.872185 0.922343 0.301430 0.800488 0.494212 0.336296 0.060086 0.510669 0.112982 0.705259 0.492739 0.871728 0.836976 0.212948 0.273101 0.119988 0.973634 0.361328 0.995588 0.023748 0.376535 0.773568 0.421288 0.796346 0.470420 0.889645 0.423840 0.561931 0.675204 0.196837 0.248017 0.807107 0.487737 0.408007 0.651633 0.698676 0.109176 0.613587 0.774397 0.513364 0.619036 0.653583 0.845502 0.050435 0.131551 0.865293 0.656801 0.865315 0.914524 0.493261 0.924133 0.849969 0.955305 0.699239 0.198963 0.087173 0.168391 0.735800 0.716875 0.707925 0.302811 0.850160 0.112497 0.221001 0.982819 0.130908 0.347655 0.159711 0.558528 0.682884 0.034428 0.440894 0.183664 0.516246 0.132813 0.873540 0.784480 0.344181 0.868989 0.444405 0.201786 0.866328 0.030306 0.991270 0.523341 0.260513 0.003220 0.736027 0.955283 0.428233 0.580686 0.894588 0.196703 0.890799 0.058704 0.919624 0.872154 0.017670 0.732067 0.541214 0.363314 0.578801 0.824637 0.415972 0.271100 0.151337 0.981758 0.430609 0.229916 0.927594 0.358329 0.151488 0.921157 0.962547 0.178603 0.513235 0.850408 0.217469 0.098069 0.722874 0.379637 0.997858 0.494373 0.572234 0.258854 0.421271 0.604213 0.851207 0.530346 0.025574 0.590525 0.207907 0.775892 0.067609 0.551173 0.404370 0.718321 0.579539 0.855286 0.028408 0.660522 0.083676 0.290589 0.057224 0.787941 0.433347 0.678008 0.261832 0.125973 0.885702 0.653226 0.022003 0.737752 0.693957 0.464631 0.702940 0.834646 0.210537 0.032215 0.763623 0.330160 0.310390 0.709579 0.912090 0.824769 0.421897 0.931643 0.692068 0.474771 0.389946 0.193973 0.163779 0.353736 0.857728 0.733336 0.454460 0.596232 0.481189 0.150141 0.255088 0.834370 0.744433
0.403805 0.576091 0.425630 0.809861 0.289538 0.008223 0.479591 0.929456 0.359643 0.020155 0.035153 0.392873 0.468918 0.827275 0.918791 0.591401 0.277829 0.165681 0.812709 0.351776 0.453769 0.138433 0.805637 0.937924 0.359394 0.480240 0.389128 0.452362 0.035475 0.178662 0.923647 0.467124 0.341935 0.495753 0.360473 0.868295 0.085296 0.357171 0.492640 0.695007 0.584840 0.034364 0.011401 0.133314 0.107881 0.654981 0.223097 0.875925 0.939802 0.369395 0.583198 0.484252 0.283729 0.463775 0.667272 0.886854 0.156501 0.495673 0.363101 0.820822 0.263058 0.358745 0.150878 0.967420 0.878163 0.554184 0.417176 0.630797 0.370311 0.662851 0.344168 0.409610 0.338669 0.080831 0.951357 0.538368 0.326075 0.756126 0.329462 0.180202 0.665349 0.487555 0.612027 0.166437 0.549196 0.251817 0.531154 0.078929 0.027436 0.123909 0.338412 0.541065 0.330130 0.339796 0.635851 0.348101 0.596621 0.257433 0.064547 0.055381 0.106791 0.916386 0.021879 0.844992 0.615180 0.785978 0.803975 0.270078 0.935484 0.781707 0.536368 0.985147 0.468212 0.063280 0.802755 0.807663 0.173351 0.696877 0.269189 0.058042 0.924935 0.931466 0.472337 0.859893 0.287515 0.109311 0.430468 0.949176 0.327978 0.136518 0.701471 0.505340 0.337660 0.851285 0.071613 0.132402 0.352711 0.822336 0.223016 0.478368 0.814619 0.552230 0.427093 0.863399 0.784997 0.319639 0.736061 0.364436 0.300882 0.725222 0.356673 0.421922 0.901730 0.403380 0.461721 0.437727 0.581698 0.420802 0.802130 0.285329 0.541725 0.747260 0.170543 0.729742 0.564937 0.536176 0.318122 0.607566 0.527635 0.784314 0.237280 0.532908 0.676591 0.254028 0.638868 0.319654 0.176091 0.143789 0.491743 0.054413 0.168540 0.595457 0.536157 0.815465 0.578467 0.746794 0.840848 0.045600 0.149845 0.121308 0.319969 0.642797 0.160738 0.252763 0.767454 0.611874 0.976273 0.831349 0.046602 0.218674 0.657781 0.015713 0.850798 0.041122 0.196369 0.050011 0.227777 0.230629 0.194775 0.057613 0.504684 0.756944 0.998713 0.043715 0.585851 0.721151 0.023403 0.190629 0.769529 0.220542 0.401731 0.208712 0.533984 0.818872 0.973419 0.181918 0.329662 0.464866 0.693338 0.033108 0.828663 0.058546 0.267698 0.776026 0.071004 0.984953 0.967515 0.501592 0.837914 0.694478 0.636099 0.280994 0.562252 0.189907 0.882708 0.508385 0.484812 0.757946 0.244579 0.861513 0.724783 0.714683 0.414885 0.307303 0.309652 0.205258 0.969943 0.155977 0.177075 0.329190 0.197081 0.029369 0.529124 0.744054 0.240986 0.986192 0.945615 0.666098 0.561046 0.972592 0.574681 0.449745 0.059212 0.971375 0.164796 0.993330 0.147760 0.047163 0.822657 0.587850 0.796137 0.906220 0.609591 0.876606 0.310234 0.980370 0.203786 0.659858 0.444734 0.246790 0.426850 0.589458 0.577047 0.682613 0.284799 0.082685 0.403466 0.436894 0.203473 0.121684
0.188229 0.762661 0.376343 0.503387 0.888432 0.649536 0.775468 0.324830 0.242795 0.078844 0.139795 0.613894 0.168420 0.742884 0.326638 0.209842 0.182630 0.588153 0.398931 0.212612 0.828895 0.484195 0.444169 0.591835 0.665399 0.259399 0.128079 0.464974 0.055072 0.740678 0.732144 0.237761 0.755076 0.049333 0.330789 0.661590 0.047379 0.810970 0.556706 0.633727 0.204511 0.862777 0.518035 0.067194 0.904882 0.782693 0.712597 0.581600 0.274726 0.054168 0.601073 0.215299 0.317052 0.838949 0.138478 0.850586 0.043199 0.648953 0.678849 0.986420 0.046005 0.097387 0.442653 0.803878 0.585786 0.999781 0.304253 0.195990 0.442902 0.699228 0.762040 0.074275 0.874620 0.885163 0.723924 0.429024 0.434507 0.491898 0.042005 0.806721 0.505847 0.986376 0.175046 0.035751 0.226263 0.048107 0.767010 0.093941 0.897597 0.133868 0.153349 0.594546 0.791201 0.643854 0.193787 0.687283 0.789709 0.209246 0.158185 0.844003 0.787350 0.579048 0.495925 0.778595 0.811608 0.070721 0.912781 0.310241 0.536553 0.199369 0.693560 0.995478 0.616313 0.196759 0.092373 0.457007 0.686449 0.178140 0.868480 0.435736 0.828283 0.734865 0.871520 0.234725 0.952058 0.136839 0.718781 0.694328 0.731198 0.086019 0.979825 0.623205 0.586240 0.989866 0.548638 0.325564 0.996470 0.706736 0.440046 0.447436 0.095126 0.368313 0.897219 0.069247 0.144251 0.772513 0.239081 0.911668 0.459129 0.289799 0.090612 0.361026 0.439011 0.646596 0.854644 0.460728 0.642190 0.987469 0.311361 0.876867 0.784487 0.255786 0.024283 0.145298 0.525419 0.531751 0.915053 0.213428 0.261337 0.813662 0.535472 0.992598 0.420345 0.630296 0.208430 0.136688 0.490116 0.283703 0.301916 0.401991 0.886035 0.880661 0.087334 0.822155 0.288504 0.608597 0.185413 0.279826 0.107738 0.866462 0.283442 0.152781 0.533678 0.402433 0.420282 0.494126 0.959182 0.301088 0.365936 0.487180 0.402566 0.525473 0.602161 0.474788 0.339354 0.424738 0.747358 0.633074 0.914390 0.305869 0.883745 0.740244 0.168502 0.191883 0.548963 0.323267 0.859406 0.962305 0.392786 0.562910 0.423011 0.505434 0.430965 0.566643 0.147299 0.820282 0.218975 0.012357 0.460179 0.626472 0.482803 0.961193 0.454527 0.633584 0.672115 0.835402 0.459357 0.816415 0.349716 0.442793 0.832884 0.318325 0.810198 0.490380 0.416306 0.568020 0.622777 0.319886 0.393824 0.572335 0.540182 0.848900 0.198637 0.901277 0.371196 0.557280 0.273612 0.074488 0.419613 0.110784 0.747393 0.554909 0.097668 0.802218 0.158027 0.770982 0.296731 0.937207 0.778553 0.545113 0.338217 0.091358 0.013541 0.680152 0.170869 0.486951 0.368711 0.480563 0.089244 0.425703 0.265286 0.803582 0.571285 0.865393 0.214030 0.755217 0.177537 0.239551 0.482585 0.784523 0.079147 0.523165 0.497317 0.416771 0.008708 0.520363 0.928720 0.345260 0.359463 0.442672
0.177850 0.550541 0.361164 0.983426 0.311417 0.852667 0.312563 0.700812 0.071973 0.790502 0.335038 0.224915 0.524736 0.875394 0.355538 0.813291 0.572186 0.665378 0.236975 0.527483 0.424497 0.996323 0.960775 0.338505 0.538191 0.914688 0.682065 0.512680 0.522914 0.491328 0.856358 0.298886 0.225710 0.406251 0.678620 0.073065 0.555473 0.872155 0.363639 0.440249 0.280309 0.315597 0.775644 0.053465 0.983626 0.976887 0.186861 0.340563 0.081604 0.562943 0.630185 0.148859 0.172009 0.833184 0.084199 0.716199 0.202582 0.897162 0.234606 0.025331 0.680247 0.704391 0.926233 0.669776 0.942583 0.751483 0.485429 0.399909 0.941563 0.595972 0.184419 0.710284 0.542326 0.015365 0.771057 0.049163 0.349779 0.825297 0.791759 0.182298 0.573570 0.526850 0.968032 0.566024 0.156793 0.949685 0.233766 0.686210 0.126463 0.575258 0.967451 0.121475 0.416303 0.861399 0.564844 0.986605 0.015310 0.570648 0.615145 0.662445 0.606111 0.927795 0.855323 0.481506 0.355268 0.646944 0.936684 0.430710 0.878776 0.445609 0.679424 0.487576 0.641483 0.706139 0.972066 0.830616 0.031561 0.384017 0.932331 0.171253 0.274007 0.285543 0.018743 0.549226 0.479211 0.036317 0.893755 0.774112 0.842774 0.970223 0.265522 0.212008 0.934389 0.969216 0.718274 0.538225 0.731987 0.445680 0.224150 0.380887 0.959646 0.679877 0.723629 0.364517 0.785098 0.713790 0.233598 0.192139 0.304625 0.583422 0.661200 0.185275 0.792834 0.101371 0.837591 0.003493 0.946939 0.454593 0.245107 0.611920 0.786357 0.800576 0.552658 0.616373 0.751541 0.563630 0.006288 0.573545 0.687901 0.088923 0.524327 0.803602 0.406027 0.169607 0.247285 0.797239 0.045624 0.445011 0.533241 0.019506 0.794196 0.321624 0.360005 0.983750 0.934475 0.313629 0.779246 0.385475 0.659327 0.163654 0.667860 0.630376 0.541241 0.049401 0.667045 0.190819 0.473775 0.572381 0.185354 0.865579 0.661765 0.429370 0.166536 0.414872 0.772734 0.820258 0.086542 0.731833 0.202108 0.526154 0.327942 0.630338 0.297521 0.898189 0.387183 0.739030 0.493005 0.632852 0.790452 0.099632 0.628531 0.264602 0.776008 0.710576 0.359990 0.510534 0.148763 0.048814 0.365618 0.806774 0.120497 0.044946 0.149211 0.026478 0.862616 0.205841 0.894683 0.199327 0.850673 0.483491 0.175758 0.692162 0.526067 0.768584 0.842608 0.636508 0.585585 0.563716 0.152942 0.672588 0.126886 0.305538 0.928826 0.936850 0.727687 0.198134 0.234056 0.777377 0.887448 0.537873 0.077084 0.746840 0.010763 0.213266 0.998701 0.306581 0.477356 0.735500 0.068098 0.859839 0.888057 0.229480 0.435364 0.739481 0.341570 0.403764 0.895910 0.214741 0.367533 0.317426 0.835342 0.050036 0.581008 0.012936 0.303084 0.922537 0.655780 0.131837 0.572947 0.858903 0.720221 0.549575 0.488312 0.838203 0.478087 0.463555 0.104156 0.279248 0.688005 0.286668
0.608790 0.290800 0.844224 0.575548 0.796076 0.777972 0.352808 0.288731 0.539480 0.482313 0.857638 0.817405 0.211935 0.039087 0.945191 0.574492 0.542606 0.500227 0.815140 0.902756 0.073278 0.762327 0.157608 0.909298 0.885587 0.562139 0.319459 0.986596 0.372015 0.493516 0.010585 0.580954 0.724347 0.795848 0.228029 0.117950 0.332642 0.081447 0.397297 0.680152 0.469191 0.535211 0.992244 0.364580 0.908891 0.554154 0.586460 0.793522 0.890631 0.010669 0.987323 0.514510 0.974025 0.112430 0.467731 0.579243 0.618741 0.611532 0.509276 0.685339 0.495049 0.603505 0.203218 0.784668 0.226600 0.426759 0.196380 0.665553 0.512575 0.569163 0.972959 0.783606 0.108611 0.067847 0.879910 0.601338 0.952634 0.168355 0.231636 0.669375 0.941181 0.019798 0.626848 0.302035 0.009390 0.282248 0.160748 0.287767 0.659870 0.025417 0.443094 0.989777 0.588164 0.923877 0.809279 0.372303 0.895912 0.428580 0.906848 0.740012 0.671730 0.427913 0.257837 0.217076 0.331817 0.842458 0.772335 0.388107 0.910765 0.810067 0.211629 0.347864 0.236947 0.429595 0.252978 0.735015 0.764266 0.369266 0.843818 0.337339 0.953796 0.460631 0.203900 0.970358 0.467504 0.415596 0.721585 0.721833 0.610548 0.056426 0.398169 0.207961 0.630905 0.550826 0.040240 0.653577 0.845530 0.826016 0.580579 0.656611 0.450633 0.698061 0.017841 0.797748 0.559812 0.714598 0.763388 0.498048 0.308526 0.440794 0.043506 0.418396 0.669611 0.205214 0.571838 0.921170 0.533155 0.160068 0.199208 0.999491 0.535847 0.668533 0.696863 0.361798 0.661541 0.943469 0.230028 0.447728 0.295104 0.074610 0.750324 0.872347 0.607119 0.208570 0.938151 0.431690 0.940173 0.570649 0.978062 0.131562 0.857475 0.574523 0.344233 0.400227 0.028481 0.450729 0.628293 0.628903 0.790368 0.779159 0.364713 0.142900 0.957236 0.430598 0.001186 0.587323 0.620135 0.361301 0.831370 0.349339 0.980520 0.439451 0.456752 0.945917 0.409073 0.645168 0.093363 0.711850 0.284734 0.316514 0.110297 0.403540 0.076529 0.764283 0.578118 0.502463 0.759802 0.254954 0.318346 0.740126 0.343052 0.387514 0.231998 0.690921 0.399835 0.711998 0.780496 0.535508 0.328072 0.878894 0.815013 0.275971 0.505504 0.747714 0.262709 0.282930 0.862799 0.216129 0.933544 0.548206 0.975911 0.747478 0.231086 0.530791 0.012925 0.012142 0.463664 0.071672 0.570384 0.277710 0.001893 0.956731 0.628923 0.309741 0.777320 0.668182 0.465701 0.777438 0.704091 0.275893 0.197883 0.225811 0.723273 0.170745 0.310739 0.198211 0.766877 0.837395 0.278799 0.841117 0.694515 0.948803 0.785007 0.385911 0.378873 0.048902 0.121501 0.233115 0.089762 0.740664 0.592760 0.591396 0.097631 0.952699 0.391600 0.574494 0.665936 0.791119 0.260004 0.223479 0.028648 0.500337 0.993355 0.415381 0.525260 0.194243 0.723002 0.142378 0.485061 0.268327
0.470004 0.262784 0.566318 0.434757 0.498367 0.620817 0.445966 0.630944 0.761191 0.455771 0.358936 0.816172 0.708913 0.841778 0.859553 0.861610 0.025872 0.736718 0.843135 0.744484 0.201515 0.695191 0.849380 0.039818 0.312717 0.168997 0.205977 0.005541 0.845734 0.123957 0.802734 0.484971 0.947403 0.981586 0.100064 0.880642 0.682971 0.142639 0.159408 0.619642 0.495609 0.750368 0.872245 0.040568 0.262377 0.317410 0.530697 0.605279 0.524208 0.107837 0.338203 0.734861 0.549231 0.948259 0.819190 0.904041 0.021361 0.086680 0.954999 0.318080 0.329054 0.847249 0.330265 0.111810 0.279683 0.922706 0.622983 0.844989 0.154791 0.749505 0.122055 0.637121 0.980383 0.943200 0.007822 0.244216 0.462279 0.204539 0.404752 0.961578 0.403271 0.274304 0.922688 0.478532 0.148298 0.807425 0.480195 0.868573 0.033766 0.373290 0.736983 0.467659 0.930928 0.603949 0.916874 0.151795 0.079958 0.733022 0.818112 0.867813 0.422346 0.966378 0.904825 0.191031 0.325639 0.181111 0.698274 0.586144 0.140860 0.213648 0.128926 0.656328 0.602830 0.952651 0.926961 0.417111 0.853226 0.121952 0.511912 0.995559 0.768603 0.726995 0.135466 0.940222 0.965319 0.625907 0.824864 0.333928 0.031715 0.764643 0.109023 0.293489 0.321103 0.460881 0.793243 0.042744 0.874116 0.095306 0.696506 0.707498 0.112844 0.574337 0.914267 0.626009 0.951891 0.618331 0.095121 0.318014 0.878746 0.736623 0.813231 0.562243 0.514083 0.719125 0.170607 0.940470 0.786993 0.056278 0.806994 0.369823 0.969221 0.082791 0.508901 0.776542 0.428080 0.961756 0.847426 0.572786 0.293117 0.817479 0.599746 0.499767 0.223854 0.198828 0.812457 0.221544 0.469239 0.171124 0.946940 0.175366 0.542847 0.177548 0.622144 0.228189 0.358330 0.441334 0.706282 0.476472 0.462849 0.955073 0.352978 0.777870 0.600104 0.326068 0.196598 0.293454 0.292909 0.590298 0.225490 0.961929 0.268907 0.137147 0.588268 0.147951 0.863284 0.811585 0.951060 0.540773 0.771048 0.009803 0.454844 0.016612 0.144264 0.123280 0.831134 0.895530 0.911906 0.995045 0.719617 0.466536 0.193547 0.416265 0.464344 0.938273 0.124381 0.806035 0.125051 0.645035 0.634921 0.511968 0.980918 0.139506 0.121199 0.374467 0.292661 0.888102 0.168969 0.345638 0.065664 0.771216 0.819399 0.098820 0.768767 0.295328 0.195057 0.575969 0.541065 0.121623 0.329088 0.777775 0.548319 0.851980 0.291663 0.819770 0.505977 0.574301 0.499989 0.310971 0.135260 0.680773 0.467003 0.627087 0.773540 0.621123 0.380803 0.942777 0.568233 0.036341 0.247046 0.945637 0.523395 0.977273 0.245662 0.587113 0.058545 0.963895 0.085296 0.105364 0.207448 0.958374 0.808023 0.669426 0.121969 0.577051 0.547775 0.214758 0.835224 0.497388 0.806810 0.337161 0.688234 0.443342 0.085950 0.330064 0.409791 0.118291 0.315858 0.226808 0.966507 0.753723
0.019217 0.492581 0.771263 0.201480 0.121661 0.201155 0.882919 0.523399 0.694384 0.661199 0.779429 0.406207 0.527863 0.544799 0.601402 0.346596 0.821095 0.578252 0.466454 0.684363 0.586000 0.730051 0.113846 0.154223 0.217682 0.488620 0.076933 0.603388 0.056571 0.445855 0.606339 0.578936 0.328002 0.482680 0.542413 0.494349 0.516464 0.897868 0.147927 0.732266 0.389738 0.675835 0.690181 0.804283 0.494413 0.392439 0.888017 0.356651 0.516693 0.566557 0.702809 0.579028 0.399522 0.305062 0.300878 0.592754 0.352629 0.988621 0.458897 0.250881 0.326488 0.165222 0.808321 0.047257 0.141572 0.647843 0.687017 0.612266 0.625073 0.558115 0.443539 0.384048 0.194684 0.045412 0.682117 0.152057 0.536378 0.195573 0.138108 0.453994 0.321906 0.830409 0.189816 0.628818 0.180727 0.397813 0.294545 0.256609 0.728915 0.695265 0.728051 0.315981 0.890386 0.839718 0.989102 0.533420 0.608700 0.882397 0.486578 0.035423 0.010027 0.668650 0.623603 0.823315 0.274668 0.763992 0.290737 0.697950 0.198834 0.546367 0.438818 0.485976 0.933195 0.550431 0.357515 0.223338 0.904017 0.715368 0.274544 0.796280 0.313586 0.149053 0.189260 0.073983 0.578163 0.799193 0.515040 0.910371 0.800399 0.580491 0.781858 0.184035 0.797957 0.365173 0.879535 0.415255 0.975719 0.443232 0.248540 0.392114 0.719833 0.936412 0.641720 0.860547 0.233632 0.893950 0.229576 0.635546 0.666637 0.883543 0.097057 0.609264 0.330628 0.690258 0.467272 0.517374 0.362946 0.975889 0.138791 0.442668 0.942518 0.187221 0.528882 0.434436 0.450141 0.018640 0.280892 0.092878 0.292282 0.520999 0.474691 0.271217 0.455111 0.691658 0.456089 0.179501 0.056102 0.899464 0.874149 0.014086 0.803978 0.607014 0.070750 0.980896 0.143929 0.233125 0.264449 0.380643 0.114878 0.324575 0.550238 0.955438 0.291150 0.939876 0.783231 0.863221 0.752170 0.293936 0.357416 0.018305 0.526441 0.605513 0.737802 0.830339 0.135931 0.464222 0.642668 0.697780 0.461313 0.463836 0.038532 0.977792 0.519794 0.352274 0.462861 0.915455 0.913879 0.044438 0.380662 0.624385 0.526339 0.933243 0.064717 0.322419 0.085266 0.578088 0.334018 0.196155 0.040664 0.158787 0.466989 0.720330 0.667517 0.483319 0.752551 0.083073 0.924982 0.224559 0.228218 0.007361 0.042946 0.858206 0.450022 0.577997 0.721208 0.629820 0.959945 0.523819 0.391639 0.281032 0.438788 0.936628 0.227104 0.934800 0.759970 0.671351 0.588667 0.415819 0.217240 0.776688 0.324119 0.313741 0.776330 0.909647 0.515241 0.165487 0.731369 0.188720 0.769938 0.859940 0.225337 0.497947 0.133738 0.191783 0.257014 0.045638 0.689603 0.346052 0.522546 0.716648 0.302008 0.027002 0.631260 0.626966 0.832797 0.569963 0.671635 0.790672 0.906537 0.386025 0.373042 0.589328 0.876225 0.885490 0.739877 0.701681 0.740116 0.516363 0.786722 0.051932
0.308054 0.843404 0.819661 0.590458 0.477546 0.725211 0.065607 0.124031 0.991381 0.255919 0.951562 0.653209 0.576364 0.579468 0.865950 0.386524 0.301651 0.123667 0.001730 0.607836 0.063218 0.607981 0.725277 0.228102 0.851981 0.091835 0.036297 0.357709 0.916127 0.775884 0.286678 0.503322 0.544878 0.060547 0.317131 0.510612 0.280944 0.557184 0.247703 0.132231 0.691481 0.734006 0.124903 0.205034 0.913591 0.927594 0.932078 0.012397 0.625822 0.439506 0.881751 0.735305 0.533586 0.486396 0.308871 0.499909 0.902474 0.592205 0.834308 0.752646 0.688423 0.600336 0.786625 0.091469 0.889135 0.117754 0.327326 0.238900 0.618925 0.337021 0.638526 0.128285 0.699653 0.172607 0.233217 0.407330 0.573655 0.387433 0.101662 0.035422 0.618227 0.217957 0.352252 0.357603 0.094552 0.647486 0.505840 0.633915 0.068447 0.914398 0.999493 0.642117 0.469401 0.391720 0.140423 0.841229 0.420019 0.597826 0.043996 0.273748 0.757065 0.649700 0.840128 0.405079 0.487732 0.190083 0.509467 0.314365 0.753307 0.353838 0.374289 0.248675 0.436656 0.876059 0.012914 0.904027 0.808662 0.571082 0.424307 0.024850 0.917292 0.745746 0.223069 0.486972 0.351301 0.006596 0.926853 0.706686 0.885840 0.859624 0.221365 0.811215 0.497860 0.328450 0.078976 0.847366 0.246076 0.159353 0.924548 0.320634 0.562191 0.328455 0.645377 0.758917 0.711562 0.816904 0.672477 0.969618 0.061496 0.795433 0.885334 0.991879 0.656051 0.418257 0.454852 0.156953 0.340541 0.942101 0.717709 0.710889 0.364737 0.112394 0.719743 0.047854 0.530940 0.824754 0.028174 0.732454 0.259345 0.721194 0.510710 0.666963 0.461080 0.685655 0.361409 0.381872 0.309918 0.415307 0.235643 0.450992 0.618233 0.097478 0.746910 0.461147 0.651433 0.531767 0.555245 0.907611 0.698811 0.974795 0.283044 0.682517 0.373384 0.566992 0.974205 0.517213 0.629426 0.511662 0.893346 0.539053 0.167875 0.481030 0.775913 0.700692 0.249195 0.929611 0.370513 0.562277 0.530150 0.007444 0.869729 0.672831 0.484593 0.710677 0.196617 0.584069 0.113794 0.039107 0.375438 0.688443 0.867665 0.997482 0.353749 0.232720 0.869443 0.536245 0.110793 0.537082 0.540802 0.957641 0.231264 0.937757 0.497300 0.721839 0.460242 0.336000 0.934917 0.403315 0.780005 0.154694 0.699351 0.297133 0.962463 0.553806 0.071387 0.913359 0.388956 0.146524 0.019963 0.265195 0.168439 0.521971 0.863221 0.244388 0.605183 0.082304 0.619126 0.107636 0.926224 0.093924 0.154746 0.825344 0.190702 0.884373 0.590130 0.482040 0.633641 0.415166 0.167717 0.702671 0.070071 0.517540 0.016750 0.113139 0.005915 0.349778 0.551698 0.878408 0.217007 0.924405 0.546398 0.126285 0.669139 0.517876 0.030279 0.625372 0.240481 0.099063 0.192876 0.904683 0.017143 0.183021 0.003090 0.490206 0.644654 0.079476 0.692457 0.143485 0.203307 0.013533
0.230674 0.235358 0.932447 0.396824 0.003852 0.438879 0.871963 0.318292 0.486906 0.983049 0.051613 0.341370 0.286866 0.358251 0.122131 0.659655 0.646141 0.561165 0.375666 0.316310 0.651649 0.466511 0.372728 0.777818 0.805972 0.308744 0.578673 0.153054 0.523945 0.173248 0.899745 0.665092 0.924354 0.367454 0.972417 0.828948 0.114728 0.473005 0.720947 0.161341 0.315985 0.493758 0.846775 0.867771 0.110247 0.459480 0.492982 0.710364 0.735209 0.011927 0.038586 0.080419 0.178688 0.796083 0.205192 0.491577 0.412241 0.329513 0.679176 0.554986 0.744942 0.376518 0.795843 0.039682 0.235149 0.885431 0.439784 0.787471 0.599391 0.784125 0.329159 0.961544 0.241589 0.913348 0.041879 0.138014 0.678250 0.658554 0.569713 0.277786 0.233018 0.959482 0.141849 0.772609 0.101196 0.686234 0.935601 0.833443 0.384370 0.001137 0.810269 0.925419 0.174119 0.672686 0.680586 0.722811 0.617762 0.012449 0.319166 0.345010 0.086998 0.758479 0.517555 0.561484 0.435045 0.563927 0.632905 0.841386 0.904777 0.911389 0.391677 0.019873 0.883843 0.816921 0.890852 0.038681 0.044464 0.487799 0.176701 0.703248 0.443167 0.754890 0.741468 0.791447 0.094483 0.741864 0.130872 0.664000 0.838712 0.806893 0.855655 0.875230 0.974447 0.822099 0.766549 0.610703 0.461152 0.819665 0.394958 0.281722 0.326924 0.866258 0.676148 0.046501 0.016845 0.729382 0.968619 0.906995 0.920273 0.571076 0.820235 0.834167 0.267424 0.067612 0.431171 0.838897 0.206659 0.141486 0.452808 0.713543 0.373434 0.169353 0.583364 0.765567 0.809936 0.734083 0.554776 0.580013 0.829001 0.317312 0.882003 0.677776 0.080955 0.402673 0.499912 0.591663 0.906850 0.134064 0.495718 0.566579 0.542590 0.520740 0.723477 0.510998 0.761319 0.299248 0.034129 0.345660 0.823408 0.602067 0.660991 0.919497 0.077584 0.955625 0.963183 0.772651 0.031055 0.283088 0.493599 0.938144 0.848236 0.088984 0.095720 0.253025 0.054327 0.051188 0.018746 0.040960 0.109674 0.171997 0.072816 0.599391 0.510603 0.107272 0.301964 0.456615 0.893596 0.442052 0.579815 0.904014 0.152904 0.332071 0.301967 0.562458 0.914195 0.283238 0.565762 0.027977 0.232876 0.419556 0.312641 0.058080 0.159151 0.579260 0.506490 0.985507 0.547493 0.996123 0.896812 0.815358 0.755562 0.377447 0.899465 0.682883 0.272186 0.066581 0.592053 0.951963 0.452149 0.679221 0.716512 0.214001 0.818908 0.597192 0.099261 0.834277 0.928374 0.552809 0.962734 0.503545 0.655223 0.290653 0.976221 0.134018 0.053702 0.438186 0.664073 0.198205 0.921794 0.610598 0.264976 0.655659 0.141809 0.755365 0.264858 0.958832 0.528630 0.176000 0.421690 0.541281 0.861619 0.374148 0.534065 0.202427 0.808626 0.475074 0.841601 0.916888 0.761121 0.036629 0.853412 0.543446 0.964470 0.204256 0.994288 0.002394 0.917195 0.809822 0.127659 0.263556
0.490615 0.050071 0.826341 0.794026 0.961080 0.245023 0.109361 0.380678 0.180007 0.751184 0.392259 0.587557 0.016251 0.916079 0.133246 0.312925 0.300421 0.792281 0.782666 0.540602 0.576799 0.558049 0.204415 0.538205 0.200206 0.222900 0.850017 0.195621 0.560711 0.210905 0.283676 0.621320 0.623084 0.898383 0.805277 0.565900 0.309824 0.310384 0.797300 0.962022 0.251468 0.771670 0.686222 0.667974 0.141080 0.849840 0.758197 0.935257 0.474966 0.706634 0.344182 0.546123 0.145469 0.657174 0.176664 0.663716 0.881475 0.464180 0.435466 0.452347 0.233560 0.414512 0.346261 0.430187 0.356393 0.528586 0.794149 0.361211 0.804458 0.207448 0.209295 0.622649 0.263648 0.379987 0.197652 0.206732 0.543848 0.067151 0.969813 0.947470 0.200709 0.005640 0.538992 0.730504 0.566730 0.095516 0.645075 0.769785 0.396553 0.323067 0.039332 0.339583 0.858469 0.091407 0.647571 0.286420 0.786442 0.997115 0.694456 0.968686 0.060961 0.266229 0.512012 0.123679 0.053189 0.528111 0.305971 0.647779 0.855616 0.174736 0.085633 0.295709 0.965684 0.071554 0.482472 0.500328 0.620559 0.335375 0.111533 0.553645 0.698896 0.577953 0.406636 0.820777 0.781150 0.573800 0.988300 0.930615 0.405608 0.990729 0.120471 0.404686 0.414954 0.110258 0.645912 0.983024 0.051620 0.866497 0.084374 0.688749 0.035918 0.479752 0.356328 0.487365 0.622680 0.039588 0.864826 0.937656 0.012749 0.964417 0.635735 0.840869 0.999518 0.194026 0.331269 0.235962 0.937026 0.432377 0.096931 0.667103 0.456430 0.404746 0.502798 0.881291 0.500375 0.140218 0.175895 0.147262 0.175129 0.013657 0.193130 0.847009 0.075763 0.577699 0.799567 0.238791 0.804060 0.160808 0.706369 0.301552 0.907614 0.583107 0.427108 0.412664 0.307358 0.791274 0.788948 0.524697 0.040648 0.612944 0.678828 0.091404 0.547997 0.144923 0.544345 0.937220 0.678759 0.950017 0.146556 0.129934 0.701245 0.795442 0.161027 0.475786 0.729137 0.800486 0.838810 0.874623 0.778808 0.887355 0.196809 0.288474 0.536375 0.795022 0.557289 0.183276 0.933753 0.255291 0.674206 0.686047 0.532650 0.802192 0.602139 0.659126 0.824989 0.227428 0.913040 0.490920 0.978664 0.102945 0.215580 0.819042 0.612718 0.322497 0.457148 0.181178 0.010091 0.382598 0.366457 0.763787 0.363833 0.088494 0.551060 0.754250 0.261142 0.341517 0.154814 0.526455 0.805597 0.471878 0.838827 0.131026 0.666274 0.179411 0.279339 0.995517 0.742465 0.598244 0.146419 0.418742 0.870584 0.833839 0.679593 0.928799 0.786526 0.437096 0.612649 0.085593 0.151233 0.466519 0.121500 0.010011 0.448667 0.317504 0.235584 0.997473 0.129765 0.007559 0.980683 0.518342 0.187697 0.185788 0.740464 0.499743 0.138486 0.818267 0.389123 0.004868 0.379318 0.878123 0.897046 0.080946 0.247389 0.283256 0.177607 0.719483 0.431354 0.167124 0.831009 0.996129
0.064213 0.556035 0.604515 0.112200 0.820552 0.544297 0.548260 0.546860 0.651410 0.892905 0.179900 0.641762 0.318716 0.141699 0.776879 0.938720 0.554083 0.873632 0.583506 0.233289 0.343962 0.706304 0.520622 0.291557 0.661621 0.986534 0.562525 0.695993 0.837364 0.701962 0.030076 0.556353 0.940999 0.193511 0.982007 0.247253 0.405870 0.849479 0.817359 0.659620 0.399721 0.175589 0.611008 0.395387 0.852818 0.507276 0.224443 0.910916 0.603730 0.813699 0.161076 0.140035 0.700096 0.254947 0.679354 0.189056 0.627326 0.063465 0.007666 0.855723 0.732648 0.925219 0.263754 0.832620 0.234420 0.520346 0.188365 0.581589 0.478714 0.445146 0.632516 0.185858 0.765571 0.218718 0.099985 0.918013 0.605381 0.120409 0.222671 0.535569 0.928641 0.068715 0.309738 0.962595 0.889105 0.707692 0.443165 0.284942 0.995586 0.168754 0.197511 0.472359 0.927626 0.417665 0.380494 0.430203 0.068458 0.246240 0.788099 0.688808 0.733508 0.481743 0.632320 0.347735 0.178178 0.412582 0.389195 0.154975 0.367300 0.011556 0.655641 0.122897 0.680941 0.966887 0.990019 0.654435 0.492639 0.118918 0.917145 0.748188 0.405580 0.686833 0.296138 0.559809 0.416200 0.697508 0.231276 0.492221 0.628234 0.032815 0.404131 0.682109 0.018183 0.780365 0.762094 0.498370 0.844567 0.128875 0.595977 0.073705 0.132449 0.797737 0.601865 0.817904 0.810287 0.579528 0.120792 0.909632 0.625745 0.615585 0.579396 0.985925 0.977370 0.014763 0.609631 0.010320 0.276418 0.792533 0.960497 0.095451 0.686931 0.743346 0.379316 0.784183 0.067820 0.044146 0.463102 0.315236 0.717663 0.319098 0.982372 0.587080 0.340961 0.883376 0.382485 0.774534 0.556176 0.216812 0.055468 0.032424 0.746477 0.416551 0.679788 0.288342 0.502139 0.606493 0.157111 0.890662 0.643575 0.014826 0.135137 0.073467 0.993849 0.843746 0.362387 0.231646 0.817738 0.294641 0.766489 0.798126 0.911744 0.680914 0.125680 0.514427 0.847625 0.924656 0.119721 0.312635 0.594948 0.500801 0.626233 0.536820 0.668018 0.531675 0.901562 0.291612 0.813825 0.700516 0.037662 0.512255 0.156105 0.636709 0.193146 0.902723 0.826606 0.458464 0.360464 0.458318 0.112706 0.578908 0.222967 0.320465 0.292001 0.640858 0.525474 0.507476 0.176007 0.820154 0.706819 0.636355 0.759575 0.182500 0.482652 0.774286 0.142438 0.424674 0.438584 0.005426 0.712742 0.480404 0.287249 0.367819 0.867107 0.279315 0.033560 0.819530 0.819169 0.981120 0.487568 0.830725 0.957363 0.372360 0.865331 0.869590 0.039082 0.475900 0.273296 0.066209 0.555554 0.677775 0.329829 0.029063 0.502076 0.759081 0.787196 0.591667 0.066555 0.149153 0.405625 0.184332 0.370526 0.001644 0.189978 0.283587 0.280590 0.467953 0.355573 0.531076 0.161364 0.719753 0.215604 0.886405 0.212189 0.747217 0.992906 0.117983 0.671459 0.960102 0.883582 0.757597
0.284011 0.422415 0.638510 0.713478 0.544759 0.726096 0.106058 0.858848 0.811843 0.383673 0.317165 0.500351 0.415945 0.973249 0.098109 0.549038 0.717077 0.788076 0.843747 0.939215 0.498187 0.626880 0.947134 0.450104 0.601761 0.009275 0.126230 0.672722 0.833812 0.547485 0.365710 0.591721 0.491097 0.520400 0.948831 0.176789 0.665949 0.896047 0.577281 0.406686 0.191898 0.785029 0.571890 0.817568 0.280952 0.971038 0.038276 0.689465 0.580328 0.195672 0.157030 0.180903 0.867394 0.401479 0.789112 0.577567 0.610808 0.018503 0.091846 0.072870 0.444532 0.483953 0.554383 0.386458 0.421885 0.066857 0.370397 0.603217 0.802531 0.309424 0.026142 0.925765 0.065948 0.824658 0.434853 0.847646 0.241752 0.864695 0.472948 0.240319 0.003201 0.109883 0.297566 0.434664 0.418344 0.181510 0.299760 0.262743 0.179704 0.432839 0.954990 0.856654 0.049216 0.363821 0.677797 0.847767 0.498857 0.831955 0.043171 0.788040 0.217314 0.229609 0.318300 0.433506 0.582541 0.372038 0.184818 0.971110 0.234618 0.056603 0.457221 0.591579 0.274235 0.888911 0.132975 0.379482 0.389746 0.937518 0.120412 0.791208 0.123908 0.941114 0.393220 0.484865 0.817841 0.904247 0.067021 0.595352 0.569066 0.004087 0.662530 0.569878 0.170070 0.312107 0.784966 0.058523 0.977271 0.597454 0.239002 0.104644 0.542859 0.316901 0.470317 0.570908 0.577583 0.688020 0.928965 0.154586 0.613847 0.436820 0.555172 0.560826 0.374985 0.860353 0.438574 0.643001 0.426300 0.124549 0.534799 0.461374 0.501685 0.345993 0.285690 0.733526 0.722136 0.191881 0.477145 0.927954 0.819927 0.980581 0.820370 0.864763 0.358553 0.060711 0.318581 0.415363 0.395781 0.728727 0.018298 0.790727 0.020846 0.026374 0.648414 0.513801 0.449884 0.379596 0.139124 0.473331 0.808804 0.764713 0.924034 0.757937 0.486655 0.448731 0.270957 0.058425 0.806744 0.887277 0.121937 0.392774 0.882427 0.322306 0.876315 0.593948 0.363239 0.540398 0.792214 0.223427 0.898049 0.765869 0.607761 0.603556 0.225440 0.948934 0.126417 0.548415 0.082675 0.679401 0.634690 0.147070 0.033161 0.587405 0.013477 0.238096 0.866966 0.618930 0.301229 0.913767 0.388542 0.064412 0.241636 0.402920 0.226929 0.243147 0.052587 0.627991 0.903671 0.663160 0.196899 0.906970 0.310780 0.672008 0.397477 0.809646 0.199252 0.073979 0.751151 0.601720 0.831757 0.415011 0.033950 0.103500 0.376457 0.145689 0.586111 0.272732 0.381722 0.197248 0.575424 0.819484 0.488056 0.414366 0.180759 0.299691 0.574303 0.158170 0.073257 0.344035 0.767155 0.119819 0.968288 0.721575 0.030192 0.408892 0.257214 0.785557 0.306128 0.623292 0.931454 0.372856 0.050732 0.862690 0.588409 0.837900 0.109435 0.615393 0.053832 0.749769 0.196891 0.388086 0.760323 0.075904 0.659088 0.080185 0.966308 0.179309 0.657515 0.394149 0.321096 0.572690
0.314395 0.221428 0.930929 0.215950 0.020763 0.656419 0.631484 0.948930 0.280601 0.547185 0.159388 0.068130 0.980181 0.276145 0.817589 0.165304 0.821555 0.529825 0.634783 0.135031 0.791356 0.860012 0.530426 0.903475 0.000874 0.414795 0.817541 0.526573 0.155117 0.793107 0.015669 0.583962 0.987025 0.460359 0.507206 0.975785 0.151818 0.242552 0.882889 0.511614 0.830284 0.845569 0.308108 0.603994 0.841228 0.907704 0.216306 0.415136 0.497284 0.554193 0.438978 0.236850 0.990502 0.942115 0.019017 0.357150 0.900349 0.096867 0.828422 0.233717 0.924975 0.096621 0.579029 0.642329 0.666226 0.854192 0.520676 0.185840 0.474950 0.212020 0.802818 0.368848 0.673305 0.989322 0.175155 0.257980 0.019618 0.090662 0.595386 0.717094 0.968186 0.338553 0.889004 0.734804 0.972420 0.995648 0.086720 0.717629 0.539982 0.172352 0.713788 0.631789 0.371429 0.203722 0.267699 0.082722 0.385802 0.642761 0.112767 0.972348 0.064372 0.030562 0.600412 0.201789 0.973671 0.538390 0.797718 0.057471 0.574079 0.618033 0.520230 0.441299 0.897816 0.588398 0.725370 0.802706 0.654203 0.193049 0.132167 0.841550 0.204864 0.747248 0.431259 0.814051 0.792519 0.805412 0.875133 0.970762 0.067738 0.337099 0.327150 0.392737 0.569513 0.765790 0.485676 0.224253 0.085281 0.375846 0.432420 0.307832 0.530412 0.706609 0.777552 0.361335 0.975978 0.586273 0.687547 0.841127 0.754350 0.696017 0.596262 0.532347 0.243907 0.910662 0.357291 0.924883 0.834275 0.409451 0.781356 0.661001 0.917174 0.161476 0.019251 0.259897 0.258571 0.257818 0.119280 0.736859 0.670132 0.509372 0.434825 0.394020 0.812813 0.850859 0.864173 0.838137 0.627521 0.965415 0.899549 0.541124 0.660915 0.695275 0.577406 0.760762 0.438551 0.878388 0.208181 0.003992 0.398009 0.760315 0.741004 0.672437 0.893180 0.732043 0.226395 0.404536 0.190465 0.023202 0.607751 0.490385 0.801116 0.243729 0.742023 0.783810 0.401617 0.107586 0.777851 0.208724 0.145603 0.913621 0.175440 0.397197 0.790215 0.711953 0.919418 0.239948 0.784413 0.338046 0.151737 0.042956 0.260861 0.803723 0.780185 0.155240 0.114452 0.578259 0.613892 0.544018 0.376098 0.384352 0.487708 0.355158 0.216278 0.742872 0.957123 0.208506 0.341870 0.024921 0.726121 0.298854 0.028063 0.616626 0.187525 0.646239 0.862442 0.199065 0.408098 0.990025 0.227480 0.894753 0.468938 0.889129 0.073710 0.927904 0.181616 0.044492 0.074789 0.923648 0.705917 0.078139 0.809700 0.601501 0.396633 0.969951 0.258069 0.669518 0.089750 0.338203 0.942261 0.805600 0.316575 0.160047 0.524405 0.060194 0.595900 0.406942 0.166354 0.968433 0.270894 0.734709 0.972765 0.107820 0.751431 0.159601 0.206827 0.262659 0.741579 0.603138 0.317723 0.193279 0.314644 0.609015 0.376099 0.818011 0.538561 0.094223 0.249485 0.132191 0.672117 0.530988
0.585557 0.207965 0.287658 0.506464 0.161315 0.805935 0.346817 0.848285 0.002230 0.042099 0.559002 0.842049 0.558413 0.537049 0.619625 0.315299 0.322101 0.103298 0.417217 0.309244 0.291719 0.344936 0.235728 0.877087 0.073006 0.439786 0.810893 0.968960 0.370105 0.899928 0.178996 0.272858 0.903292 0.108661 0.001972 0.705255 0.168616 0.337945 0.088307 0.017230 0.887445 0.157981 0.133095 0.021651 0.912301 0.111193 0.607171 0.868876 0.043636 0.925630 0.747229 0.955473 0.652227 0.762810 0.031032 0.176730 0.776121 0.031786 0.905674 0.335874 0.666681 0.915023 0.892146 0.275019 0.810276 0.276975 0.713186 0.113136 0.542140 0.253076 0.981757 0.746985 0.164924 0.433745 0.539452 0.098710 0.953506 0.345350 0.358092 0.646606 0.461341 0.418704 0.490747 0.292901 0.195615 0.242403 0.781256 0.130458 0.525912 0.973024 0.135285 0.806707 0.344167 0.675486 0.692389 0.025315 0.677194 0.837327 0.694713 0.286487 0.876191 0.358094 0.023121 0.957132 0.377659 0.795194 0.568506 0.875752 0.917805 0.283761 0.436374 0.842652 0.292909 0.201036 0.072410 0.157077 0.362679 0.203385 0.127289 0.988875 0.273684 0.985797 0.398122 0.931832 0.898548 0.350861 0.564631 0.995037 0.766065 0.166634 0.859191 0.232205 0.235916 0.155068 0.305581 0.013699 0.979488 0.433488 0.715759 0.986295 0.283899 0.387242 0.105560 0.456466 0.104126 0.138911 0.117297 0.488176 0.970687 0.315869 0.662210 0.866323 0.472009 0.820319 0.443190 0.973735 0.313125 0.715937 0.303834 0.176154 0.143540 0.354109 0.284504 0.729894 0.532594 0.846499 0.776744 0.780907 0.475713 0.273404 0.806664 0.691719 0.335188 0.269636 0.420406 0.411936 0.627645 0.109654 0.896031 0.821484 0.628187 0.748877 0.437365 0.486724 0.810509 0.511716 0.666719 0.704319 0.836256 0.100193 0.901107 0.586870 0.923680 0.069329 0.966078 0.469885 0.497063 0.780865 0.405053 0.879590 0.913908 0.746238 0.938789 0.037536 0.534018 0.239705 0.598087 0.397661 0.531116 0.809062 0.332322 0.607970 0.042001 0.240942 0.602608 0.212415 0.838586 0.309979 0.939268 0.093330 0.192371 0.921270 0.530644 0.313951 0.630693 0.154478 0.049581 0.208698 0.531180 0.683215 0.671466 0.073358 0.524034 0.944655 0.253408 0.665893 0.172338 0.708317 0.597728 0.909179 0.342261 0.517507 0.422176 0.132701 0.002193 0.934286 0.949731 0.238972 0.423381 0.291984 0.047854 0.599038 0.181290 0.946259 0.160461 0.463791 0.075531 0.831196 0.959593 0.179996 0.862346 0.888434 0.546998 0.713853 0.069224 0.087113 0.473519 0.719308 0.758805 0.201963 0.308081 0.295565 0.466308 0.448694 0.946259 0.802155 0.620304 0.786300 0.724335 0.250691 0.925024 0.093908 0.638287 0.409239 0.538570 0.603867 0.898201 0.506757 0.209724 0.149063 0.488252 0.946647 0.989651 0.419715 0.875954 0.410780 0.636134 0.217405 0.582160 0.759832
0.319254 0.540277 0.699584 0.841168 0.772266 0.176352 0.009291 0.112512 0.696327 0.701970 0.406436 0.491109 0.434391 0.633234 0.241996 0.802977 0.724594 0.587369 0.421170 0.632229 0.551244 0.543746 0.168093 0.369467 0.990025 0.564474 0.610870 0.710514 0.358811 0.711837 0.936086 0.026116 0.009989 0.810650 0.314237 0.995645 0.961914 0.208034 0.549295 0.778438 0.434723 0.391521 0.052912 0.122956 0.407828 0.797471 0.382917 0.380247 0.094383 0.203645 0.446613 0.325467 0.523114 0.062392 0.193039 0.317078 0.786495 0.688587 0.933707 0.262917 0.428469 0.769500 0.765653 0.113122 0.704173 0.863983 0.350374 0.966751 0.365913 0.004095 0.515649 0.947759 0.803496 0.562541 0.646948 0.609415 0.257036 0.573113 0.591759 0.234399 0.869624 0.057197 0.899473 0.804409 0.083085 0.861423 0.364316 0.588876 0.689443 0.486572 0.641370 0.544098 0.671528 0.381282 0.673716 0.102298 0.542896 0.513277 0.736370 0.159577 0.402390 0.611101 0.830537 0.509175 0.117471 0.679888 0.328018 0.451778 0.428889 0.382529 0.412119 0.223598 0.095004 0.921329 0.929414 0.812863 0.467826 0.130401 0.128326 0.749552 0.018577 0.569332 0.871579 0.632832 0.140344 0.645287 0.751245 0.565867 0.490268 0.798853 0.787504 0.239703 0.826831 0.599987 0.910691 0.675715 0.306985 0.805055 0.107064 0.943891 0.884397 0.471179 0.254095 0.271740 0.787254 0.803677 0.584704 0.422994 0.086988 0.613062 0.989155 0.781777 0.620883 0.836944 0.609873 0.964791 0.558834 0.837150 0.763486 0.152017 0.010801 0.524960 0.945933 0.038942 0.825405 0.673970 0.147114 0.409971 0.311543 0.282932 0.378246 0.710558 0.073830 0.260980 0.834911 0.680507 0.719358 0.013632 0.998201 0.634239 0.685844 0.868093 0.943895 0.059339 0.787737 0.101535 0.553161 0.510686 0.076471 0.208869 0.800593 0.290356 0.290406 0.768990 0.455159 0.162869 0.067180 0.731713 0.467083 0.899500 0.144205 0.928085 0.156515 0.722447 0.551544 0.916038 0.988757 0.291875 0.142668 0.916742 0.254220 0.485922 0.261473 0.152987 0.176198 0.368426 0.835366 0.219845 0.115118 0.622288 0.863052 0.172924 0.383397 0.631200 0.428279 0.951591 0.644287 0.380091 0.368177 0.323171 0.694037 0.593303 0.885492 0.170636 0.424236 0.974548 0.185051 0.911577 0.169976 0.782090 0.821662 0.194744 0.337201 0.969194 0.068780 0.405468 0.735701 0.359208 0.564656 0.117191 0.284071 0.614871 0.685635 0.050549 0.362681 0.922922 0.088508 0.580217 0.373558 0.488539 0.677891 0.696999 0.019421 0.309255 0.260920 0.458452 0.543530 0.983137 0.670849 0.242572 0.389603 0.043799 0.162884 0.804874 0.894161 0.431688 0.978231 0.130019 0.192860 0.340968 0.025268 0.376237 0.205646 0.801183 0.266798 0.158665 0.659726 0.719115 0.236591 0.363531 0.249871 0.699609 0.654633 0.869061 0.410960 0.601729 0.396068 0.065144 0.908850 0.113915
0.043205 0.869353 0.383317 0.111981 0.591560 0.126936 0.403941 0.803295 0.548464 0.502289 0.376425 0.269539 0.883385 0.845224 0.593423 0.222643 0.351060 0.307322 0.263538 0.336463 0.256930 0.093166 0.492566 0.359739 0.855075 0.548977 0.112762 0.097777 0.532161 0.346233 0.645311 0.991951 0.654644 0.971194 0.489248 0.159393 0.566580 0.683641 0.357292 0.626015 0.807503 0.073292 0.825603 0.313029 0.097128 0.626188 0.383941 0.012909 0.855753 0.040890 0.753737 0.375714 0.313044 0.874011 0.274258 0.927564 0.730002 0.732884 0.413136 0.980548 0.148472 0.166720 0.274968 0.461200 0.914078 0.632505 0.019563 0.153726 0.927667 0.871505 0.908299 0.194611 0.987919 0.905539 0.924794 0.809775 0.720206 0.117032 0.744942 0.244959 0.253065 0.597585 0.636641 0.825419 0.610002 0.670291 0.780450 0.719158 0.832625 0.788199 0.377516 0.113126 0.250748 0.619357 0.602221 0.162844 0.257482 0.280131 0.492652 0.198009 0.339481 0.020459 0.369666 0.898644 0.868997 0.236222 0.823007 0.778161 0.040637 0.066491 0.900266 0.117243 0.607537 0.874690 0.581800 0.420637 0.967342 0.925021 0.026597 0.452448 0.638485 0.716721 0.958988 0.667752 0.732357 0.700104 0.218096 0.166548 0.791000 0.679949 0.925862 0.919514 0.431353 0.909290 0.407975 0.816936 0.130075 0.956439 0.301605 0.312450 0.376844 0.188247 0.211373 0.120635 0.204129 0.434801 0.266697 0.461225 0.857484 0.179144 0.891735 0.748762 0.425247 0.249857 0.415581 0.423824 0.438591 0.765259 0.845700 0.002793 0.992599 0.479501 0.112970 0.698445 0.966631 0.128264 0.414143 0.584823 0.524025 0.423398 0.035769 0.489551 0.139236 0.652253 0.067411 0.657743 0.558347 0.421401 0.955274 0.824566 0.422038 0.970639 0.878945 0.835249 0.705260 0.259700 0.878863 0.978091 0.733301 0.334350 0.965325 0.959897 0.413195 0.123189 0.708124 0.682392 0.659937 0.068008 0.928336 0.762622 0.084848 0.136041 0.581456 0.585530 0.891861 0.284167 0.700984 0.303422 0.076037 0.419643 0.801782 0.313572 0.623421 0.843483 0.521164 0.097889 0.354912 0.781197 0.134028 0.495413 0.885283 0.114950 0.158506 0.672484 0.439432 0.214523 0.036768 0.614349 0.054098 0.132851 0.041435 0.669655 0.222805 0.912549 0.257604 0.863820 0.974587 0.503839 0.960739 0.242975 0.632666 0.139447 0.282557 0.956337 0.393562 0.947057 0.524010 0.757219 0.011231 0.396638 0.044633 0.752323 0.270701 0.789682 0.011503 0.601493 0.233823 0.929845 0.806211 0.678703 0.919775 0.347517 0.519733 0.640778 0.206374 0.479240 0.167531 0.908470 0.174843 0.460566 0.870248 0.519005 0.301106 0.516267 0.895262 0.335271 0.404209 0.075860 0.151662 0.813695 0.459532 0.424784 0.486548 0.365244 0.086734 0.458493 0.395563 0.191907 0.427249 0.954529 0.564551 0.523331 0.538143 0.775939 0.396955 0.500480 0.469417 0.683884 0.872764 0.890554
0.056293 0.153197 0.416714 0.858482 0.638259 0.004297 0.745696 0.756512 0.918702 0.715516 0.463126 0.478014 0.462734 0.230979 0.028298 0.909238 0.670409 0.488361 0.782830 0.517606 0.808881 0.547942 0.188673 0.696378 0.497113 0.255818 0.723735 0.383857 0.633892 0.477204 0.975033 0.185598 0.061115 0.890177 0.122435 0.875238 0.218635 0.910137 0.700069 0.663071 0.812073 0.951210 0.682458 0.006493 0.543572 0.124696 0.266372 0.777401 0.064300 0.044321 0.268905 0.105277 0.879538 0.223042 0.118735 0.017580 0.838029 0.671124 0.173207 0.212460 0.497412 0.135864 0.867959 0.287264 0.738142 0.552554 0.196888 0.006843 0.471350 0.022025 0.827361 0.783146 0.445063 0.151214 0.808713 0.375367 0.770190 0.901261 0.302278 0.952361 0.550836 0.368482 0.522590 0.386219 0.243524 0.988173 0.816742 0.928949 0.318228 0.109874 0.684322 0.094893 0.891580 0.858640 0.304662 0.102366 0.741407 0.536909 0.639879 0.445915 0.963263 0.463409 0.535429 0.312757 0.995640 0.571574 0.434591 0.716710 0.371048 0.967849 0.289133 0.024194 0.464079 0.874318 0.263005 0.981968 0.725094 0.946476 0.685269 0.426310 0.545589 0.326453 0.418189 0.292703 0.106925 0.125318 0.006653 0.328425 0.061319 0.389104 0.225629 0.903499 0.929204 0.498359 0.337553 0.051353 0.945446 0.080738 0.476073 0.421977 0.980546 0.078582 0.517317 0.659646 0.490750 0.149954 0.444776 0.975652 0.321822 0.273111 0.622225 0.700355 0.398980 0.564212 0.001131 0.615234 0.666962 0.718631 0.937683 0.593886 0.735826 0.959745 0.728500 0.339817 0.529431 0.053438 0.930158 0.750760 0.477611 0.852959 0.665423 0.369985 0.578875 0.390483 0.527689 0.964992 0.460033 0.931257 0.925649 0.441927 0.223376 0.321278 0.234084 0.343277 0.580398 0.858836 0.961566 0.750710 0.140593 0.131802 0.410387 0.800514 0.004850 0.647463 0.441285 0.947553 0.698793 0.064905 0.179028 0.498171 0.709001 0.065876 0.148507 0.177598 0.491943 0.235830 0.146715 0.745951 0.997926 0.191198 0.979150 0.868758 0.739665 0.927622 0.221022 0.908337 0.606151 0.113389 0.268644 0.851144 0.832006 0.211067 0.119399 0.542918 0.704967 0.801730 0.486636 0.876360 0.533163 0.363119 0.811092 0.157428 0.706631 0.754880 0.315405 0.623816 0.885541 0.040535 0.162467 0.771835 0.866573 0.776141 0.562078 0.538888 0.149987 0.545179 0.872308 0.178811 0.914027 0.914239 0.866343 0.033694 0.025693 0.880915 0.513675 0.777712 0.355467 0.695679 0.114231 0.334631 0.042486 0.826998 0.157161 0.573999 0.080551 0.573530 0.656447 0.686141 0.924362 0.142343 0.530886 0.393394 0.745189 0.749096 0.746038 0.182491 0.317056 0.293039 0.917495 0.831710 0.327225 0.713632 0.646920 0.864441 0.421765 0.903073 0.291443 0.726877 0.437148 0.117014 0.601894 0.437798 0.223340 0.186649 0.702337 0.946487 0.820984 0.612886 0.012677 0.847741
0.680561 0.193037 0.808796 0.493652 0.666440 0.320450 0.382532 0.162137 0.212334 0.211833 0.542331 0.284776 0.445409 0.224381 0.500170 0.900880 0.478684 0.374965 0.687239 0.936325 0.665235 0.311258 0.627031 0.954956 0.790481 0.899848 0.409509 0.303763 0.890029 0.591147 0.163214 0.787626 0.537239 0.948468 0.693305 0.845374 0.112251 0.498632 0.334973 0.022148 0.206589 0.726805 0.728663 0.545878 0.740585 0.937266 0.061041 0.602610 0.142388 0.226094 0.090792 0.573752 0.969754 0.859641 0.847578 0.122290 0.301118 0.056963 0.905241 0.587316 0.753221 0.385913 0.290895 0.498380 0.901010 0.279996 0.662135 0.255236 0.633966 0.549409 0.217970 0.880670 0.948761 0.836809 0.362164 0.420259 0.912429 0.745802 0.837216 0.396291 0.068878 0.363996 0.790718 0.923406 0.376966 0.242543 0.560386 0.584931 0.794685 0.265325 0.911965 0.667038 0.887062 0.151279 0.663926 0.382519 0.102629 0.782256 0.132527 0.729000 0.301275 0.449794 0.957494 0.441640 0.615808 0.343979 0.804474 0.120299 0.330279 0.619365 0.772231 0.862405 0.053067 0.934149 0.364083 0.567650 0.115269 0.583457 0.498905 0.952148 0.699435 0.442586 0.416809 0.320478 0.833302 0.941123 0.642761 0.073948 0.803067 0.556887 0.220961 0.595997 0.765138 0.182827 0.105723 0.265813 0.758073 0.740458 0.132983 0.257572 0.278712 0.996828 0.602434 0.453707 0.350965 0.379666 0.269270 0.002655 0.974275 0.172046 0.592588 0.347662 0.664686 0.790579 0.465415 0.987016 0.721721 0.972635 0.221921 0.430859 0.567078 0.285856 0.075412 0.882342 0.458039 0.491338 0.620763 0.380717 0.310888 0.688927 0.589691 0.483201 0.063277 0.672724 0.530290 0.189239 0.411500 0.157520 0.490152 0.833217 0.547247 0.366145 0.164092 0.252420 0.783526 0.353929 0.725176 0.462466 0.221575 0.766576 0.803912 0.668993 0.227846 0.629649 0.426172 0.643653 0.642726 0.129008 0.699272 0.763925 0.598584 0.156376 0.878983 0.502415 0.851940 0.647671 0.967003 0.406009 0.555891 0.073399 0.313640 0.696252 0.022096 0.153788 0.456390 0.875206 0.482178 0.516987 0.805503 0.996358 0.870616 0.194110 0.063553 0.374890 0.591312 0.307271 0.141947 0.922431 0.656678 0.275972 0.125701 0.309924 0.966307 0.357276 0.209329 0.922864 0.817346 0.118999 0.846340 0.122040 0.767197 0.370196 0.577482 0.977357 0.793336 0.091819 0.706956 0.629584 0.004401 0.089039 0.167487 0.826365 0.044288 0.915487 0.271164 0.440136 0.223064 0.247237 0.168094 0.931425 0.923111 0.009858 0.491976 0.156787 0.686301 0.679589 0.393550 0.161240 0.697467 0.521851 0.655357 0.340915 0.886202 0.631221 0.151228 0.269999 0.315898 0.030240 0.613632 0.104264 0.157444 0.238656 0.357837 0.005665 0.942136 0.756250 0.855920 0.598609 0.420017 0.690292 0.081448 0.473667 0.773362 0.506719 0.106633 0.179167 0.873757 0.998260 0.184684 0.451945
0.079461 0.004669 0.639769 0.932622 0.777081 0.374396 0.019416 0.413397 0.884469 0.681935 0.496018 0.303772 0.634116 0.391609 0.020342 0.549764 0.364126 0.982954 0.330029 0.590524 0.087920 0.971170 0.555726 0.199706 0.363573 0.180327 0.550719 0.634031 0.996836 0.818598 0.086582 0.739094 0.961032 0.860402 0.455580 0.745666 0.704635 0.588837 0.710059 0.589753 0.283579 0.436835 0.469922 0.211779 0.808820 0.256619 0.154327 0.409232 0.551131 0.028216 0.990268 0.235208 0.928938 0.274783 0.558292 0.295218 0.460904 0.212992 0.025783 0.141360 0.599581 0.384663 0.557252 0.630178 0.464036 0.636225 0.115254 0.592581 0.228824 0.848115 0.380418 0.087096 0.682371 0.735826 0.128987 0.691019 0.925649 0.366884 0.142965 0.259645 0.609855 0.457469 0.391778 0.555949 0.320749 0.699178 0.406381 0.687824 0.784683 0.613862 0.959068 0.962378 0.704094 0.780047 0.510038 0.374225 0.601936 0.637193 0.364404 0.224329 0.940765 0.490123 0.551588 0.967413 0.021078 0.509922 0.411209 0.472362 0.530082 0.440208 0.527513 0.076349 0.635971 0.578834 0.846648 0.487507 0.401825 0.681354 0.973145 0.065191 0.329002 0.151238 0.898734 0.039777 0.147813 0.683399 0.031141 0.699501 0.626927 0.447642 0.791329 0.416818 0.231005 0.106370 0.458878 0.294246 0.359833 0.432940 0.376602 0.309733 0.798769 0.514773 0.689242 0.872487 0.268822 0.296521 0.548339 0.942687 0.639166 0.453804 0.443382 0.086154 0.696940 0.020627 0.875222 0.574625 0.232152 0.213982 0.047153 0.140740 0.518720 0.774133 0.028974 0.919381 0.282601 0.619222 0.362055 0.432718 0.680600 0.454106 0.606190 0.800601 0.816142 0.559205 0.805285 0.200024 0.084666 0.640981 0.033068 0.941388 0.472412 0.382267 0.245976 0.992406 0.007524 0.920371 0.847151 0.482825 0.745453 0.210378 0.969478 0.677812 0.494412 0.037414 0.170643 0.460030 0.956558 0.597161 0.763938 0.468291 0.609681 0.193375 0.775510 0.676091 0.063862 0.407352 0.506922 0.961893 0.597162 0.884745 0.166191 0.240930 0.143572 0.769871 0.698861 0.567334 0.955603 0.275067 0.872063 0.545842 0.768837 0.545869 0.146790 0.423194 0.276139 0.431943 0.400912 0.572344 0.431596 0.091691 0.307427 0.403183 0.873539 0.032018 0.525598 0.593635 0.246107 0.360423 0.775522 0.077594 0.947367 0.183740 0.110787 0.403022 0.623927 0.140509 0.635871 0.948557 0.404338 0.796846 0.829821 0.379096 0.627874 0.985787 0.029163 0.327991 0.252501 0.202671 0.337596 0.215312 0.981617 0.073151 0.394400 0.098399 0.639958 0.060408 0.107971 0.651206 0.841491 0.957013 0.260750 0.487672 0.450823 0.405365 0.590235 0.141333 0.743553 0.864292 0.190629 0.065840 0.536916 0.540190 0.710626 0.913246 0.220667 0.989035 0.852133 0.228864 0.182841 0.833171 0.574374 0.797057 0.815033 0.763151 0.090989 0.705416 0.092283 0.676825 0.422498 0.298405
0.750194 0.525190 0.750987 0.989667 0.007394 0.456248 0.025814 0.973867 0.639342 0.163384 0.054889 0.649092 0.791739 0.650159 0.527456 0.214557 0.633821 0.578883 0.683354 0.080841 0.149770 0.857924 0.624122 0.151853 0.055158 0.258237 0.192533 0.601452 0.230785 0.271888 0.989916 0.234485 0.269931 0.629695 0.389980 0.888270 0.787365 0.464014 0.493657 0.827538 0.124447 0.030712 0.587526 0.832532 0.746790 0.075355 0.103284 0.265065 0.894050 0.181028 0.272451 0.837505 0.315944 0.147969 0.079571 0.860013 0.721938 0.680215 0.613255 0.847236 0.470822 0.167029 0.657125 0.349638 0.087673 0.709778 0.561619 0.014583 0.853147 0.658290 0.855240 0.529433 0.147950 0.807884 0.306204 0.496139 0.931061 0.388777 0.498782 0.600391 0.487107 0.599155 0.290079 0.842059 0.343942 0.793378 0.599236 0.234117 0.447404 0.833436 0.907553 0.973797 0.771749 0.561289 0.263785 0.536157 0.303963 0.586230 0.419012 0.603102 0.790470 0.965295 0.015152 0.354443 0.704032 0.055053 0.680466 0.900553 0.824941 0.380944 0.095451 0.170804 0.509810 0.214746 0.182279 0.744860 0.362576 0.841026 0.975565 0.744123 0.953235 0.267145 0.631684 0.736155 0.656752 0.719523 0.916059 0.552123 0.685855 0.087459 0.547347 0.546001 0.752903 0.675685 0.819598 0.847616 0.210043 0.780121 0.598322 0.094674 0.598360 0.963803 0.618465 0.309194 0.910743 0.929697 0.789893 0.512119 0.044582 0.590574 0.085074 0.840279 0.879519 0.904640 0.002931 0.575743 0.476886 0.813103 0.820183 0.092636 0.726724 0.446707 0.105711 0.866433 0.873876 0.350059 0.146548 0.812341 0.598054 0.066597 0.166964 0.873290 0.587426 0.587434 0.570564 0.494206 0.095203 0.928335 0.271304 0.493543 0.179407 0.132374 0.991099 0.993082 0.094197 0.898602 0.531503 0.455135 0.583734 0.515381 0.971915 0.212402 0.457358 0.169635 0.220533 0.023569 0.167806 0.723483 0.040271 0.754220 0.601588 0.846599 0.437481 0.556110 0.816205 0.957311 0.383715 0.200347 0.103551 0.920114 0.003965 0.671038 0.578288 0.876762 0.309664 0.724457 0.656362 0.289774 0.043920 0.560592 0.907632 0.461217 0.881291 0.261150 0.125112 0.248033 0.753857 0.284164 0.477819 0.978643 0.726205 0.021586 0.836990 0.086333 0.173607 0.339535 0.142993 0.322427 0.430220 0.190988 0.385253 0.034655 0.478552 0.151426 0.723602 0.132461 0.011108 0.894999 0.925360 0.211510 0.094716 0.790764 0.472891 0.327990 0.063510 0.889583 0.515500 0.027377 0.651550 0.474614 0.361357 0.803954 0.788482 0.347525 0.047339 0.104075 0.349597 0.050186 0.469363 0.218227 0.287147 0.769395 0.937532 0.917682 0.299358 0.993426 0.820639 0.523842 0.045938 0.720278 0.952042 0.311292 0.700850 0.426998 0.313347 0.136082 0.640628 0.185533 0.911070 0.072218 0.807053 0.441613 0.736387 0.115643 0.281321 0.579263 0.203684 0.990820 0.256046 0.336483
0.436321 0.477057 0.870224 0.518496 0.285201 0.640779 0.274984 0.357623 0.720265 0.835322 0.091584 0.929984 0.232469 0.430208 0.427212 0.822344 0.440321 0.369392 0.134396 0.294980 0.887587 0.007236 0.930022 0.039344 0.974143 0.349990 0.100471 0.491607 0.860933 0.879890 0.784288 0.647702 0.243292 0.290201 0.626567 0.545933 0.439803 0.847760 0.698962 0.547252 0.339911 0.695744 0.755215 0.146994 0.460231 0.768165 0.719841 0.090047 0.065256 0.834811 0.007685 0.957155 0.358711 0.432716 0.051435 0.006299 0.010360 0.857503 0.979939 0.621034 0.511847 0.526588 0.787018 0.333223 0.569073 0.703128 0.775832 0.138974 0.821162 0.749226 0.833140 0.898743 0.072599 0.914573 0.692902 0.550605 0.138785 0.610715 0.411245 0.693124 0.808053 0.717805 0.461270 0.860696 0.989403 0.311686 0.864725 0.702226 0.697284 0.394945 0.636521 0.427902 0.650140 0.792722 0.666012 0.979175 0.695630 0.172077 0.846936 0.470790 0.300182 0.193955 0.644495 0.803643 0.287904 0.945427 0.388721 0.243789 0.260633 0.436214 0.588258 0.085075 0.152527 0.554319 0.157957 0.868325 0.907452 0.729496 0.979208 0.054805 0.686338 0.152403 0.102062 0.641893 0.291602 0.344883 0.598131 0.050992 0.752634 0.577033 0.049854 0.396391 0.688164 0.419995 0.745070 0.815058 0.972268 0.078349 0.651413 0.420422 0.816020 0.173242 0.171379 0.792675 0.477495 0.325548 0.927450 0.405612 0.613688 0.955905 0.346079 0.776764 0.378252 0.038116 0.189214 0.678873 0.081031 0.872895 0.012880 0.163430 0.712434 0.161315 0.494044 0.045130 0.195485 0.846662 0.315479 0.956002 0.533580 0.404260 0.826168 0.234028 0.695613 0.034122 0.201554 0.153549 0.604410 0.626809 0.400347 0.027875 0.075822 0.048694 0.429594 0.547976 0.535948 0.004955 0.228313 0.338303 0.126390 0.272075 0.156469 0.164716 0.337498 0.379607 0.816114 0.549911 0.441170 0.686052 0.344556 0.614551 0.046289 0.781246 0.416216 0.936968 0.709547 0.376633 0.532709 0.904718 0.823200 0.615624 0.115180 0.175607 0.078206 0.027218 0.965224 0.792641 0.674429 0.171931 0.186080 0.518662 0.080321 0.784851 0.962341 0.511243 0.836445 0.058431 0.699539 0.316437 0.152057 0.167046 0.282104 0.889087 0.093167 0.805275 0.558967 0.456211 0.324532 0.210464 0.252025 0.647094 0.304832 0.606262 0.690654 0.813328 0.247809 0.884181 0.854876 0.630174 0.752651 0.013111 0.709161 0.270139 0.807977 0.938980 0.850300 0.876390 0.706608 0.985847 0.594640 0.060049 0.600315 0.168318 0.093126 0.866024 0.060529 0.821874 0.600661 0.522658 0.396998 0.625062 0.403249 0.019728 0.181039 0.540584 0.176412 0.040777 0.809033 0.856061 0.546315 0.808062 0.402534 0.054862 0.034980 0.418640 0.885127 0.295004 0.722525 0.467134 0.628498 0.994460 0.406831 0.037997 0.090258 0.743852 0.611762 0.395185 0.600988 0.871988 0.945958 0.956278
0.993820 0.904679 0.408020 0.849496 0.532043 0.203129 0.985128 0.467758 0.105628 0.623172 0.670619 0.411927 0.303860 0.771002 0.138361 0.389809 0.477142 0.350219 0.210963 0.832533 0.358203 0.276632 0.448144 0.926307 0.232529 0.541483 0.031525 0.153513 0.012114 0.212341 0.480552 0.735433 0.415607 0.470686 0.244015 0.679786 0.808410 0.720239 0.323711 0.581918 0.113427 0.345179 0.620653 0.777849 0.872562 0.098731 0.475519 0.802730 0.604808 0.428707 0.993735 0.034138 0.346909 0.957414 0.066129 0.711643 0.341369 0.810966 0.189587 0.119008 0.433479 0.957503 0.301037 0.771442 0.831240 0.421231 0.802941 0.360564 0.962016 0.727030 0.647225 0.254296 0.920347 0.593088 0.053289 0.760319 0.492096 0.845182 0.613835 0.250221 0.770034 0.697711 0.760123 0.350846 0.539201 0.371107 0.852860 0.240578 0.642737 0.175711 0.447039 0.521218 0.809578 0.324375 0.501738 0.398404 0.872752 0.668205 0.438644 0.950777 0.202404 0.731723 0.411514 0.855708 0.289642 0.453472 0.128488 0.478515 0.998363 0.548763 0.163048 0.143364 0.133311 0.788148 0.502996 0.368328 0.557494 0.382600 0.307170 0.604480 0.526551 0.258692 0.696046 0.649763 0.600001 0.851024 0.926187 0.639494 0.539771 0.055983 0.940419 0.886360 0.868790 0.055651 0.549221 0.269503 0.721348 0.067216 0.422975 0.571011 0.351298 0.556039 0.035638 0.116668 0.809586 0.661589 0.752879 0.995623 0.978855 0.131518 0.504112 0.799950 0.072323 0.537333 0.024575 0.321331 0.785459 0.914510 0.311131 0.320432 0.837244 0.256960 0.452833 0.565329 0.125928 0.637255 0.094709 0.287582 0.526260 0.569365 0.144389 0.253660 0.096843 0.312588 0.656142 0.917639 0.194035 0.714956 0.434508 0.086295 0.048674 0.890874 0.475264 0.951082 0.795344 0.957629 0.456203 0.918693 0.929479 0.041374 0.068488 0.848071 0.850580 0.098451 0.979950 0.902839 0.807107 0.443817 0.765586 0.043290 0.248353 0.396248 0.316278 0.481011 0.349403 0.565725 0.063746 0.305999 0.701342 0.037575 0.272699 0.338722 0.986042 0.210916 0.634789 0.522736 0.307263 0.236236 0.844027 0.131930 0.173191 0.296841 0.587492 0.790291 0.312413 0.519332 0.090437 0.640905 0.016356 0.878224 0.979083 0.113682 0.628340 0.877131 0.219975 0.514937 0.703681 0.855984 0.636086 0.116639 0.148190 0.873470 0.487582 0.754924 0.926199 0.958413 0.320861 0.728083 0.406509 0.412139 0.437246 0.337415 0.988357 0.613468 0.273513 0.822225 0.907332 0.025453 0.906901 0.903969 0.293423 0.374686 0.683392 0.620611 0.543026 0.518598 0.404813 0.090347 0.803339 0.588142 0.020333 0.580322 0.916367 0.265711 0.172250 0.546508 0.547848 0.918636 0.713757 0.981577 0.599802 0.676290 0.651343 0.682537 0.061302 0.532678 0.023054 0.201304 0.773751 0.018238 0.543000 0.084931 0.079051 0.981622 0.660306 0.022443 0.982157 0.323690 0.996436 0.493652
0.265479 0.050517 0.974237 0.955486 0.780300 0.613567 0.244377 0.461100 0.041348 0.340970 0.238802 0.132047 0.009120 0.117446 0.057205 0.218562 0.265188 0.837384 0.251097 0.933094 0.842076 0.924827 0.574055 0.124003 0.992937 0.635487 0.985147 0.536332 0.907774 0.675777 0.243303 0.412975 0.420973 0.217419 0.921125 0.002309 0.074600 0.101253 0.083409 0.953962 0.004757 0.850265 0.607610 0.874699 0.704502 0.177636 0.555651 0.977677 0.743219 0.313312 0.061368 0.639206 0.698500 0.870870 0.473883 0.279996 0.042450 0.139817 0.926672 0.707655 0.122401 0.719340 0.503242 0.448090 0.543735 0.530092 0.101783 0.435368 0.681028 0.932792 0.262783 0.669571 0.053179 0.682240 0.904407 0.784632 0.016448 0.806081 0.166527 0.352304 0.036642 0.631759 0.629403 0.550241 0.892262 0.345938 0.211015 0.080511 0.702603 0.685459 0.963964 0.011711 0.862526 0.251032 0.439360 0.764528 0.798529 0.318861 0.484269 0.989628 0.047847 0.492661 0.231864 0.901414 0.231196 0.213749 0.689272 0.121697 0.572581 0.737862 0.427711 0.442807 0.801955 0.353099 0.398108 0.656474 0.128517 0.931746 0.127756 0.058636 0.364885 0.219548 0.836420 0.343298 0.672176 0.509939 0.768147 0.788498 0.448477 0.079621 0.553068 0.139382 0.973065 0.936718 0.494456 0.927831 0.422297 0.022815 0.727091 0.306928 0.000176 0.646240 0.928783 0.708604 0.658427 0.355301 0.296058 0.447947 0.875095 0.835584 0.409046 0.577870 0.439264 0.052710 0.907001 0.696654 0.216951 0.560011 0.520745 0.165845 0.648564 0.781339 0.478285 0.847058 0.676606 0.810405 0.451186 0.264065 0.185425 0.163577 0.603755 0.401048 0.185058 0.716342 0.402196 0.419559 0.416230 0.428710 0.698033 0.779753 0.154250 0.723913 0.982902 0.325730 0.997583 0.434932 0.055608 0.394841 0.136708 0.304450 0.629009 0.530704 0.621806 0.123839 0.665589 0.456099 0.162194 0.097550 0.406406 0.917247 0.571720 0.772239 0.580072 0.268748 0.348656 0.005559 0.856964 0.612048 0.610061 0.178710 0.175630 0.942326 0.819087 0.682708 0.302912 0.286864 0.074155 0.230638 0.849817 0.705739 0.862085 0.947590 0.030241 0.862471 0.069328 0.086694 0.371227 0.708056 0.249992 0.321686 0.946511 0.113045 0.010311 0.761708 0.316238 0.253987 0.974470 0.998022 0.574375 0.490714 0.927963 0.774540 0.862885 0.845651 0.622086 0.728253 0.175058 0.233020 0.293093 0.074916 0.035561 0.011196 0.471842 0.097128 0.431968 0.060138 0.091396 0.774855 0.464737 0.890929 0.429767 0.238336 0.918232 0.143484 0.553911 0.720597 0.371793 0.431048 0.246837 0.172481 0.393645 0.179308 0.386819 0.629852 0.333269 0.568284 0.704283 0.798170 0.181778 0.132844 0.445213 0.606206 0.420674 0.057110 0.516458 0.051119 0.793882 0.577227 0.842720 0.489490 0.358513 0.280208 0.481794 0.540418 0.516728 0.741869 0.254394 0.678296 0.307154 0.458527
0.251759 0.359635 0.150117 0.836930 0.467410 0.883647 0.952070 0.451290 0.182778 0.283782 0.558168 0.006144 0.315960 0.703098 0.689272 0.361369 0.116732 0.803528 0.083517 0.692187 0.139692 0.039455 0.960650 0.963022 0.550916 0.901632 0.276024 0.439644 0.408321 0.366745 0.574036 0.855497 0.746814 0.014396 0.859145 0.193161 0.457866 0.395280 0.159548 0.462417 0.954917 0.300023 0.063422 0.559966 0.833380 0.746483 0.878006 0.046384 0.229380 0.907862 0.986950 0.914385 0.704936 0.748104 0.979659 0.509105 0.629163 0.955428 0.530684 0.307870 0.640185 0.796732 0.431798 0.855448 0.349351 0.053807 0.492543 0.545813 0.171570 0.954118 0.954344 0.808176 0.470376 0.238597 0.431583 0.270246 0.927770 0.296327 0.599615 0.970914 0.407095 0.928228 0.747767 0.085256 0.404669 0.583594 0.814169 0.668900 0.864169 0.033653 0.655284 0.925999 0.257754 0.203511 0.336837 0.823618 0.894816 0.440294 0.877620 0.990804 0.441005 0.890114 0.070764 0.182853 0.609591 0.116928 0.002804 0.956799 0.748339 0.980854 0.102282 0.374293 0.981637 0.459446 0.455423 0.562873 0.579186 0.279358 0.566053 0.931188 0.379232 0.632064 0.822232 0.402895 0.812781 0.580320 0.336581 0.743391 0.911114 0.602400 0.057294 0.059977 0.115642 0.107400 0.346541 0.524426 0.702798 0.982826 0.565317 0.499813 0.956744 0.766870 0.015934 0.433767 0.178275 0.521490 0.972189 0.373410 0.630703 0.410431 0.243932 0.327433 0.174895 0.942582 0.988475 0.523041 0.296955 0.014348 0.225876 0.337753 0.433745 0.570374 0.250644 0.370900 0.998397 0.821025 0.399530 0.360370 0.015574 0.744288 0.621643 0.278979 0.547319 0.439691 0.343206 0.811582 0.192545 0.345130 0.341165 0.731176 0.170613 0.630483 0.851638 0.598548 0.046116 0.092523 0.781105 0.719062 0.957264 0.279958 0.372725 0.629249 0.339462 0.739148 0.038400 0.707637 0.114412 0.415041 0.225517 0.673853 0.227797 0.757885 0.661649 0.258448 0.143907 0.472916 0.366276 0.344456 0.116301 0.887518 0.400784 0.351863 0.810877 0.587000 0.078824 0.930714 0.238485 0.493145 0.051665 0.430978 0.926942 0.135940 0.611961 0.580206 0.521060 0.758140 0.610024 0.734869 0.308514 0.124338 0.770083 0.067251 0.901338 0.624049 0.333560 0.689673 0.739130 0.534560 0.891111 0.601934 0.464098 0.867846 0.823369 0.186393 0.614176 0.491150 0.583404 0.815551 0.323450 0.639264 0.003837 0.926436 0.227026 0.181751 0.734747 0.592880 0.939613 0.286937 0.093796 0.101811 0.808993 0.759269 0.103038 0.040955 0.397364 0.582865 0.817484 0.746856 0.543764 0.101755 0.417529 0.060499 0.491727 0.330887 0.162474 0.581997 0.159694 0.659797 0.120040 0.438484 0.689298 0.394672 0.360641 0.575656 0.906458 0.273028 0.903357 0.407217 0.820526 0.346548 0.623471 0.291037 0.993395 0.429568 0.140715 0.428050 0.234173 0.289780 0.113022 0.856073
0.983948 0.503821 0.104564 0.837177 0.610397 0.094080 0.055497 0.324851 0.780597 0.270930 0.525571 0.357970 0.734705 0.786593 0.093471 0.876547 0.883225 0.237490 0.766977 0.448483 0.607658 0.871434 0.731392 0.936115 0.581314 0.186674 0.791861 0.868418 0.030731 0.683104 0.816913 0.331963 0.583759 0.434545 0.602332 0.149509 0.009013 0.030236 0.583407 0.381248 0.612813 0.816383 0.949854 0.380968 0.380756 0.261816 0.010107 0.439682 0.415639 0.876697 0.991146 0.053206 0.521429 0.266861 0.993145 0.385010 0.012455 0.599088 0.132949 0.795885 0.645650 0.495967 0.601315 0.283581 0.482775 0.501243 0.946469 0.838650 0.428689 0.291697 0.502536 0.444509 0.372542 0.565809 0.141418 0.855406 0.634289 0.501269 0.065729 0.814420 0.559212 0.622070 0.730574 0.291037 0.596921 0.119612 0.905008 0.128745 0.008426 0.845970 0.627868 0.092738 0.829857 0.298106 0.647134 0.256309 0.079793 0.950822 0.152962 0.216473 0.219521 0.831148 0.719294 0.110711 0.943782 0.467776 0.654776 0.112209 0.037013 0.493025 0.968013 0.677106 0.333256 0.222013 0.964584 0.810394 0.499816 0.676520 0.955371 0.877487 0.928031 0.347681 0.772239 0.190696 0.146637 0.516473 0.713954 0.523303 0.076652 0.957608 0.931601 0.947533 0.013157 0.959987 0.383407 0.661712 0.754355 0.260830 0.931243 0.195572 0.201424 0.993657 0.701521 0.103141 0.374164 0.019566 0.304163 0.244386 0.821344 0.981646 0.817873 0.806225 0.569270 0.134583 0.579228 0.961343 0.537169 0.959339 0.463466 0.608776 0.425958 0.761599 0.366047 0.477318 0.355690 0.203622 0.696568 0.694583 0.963644 0.932382 0.482469 0.936610 0.630111 0.831783 0.099019 0.768842 0.556532 0.812328 0.458674 0.060213 0.564419 0.597616 0.488831 0.618731 0.374353 0.585507 0.145529 0.712864 0.705377 0.729350 0.314132 0.962128 0.661454 0.623357 0.003884 0.642059 0.004499 0.070426 0.052421 0.025437 0.636815 0.303455 0.316840 0.469683 0.930140 0.117697 0.775479 0.355444 0.413790 0.312552 0.173124 0.688700 0.226511 0.701589 0.896714 0.193029 0.529022 0.373142 0.609676 0.315944 0.873780 0.886480 0.950939 0.945495 0.474136 0.059588 0.859062 0.763467 0.407788 0.664551 0.270367 0.580941 0.245697 0.538257 0.284705 0.410171 0.678482 0.273950 0.044133 0.763322 0.405216 0.254463 0.739350 0.968256 0.475409 0.591177 0.972116 0.304417 0.142689 0.439602 0.989020 0.185894 0.066314 0.406444 0.696004 0.982501 0.987728 0.004936 0.537180 0.044420 0.929351 0.684565 0.717580 0.309281 0.843967 0.933685 0.022375 0.931240 0.541363 0.810078 0.712160 0.115463 0.238249 0.860929 0.990995 0.123965 0.650886 0.634060 0.080133 0.640449 0.789221 0.581824 0.584184 0.274559 0.930823 0.769799 0.102713 0.024516 0.217715 0.536678 0.474156 0.081922 0.645563 0.906142 0.510344 0.049018 0.233737 0.987267 0.073313 0.788638
0.281145 0.445522 0.583407 0.282885 0.089283 0.552055 0.413735 0.741884 0.484735 0.695606 0.513096 0.698701 0.349146 0.441932 0.598864 0.978652 0.900581 0.383683 0.384958 0.248249 0.501814 0.357243 0.905958 0.632994 0.595105 0.184155 0.695316 0.736820 0.343663 0.508935 0.219958 0.372882 0.257553 0.453035 0.557466 0.741527 0.402825 0.907787 0.387841 0.010087 0.393712 0.176060 0.167504 0.062078 0.133437 0.858714 0.551461 0.782601 0.841898 0.249561 0.581625 0.466242 0.110875 0.763338 0.111510 0.183105 0.858643 0.269108 0.873928 0.771684 0.016858 0.531784 0.729817 0.440465 0.917946 0.159283 0.058733 0.490727 0.944354 0.069048 0.147725 0.927684 0.601716 0.414695 0.865829 0.877311 0.571828 0.298004 0.279288 0.836095 0.351539 0.234143 0.196104 0.042333 0.509169 0.832364 0.813522 0.173345 0.482998 0.864454 0.963437 0.815159 0.608425 0.819884 0.739759 0.575782 0.344246 0.221123 0.304820 0.493870 0.461004 0.010457 0.595466 0.962335 0.819288 0.354119 0.687958 0.490713 0.101058 0.329843 0.338398 0.610297 0.783106 0.912283 0.458154 0.414190 0.193257 0.388287 0.235333 0.230500 0.955403 0.464424 0.004910 0.853142 0.368681 0.209935 0.799034 0.701382 0.121683 0.797931 0.106566 0.274231 0.517644 0.052160 0.654313 0.735334 0.632088 0.753728 0.673159 0.337116 0.557788 0.758853 0.093049 0.544094 0.772669 0.651091 0.181166 0.969488 0.119226 0.417123 0.008703 0.664494 0.126244 0.324142 0.552001 0.588735 0.596396 0.434181 0.851203 0.843408 0.335671 0.671894 0.773585 0.936160 0.408992 0.031748 0.690914 0.863673 0.167283 0.161906 0.663587 0.105046 0.285068 0.548874 0.125972 0.859495 0.295997 0.531896 0.161886 0.744695 0.739453 0.428240 0.279227 0.184188 0.271152 0.231686 0.273543 0.671246 0.897024 0.264299 0.282834 0.983136 0.139841 0.313809 0.449706 0.109789 0.970134 0.996106 0.906748 0.191787 0.487319 0.364115 0.321590 0.832412 0.866952 0.681553 0.040140 0.149884 0.915635 0.599885 0.587235 0.263886 0.532785 0.689720 0.511087 0.819704 0.647479 0.837204 0.799222 0.421730 0.812274 0.215119 0.546657 0.438448 0.956551 0.349730 0.829519 0.372842 0.618221 0.282338 0.086684 0.849675 0.733040 0.254963 0.367302 0.298217 0.934211 0.384171 0.784916 0.188657 0.487852 0.117401 0.445445 0.981962 0.589505 0.223541 0.458822 0.506297 0.193886 0.254582 0.324464 0.812324 0.680676 0.133932 0.749714 0.942966 0.932901 0.350600 0.844858 0.836866 0.029136 0.019021 0.156694 0.814102 0.936701 0.294365 0.212145 0.336967 0.098250 0.979065 0.742882 0.907106 0.743855 0.247244 0.937960 0.156785 0.970596 0.198682 0.081863 0.358277 0.089396 0.472198 0.103499 0.853761 0.824948 0.155517 0.476543 0.952855 0.418606 0.542948 0.780073 0.201390 0.067215 0.841869 0.446594 0.444720 0.396231 0.256880 0.112602 0.881033
0.525937 0.434180 0.571445 0.446127 0.238628 0.779193 0.841924 0.004171 0.267164 0.918276 0.398919 0.277189 0.930269 0.374760 0.157906 0.410070 0.321036 0.433263 0.138151 0.973053 0.065559 0.032733 0.336557 0.971627 0.461132 0.827544 0.089318 0.748364 0.679571 0.200238 0.854661 0.118693 0.188872 0.343079 0.983318 0.093111 0.259103 0.394088 0.901169 0.148869 0.536396 0.342384 0.657134 0.355488 0.676134 0.789225 0.637737 0.137180 0.711700 0.033135 0.314740 0.875773 0.634446 0.566676 0.815185 0.143358 0.555956 0.415096 0.396012 0.600441 0.809825 0.495951 0.206003 0.148730 0.945585 0.056307 0.536212 0.950813 0.902378 0.198048 0.369508 0.141003 0.520467 0.800640 0.933025 0.291589 0.019965 0.537581 0.455861 0.824565 0.474672 0.688699 0.387114 0.775486 0.747463 0.469840 0.451268 0.600185 0.353643 0.943337 0.815247 0.031484 0.009586 0.281267 0.547954 0.924188 0.374952 0.858672 0.025291 0.163731 0.392479 0.331846 0.104032 0.733123 0.450514 0.640102 0.070754 0.008581 0.910727 0.152573 0.002163 0.180919 0.325123 0.182660 0.504528 0.872399 0.386337 0.222971 0.601148 0.610749 0.700210 0.108262 0.652683 0.420470 0.496607 0.805627 0.717105 0.300580 0.812949 0.582272 0.455024 0.269123 0.968674 0.947995 0.625490 0.490313 0.632293 0.157559 0.175109 0.845676 0.400079 0.681077 0.885940 0.997749 0.271402 0.563498 0.565240 0.909244 0.548351 0.537228 0.318249 0.576413 0.967433 0.862550 0.278780 0.236446 0.633420 0.164986 0.541945 0.916552 0.902835 0.772174 0.399667 0.094234 0.362191 0.753211 0.128083 0.430218 0.144289 0.757373 0.966368 0.803511 0.110908 0.781876 0.433730 0.342013 0.283445 0.776775 0.248691 0.343651 0.455876 0.066444 0.799642 0.426298 0.321712 0.611963 0.305022 0.394918 0.954831 0.670050 0.327500 0.240514 0.518456 0.777816 0.185293 0.808432 0.942828 0.475127 0.890161 0.657377 0.043565 0.498888 0.315824 0.617030 0.370278 0.085677 0.864031 0.859164 0.966262 0.564431 0.873056 0.027756 0.134626 0.976347 0.137695 0.722572 0.845031 0.833004 0.863301 0.640983 0.887911 0.840105 0.892880 0.422866 0.345215 0.163826 0.788711 0.403569 0.278193 0.199261 0.846915 0.508135 0.487313 0.765471 0.027480 0.243727 0.708487 0.821467 0.762434 0.960770 0.528475 0.909207 0.807465 0.686937 0.428628 0.604794 0.765510 0.284336 0.198619 0.208140 0.209118 0.030716 0.515663 0.217197 0.214895 0.196567 0.934363 0.653280 0.315496 0.475850 0.283362 0.037984 0.442703 0.542765 0.825332 0.492028 0.165340 0.969860 0.052188 0.569330 0.904747 0.576026 0.510941 0.499178 0.853371 0.640115 0.008136 0.207563 0.605357 0.411283 0.096360 0.240196 0.981173 0.462684 0.268735 0.206803 0.394239 0.790453 0.523226 0.433600 0.491075 0.120198 0.502217 0.865063 0.313225 0.600647 0.745321 0.298492 0.595844 0.059067
0.428324 0.945328 0.243612 0.623703 0.778338 0.022331 0.227243 0.819090 0.178091 0.916539 0.798677 0.082319 0.488884 0.881176 0.613297 0.343420 0.148648 0.289103 0.379788 0.745572 0.050689 0.018466 0.097128 0.325785 0.983972 0.992318 0.917697 0.455981 0.127928 0.603307 0.396562 0.977468 0.234243 0.708418 0.641798 0.289562 0.465142 0.313708 0.860988 0.224386 0.136895 0.628728 0.572602 0.201241 0.682878 0.974929 0.694106 0.750135 0.021851 0.197296 0.723493 0.610959 0.338917 0.945814 0.505962 0.761225 0.776818 0.093546 0.536694 0.297746 0.825187 0.038636 0.788576 0.540331 0.959941 0.687911 0.974987 0.430381 0.752981 0.552601 0.429775 0.904279 0.029159 0.460392 0.696317 0.412688 0.044547 0.602234 0.315329 0.217488 0.689617 0.908838 0.853714 0.033979 0.947803 0.598240 0.998798 0.821635 0.539098 0.014485 0.108130 0.185292 0.038785 0.474122 0.256084 0.827607 0.141363 0.485602 0.299551 0.684595 0.627409 0.955537 0.461142 0.056157 0.934953 0.760913 0.202420 0.286703 0.694499 0.893087 0.552513 0.395090 0.530654 0.821540 0.631767 0.109288 0.564764 0.793241 0.171228 0.294041 0.403830 0.458805 0.955821 0.603484 0.547464 0.395561 0.804643 0.254852 0.233724 0.530395 0.609908 0.788266 0.688632 0.745081 0.906727 0.238433 0.305507 0.966983 0.388295 0.289510 0.343700 0.709647 0.274788 0.504287 0.264718 0.960315 0.979005 0.223445 0.581167 0.131216 0.809481 0.079800 0.346118 0.339118 0.081017 0.128889 0.782472 0.535895 0.286882 0.488093 0.406758 0.403796 0.892400 0.737407 0.111253 0.410924 0.514138 0.460055 0.268796 0.742321 0.445113 0.768705 0.068231 0.491293 0.011797 0.454628 0.910022 0.673146 0.031881 0.328763 0.580727 0.648577 0.216164 0.118415 0.091902 0.261378 0.619174 0.259312 0.898610 0.651555 0.278323 0.152188 0.430904 0.147454 0.609615 0.109283 0.042514 0.923272 0.574212 0.627941 0.155602 0.450494 0.843323 0.700393 0.937820 0.131994 0.984848 0.275822 0.367299 0.801282 0.503055 0.787165 0.841602 0.449938 0.843037 0.686788 0.854182 0.503258 0.453507 0.623911 0.565187 0.821052 0.314106 0.714412 0.487977 0.743172 0.369066 0.379719 0.213249 0.332697 0.130476 0.321653 0.865303 0.593653 0.988593 0.773469 0.000658 0.297212 0.931643 0.985640 0.364835 0.149694 0.387454 0.728935 0.819080 0.830949 0.364894 0.855049 0.424427 0.547349 0.772023 0.822627 0.915246 0.365931 0.877335 0.297268 0.563572 0.323956 0.823852 0.142422 0.953626 0.894206 0.048336 0.097586 0.541488 0.609329 0.691317 0.926576 0.748035 0.126116 0.157511 0.811144 0.900634 0.508762 0.723496 0.093462 0.913256 0.150370 0.185542 0.505628 0.629491 0.560502 0.480156 0.293585 0.325989 0.063522 0.304653 0.325774 0.076626 0.505601 0.620117 0.418647 0.608256 0.968965 0.022696 0.451111 0.281795 0.678175 0.752123 0.985135
0.024492 0.826733 0.053381 0.565765 0.506416 0.937806 0.149098 0.604860 0.609334 0.129074 0.154767 0.603612 0.830357 0.388255 0.397192 0.379346 0.265036 0.803519 0.053106 0.815170 0.365771 0.203167 0.795339 0.774350 0.311615 0.594878 0.780458 0.684517 0.252765 0.997471 0.872734 0.091912 0.108620 0.665426 0.828071 0.927866 0.081138 0.704441 0.317690 0.502760 0.104314 0.180434 0.614444 0.810574 0.867452 0.269264 0.857346 0.861838 0.015988 0.167044 0.064735 0.812460 0.209889 0.003570 0.928722 0.086294 0.766295 0.324824 0.871241 0.073463 0.389960 0.517847 0.810521 0.314482 0.872917 0.714116 0.198896 0.742048 0.001594 0.695402 0.965049 0.358058 0.232066 0.648238 0.907317 0.018416 0.276150 0.943983 0.743285 0.202644 0.834148 0.484654 0.482974 0.557414 0.310786 0.539238 0.434206 0.913002 0.371696 0.166678 0.440586 0.357598 0.361443 0.966283 0.787651 0.379609 0.100647 0.127492 0.346021 0.671023 0.144373 0.720224 0.947370 0.342103 0.073106 0.490484 0.090894 0.548907 0.478665 0.156652 0.896552 0.630979 0.202630 0.928890 0.003960 0.781545 0.384772 0.379572 0.920705 0.027735 0.980588 0.490235 0.083895 0.508439 0.749919 0.873245 0.368307 0.213953 0.748373 0.040780 0.816439 0.170369 0.047890 0.364586 0.384998 0.066197 0.701868 0.653352 0.927965 0.229461 0.077130 0.288583 0.988648 0.586156 0.673978 0.149076 0.579029 0.258051 0.319706 0.925883 0.751196 0.743259 0.246149 0.630313 0.766886 0.218287 0.794540 0.390610 0.209604 0.685910 0.401038 0.262584 0.910917 0.233074 0.067726 0.761441 0.776634 0.745824 0.255674 0.640003 0.358979 0.430487 0.317743 0.078877 0.181796 0.942613 0.995896 0.523037 0.292327 0.425766 0.257523 0.702581 0.415257 0.825459 0.213590 0.826162 0.622273 0.855795 0.250633 0.294164 0.787345 0.885089 0.321333 0.605317 0.255884 0.413515 0.545892 0.612034 0.123055 0.713907 0.631776 0.638062 0.103988 0.049302 0.942266 0.312713 0.352384 0.308995 0.668327 0.009049 0.066557 0.184848 0.585213 0.147143 0.817696 0.341760 0.267800 0.782420 0.185702 0.907424 0.904949 0.048002 0.386275 0.060146 0.550351 0.933998 0.743613 0.508951 0.682873 0.795094 0.829471 0.020930 0.052911 0.023138 0.928545 0.553370 0.023201 0.987730 0.088080 0.066250 0.319355 0.317049 0.158077 0.644711 0.377000 0.302900 0.079371 0.071089 0.387493 0.804934 0.884972 0.095354 0.277469 0.679048 0.417308 0.045395 0.239576 0.015090 0.184176 0.117524 0.120519 0.395865 0.041369 0.793821 0.141227 0.939737 0.684943 0.325103 0.874274 0.565696 0.463371 0.850825 0.352757 0.292566 0.459266 0.030152 0.917421 0.633348 0.188800 0.704703 0.800443 0.976181 0.057082 0.357796 0.390852 0.340083 0.133886 0.261133 0.927607 0.282815 0.675445 0.161576 0.789225 0.245800 0.845533 0.227466 0.725332 0.945838 0.078797 0.365465
0.657208 0.866922 0.153912 0.077894 0.014155 0.441072 0.599279 0.041389 0.698664 0.454305 0.445504 0.449995 0.876005 0.985108 0.404449 0.727662 0.479691 0.756843 0.470365 0.028920 0.977718 0.428448 0.497829 0.005078 0.125840 0.947077 0.685095 0.281249 0.137634 0.646400 0.455478 0.653014 0.632666 0.233853 0.630796 0.482782 0.989495 0.676642 0.963991 0.669428 0.351661 0.713700 0.055280 0.442540 0.008023 0.785550 0.495753 0.917316 0.583680 0.799776 0.687810 0.576963 0.826068 0.214074 0.939413 0.130721 0.062754 0.789681 0.791330 0.278015 0.095102 0.697386 0.807551 0.636671 0.734491 0.473834 0.194222 0.367058 0.871522 0.741774 0.807436 0.399759 0.365850 0.089044 0.055027 0.364932 0.910531 0.015737 0.443331 0.369209 0.294035 0.329540 0.500696 0.276170 0.370137 0.369092 0.229861 0.911170 0.187600 0.870765 0.317085 0.634647 0.442504 0.332701 0.079327 0.716252 0.532062 0.779458 0.904774 0.788234 0.519816 0.257171 0.988328 0.462693 0.000882 0.781696 0.846582 0.045906 0.707354 0.552660 0.538318 0.940619 0.603246 0.298354 0.895277 0.004150 0.511837 0.042723 0.668124 0.276306 0.335708 0.866695 0.008643 0.118845 0.449250 0.551673 0.560399 0.023074 0.554761 0.129719 0.051071 0.746936 0.823525 0.443522 0.368765 0.454730 0.348816 0.783333 0.397124 0.276156 0.029942 0.412911 0.557631 0.267950 0.451730 0.124772 0.522217 0.454276 0.296734 0.614526 0.788733 0.989240 0.352400 0.795873 0.804186 0.377894 0.311357 0.829338 0.582085 0.143943 0.576974 0.641554 0.783736 0.829431 0.688725 0.654811 0.284850 0.134494 0.851637 0.217610 0.061661 0.349961 0.965352 0.937115 0.854078 0.667542 0.660526 0.289052 0.827337 0.366646 0.619992 0.840851 0.072527 0.612383 0.276459 0.361580 0.127234 0.776495 0.228892 0.860213 0.938923 0.696292 0.535985 0.152740 0.915060 0.306627 0.912887 0.464331 0.918272 0.148069 0.773170 0.889104 0.543538 0.253079 0.798855 0.879455 0.238053 0.498582 0.881169 0.467445 0.956145 0.665540 0.870137 0.551758 0.279368 0.934301 0.898080 0.476717 0.149509 0.886015 0.217395 0.885921 0.495812 0.674228 0.046398 0.760801 0.739600 0.229985 0.668934 0.286164 0.969348 0.073653 0.681013 0.321127 0.798103 0.236447 0.725273 0.908156 0.364734 0.567557 0.746482 0.108517 0.567740 0.828105 0.652557 0.020375 0.183665 0.071782 0.181536 0.413379 0.888022 0.212094 0.956524 0.082550 0.261583 0.631593 0.371264 0.790890 0.865683 0.922119 0.990177 0.456686 0.164301 0.311723 0.683810 0.030041 0.633637 0.183818 0.875824 0.947194 0.975425 0.356682 0.392715 0.197131 0.756024 0.623103 0.136461 0.738656 0.607970 0.225180 0.066134 0.667491 0.582672 0.779986 0.927017 0.322839 0.819833 0.389277 0.839477 0.674052 0.049289 0.333541 0.100943 0.969582 0.364110 0.984892 0.607993 0.806282 0.780520 0.791274
0.377245 0.337693 0.697047 0.584244 0.480763 0.898584 0.145786 0.296584 0.130228 0.096162 0.922861 0.351299 0.513297 0.242089 0.624953 0.693426 0.789432 0.116090 0.877184 0.176583 0.931849 0.025556 0.915442 0.592807 0.323357 0.357125 0.679859 0.548034 0.033610 0.756875 0.934276 0.475099 0.015514 0.668155 0.499135 0.320741 0.073181 0.784465 0.052887 0.507577 0.591658 0.256716 0.809967 0.586115 0.730436 0.620322 0.362493 0.167039 0.928597 0.799440 0.175120 0.050198 0.963737 0.579206 0.782711 0.923549 0.143113 0.244425 0.600244 0.602101 0.716191 0.157316 0.488214 0.046399 0.490538 0.775986 0.593761 0.680580 0.390282 0.839756 0.973277 0.001075 0.930706 0.042200 0.161879 0.931663 0.388786 0.868447 0.972074 0.285925 0.901030 0.882492 0.705854 0.014618 0.018707 0.916324 0.365964 0.435721 0.676563 0.763409 0.409959 0.579473 0.420105 0.670309 0.359808 0.156623 0.340350 0.620374 0.782594 0.104486 0.637236 0.910103 0.292450 0.648106 0.016522 0.973241 0.400048 0.573447 0.115162 0.348971 0.239619 0.259425 0.669579 0.798139 0.007003 0.829318 0.001805 0.005287 0.907798 0.684509 0.567956 0.215210 0.272356 0.800798 0.911872 0.132763 0.385823 0.596591 0.908585 0.404625 0.535995 0.770579 0.798530 0.721891 0.018625 0.732395 0.883777 0.715985 0.216625 0.590975 0.701455 0.272414 0.849728 0.612865 0.729943 0.465919 0.301854 0.630186 0.855435 0.441328 0.683667 0.500612 0.153437 0.146130 0.181562 0.461071 0.470398 0.442621 0.481448 0.181229 0.121367 0.702514 0.967797 0.243675 0.758328 0.728754 0.549617 0.358938 0.152452 0.366891 0.384659 0.989200 0.523171 0.761551 0.241704 0.380807 0.854067 0.777684 0.016589 0.517512 0.448562 0.817601 0.967444 0.608713 0.494477 0.698121 0.828668 0.095538 0.588881 0.133164 0.231699 0.569226 0.294211 0.687082 0.006583 0.711742 0.260565 0.901202 0.820934 0.524793 0.839808 0.988724 0.561430 0.814140 0.209395 0.452390 0.497208 0.753374 0.069238 0.876116 0.444421 0.053181 0.032090 0.582140 0.837748 0.964379 0.205838 0.457700 0.847322 0.098965 0.622468 0.510298 0.290328 0.761408 0.969702 0.673952 0.352334 0.212421 0.944092 0.204856 0.166080 0.500434 0.572434 0.387033 0.056128 0.353107 0.907946 0.602293 0.710921 0.362579 0.074238 0.653793 0.574481 0.846901 0.491981 0.221350 0.947496 0.901731 0.053789 0.746226 0.824822 0.343821 0.188320 0.371231 0.373610 0.538337 0.426159 0.945990 0.303439 0.603675 0.175253 0.516100 0.683248 0.193843 0.417473 0.999506 0.008816 0.856870 0.938432 0.597424 0.471992 0.283828 0.773895 0.743569 0.120679 0.732739 0.228792 0.879733 0.476934 0.014171 0.991031 0.761131 0.024782 0.594077 0.843600 0.972775 0.828451 0.789315 0.743450 0.382603 0.502907 0.815456 0.535017 0.355286 0.092472 0.881381 0.309737 0.972449 0.858808 0.117041
0.913839 0.329394 0.638424 0.032088 0.507267 0.878989 0.729745 0.783769 0.488091 0.852330 0.947103 0.809798 0.925168 0.359760 0.910554 0.368984 0.464757 0.688123 0.502149 0.628983 0.914781 0.060876 0.642766 0.856147 0.870921 0.086195 0.606275 0.392687 0.507235 0.714848 0.528020 0.477908 0.459494 0.559639 0.639092 0.678327 0.190414 0.614918 0.701947 0.928208 0.265242 0.708865 0.177595 0.435878 0.799102 0.233692 0.472613 0.499614 0.467001 0.611699 0.666641 0.274401 0.524634 0.112931 0.814721 0.420936 0.892679 0.149825 0.963777 0.811021 0.545352 0.978092 0.855562 0.244779 0.683289 0.635691 0.768521 0.063466 0.378355 0.774964 0.484636 0.650029 0.267753 0.001066 0.470274 0.219726 0.650983 0.268745 0.842647 0.043725 0.599110 0.400019 0.096614 0.009644 0.046623 0.062089 0.787575 0.555381 0.862286 0.034380 0.888164 0.269648 0.411615 0.587912 0.105870 0.165829 0.699536 0.857458 0.473496 0.591288 0.143900 0.113640 0.629176 0.283917 0.913268 0.063253 0.922053 0.381716 0.580685 0.156385 0.576635 0.285384 0.912724 0.908156 0.341087 0.279118 0.231632 0.243434 0.575906 0.500566 0.786787 0.910158 0.581403 0.156792 0.545579 0.342725 0.130003 0.460723 0.461430 0.252051 0.178679 0.813012 0.189095 0.096284 0.697002 0.722893 0.333724 0.018008 0.913035 0.474971 0.151925 0.373923 0.548122 0.039096 0.166804 0.839147 0.664311 0.804735 0.721928 0.728860 0.873870 0.192108 0.610818 0.697867 0.658260 0.725714 0.141176 0.771791 0.806911 0.659006 0.358962 0.996742 0.875317 0.628767 0.010832 0.838852 0.551720 0.189916 0.223271 0.739887 0.000175 0.994963 0.600742 0.431997 0.830664 0.359507 0.526263 0.142200 0.526542 0.534388 0.667133 0.936208 0.806685 0.295809 0.406317 0.974199 0.614267 0.708768 0.976032 0.203118 0.151096 0.870472 0.997175 0.599879 0.435938 0.411413 0.848376 0.415925 0.181431 0.966059 0.643189 0.224237 0.427085 0.486763 0.318165 0.063638 0.377086 0.848482 0.056231 0.571803 0.620963 0.075382 0.606128 0.638893 0.922002 0.827293 0.091411 0.062324 0.167862 0.265926 0.840171 0.221733 0.806782 0.045150 0.056271 0.664373 0.310977 0.638403 0.751064 0.428369 0.882756 0.925097 0.745758 0.365868 0.093427 0.478963 0.177163 0.755146 0.756358 0.170971 0.522801 0.087177 0.090817 0.214471 0.649807 0.969260 0.951143 0.053266 0.368948 0.592743 0.455643 0.433217 0.652258 0.061102 0.898933 0.576802 0.800241 0.840969 0.752254 0.801442 0.666784 0.740472 0.134253 0.008448 0.207809 0.662294 0.744114 0.082876 0.377301 0.574980 0.791909 0.582316 0.814709 0.773424 0.170716 0.728647 0.509818 0.928385 0.701402 0.006890 0.795578 0.132808 0.286489 0.105968 0.799265 0.328783 0.082274 0.756727 0.644435 0.409453 0.315082 0.493494 0.887844 0.381953 0.245792 0.640259 0.645489 0.973938 0.562442 0.704404
0.637196 0.548416 0.766488 0.762276 0.791698 0.664235 0.724448 0.463299 0.854976 0.798766 0.767288 0.577117 0.912095 0.197925 0.539682 0.298714 0.135875 0.823687 0.032757 0.813567 0.357858 0.092484 0.462111 0.856247 0.218096 0.323516 0.061036 0.363662 0.878286 0.218275 0.646935 0.758024 0.558807 0.542924 0.708339 0.156603 0.500154 0.654133 0.424091 0.109438 0.886321 0.401954 0.695411 0.250161 0.634985 0.478676 0.245556 0.848194 0.937930 0.248477 0.073069 0.789584 0.286197 0.888552 0.150497 0.336612 0.945199 0.916200 0.832647 0.826741 0.533269 0.920355 0.570691 0.232801 0.413665 0.658634 0.262723 0.513161 0.853799 0.737178 0.754972 0.177266 0.555886 0.337670 0.200181 0.955847 0.885805 0.563051 0.076486 0.455863 0.875818 0.540247 0.954417 0.346795 0.392137 0.841553 0.633940 0.808926 0.053251 0.644439 0.348115 0.939223 0.993719 0.238855 0.515125 0.498844 0.795572 0.237871 0.155712 0.830643 0.668385 0.500874 0.956796 0.308361 0.451026 0.284854 0.219392 0.373193 0.534162 0.653779 0.020440 0.334545 0.978227 0.559846 0.108096 0.279664 0.927550 0.143775 0.398860 0.315808 0.088958 0.896156 0.019754 0.660977 0.698012 0.236608 0.560756 0.896217 0.803195 0.145502 0.397557 0.091141 0.873919 0.900874 0.168359 0.519086 0.727434 0.311438 0.017195 0.384755 0.960940 0.530328 0.372248 0.420208 0.244270 0.997927 0.955409 0.530024 0.581693 0.098094 0.312747 0.533190 0.466607 0.901950 0.721537 0.739662 0.392225 0.675978 0.663721 0.020627 0.042411 0.897768 0.299702 0.281924 0.838779 0.914479 0.241924 0.585559 0.300723 0.486531 0.207336 0.417201 0.455180 0.917427 0.506790 0.688879 0.210126 0.570691 0.981782 0.970601 0.038541 0.123749 0.729150 0.998389 0.642913 0.809431 0.629494 0.203170 0.780993 0.023907 0.628477 0.607751 0.911743 0.968056 0.014676 0.883233 0.426932 0.303817 0.159148 0.364395 0.289695 0.977535 0.581443 0.563299 0.683608 0.911706 0.288917 0.159083 0.065635 0.506585 0.125357 0.891620 0.218941 0.082830 0.974306 0.953883 0.100236 0.064166 0.212866 0.645099 0.029139 0.977091 0.218366 0.856554 0.782867 0.427615 0.217769 0.630042 0.904333 0.770261 0.967812 0.319235 0.290492 0.481014 0.367787 0.841970 0.173813 0.776965 0.401058 0.443685 0.577068 0.888131 0.829107 0.524522 0.145485 0.771761 0.052120 0.017464 0.133099 0.715987 0.196685 0.350407 0.768113 0.984850 0.585476 0.869253 0.150764 0.419006 0.473419 0.264161 0.328137 0.742104 0.271639 0.312403 0.507000 0.583108 0.779113 0.148705 0.456454 0.714751 0.852541 0.300634 0.246861 0.676227 0.843688 0.188034 0.706779 0.169526 0.672942 0.902481 0.750007 0.377570 0.313204 0.361236 0.250888 0.228087 0.587233 0.136868 0.303738 0.425985 0.547280 0.994478 0.208189 0.079942 0.407895 0.380914 0.501435 0.371072 0.097056 0.108268
0.386410 0.649130 0.403200 0.107945 0.373970 0.949108 0.684110 0.115261 0.100550 0.012499 0.032405 0.139147 0.699945 0.621004 0.698747 0.210315 0.846274 0.304979 0.810500 0.146867 0.622512 0.951090 0.076824 0.524037 0.275719 0.194381 0.042755 0.839030 0.933027 0.097069 0.585508 0.908678 0.591107 0.289003 0.711678 0.308113 0.373716 0.324232 0.222954 0.623418 0.682852 0.613307 0.148156 0.253267 0.112233 0.752046 0.549937 0.804191 0.617083 0.755078 0.086810 0.188806 0.442751 0.908340 0.410683 0.652804 0.987519 0.675835 0.639229 0.655706 0.421513 0.213145 0.270491 0.089436 0.424464 0.141020 0.303065 0.388316 0.954522 0.515862 0.212837 0.129933 0.599547 0.695340 0.847491 0.030387 0.997895 0.497235 0.414648 0.069060 0.235491 0.846779 0.717929 0.483866 0.351956 0.668193 0.588715 0.177279 0.900089 0.161563 0.673070 0.238229 0.019249 0.200736 0.752363 0.833997 0.465118 0.865092 0.765639 0.891894 0.707035 0.834893 0.066714 0.525993 0.148969 0.804961 0.618581 0.556960 0.992835 0.089750 0.512374 0.204440 0.273655 0.826424 0.237274 0.656431 0.702131 0.248446 0.350706 0.482788 0.206790 0.454904 0.837222 0.827762 0.621132 0.487520 0.027634 0.779486 0.391122 0.558050 0.663015 0.187122 0.989131 0.848524 0.323850 0.003700 0.502727 0.431293 0.768699 0.276975 0.075202 0.159786 0.590808 0.194762 0.027763 0.249633 0.262001 0.304844 0.671097 0.486396 0.609685 0.407171 0.828244 0.726448 0.320499 0.565707 0.896097 0.558181 0.171241 0.027538 0.550325 0.051596 0.746808 0.647705 0.639193 0.852897 0.023320 0.501081 0.430324 0.204959 0.441437 0.285498 0.845210 0.188123 0.577264 0.295981 0.920001 0.022673 0.754196 0.573221 0.677703 0.660529 0.559410 0.039567 0.727524 0.331013 0.823071 0.308380 0.002028 0.413839 0.465819 0.042213 0.884724 0.048416 0.023113 0.115885 0.405285 0.278739 0.207710 0.903338 0.465191 0.102582 0.832617 0.076082 0.990218 0.749127 0.222524 0.429750 0.617791 0.633449 0.373623 0.025131 0.617480 0.126485 0.877944 0.595178 0.953453 0.946090 0.411788 0.706085 0.268307 0.694518 0.993809 0.735627 0.795080 0.649233 0.776699 0.177598 0.440478 0.814965 0.078008 0.847074 0.108566 0.524750 0.280207 0.856931 0.410542 0.277961 0.332827 0.494123 0.147539 0.040194 0.646438 0.868197 0.111469 0.092957 0.936573 0.585016 0.988099 0.596158 0.594438 0.784710 0.023324 0.244730 0.316892 0.316277 0.516282 0.186914 0.909240 0.071519 0.427124 0.421487 0.687008 0.850746 0.791964 0.453242 0.178788 0.570513 0.459645 0.497609 0.431238 0.575702 0.282988 0.112198 0.015565 0.853243 0.247836 0.196453 0.031137 0.354132 0.045009 0.812185 0.547009 0.899560 0.307484 0.423449 0.979017 0.287925 0.272669 0.117530 0.292314 0.718437 0.655529 0.814620 0.210604 0.645319 0.839032 0.281535 0.070281 0.965975
0.406133 0.901661 0.132329 0.522003 0.152942 0.154268 0.160065 0.374155 0.280601 0.248954 0.128419 0.337764 0.927499 0.972847 0.195360 0.871231 0.242730 0.627492 0.869662 0.888438 0.449050 0.334885 0.765571 0.011948 0.449317 0.517720 0.536325 0.169295 0.190486 0.788869 0.318221 0.946854 0.267626 0.632500 0.903535 0.486604 0.035897 0.202194 0.424467 0.272873 0.535861 0.818383 0.795628 0.137011 0.736593 0.290915 0.886426 0.582237 0.700677 0.182621 0.072021 0.803638 0.114204 0.025484 0.351963 0.623341 0.893613 0.658821 0.749788 0.130453 0.294479 0.663108 0.578466 0.356730 0.332035 0.380281 0.180422 0.515919 0.573833 0.356284 0.094424 0.352850 0.331218 0.901842 0.959260 0.807713 0.916772 0.296589 0.485741 0.919971 0.583324 0.930093 0.796940 0.936432 0.788462 0.356324 0.009658 0.001981 0.610594 0.382738 0.519366 0.814137 0.532956 0.166606 0.093096 0.023853 0.991759 0.534810 0.443660 0.338341 0.350877 0.983217 0.932591 0.399028 0.074251 0.091428 0.854236 0.905162 0.411061 0.752771 0.705919 0.544917 0.421371 0.096713 0.822120 0.589696 0.625912 0.244170 0.716458 0.354982 0.573417 0.604602 0.256317 0.195722 0.457504 0.375329 0.743917 0.776888 0.919665 0.084435 0.975179 0.786447 0.452815 0.552647 0.870270 0.015316 0.166352 0.138067 0.418418 0.531392 0.572528 0.332020 0.528971 0.220910 0.809960 0.335255 0.035354 0.143410 0.245671 0.334855 0.923489 0.259192 0.493032 0.129427 0.624983 0.853430 0.940422 0.847432 0.080128 0.887270 0.434164 0.954436 0.838632 0.116342 0.237759 0.018510 0.639443 0.672396 0.207179 0.760485 0.500454 0.283895 0.003161 0.109451 0.608377 0.680259 0.666722 0.315545 0.244033 0.521714 0.809518 0.102302 0.811628 0.272020 0.249661 0.801307 0.066643 0.282091 0.932932 0.115273 0.825464 0.199391 0.419951 0.427126 0.161161 0.035677 0.937353 0.944644 0.327940 0.847374 0.540383 0.350877 0.689624 0.512859 0.997999 0.277523 0.595686 0.543826 0.578932 0.789986 0.071653 0.013231 0.374605 0.430084 0.149945 0.770469 0.480070 0.186419 0.599351 0.998810 0.310054 0.767548 0.759226 0.214419 0.352673 0.796014 0.501623 0.950810 0.473624 0.992092 0.685294 0.255946 0.531137 0.435712 0.126146 0.421762 0.386860 0.811148 0.122547 0.347919 0.603250 0.815222 0.534437 0.312962 0.862402 0.151386 0.155693 0.907908 0.992526 0.128001 0.829977 0.262115 0.910507 0.799173 0.338507 0.732738 0.389089 0.335803 0.941030 0.156348 0.523462 0.745307 0.122761 0.353357 0.022318 0.239873 0.022816 0.486694 0.300755 0.271297 0.814451 0.979236 0.307255 0.893343 0.593415 0.782277 0.465989 0.807597 0.557993 0.391036 0.688739 0.775877 0.986638 0.033940 0.259970 0.045661 0.117537 0.747133 0.922089 0.757746 0.041670 0.110477 0.800183 0.439596 0.060557 0.318817 0.714315 0.585936 0.763617 0.270469
0.871547 0.817940 0.024916 0.235218 0.838935 0.369038 0.184135 0.858066 0.585273 0.550793 0.109375 0.022100 0.037794 0.488854 0.067163 0.651534 0.138601 0.445048 0.177815 0.011982 0.236390 0.755660 0.970256 0.458647 0.852434 0.683358 0.235497 0.252629 0.053905 0.622175 0.070047 0.744429 0.318463 0.475707 0.979819 0.810613 0.106551 0.813097 0.638937 0.039016 0.760213 0.532796 0.346153 0.855215 0.482321 0.221982 0.885116 0.395525 0.350959 0.101111 0.294998 0.318540 0.124247 0.425096 0.752718 0.175890 0.395329 0.888846 0.249368 0.910980 0.689594 0.679999 0.215873 0.045587 0.536172 0.066773 0.122126 0.655261 0.216307 0.566500 0.968966 0.844683 0.509157 0.294482 0.899070 0.135418 0.066601 0.162415 0.537087 0.471841 0.949163 0.434306 0.277602 0.616481 0.014505 0.659447 0.957090 0.759780 0.700921 0.249203 0.796319 0.427749 0.591786 0.085513 0.364067 0.403916 0.117208 0.479007 0.592078 0.673078 0.320424 0.660668 0.000967 0.264670 0.675049 0.757134 0.786140 0.607399 0.729736 0.839142 0.971703 0.948375 0.799208 0.495320 0.320144 0.442430 0.305479 0.614955 0.429671 0.751476 0.633991 0.048952 0.480341 0.807754 0.962183 0.157227 0.811118 0.711672 0.777925 0.485170 0.150393 0.429718 0.757971 0.633517 0.455328 0.350683 0.084674 0.214516 0.712364 0.159632 0.289112 0.130888 0.540495 0.602397 0.218082 0.135527 0.323871 0.132544 0.116667 0.833760 0.243034 0.607717 0.337722 0.576038 0.541119 0.929263 0.360163 0.379875 0.691575 0.415605 0.567955 0.742652 0.452666 0.574919 0.699410 0.668440 0.101667 0.018522 0.570931 0.489666 0.607960 0.311948 0.099807 0.548418 0.235803 0.013827 0.628754 0.991837 0.365906 0.750779 0.885788 0.656296 0.200222 0.502417 0.734975 0.105114 0.070556 0.654244 0.995612 0.748714 0.793918 0.801732 0.504401 0.772489 0.407659 0.930639 0.251126 0.987306 0.549056 0.932892 0.866243 0.675608 0.070763 0.276141 0.472879 0.938057 0.593765 0.454625 0.725681 0.290295 0.318850 0.957077 0.602711 0.010739 0.272848 0.266635 0.103577 0.382193 0.454987 0.014100 0.895547 0.231209 0.170751 0.351464 0.652683 0.035688 0.728524 0.882725 0.348354 0.278593 0.908718 0.822480 0.678452 0.347836 0.676973 0.422974 0.676221 0.913072 0.495961 0.160515 0.774450 0.548696 0.466136 0.464251 0.120156 0.435494 0.448760 0.771301 0.273026 0.070639 0.093261 0.018061 0.413988 0.909389 0.356245 0.343252 0.811637 0.547322 0.337894 0.847228 0.294570 0.947825 0.744417 0.866692 0.011858 0.999463 0.513749 0.431328 0.831902 0.231970 0.783272 0.107938 0.227989 0.837782 0.356888 0.230344 0.430658 0.643345 0.415407 0.613371 0.778267 0.750710 0.556172 0.193014 0.367225 0.020797 0.181060 0.727428 0.830037 0.425318 0.411676 0.480933 0.681434 0.082611 0.240728 0.742893 0.326807 0.796882 0.681424 0.593485
0.652026 0.920732 0.913394 0.902575 0.864092 0.927143 0.280764 0.664102 0.242942 0.385330 0.816118 0.017493 0.992180 0.619061 0.663730 0.516539 0.803942 0.949113 0.335500 0.561759 0.107312 0.418765 0.945636 0.638826 0.868901 0.562690 0.434151 0.762081 0.505478 0.693440 0.492566 0.121017 0.375227 0.714050 0.897645 0.348426 0.138711 0.783619 0.834980 0.358012 0.646083 0.720445 0.825184 0.988935 0.024796 0.830219 0.181605 0.508197 0.790577 0.488534 0.553605 0.406579 0.968585 0.015076 0.276498 0.905954 0.189922 0.231468 0.520116 0.729336 0.720274 0.273611 0.944315 0.815514 0.184081 0.923405 0.582856 0.015696 0.971002 0.779624 0.635846 0.134375 0.950360 0.994552 0.500504 0.732247 0.014137 0.923295 0.894055 0.461075 0.795748 0.557440 0.900432 0.579307 0.521237 0.213974 0.433254 0.642334 0.415219 0.324957 0.017757 0.184431 0.266682 0.284886 0.368723 0.649481 0.476585 0.082209 0.861621 0.184067 0.642852 0.272776 0.851563 0.003251 0.670656 0.275873 0.451785 0.475476 0.131693 0.819885 0.749196 0.149281 0.188046 0.284460 0.351173 0.085787 0.485244 0.624446 0.541326 0.980058 0.122812 0.007191 0.698782 0.583147 0.138187 0.653838 0.951074 0.367320 0.225477 0.918510 0.993480 0.057866 0.380022 0.921369 0.996366 0.680626 0.762854 0.890252 0.935924 0.368074 0.332535 0.489036 0.064471 0.636606 0.335417 0.473220 0.591901 0.939300 0.050515 0.241932 0.303696 0.675768 0.409777 0.993622 0.593055 0.988712 0.671511 0.785340 0.561386 0.703767 0.279343 0.112636 0.943171 0.168853 0.780423 0.483744 0.001222 0.898002 0.550157 0.764605 0.187300 0.012712 0.573440 0.702563 0.219400 0.122261 0.060863 0.567324 0.038321 0.394006 0.900740 0.426719 0.913023 0.122033 0.832438 0.638885 0.265113 0.167291 0.750133 0.683823 0.356113 0.733589 0.952233 0.937675 0.172375 0.324120 0.042646 0.782470 0.351033 0.112888 0.825630 0.214347 0.608787 0.911500 0.326593 0.586982 0.669053 0.803592 0.619118 0.926376 0.023976 0.706745 0.327897 0.158056 0.243864 0.885440 0.520242 0.976926 0.092456 0.609462 0.097394 0.848225 0.002274 0.415289 0.660705 0.799821 0.939593 0.582898 0.941932 0.325286 0.910940 0.243014 0.362239 0.973900 0.076060 0.694551 0.955544 0.151729 0.468536 0.518837 0.274413 0.118889 0.740107 0.781212 0.701017 0.014201 0.240202 0.740201 0.882926 0.094744 0.134064 0.232429 0.869828 0.368480 0.897843 0.161576 0.517859 0.201428 0.547046 0.908265 0.573268 0.580662 0.210650 0.316057 0.737748 0.682935 0.190773 0.684486 0.232871 0.415887 0.664959 0.774466 0.134099 0.421725 0.402667 0.115563 0.741487 0.810456 0.601254 0.996566 0.141990 0.295060 0.021343 0.324631 0.548097 0.588495 0.970534 0.974147 0.919568 0.249628 0.964753 0.581068 0.638118 0.340139 0.074642 0.407031 0.094025 0.523161 0.751587 0.576943
0.189562 0.895148 0.732982 0.077780 0.456155 0.222380 0.043386 0.484265 0.190975 0.514352 0.849124 0.968072 0.449833 0.269403 0.461064 0.760590 0.128635 0.064026 0.344532 0.626783 0.763104 0.878740 0.714530 0.689219 0.343264 0.749284 0.632677 0.690260 0.212284 0.883000 0.906875 0.227326 0.863365 0.360312 0.367018 0.401726 0.552334 0.473753 0.592317 0.153127 0.941871 0.982712 0.353114 0.875341 0.542341 0.824626 0.236764 0.642156 0.574436 0.741718 0.267605 0.236680 0.932470 0.888171 0.551638 0.915441 0.720975 0.990351 0.825828 0.721991 0.608155 0.140387 0.196863 0.351991 0.019718 0.341931 0.991668 0.224738 0.462663 0.440827 0.824721 0.160701 0.676961 0.154885 0.889948 0.034804 0.884440 0.675738 0.116874 0.392294 0.529229 0.025111 0.024359 0.668762 0.651055 0.982097 0.895210 0.160475 0.661073 0.824974 0.044101 0.696220 0.167334 0.315962 0.877070 0.943487 0.778808 0.553788 0.405584 0.419879 0.378450 0.142406 0.599056 0.875298 0.904341 0.887454 0.295492 0.674532 0.489286 0.882318 0.881043 0.880983 0.780117 0.352609 0.772802 0.803511 0.192156 0.244256 0.673622 0.399585 0.848358 0.497207 0.213399 0.909885 0.439022 0.107378 0.690235 0.829166 0.190401 0.382500 0.539395 0.136893 0.928038 0.119970 0.344424 0.430543 0.295754 0.984326 0.168530 0.069109 0.511319 0.977788 0.473536 0.291171 0.863614 0.874099 0.364882 0.601430 0.567616 0.366422 0.507163 0.653629 0.755052 0.957491 0.855381 0.661463 0.915184 0.587737 0.420887 0.308096 0.968610 0.139714 0.251759 0.982582 0.338544 0.859402 0.949528 0.011764 0.720518 0.953280 0.226487 0.719454 0.744519 0.314450 0.471461 0.025587 0.403744 0.324077 0.262301 0.180752 0.906944 0.232803 0.198503 0.534304 0.973422 0.491069 0.776358 0.072613 0.199560 0.244977 0.524043 0.378072 0.471207 0.938756 0.890183 0.933501 0.616573 0.312949 0.857669 0.919402 0.497244 0.331438 0.157013 0.315257 0.825528 0.271589 0.976416 0.864198 0.512478 0.520763 0.733715 0.519945 0.976577 0.304539 0.911167 0.999254 0.528718 0.652966 0.845315 0.157779 0.136743 0.085801 0.295587 0.370989 0.947678 0.923700 0.427435 0.308682 0.717144 0.664726 0.535742 0.005307 0.722362 0.610110 0.729073 0.696377 0.624812 0.634155 0.766428 0.557941 0.184029 0.060647 0.269909 0.623610 0.977588 0.060224 0.073669 0.491196 0.889579 0.988411 0.254612 0.840343 0.103368 0.649645 0.367281 0.526369 0.908995 0.553480 0.353150 0.624876 0.111061 0.164167 0.980831 0.879736 0.837679 0.603614 0.757854 0.422419 0.581462 0.245389 0.541652 0.052702 0.032944 0.867634 0.377157 0.246777 0.677178 0.750051 0.856277 0.425132 0.999682 0.972937 0.980826 0.739992 0.202696 0.813468 0.474396 0.591371 0.904457 0.995383 0.328908 0.826820 0.487373 0.277392 0.315728 0.905307 0.949628 0.240704 0.999355 0.446328
0.568229 0.894247 0.236020 0.517122 0.425173 0.456858 0.302489 0.027117 0.710498 0.341847 0.460795 0.184515 0.914422 0.011646 0.560604 0.508237 0.128409 0.811966 0.927577 0.834650 0.708118 0.386196 0.687515 0.956226 0.262794 0.556471 0.078562 0.732905 0.384849 0.691121 0.327321 0.452934 0.678111 0.143836 0.741746 0.757359 0.397373 0.524858 0.680076 0.259680 0.655491 0.628366 0.734767 0.865947 0.663837 0.320569 0.566888 0.314720 0.382175 0.874755 0.701089 0.041450 0.168610 0.498006 0.408567 0.616094 0.613969 0.425994 0.465990 0.274803 0.413488 0.171062 0.368633 0.519521 0.911156 0.807808 0.676258 0.667375 0.970681 0.327904 0.795450 0.762369 0.040881 0.312037 0.713217 0.588230 0.196689 0.613489 0.182922 0.859500 0.480770 0.771616 0.271282 0.130891 0.193303 0.377867 0.499925 0.630107 0.810596 0.040169 0.484442 0.759068 0.040769 0.959686 0.436653 0.666160 0.149382 0.896560 0.887441 0.949338 0.188989 0.934104 0.294604 0.702132 0.082839 0.102643 0.015939 0.489359 0.204584 0.576298 0.431468 0.425299 0.162055 0.126792 0.535011 0.563400 0.540939 0.578306 0.251863 0.354356 0.516533 0.123321 0.635569 0.723184 0.408438 0.268781 0.245576 0.777391 0.434096 0.570227 0.795333 0.673300 0.038017 0.240319 0.688302 0.780430 0.844271 0.770105 0.321735 0.937318 0.954751 0.030232 0.066089 0.644953 0.933062 0.504563 0.702957 0.496251 0.172325 0.622350 0.306517 0.165934 0.095871 0.422661 0.484589 0.908687 0.223086 0.447881 0.811490 0.759624 0.515893 0.934978 0.653465 0.322799 0.173337 0.583303 0.768064 0.380427 0.760911 0.325113 0.718472 0.142372 0.727511 0.338821 0.793614 0.975978 0.028408 0.344624 0.794475 0.895328 0.106322 0.960260 0.616727 0.879898 0.013254 0.642209 0.478262 0.031937 0.194521 0.231850 0.133304 0.998733 0.123735 0.588353 0.879277 0.511052 0.625789 0.954194 0.641779 0.303939 0.777391 0.289319 0.826783 0.391382 0.128729 0.365461 0.150616 0.157927 0.124110 0.734645 0.405157 0.822303 0.588038 0.538845 0.388126 0.317324 0.480012 0.746450 0.515831 0.447608 0.181097 0.116731 0.408963 0.237332 0.914134 0.026100 0.450562 0.077545 0.430575 0.617172 0.436819 0.343458 0.993102 0.856031 0.158081 0.267800 0.476292 0.218304 0.055213 0.775111 0.732306 0.625405 0.237027 0.135206 0.963112 0.761879 0.701632 0.046442 0.881669 0.179814 0.431952 0.307364 0.366661 0.094135 0.909836 0.785491 0.073630 0.335661 0.357668 0.748712 0.752658 0.540374 0.438640 0.101275 0.645000 0.213302 0.569649 0.086406 0.546889 0.540711 0.886804 0.848249 0.272229 0.263419 0.122983 0.637127 0.646816 0.720033 0.946222 0.971831 0.536770 0.893671 0.492739 0.021264 0.735445 0.548573 0.598691 0.208848 0.934058 0.134253 0.123473 0.129920 0.347964 0.694757 0.939518 0.716622 0.161092 0.291763 0.233731 0.576909
0.897946 0.865964 0.829219 0.788350 0.796995 0.419721 0.218797 0.774027 0.138755 0.599983 0.566849 0.410979 0.861267 0.777263 0.393625 0.711644 0.072232 0.176425 0.606770 0.059780 0.263370 0.535874 0.278670 0.784119 0.100628 0.003862 0.972463 0.799424 0.665021 0.086707 0.728932 0.220552 0.924893 0.835410 0.524491 0.250997 0.404827 0.173403 0.031821 0.856489 0.139610 0.457238 0.087069 0.553673 0.988832 0.343483 0.033314 0.882774 0.531305 0.665881 0.086132 0.525973 0.223301 0.612855 0.810147 0.743226 0.672500 0.669859 0.270362 0.813564 0.547723 0.734425 0.909907 0.892334 0.989374 0.579502 0.567147 0.157110 0.422961 0.317704 0.037850 0.778832 0.251800 0.005777 0.943892 0.899255 0.997747 0.276072 0.039146 0.836129 0.131834 0.728747 0.012639 0.729897 0.412744 0.491723 0.942257 0.287127 0.276954 0.322175 0.668149 0.477068 0.943517 0.301488 0.158876 0.576547 0.045675 0.050389 0.689330 0.158381 0.079814 0.601716 0.200502 0.253083 0.317611 0.385233 0.036945 0.605013 0.931403 0.482902 0.265471 0.999257 0.746565 0.073128 0.822498 0.461765 0.188105 0.769800 0.458589 0.969758 0.617371 0.508836 0.842999 0.887801 0.292683 0.190952 0.530350 0.510101 0.151781 0.025549 0.683883 0.730392 0.528819 0.903666 0.051681 0.467210 0.130999 0.098356 0.693959 0.751887 0.614932 0.307017 0.616616 0.949162 0.087812 0.953085 0.871052 0.737543 0.593875 0.573646 0.085706 0.574450 0.909779 0.565808 0.669236 0.266934 0.460660 0.571482 0.145501 0.916463 0.311281 0.635661 0.970991 0.894379 0.673526 0.070412 0.847076 0.233385 0.940848 0.282721 0.234433 0.868634 0.467879 0.331380 0.691949 0.189440 0.486115 0.780800 0.781715 0.305271 0.329320 0.037580 0.050145 0.155339 0.704576 0.676518 0.273935 0.974084 0.759369 0.072181 0.702567 0.388691 0.844982 0.053141 0.446945 0.473079 0.273911 0.715590 0.967697 0.690980 0.528926 0.345640 0.430559 0.219515 0.407738 0.579224 0.639075 0.016186 0.338142 0.998116 0.737996 0.545259 0.475415 0.857528 0.746016 0.866831 0.603310 0.493313 0.036336 0.271043 0.438303 0.923590 0.209154 0.128247 0.809025 0.532245 0.876448 0.212345 0.566280 0.997221 0.213527 0.411163 0.414542 0.868451 0.944439 0.529780 0.678221 0.868944 0.817826 0.427631 0.291870 0.259800 0.329093 0.079784 0.621804 0.886294 0.333822 0.825183 0.653862 0.652532 0.392706 0.714963 0.354302 0.119095 0.254247 0.638515 0.571183 0.471768 0.764070 0.912731 0.852308 0.068104 0.528438 0.853685 0.172101 0.131151 0.100213 0.769223 0.889395 0.305455 0.666121 0.302596 0.647909 0.875939 0.827897 0.678460 0.984581 0.761332 0.474061 0.786889 0.223687 0.945198 0.760043 0.995196 0.260115 0.076345 0.486832 0.066931 0.483913 0.483508 0.998689 0.896774 0.473109 0.822166 0.594629 0.772790 0.407262 0.299462 0.679831 0.426144
0.388077 0.213405 0.520071 0.710996 0.581487 0.241638 0.878359 0.881384 0.432805 0.069544 0.907647 0.199823 0.179684 0.012033 0.134733 0.836718 0.826015 0.056687 0.299168 0.924034 0.307548 0.810902 0.046208 0.586953 0.316597 0.243616 0.078932 0.195250 0.185394 0.097213 0.711497 0.983487 0.503802 0.280091 0.988055 0.672955 0.845639 0.048390 0.103563 0.469853 0.763548 0.605538 0.384737 0.390434 0.564175 0.305224 0.494139 0.978696 0.277508 0.174687 0.176986 0.429024 0.444255 0.009869 0.674659 0.899595 0.853047 0.477742 0.661403 0.177927 0.909724 0.816750 0.183679 0.657383 0.789856 0.908331 0.782757 0.250626 0.619545 0.903968 0.213624 0.373448 0.166122 0.940901 0.709779 0.724117 0.597477 0.475998 0.626143 0.678353 0.601012 0.543477 0.275822 0.276123 0.374612 0.473186 0.964993 0.583867 0.107504 0.172982 0.836506 0.125683 0.732801 0.428179 0.112684 0.032868 0.076451 0.212147 0.897641 0.918088 0.208381 0.163716 0.907876 0.728155 0.985298 0.514863 0.460658 0.278726 0.961389 0.618872 0.223681 0.857438 0.592306 0.817259 0.009398 0.799632 0.949912 0.752474 0.195174 0.157838 0.041714 0.988420 0.727080 0.516217 0.359254 0.743757 0.165554 0.783476 0.216957 0.342357 0.239894 0.283488 0.497867 0.190448 0.980185 0.385917 0.228392 0.859387 0.769196 0.293811 0.621713 0.797672 0.452520 0.338995 0.519374 0.140251 0.348834 0.024169 0.613597 0.039636 0.653292 0.243173 0.055345 0.450046 0.043770 0.604685 0.546246 0.831867 0.240468 0.422153 0.577292 0.840460 0.350518 0.956793 0.014339 0.104194 0.390881 0.704541 0.178560 0.185909 0.457447 0.618988 0.863058 0.814409 0.645742 0.112256 0.400170 0.833899 0.406011 0.510058 0.733426 0.191195 0.335291 0.610052 0.230357 0.423673 0.276683 0.289579 0.721556 0.582173 0.135880 0.247708 0.356556 0.693093 0.365264 0.774282 0.919805 0.624529 0.036225 0.986911 0.730973 0.681881 0.679109 0.440395 0.650652 0.510862 0.920046 0.083003 0.680629 0.561806 0.476766 0.679538 0.407454 0.669284 0.463315 0.614950 0.508759 0.336662 0.513007 0.697025 0.967390 0.972342 0.648906 0.589343 0.720711 0.770481 0.014480 0.709090 0.574275 0.289086 0.300869 0.551376 0.596843 0.019199 0.155457 0.718050 0.009321 0.710778 0.326734 0.973327 0.358261 0.007083 0.594168 0.085542 0.370752 0.056189 0.360828 0.474163 0.378560 0.150861 0.172158 0.053789 0.917820 0.951897 0.375909 0.184157 0.980185 0.612958 0.210801 0.702280 0.631444 0.041944 0.718020 0.465811 0.134376 0.852459 0.197933 0.797220 0.246710 0.002445 0.030614 0.738922 0.199733 0.662697 0.173439 0.775914 0.971550 0.679588 0.062666 0.410239 0.234308 0.892603 0.861877 0.741407 0.650239 0.734026 0.790675 0.126646 0.343450 0.930371 0.837760 0.905297 0.677421 0.260765 0.188486 0.286578 0.132034 0.003204 0.133166 0.525077
0.712587 0.682086 0.467196 0.767105 0.378887 0.444314 0.919601 0.443613 0.310153 0.980668 0.284577 0.472515 0.864167 0.355794 0.043304 0.229493 0.597589 0.941258 0.418015 0.038321 0.584125 0.356563 0.930346 0.853344 0.202746 0.656619 0.151190 0.293622 0.638837 0.033119 0.736407 0.708792 0.491504 0.338527 0.535108 0.704968 0.384608 0.632923 0.923329 0.022518 0.515682 0.367656 0.376968 0.058880 0.690672 0.573718 0.903265 0.706539 0.073202 0.317438 0.980381 0.368674 0.452536 0.373013 0.934086 0.247685 0.301639 0.442325 0.774426 0.767942 0.847406 0.586884 0.526076 0.163673 0.175286 0.295311 0.855815 0.838514 0.319999 0.602779 0.747238 0.471401 0.291151 0.721714 0.637928 0.275232 0.915568 0.320697 0.603816 0.885266 0.896026 0.704344 0.921399 0.710486 0.709109 0.671872 0.039732 0.154259 0.951674 0.545720 0.910917 0.756147 0.471732 0.449610 0.508181 0.876469 0.972041 0.417444 0.604536 0.679217 0.132722 0.886956 0.753961 0.300545 0.239744 0.297551 0.556618 0.827254 0.202176 0.844535 0.203984 0.684914 0.823421 0.399472 0.973972 0.442159 0.944456 0.086777 0.485542 0.118880 0.898027 0.237279 0.207203 0.023023 0.299370 0.054936 0.526796 0.487908 0.590337 0.227005 0.946705 0.140258 0.156940 0.883653 0.463610 0.855622 0.856203 0.911838 0.917059 0.321508 0.646157 0.668246 0.794195 0.664087 0.368910 0.388000 0.008335 0.186822 0.193906 0.365767 0.610536 0.748016 0.381775 0.356263 0.432288 0.267306 0.117136 0.143829 0.055558 0.937316 0.220460 0.872616 0.152127 0.408487 0.169132 0.208010 0.261808 0.649903 0.678066 0.074411 0.857056 0.517406 0.615412 0.944010 0.560226 0.722213 0.819211 0.425516 0.735593 0.979562 0.839359 0.579102 0.272036 0.606548 0.433946 0.412944 0.625399 0.820162 0.115485 0.402240 0.269195 0.539601 0.528486 0.613967 0.854842 0.581084 0.663898 0.069965 0.034427 0.646764 0.863929 0.210273 0.263682 0.376187 0.623852 0.866026 0.659040 0.547455 0.965255 0.819631 0.578853 0.509190 0.774682 0.479867 0.736535 0.106742 0.443146 0.501218 0.963684 0.943308 0.068675 0.909757 0.797051 0.185371 0.146450 0.328796 0.060738 0.006347 0.491991 0.300754 0.650110 0.720733 0.550188 0.773936 0.551337 0.157975 0.603160 0.285842 0.706648 0.769598 0.866941 0.713434 0.533766 0.697067 0.808362 0.331735 0.906562 0.949297 0.605646 0.330264 0.462787 0.893264 0.378326 0.414873 0.524558 0.509615 0.444058 0.544885 0.523758 0.353124 0.411879 0.604428 0.904820 0.663211 0.085042 0.044864 0.266236 0.194071 0.909189 0.674176 0.021485 0.957424 0.271092 0.432119 0.621908 0.632084 0.221178 0.973572 0.537878 0.842640 0.488334 0.322215 0.764199 0.390691 0.005301 0.807418 0.745674 0.745376 0.124874 0.172766 0.805228 0.204533 0.695064 0.980608 0.274079 0.467730 0.867612 0.278704 0.456258 0.979913
0.064383 0.885091 0.920647 0.107780 0.711924 0.501964 0.192367 0.034995 0.673103 0.034449 0.802214 0.692174 0.802788 0.274525 0.242929 0.664112 0.599393 0.374920 0.264635 0.610665 0.689216 0.864033 0.305711 0.766860 0.776249 0.090708 0.706548 0.009218 0.690261 0.537618 0.718048 0.055798 0.307663 0.844310 0.816328 0.884663 0.838025 0.543778 0.409167 0.376635 0.266626 0.442495 0.172649 0.165488 0.275304 0.449104 0.712825 0.300764 0.213226 0.879484 0.264419 0.614158 0.705750 0.466483 0.022644 0.172305 0.058864 0.806504 0.110849 0.871643 0.472816 0.820901 0.639383 0.153511 0.364478 0.545234 0.974270 0.624900 0.934925 0.931655 0.651413 0.430051 0.942418 0.305394 0.667115 0.475126 0.794021 0.602373 0.685606 0.762488 0.079450 0.268625 0.600234 0.718078 0.126280 0.463198 0.175516 0.781003 0.086560 0.424831 0.192617 0.817795 0.454981 0.939247 0.332590 0.519359 0.211719 0.855924 0.909931 0.216654 0.616738 0.716485 0.501198 0.613345 0.825057 0.118850 0.017375 0.260344 0.736843 0.929202 0.478100 0.332196 0.887004 0.867263 0.244982 0.716200 0.082729 0.670711 0.484382 0.644044 0.387723 0.276210 0.838753 0.815880 0.452891 0.680854 0.196880 0.237219 0.708383 0.730689 0.434894 0.578948 0.346027 0.060722 0.751263 0.512045 0.325937 0.309333 0.383115 0.069855 0.581626 0.211953 0.045940 0.686635 0.842141 0.015181 0.925409 0.286708 0.090939 0.985279 0.789824 0.209664 0.962635 0.966946 0.932647 0.828040 0.609020 0.263478 0.282225 0.253819 0.871525 0.693200 0.458173 0.027190 0.744173 0.745805 0.135354 0.188798 0.955048 0.501453 0.455408 0.526061 0.082260 0.319608 0.988313 0.180782 0.918149 0.516986 0.451304 0.251332 0.074888 0.821554 0.554588 0.659484 0.629896 0.337743 0.614539 0.315461 0.087478 0.878383 0.089946 0.636173 0.203869 0.734378 0.625513 0.511206 0.257899 0.097184 0.236537 0.225779 0.052159 0.597759 0.721843 0.331479 0.795457 0.542771 0.202461 0.218327 0.106278 0.175634 0.103767 0.594695 0.368524 0.224855 0.417599 0.458030 0.722850 0.001360 0.730002 0.016400 0.825018 0.047330 0.340868 0.744759 0.874861 0.082825 0.253705 0.399120 0.012116 0.864048 0.128163 0.486933 0.280279 0.433081 0.599828 0.052782 0.304706 0.135684 0.305728 0.172035 0.049104 0.694022 0.057002 0.281750 0.915271 0.844686 0.011241 0.555631 0.798686 0.470831 0.929128 0.732616 0.017988 0.254494 0.537663 0.701070 0.567666 0.519754 0.636429 0.676281 0.907963 0.533443 0.771994 0.404909 0.081642 0.218375 0.952225 0.771722 0.456093 0.157613 0.437872 0.691009 0.390221 0.512223 0.872066 0.949745 0.384069 0.515727 0.360896 0.044929 0.322271 0.068825 0.155171 0.329516 0.397566 0.938720 0.663417 0.683079 0.658060 0.062165 0.295859 0.484832 0.160942 0.772917 0.813433 0.201495 0.475994 0.141420 0.063516 0.379755
0.392240 0.046082 0.785962 0.722009 0.905169 0.884046 0.402900 0.003529 0.848858 0.863877 0.311839 0.240410 0.889266 0.169049 0.003216 0.097872 0.956371 0.424917 0.319585 0.321436 0.469290 0.098811 0.994170 0.122817 0.013109 0.370741 0.703505 0.514228 0.235536 0.896776 0.776993 0.094846 0.474880 0.206328 0.784846 0.539745 0.169602 0.980184 0.596767 0.899679 0.948482 0.867831 0.979519 0.444003 0.346533 0.834576 0.395200 0.795130 0.336044 0.414953 0.617327 0.183414 0.663803 0.155737 0.289640 0.780344 0.751359 0.052637 0.793756 0.025373 0.405939 0.497978 0.510694 0.924385 0.010381 0.371855 0.030359 0.107177 0.804637 0.894635 0.050553 0.844838 0.780353 0.200812 0.400732 0.845946 0.537453 0.132642 0.787823 0.916827 0.172431 0.701985 0.028728 0.584445 0.531478 0.802216 0.021149 0.141861 0.043615 0.113631 0.732948 0.871320 0.038275 0.454583 0.116096 0.651648 0.627596 0.883962 0.649079 0.955062 0.723342 0.875357 0.771232 0.939182 0.322837 0.092175 0.930037 0.533443 0.357268 0.533506 0.993842 0.551494 0.101155 0.597825 0.446986 0.712845 0.897683 0.291294 0.464883 0.232791 0.313143 0.795410 0.627049 0.882806 0.680645 0.387079 0.232971 0.472380 0.518965 0.747758 0.179859 0.148552 0.074247 0.840443 0.120299 0.493434 0.605961 0.569112 0.150247 0.124595 0.222112 0.195444 0.884871 0.160587 0.721123 0.436841 0.886204 0.075505 0.001496 0.146988 0.259489 0.017179 0.914895 0.729342 0.751350 0.374959 0.804414 0.903610 0.906094 0.122953 0.767873 0.642275 0.687059 0.759437 0.280341 0.497268 0.024488 0.901934 0.177353 0.631460 0.334143 0.794870 0.461103 0.230410 0.212204 0.218739 0.668974 0.259128 0.110036 0.929911 0.200118 0.556337 0.516712 0.028429 0.789832 0.443714 0.239130 0.989761 0.491494 0.778954 0.311752 0.522837 0.255036 0.202686 0.181489 0.249834 0.442354 0.201950 0.639440 0.379100 0.658359 0.176979 0.269472 0.136033 0.260273 0.395789 0.737795 0.552260 0.691616 0.235296 0.440681 0.519140 0.377725 0.165007 0.522149 0.017593 0.631199 0.683500 0.381010 0.621790 0.091790 0.909713 0.808991 0.817453 0.043348 0.385260 0.786009 0.119074 0.222854 0.336197 0.120982 0.566556 0.793168 0.993465 0.737762 0.950033 0.725933 0.717707 0.118749 0.343110 0.330500 0.933992 0.074432 0.656087 0.184881 0.264064 0.033713 0.033998 0.864466 0.383666 0.990645 0.969018 0.426283 0.363039 0.431292 0.839781 0.471691 0.534108 0.986109 0.453202 0.947193 0.050761 0.277138 0.596227 0.038026 0.558640 0.541373 0.702813 0.705900 0.745600 0.350158 0.897010 0.619061 0.290207 0.308017 0.256707 0.881829 0.046401 0.937007 0.695008 0.496281 0.081335 0.424582 0.974100 0.380611 0.960759 0.255979 0.458140 0.248908 0.488832 0.012914 0.588208 0.230074 0.479412 0.240624 0.340470 0.024867 0.539839 0.102813 0.579048
0.395350 0.055389 0.255773 0.499221 0.923040 0.594872 0.639983 0.939870 0.054357 0.958218 0.891130 0.001735 0.488432 0.743477 0.049120 0.008479 0.832970 0.017519 0.029491 0.870812 0.298561 0.562868 0.096026 0.035627 0.117236 0.420091 0.384743 0.563538 0.005247 0.932206 0.676636 0.157905 0.322226 0.599443 0.812682 0.030892 0.775947 0.229353 0.135434 0.357016 0.319780 0.661382 0.981468 0.147800 0.116018 0.206059 0.120489 0.111316 0.578129 0.216238 0.296520 0.637594 0.729725 0.138308 0.782290 0.623571 0.275217 0.323118 0.668494 0.490998 0.773523 0.654912 0.216613 0.173447 0.726869 0.859201 0.905916 0.200781 0.941209 0.365931 0.230845 0.054334 0.383708 0.058294 0.139936 0.684319 0.188286 0.062385 0.429375 0.144692 0.938152 0.175952 0.207649 0.294306 0.314879 0.939517 0.190914 0.331447 0.075370 0.489105 0.934375 0.606085 0.727970 0.060088 0.564224 0.628603 0.048744 0.408294 0.895953 0.174686 0.894071 0.892128 0.729591 0.998763 0.848796 0.250873 0.913461 0.899054 0.433947 0.618288 0.487253 0.946786 0.239656 0.036697 0.107037 0.997296 0.247622 0.656803 0.700155 0.903258 0.111150 0.442250 0.354199 0.349313 0.331681 0.238507 0.451728 0.201580 0.905147 0.809258 0.773923 0.422595 0.091048 0.857846 0.701604 0.532337 0.237674 0.300236 0.382296 0.322027 0.956363 0.709306 0.848787 0.451788 0.211040 0.748426 0.704367 0.016155 0.934059 0.348679 0.053367 0.615803 0.547375 0.821148 0.881400 0.340763 0.867239 0.360638 0.227995 0.525825 0.471466 0.216689 0.684577 0.086920 0.402434 0.249564 0.650890 0.795447 0.815596 0.870772 0.467222 0.498996 0.690053 0.423939 0.299541 0.909983 0.565185 0.296940 0.437678 0.833365 0.199819 0.071764 0.700931 0.805722 0.835235 0.038688 0.770737 0.963092 0.355163 0.758409 0.310419 0.035333 0.951917 0.048476 0.078209 0.902785 0.321376 0.576191 0.366732 0.179312 0.012544 0.089304 0.180322 0.420480 0.984441 0.469699 0.113794 0.950838 0.246625 0.915937 0.513312 0.496347 0.246869 0.526917 0.202983 0.718788 0.696374 0.055667 0.156261 0.399199 0.611181 0.252413 0.831913 0.347797 0.498916 0.440851 0.178901 0.018938 0.083846 0.903822 0.337604 0.789284 0.846452 0.729579 0.440838 0.104595 0.154696 0.215170 0.830285 0.094537 0.800219 0.733036 0.882345 0.460863 0.075107 0.120570 0.842932 0.009734 0.959844 0.462910 0.941781 0.409399 0.827475 0.853454 0.254704 0.562055 0.312464 0.467305 0.920518 0.798050 0.695671 0.773662 0.456830 0.030850 0.983437 0.196354 0.145829 0.466871 0.477298 0.038233 0.007741 0.800182 0.955950 0.871680 0.965197 0.419262 0.864402 0.428324 0.776438 0.031211 0.080589 0.445055 0.996876 0.272138 0.018463 0.351738 0.959331 0.279445 0.504152 0.963883 0.929716 0.491827 0.071081 0.535794 0.851240 0.262311 0.753217 0.809374 0.381572 0.664037
0.461882 0.671956 0.227578 0.447524 0.143191 0.834674 0.001691 0.549844 0.635264 0.561538 0.930768 0.895728 0.660891 0.425327 0.578346 0.654246 0.633978 0.304453 0.630085 0.983609 0.992441 0.761068 0.713718 0.537318 0.204840 0.101130 0.729724 0.237853 0.417498 0.326711 0.089666 0.197570 0.353061 0.990610 0.155665 0.491816 0.239216 0.197338 0.070408 0.159774 0.753466 0.887061 0.792990 0.274006 0.805848 0.595000 0.534719 0.955088 0.070090 0.535069 0.966156 0.142007 0.686992 0.479826 0.638670 0.993997 0.946940 0.984985 0.139633 0.991227 0.485969 0.355663 0.286968 0.795020 0.270038 0.406652 0.901438 0.511686 0.531077 0.975360 0.002684 0.001534 0.688435 0.965113 0.534216 0.534852 0.682953 0.350153 0.126756 0.298926 0.261641 0.540448 0.517425 0.983831 0.905048 0.910045 0.290427 0.275090 0.725597 0.848202 0.778917 0.481251 0.541328 0.851864 0.358040 0.895622 0.054120 0.893588 0.524120 0.068566 0.329661 0.970714 0.706390 0.078064 0.595117 0.095200 0.460786 0.231445 0.906401 0.206440 0.539041 0.828876 0.668624 0.410780 0.751961 0.101246 0.174828 0.063206 0.045835 0.608781 0.042288 0.599818 0.934885 0.904589 0.768509 0.455971 0.798622 0.114869 0.089732 0.324748 0.703514 0.268940 0.931616 0.476327 0.126473 0.667503 0.759817 0.691403 0.998630 0.019819 0.028041 0.469514 0.782012 0.358326 0.540207 0.012812 0.944534 0.904233 0.409498 0.446954 0.248433 0.556411 0.756476 0.760479 0.440495 0.215318 0.511791 0.918842 0.374303 0.854906 0.216686 0.928063 0.790113 0.585653 0.123293 0.614448 0.112034 0.609525 0.826806 0.058663 0.015136 0.610417 0.197537 0.267313 0.651359 0.027398 0.084862 0.144916 0.644358 0.486989 0.783444 0.798140 0.302922 0.057987 0.968090 0.255919 0.153262 0.642030 0.049059 0.007780 0.672073 0.385980 0.821107 0.640890 0.235831 0.131680 0.231891 0.194930 0.134053 0.891281 0.978648 0.468205 0.919633 0.593271 0.203051 0.754481 0.753708 0.114175 0.879694 0.771359 0.474634 0.931627 0.310176 0.023242 0.136354 0.405620 0.649789 0.415382 0.902506 0.815148 0.423100 0.883973 0.717062 0.506039 0.472218 0.086635 0.143469 0.184633 0.118158 0.045788 0.911865 0.717670 0.862438 0.701170 0.727185 0.384563 0.367069 0.065759 0.417781 0.110502 0.080696 0.265620 0.917661 0.674186 0.056815 0.866601 0.772839 0.140802 0.546143 0.481544 0.737920 0.399534 0.917143 0.468986 0.038759 0.142395 0.077106 0.115578 0.431125 0.442937 0.300793 0.883740 0.018403 0.280986 0.603699 0.931109 0.577241 0.447676 0.470882 0.208978 0.794798 0.653258 0.404711 0.029934 0.784852 0.986152 0.435936 0.332520 0.059237 0.048061 0.049193 0.349460 0.168048 0.546495 0.674370 0.057685 0.856001 0.581354 0.717055 0.052652 0.593339 0.004281 0.570799 0.419808 0.470151 0.976258 0.449757 0.267244 0.124789 0.433881
0.755353 0.446431 0.085201 0.241338 0.440790 0.930515 0.106435 0.440972 0.144428 0.202998 0.928881 0.080079 0.274828 0.547803 0.633919 0.695392 0.677631 0.184269 0.381059 0.558999 0.223917 0.833402 0.263418 0.043577 0.353504 0.432553 0.440197 0.940859 0.280707 0.529828 0.694995 0.079666 0.239363 0.320039 0.029957 0.360300 0.639769 0.551518 0.222350 0.603227 0.268886 0.267178 0.128843 0.052326 0.223002 0.259420 0.710165 0.730359 0.150975 0.189233 0.494143 0.257638 0.669687 0.888570 0.817069 0.307312 0.092895 0.405153 0.164672 0.393762 0.143921 0.146837 0.399408 0.250148 0.923768 0.175736 0.746568 0.774002 0.605540 0.083058 0.750206 0.491872 0.974168 0.478476 0.840502 0.511211 0.721239 0.680541 0.534431 0.108761 0.677096 0.438271 0.366575 0.067942 0.862456 0.069111 0.911211 0.617053 0.600844 0.745488 0.268515 0.669602 0.215659 0.128937 0.358575 0.247281 0.721774 0.533644 0.674162 0.859190 0.556917 0.016716 0.679398 0.352945 0.263854 0.324405 0.603627 0.101148 0.048564 0.699253 0.193902 0.488420 0.345755 0.153903 0.538167 0.897068 0.643027 0.840330 0.414780 0.120315 0.763271 0.523851 0.351980 0.192170 0.165118 0.642127 0.358952 0.926893 0.668613 0.292840 0.762966 0.119571 0.364559 0.441999 0.123675 0.964071 0.375356 0.377823 0.428368 0.503991 0.352805 0.759265 0.030331 0.460728 0.809137 0.991654 0.320486 0.045274 0.963252 0.866060 0.692709 0.739251 0.847953 0.146363 0.973535 0.813646 0.087974 0.648997 0.317865 0.329801 0.699484 0.521126 0.502873 0.811105 0.366017 0.795853 0.297342 0.044672 0.059385 0.818848 0.024542 0.124412 0.992119 0.113877 0.193907 0.052201 0.242238 0.578217 0.187538 0.312797 0.627781 0.460516 0.900726 0.634030 0.625388 0.761221 0.193028 0.878036 0.840432 0.326381 0.687386 0.868327 0.052233 0.068321 0.873948 0.678174 0.687667 0.611776 0.933427 0.709255 0.317505 0.614524 0.824286 0.443268 0.189168 0.540932 0.997177 0.665817 0.992573 0.864003 0.352971 0.379273 0.422987 0.248276 0.519976 0.889791 0.029421 0.312730 0.326393 0.403119 0.080202 0.913061 0.567536 0.150067 0.062520 0.344788 0.055235 0.219603 0.755749 0.284601 0.224073 0.401073 0.949692 0.284092 0.292113 0.500052 0.328383 0.424282 0.871814 0.044697 0.969998 0.354723 0.086238 0.262426 0.886569 0.095678 0.866090 0.245843 0.545809 0.045546 0.352161 0.198381 0.437755 0.814919 0.801814 0.325175 0.524734 0.979986 0.512412 0.009780 0.731005 0.239100 0.078259 0.962096 0.005184 0.301269 0.848920 0.035831 0.616063 0.454514 0.176483 0.184180 0.422861 0.839338 0.876734 0.836928 0.788586 0.267477 0.706796 0.865107 0.472464 0.989899 0.138487 0.348779 0.029281 0.504993 0.177005 0.022114 0.224014 0.617523 0.567717 0.661760 0.275469 0.422241 0.967353 0.233880 0.151971 0.406173 0.871853 0.639592
0.496808 0.950236 0.438458 0.281775 0.081818 0.597225 0.220998 0.089854 0.192160 0.109427 0.914859 0.048969 0.756844 0.425287 0.718761 0.617531 0.773453 0.704089 0.181314 0.500323 0.034667 0.328848 0.867675 0.981423 0.783409 0.330903 0.624623 0.726746 0.311523 0.356957 0.182001 0.686198 0.849083 0.492043 0.624373 0.420183 0.849675 0.464505 0.326904 0.952168 0.722572 0.578221 0.526199 0.440010 0.676370 0.288998 0.436562 0.016933 0.549812 0.302968 0.955244 0.811375 0.629141 0.843593 0.121521 0.125310 0.639626 0.590968 0.449648 0.172422 0.339187 0.092715 0.135651 0.988987 0.376040 0.003887 0.758489 0.356222 0.756230 0.520073 0.739738 0.195110 0.367515 0.497192 0.820139 0.609338 0.496774 0.243480 0.354097 0.362048 0.011264 0.419540 0.228162 0.889585 0.078773 0.723326 0.825199 0.589790 0.317688 0.960677 0.679390 0.582052 0.923078 0.630452 0.348307 0.791708 0.684109 0.034645 0.280346 0.669655 0.546998 0.735580 0.814486 0.237426 0.953742 0.400938 0.195452 0.316957 0.505698 0.746282 0.167292 0.096611 0.497162 0.099057 0.608097 0.219485 0.917835 0.090894 0.424593 0.408499 0.667731 0.928675 0.837055 0.659040 0.065261 0.369661 0.594825 0.287070 0.717319 0.394001 0.443966 0.515122 0.232589 0.483108 0.279352 0.469446 0.624407 0.720105 0.761507 0.308572 0.689212 0.028728 0.264301 0.400957 0.539010 0.565867 0.822764 0.710532 0.106565 0.730355 0.426155 0.373829 0.722405 0.770540 0.723512 0.071027 0.610444 0.399725 0.637014 0.239260 0.993375 0.259459 0.239712 0.581390 0.839182 0.361995 0.034008 0.452217 0.199985 0.360643 0.301780 0.359657 0.041583 0.204853 0.079490 0.454690 0.824674 0.950891 0.905615 0.218541 0.006416 0.740401 0.983055 0.851552 0.058434 0.750092 0.113677 0.799926 0.709558 0.915789 0.262343 0.561766 0.759830 0.862190 0.840094 0.292020 0.907320 0.425171 0.083428 0.256157 0.515237 0.537083 0.934276 0.511607 0.880799 0.427489 0.773508 0.948699 0.679810 0.489723 0.536547 0.446132 0.850549 0.061605 0.230166 0.139694 0.516372 0.230394 0.823360 0.756197 0.142994 0.409345 0.079544 0.057189 0.368618 0.714283 0.202394 0.789916 0.006942 0.627707 0.067704 0.975896 0.375464 0.804731 0.719902 0.371789 0.471229 0.798052 0.224467 0.351762 0.221364 0.893701 0.326696 0.716117 0.412041 0.071957 0.251929 0.903080 0.590960 0.042142 0.406853 0.582947 0.715592 0.446008 0.749475 0.595603 0.402865 0.308162 0.164939 0.778860 0.417292 0.908212 0.486680 0.959354 0.280349 0.297451 0.271761 0.834490 0.301068 0.373290 0.606574 0.176486 0.001248 0.517737 0.179513 0.748501 0.625148 0.619939 0.797968 0.309937 0.384710 0.945122 0.226990 0.120137 0.078559 0.478662 0.424815 0.482997 0.885269 0.001827 0.614548 0.821566 0.868900 0.160016 0.861892 0.881047 0.864147 0.973122 0.390753 0.484866
0.032833 0.587331 0.662956 0.048969 0.451766 0.445425 0.546620 0.998069 0.452007 0.214167 0.682288 0.563735 0.459259 0.023438 0.892007 0.259529 0.953439 0.547146 0.393406 0.577370 0.574453 0.712207 0.256846 0.320751 0.984566 0.560356 0.115711 0.931968 0.485108 0.038854 0.575721 0.180330 0.460351 0.207316 0.430066 0.086422 0.483927 0.502711 0.497088 0.723568 0.802814 0.540927 0.083024 0.228148 0.095145 0.475427 0.607180 0.750496 0.658394 0.889440 0.280181 0.332930 0.668684 0.956191 0.982421 0.624673 0.069593 0.716483 0.809745 0.631884 0.737058 0.625269 0.281406 0.892125 0.768767 0.539891 0.244965 0.942960 0.662699 0.313360 0.010063 0.606572 0.336444 0.514453 0.602838 0.851816 0.976597 0.560310 0.133881 0.581408 0.845405 0.688789 0.957922 0.250631 0.790021 0.615092 0.267552 0.359142 0.905263 0.427452 0.401811 0.145429 0.147716 0.726004 0.407716 0.973096 0.694664 0.473689 0.371418 0.809895 0.376526 0.417185 0.840470 0.478495 0.837837 0.821061 0.121314 0.049283 0.376740 0.399451 0.866044 0.033619 0.528162 0.314132 0.783545 0.039660 0.299480 0.038892 0.926602 0.352558 0.358843 0.405988 0.504807 0.312907 0.122525 0.153523 0.955074 0.258465 0.603850 0.055769 0.266944 0.248101 0.003996 0.224635 0.157010 0.853708 0.640081 0.466000 0.313201 0.435152 0.561230 0.734750 0.780875 0.928735 0.052617 0.937586 0.397518 0.948390 0.952761 0.529200 0.874289 0.066847 0.156251 0.552754 0.928970 0.217473 0.783020 0.531825 0.845277 0.103465 0.399636 0.837021 0.666706 0.889646 0.429212 0.122858 0.236284 0.992215 0.903153 0.605917 0.136605 0.272758 0.297700 0.448360 0.663558 0.148118 0.328840 0.033582 0.085783 0.387667 0.163817 0.098141 0.016681 0.251331 0.598739 0.620003 0.193022 0.376628 0.939697 0.347610 0.189917 0.522506 0.302488 0.542206 0.142679 0.949623 0.118212 0.416430 0.700136 0.662413 0.769240 0.130717 0.769261 0.573089 0.876397 0.948817 0.120197 0.360192 0.974673 0.996612 0.664467 0.545474 0.137653 0.161531 0.146244 0.025969 0.801796 0.171299 0.813997 0.152305 0.869537 0.331594 0.738344 0.836618 0.886843 0.539872 0.551058 0.928635 0.049362 0.670651 0.900032 0.615236 0.984161 0.502914 0.708999 0.318058 0.473975 0.824200 0.348570 0.906977 0.716548 0.272425 0.694478 0.623567 0.369704 0.431396 0.209806 0.933084 0.364401 0.207075 0.158094 0.692710 0.255417 0.843931 0.497604 0.322733 0.979255 0.757452 0.908838 0.103053 0.151899 0.794364 0.742850 0.378089 0.906100 0.211336 0.433446 0.382528 0.677134 0.340912 0.848933 0.173777 0.500531 0.418215 0.563448 0.384461 0.468034 0.920607 0.171049 0.845344 0.434659 0.132520 0.469261 0.643072 0.812128 0.243198 0.127394 0.370130 0.724829 0.142387 0.925664 0.330162 0.733903 0.591152 0.719442 0.330571 0.754740 0.316437 0.724768 0.853363
0.769797 0.727561 0.568102 0.246925 0.984471 0.325144 0.653744 0.214122 0.763645 0.904451 0.994925 0.116365 0.213424 0.647366 0.780050 0.079082 0.470094 0.306088 0.900086 0.485310 0.595307 0.804213 0.392078 0.034580 0.444509 0.366771 0.675050 0.202714 0.466294 0.972772 0.903830 0.274136 0.401645 0.015285 0.020055 0.037283 0.468858 0.677795 0.523522 0.771392 0.812131 0.163138 0.987017 0.931376 0.232286 0.381357 0.086504 0.878102 0.045347 0.181777 0.449370 0.230727 0.149452 0.488262 0.369213 0.960940 0.108292 0.468508 0.040845 0.980729 0.814997 0.451781 0.211974 0.354880 0.334982 0.403966 0.920727 0.651000 0.227319 0.396780 0.442826 0.728820 0.500198 0.588347 0.237679 0.936629 0.122146 0.086583 0.805523 0.141647 0.936549 0.418053 0.351603 0.974577 0.410699 0.350935 0.220390 0.593761 0.021015 0.023761 0.858467 0.171403 0.737113 0.396763 0.128503 0.068709 0.731974 0.656857 0.158209 0.990449 0.970416 0.922817 0.732834 0.082197 0.226797 0.163823 0.269044 0.119745 0.242332 0.431926 0.557294 0.282375 0.683826 0.766359 0.693039 0.839881 0.672886 0.759738 0.269620 0.773999 0.486412 0.414531 0.655808 0.746175 0.358602 0.388923 0.450991 0.951163 0.701842 0.989872 0.259149 0.420471 0.034272 0.803981 0.338459 0.644656 0.245295 0.739998 0.855449 0.283159 0.322890 0.081254 0.962652 0.032974 0.116745 0.793702 0.391645 0.677049 0.070473 0.755268 0.384349 0.441747 0.933713 0.383581 0.966841 0.183356 0.405367 0.463551 0.149991 0.543365 0.368115 0.082035 0.779893 0.586846 0.249140 0.128549 0.451814 0.062380 0.579094 0.561919 0.729966 0.876296 0.112255 0.614590 0.998884 0.192901 0.967006 0.494217 0.095810 0.419769 0.535555 0.999872 0.459066 0.280570 0.908595 0.847578 0.122285 0.747468 0.319450 0.284885 0.455494 0.122361 0.336227 0.096978 0.361616 0.339597 0.682177 0.963615 0.476759 0.626594 0.562076 0.816989 0.206861 0.036668 0.015281 0.969975 0.815268 0.538244 0.013883 0.074596 0.435329 0.926578 0.341944 0.719456 0.030711 0.023206 0.109980 0.301143 0.168926 0.658581 0.004421 0.184758 0.479814 0.213729 0.296658 0.566160 0.938699 0.359361 0.412849 0.240581 0.434106 0.014769 0.448409 0.679899 0.751047 0.075481 0.947973 0.919624 0.810937 0.776408 0.330806 0.805877 0.077541 0.625796 0.448160 0.570817 0.042311 0.557162 0.368986 0.324393 0.958198 0.079784 0.071803 0.153533 0.761515 0.504150 0.974166 0.011077 0.296806 0.540495 0.802605 0.093028 0.738857 0.664324 0.004027 0.500619 0.929668 0.614604 0.865463 0.691288 0.702879 0.431435 0.795175 0.961831 0.220202 0.082993 0.799627 0.977671 0.122020 0.863950 0.349580 0.339464 0.956157 0.152779 0.041950 0.179326 0.242847 0.682523 0.268647 0.484324 0.624840 0.779919 0.500035 0.711129 0.841220 0.139334 0.979569 0.725945 0.977129 0.039127
0.256200 0.195818 0.926413 0.779885 0.653083 0.456328 0.095202 0.220361 0.070362 0.187387 0.814851 0.562530 0.930025 0.016951 0.674045 0.151021 0.257844 0.389581 0.648929 0.664463 0.981853 0.266453 0.201838 0.188296 0.853043 0.099045 0.337172 0.335615 0.215805 0.004564 0.748619 0.388814 0.857980 0.896286 0.601765 0.829682 0.020670 0.948817 0.442784 0.509464 0.103211 0.533315 0.615652 0.042545 0.608810 0.201793 0.158655 0.581286 0.183592 0.828183 0.862717 0.237244 0.716569 0.141897 0.094506 0.535222 0.397087 0.955118 0.055794 0.293766 0.172699 0.254876 0.968591 0.315272 0.217857 0.093435 0.698025 0.157482 0.411177 0.794502 0.152980 0.798612 0.833405 0.599404 0.630072 0.664590 0.977422 0.151830 0.059588 0.224656 0.367061 0.542806 0.405620 0.165283 0.469422 0.402982 0.408203 0.765732 0.613081 0.930706 0.110800 0.704215 0.566043 0.204248 0.222502 0.554931 0.898047 0.451806 0.724656 0.908866 0.567494 0.187076 0.197422 0.042367 0.506954 0.432964 0.615131 0.298215 0.077852 0.188123 0.155709 0.086690 0.500736 0.852992 0.518363 0.686553 0.149448 0.523077 0.626267 0.898502 0.780191 0.701305 0.381379 0.128129 0.080330 0.316331 0.738523 0.987337 0.532473 0.775210 0.659763 0.916734 0.758545 0.277821 0.796110 0.265647 0.911819 0.401423 0.608883 0.698406 0.783811 0.708521 0.051370 0.816339 0.186078 0.531709 0.666946 0.141722 0.829139 0.428901 0.416577 0.820467 0.933452 0.194949 0.702096 0.584543 0.045568 0.785057 0.553668 0.214137 0.787428 0.094199 0.396167 0.586108 0.984818 0.776425 0.910687 0.630566 0.972459 0.802046 0.621560 0.251999 0.396047 0.121887 0.471897 0.036860 0.458243 0.649720 0.178900 0.208046 0.290863 0.112363 0.256888 0.446964 0.849850 0.776745 0.899825 0.292547 0.299470 0.177066 0.455477 0.660882 0.889198 0.705469 0.629047 0.327420 0.877594 0.278106 0.116770 0.790396 0.282896 0.157144 0.529541 0.135147 0.039154 0.058399 0.157756 0.309452 0.346670 0.475684 0.504583 0.474334 0.089336 0.324350 0.255025 0.444537 0.558893 0.763087 0.962669 0.751635 0.631120 0.819548 0.153166 0.862002 0.123289 0.656380 0.001229 0.021170 0.977087 0.112810 0.318852 0.965896 0.001508 0.187769 0.998763 0.832437 0.835781 0.201778 0.314971 0.346973 0.435825 0.560774 0.431757 0.164451 0.436077 0.346310 0.980312 0.256155 0.357495 0.663866 0.677124 0.147803 0.046539 0.978852 0.867627 0.538980 0.877040 0.754579 0.598964 0.629621 0.656075 0.424490 0.196569 0.471787 0.216364 0.565643 0.131411 0.791734 0.939605 0.144807 0.232847 0.302216 0.801375 0.225154 0.194136 0.614623 0.614665 0.775702 0.964879 0.937609 0.463377 0.296038 0.429733 0.773687 0.605332 0.549796 0.900727 0.871708 0.878081 0.352405 0.952642 0.205456 0.932421 0.955563 0.037220 0.193155 0.535889 0.935853 0.690713 0.445441
0.112958 0.494205 0.493754 0.656935 0.874844 0.671200 0.959048 0.753928 0.448158 0.496365 0.261658 0.802015 0.632144 0.892794 0.787437 0.003309 0.808227 0.849209 0.315164 0.553986 0.579215 0.352290 0.218157 0.624384 0.854629 0.982083 0.807456 0.161815 0.685622 0.355206 0.303783 0.021142 0.663328 0.520444 0.577156 0.044547 0.320122 0.243173 0.713158 0.991482 0.564573 0.294790 0.497430 0.696001 0.631590 0.141795 0.343503 0.656567 0.855954 0.790073 0.097376 0.707524 0.178603 0.644128 0.795567 0.522903 0.289264 0.033392 0.647427 0.206587 0.646706 0.721881 0.511294 0.891481 0.806161 0.970797 0.598737 0.432975 0.579033 0.709895 0.833661 0.270415 0.776854 0.126238 0.881835 0.087670 0.401606 0.398428 0.059783 0.274078 0.346313 0.426300 0.664138 0.608533 0.497648 0.295650 0.442649 0.423622 0.343852 0.203053 0.933134 0.021866 0.554794 0.216861 0.149674 0.433854 0.772073 0.484986 0.684718 0.890313 0.299308 0.366720 0.913390 0.459241 0.362562 0.878794 0.131826 0.248687 0.034793 0.282302 0.640792 0.199596 0.147719 0.664673 0.929073 0.159479 0.335818 0.210492 0.167661 0.320764 0.264698 0.558181 0.399973 0.955528 0.166360 0.098460 0.345066 0.724914 0.874061 0.235279 0.633776 0.839925 0.672401 0.749693 0.132486 0.782313 0.968980 0.426932 0.373587 0.112170 0.184424 0.306613 0.367021 0.868374 0.994076 0.489686 0.098715 0.268485 0.100266 0.928167 0.528506 0.743135 0.601471 0.042582 0.151757 0.564236 0.611927 0.349481 0.952567 0.497742 0.229758 0.356013 0.016017 0.733540 0.084627 0.814733 0.642776 0.718424 0.951434 0.164440 0.988805 0.199069 0.915099 0.801794 0.912376 0.217036 0.045038 0.665214 0.640160 0.695474 0.848184 0.373104 0.081625 0.473970 0.445533 0.317014 0.598118 0.310468 0.704650 0.075298 0.315697 0.927061 0.141712 0.639600 0.007455 0.579117 0.666016 0.644784 0.614328 0.742135 0.401388 0.683289 0.896741 0.110642 0.760338 0.426292 0.908464 0.415777 0.168577 0.528655 0.835599 0.819539 0.776080 0.001583 0.815698 0.389196 0.348927 0.057446 0.706532 0.451054 0.006930 0.235240 0.425092 0.641301 0.550211 0.614551 0.470050 0.646414 0.450332 0.593157 0.612373 0.254926 0.871843 0.627832 0.459761 0.797095 0.526295 0.800935 0.807584 0.929407 0.883802 0.246635 0.168863 0.576440 0.748530 0.476140 0.052320 0.354475 0.364831 0.995051 0.612773 0.219041 0.816916 0.427431 0.252710 0.047290 0.306505 0.802291 0.189209 0.117961 0.301207 0.322437 0.119332 0.716242 0.112911 0.345437 0.003849 0.154085 0.909938 0.347125 0.476405 0.863718 0.954225 0.198706 0.528560 0.865035 0.898534 0.072097 0.517172 0.009591 0.755996 0.608536 0.254276 0.877219 0.931266 0.841909 0.187899 0.495535 0.836854 0.201590 0.714275 0.993239 0.847972 0.029363 0.711821 0.518348 0.567407 0.974717 0.629818 0.298023
0.819945 0.548078 0.783719 0.553580 0.795522 0.049696 0.912219 0.737492 0.019533 0.901050 0.543357 0.995205 0.507831 0.621287 0.418292 0.488371 0.047732 0.678369 0.808359 0.728337 0.802951 0.727496 0.663360 0.750043 0.314207 0.898001 0.928596 0.058681 0.308402 0.777431 0.329284 0.202744 0.669884 0.629241 0.186524 0.763718 0.707915 0.819266 0.336146 0.719438 0.525500 0.374024 0.338861 0.835539 0.150053 0.315612 0.908564 0.953247 0.893349 0.001693 0.638467 0.201593 0.578130 0.044971 0.468079 0.441279 0.120180 0.691252 0.514162 0.770878 0.289370 0.027783 0.280519 0.151669 0.301426 0.179748 0.024444 0.669304 0.939287 0.132729 0.977777 0.849297 0.780820 0.175976 0.046282 0.077718 0.092638 0.588574 0.566071 0.814234 0.466530 0.990877 0.050915 0.195427 0.396221 0.435386 0.534404 0.716244 0.985887 0.353306 0.024567 0.335336 0.215787 0.460856 0.599537 0.087232 0.844202 0.256068 0.349432 0.261441 0.412375 0.669395 0.665085 0.333394 0.484024 0.213796 0.140068 0.296650 0.669767 0.691730 0.735134 0.349401 0.424045 0.800749 0.652159 0.360609 0.407321 0.940640 0.176187 0.872654 0.805515 0.778102 0.934319 0.740285 0.464396 0.493072 0.653846 0.695533 0.654403 0.855614 0.967487 0.368601 0.696876 0.212296 0.148991 0.793143 0.299884 0.669415 0.238427 0.300023 0.435980 0.392307 0.225728 0.357192 0.893831 0.039001 0.226953 0.647080 0.504079 0.231151 0.434103 0.000521 0.187626 0.505823 0.819018 0.024105 0.038680 0.124156 0.875724 0.414185 0.202771 0.574659 0.816575 0.788125 0.996345 0.369081 0.057130 0.256296 0.338824 0.720862 0.865214 0.893241 0.876011 0.932114 0.935414 0.846548 0.717533 0.507123 0.933931 0.072473 0.992773 0.438927 0.374154 0.415474 0.343676 0.165537 0.033632 0.633778 0.598048 0.215392 0.323280 0.362231 0.987829 0.674911 0.723874 0.205854 0.934909 0.133598 0.666799 0.409784 0.847480 0.013963 0.321543 0.807514 0.483490 0.834659 0.038377 0.799798 0.155617 0.875575 0.466591 0.322698 0.222829 0.519227 0.289745 0.535621 0.888187 0.967918 0.819208 0.570241 0.902052 0.704027 0.207826 0.611813 0.485681 0.295007 0.481849 0.951813 0.968124 0.859244 0.536532 0.710740 0.392850 0.180253 0.046806 0.308436 0.140735 0.540455 0.031986 0.911492 0.371642 0.642025 0.403789 0.366866 0.349793 0.608037 0.494895 0.755230 0.843556 0.820389 0.773125 0.495706 0.328843 0.146134 0.503119 0.746536 0.748109 0.507732 0.313517 0.071313 0.200706 0.784360 0.144561 0.551120 0.670099 0.212216 0.361216 0.824151 0.984402 0.851907 0.612685 0.687676 0.388458 0.528288 0.151803 0.528645 0.066371 0.951926 0.139640 0.659374 0.815850 0.676359 0.457715 0.098588 0.912097 0.084781 0.305461 0.821723 0.606092 0.575926 0.244777 0.333047 0.023070 0.525333 0.782676 0.477191 0.873920 0.371542 0.000252 0.162073
0.445675 0.729221 0.650863 0.787476 0.405902 0.848253 0.879195 0.464398 0.801361 0.288414 0.638281 0.999529 0.018100 0.062569 0.865035 0.395713 0.050524 0.285512 0.703202 0.717242 0.557083 0.394468 0.620464 0.745942 0.464652 0.691732 0.151675 0.130994 0.512117 0.143229 0.576660 0.622344 0.432929 0.108536 0.153051 0.062087 0.512358 0.177607 0.677606 0.996100 0.512792 0.181690 0.908534 0.724244 0.961601 0.206895 0.252862 0.165411 0.867074 0.297508 0.551216 0.446592 0.814967 0.253520 0.020087 0.912602 0.173879 0.452289 0.544920 0.620579 0.956590 0.254825 0.618902 0.654686 0.164912 0.802530 0.196896 0.026814 0.477658 0.683755 0.183701 0.434308 0.281538 0.741040 0.208972 0.981521 0.085965 0.603547 0.408634 0.648670 0.688455 0.394043 0.233628 0.716923 0.200244 0.720012 0.851486 0.710045 0.287949 0.596549 0.237109 0.062996 0.169070 0.656419 0.767030 0.396901 0.471184 0.860001 0.293735 0.112479 0.348670 0.143265 0.417927 0.713723 0.929971 0.024781 0.130538 0.693535 0.541638 0.353437 0.371756 0.675931 0.006935 0.276727 0.773285 0.403489 0.440737 0.057718 0.805783 0.043961 0.075388 0.853442 0.151042 0.898680 0.555723 0.659877 0.518723 0.165344 0.022990 0.368544 0.379342 0.289201 0.142776 0.144988 0.906458 0.691526 0.365266 0.241653 0.519681 0.456856 0.048487 0.523474 0.730328 0.567584 0.392188 0.976809 0.747533 0.211305 0.118844 0.244759 0.734926 0.480725 0.255029 0.008291 0.404384 0.436812 0.763551 0.508725 0.813822 0.135007 0.418885 0.534012 0.503575 0.950029 0.867472 0.173802 0.600020 0.796149 0.453673 0.941194 0.257220 0.150739 0.875569 0.732351 0.463618 0.933716 0.948935 0.621741 0.011977 0.135422 0.972437 0.142881 0.568788 0.711045 0.363376 0.483388 0.235993 0.224864 0.498569 0.553282 0.522862 0.762821 0.609693 0.895497 0.400435 0.265324 0.077197 0.586673 0.976635 0.969871 0.295781 0.197384 0.990654 0.224732 0.613370 0.671627 0.187391 0.681550 0.577975 0.111158 0.092334 0.949524 0.475109 0.857840 0.847550 0.586149 0.420417 0.124078 0.635779 0.211799 0.623006 0.785520 0.159150 0.029623 0.833903 0.450363 0.842391 0.069218 0.271544 0.327809 0.595319 0.502403 0.952399 0.041073 0.757442 0.890062 0.274906 0.209213 0.253622 0.881386 0.889660 0.134732 0.246738 0.327396 0.843644 0.244305 0.399067 0.243982 0.556794 0.905127 0.477249 0.181028 0.568265 0.578087 0.754106 0.785799 0.160771 0.884344 0.104287 0.619904 0.898417 0.788530 0.900592 0.850267 0.681878 0.739829 0.438457 0.478654 0.298621 0.030376 0.188722 0.211943 0.537079 0.068661 0.224845 0.131934 0.013777 0.465864 0.746207 0.931937 0.063576 0.433106 0.310247 0.237056 0.457251 0.878050 0.477652 0.651076 0.170126 0.064105 0.836078 0.682654 0.259776 0.743746 0.261637 0.470174 0.368044 0.984501 0.457778 0.373191
0.130047 0.828869 0.273861 0.431995 0.772939 0.578163 0.879172 0.248038 0.584283 0.628574 0.210863 0.606733 0.724844 0.343181 0.893806 0.745116 0.595034 0.656355 0.689996 0.245191 0.529310 0.722603 0.560284 0.971100 0.172116 0.379921 0.277271 0.998201 0.162016 0.280687 0.676587 0.872343 0.409525 0.465063 0.418500 0.521371 0.404299 0.315502 0.994539 0.994934 0.271048 0.329499 0.773330 0.661850 0.441908 0.745929 0.633264 0.632965 0.781168 0.442633 0.928499 0.523697 0.763487 0.138809 0.958825 0.443300 0.976091 0.521151 0.445676 0.799812 0.675809 0.752922 0.177458 0.629324 0.977967 0.699309 0.962777 0.592945 0.313110 0.889442 0.199680 0.877396 0.168246 0.063233 0.732262 0.929907 0.366236 0.642579 0.167006 0.863737 0.895537 0.327877 0.995858 0.993322 0.554824 0.715740 0.609112 0.451726 0.982633 0.786457 0.681566 0.005315 0.110844 0.884675 0.593311 0.779509 0.863692 0.316253 0.155095 0.538999 0.188672 0.058382 0.547049 0.193709 0.871951 0.520439 0.321124 0.218794 0.933079 0.212721 0.461320 0.094650 0.476411 0.690215 0.864241 0.411500 0.453673 0.558152 0.320958 0.071035 0.718212 0.779362 0.721101 0.430720 0.030367 0.507834 0.058302 0.240827 0.252223 0.109866 0.327463 0.713557 0.648549 0.148367 0.650144 0.558486 0.520689 0.115925 0.604209 0.258943 0.665658 0.134144 0.193515 0.317153 0.665185 0.250281 0.448928 0.972197 0.119279 0.020460 0.714503 0.093334 0.785568 0.443841 0.735893 0.980958 0.762610 0.802503 0.887187 0.357531 0.383938 0.884262 0.235934 0.199016 0.492774 0.227101 0.245591 0.966206 0.803857 0.013826 0.033671 0.954991 0.136790 0.679385 0.607391 0.851431 0.371325 0.495724 0.770741 0.746700 0.687987 0.418193 0.786007 0.548615 0.209706 0.286081 0.143202 0.630603 0.464035 0.860125 0.819640 0.144802 0.750186 0.374238 0.102827 0.976597 0.999173 0.838905 0.772011 0.169185 0.332944 0.369907 0.233235 0.335440 0.477662 0.650681 0.710912 0.610110 0.314104 0.680774 0.446856 0.210468 0.146800 0.481497 0.216821 0.308922 0.066202 0.481086 0.700269 0.378345 0.007559 0.398135 0.811525 0.501146 0.927286 0.412832 0.719896 0.744338 0.581799 0.632249 0.244461 0.644077 0.032820 0.063625 0.486091 0.808011 0.210042 0.630745 0.894566 0.722460 0.172335 0.354994 0.101876 0.571263 0.845534 0.794507 0.676324 0.422394 0.081200 0.107208 0.367728 0.805549 0.296857 0.735356 0.243140 0.780608 0.171658 0.959174 0.349443 0.787727 0.952234 0.056757 0.089579 0.420365 0.304383 0.259120 0.549759 0.121955 0.235585 0.897522 0.096883 0.290980 0.618945 0.998129 0.549335 0.206879 0.824293 0.115016 0.503616 0.029868 0.071443 0.405671 0.458961 0.257915 0.242476 0.650990 0.297459 0.703246 0.474012 0.907423 0.720863 0.427838 0.017211 0.102270 0.926304 0.489748 0.827894 0.731303 0.489760 0.092958
0.699321 0.318678 0.769701 0.752800 0.964164 0.318533 0.732894 0.686645 0.262347 0.683455 0.068755 0.917038 0.609479 0.517748 0.680477 0.321229 0.345579 0.133406 0.647052 0.035294 0.241243 0.595024 0.509762 0.814432 0.986764 0.154540 0.281519 0.702494 0.577320 0.950703 0.061372 0.537364 0.658715 0.127444 0.378053 0.323261 0.872231 0.762945 0.225100 0.879570 0.262200 0.560104 0.769863 0.650456 0.864616 0.096617 0.473863 0.589087 0.799885 0.553338 0.097936 0.512446 0.711369 0.506738 0.109519 0.166369 0.136539 0.983334 0.282076 0.452748 0.946917 0.514492 0.017441 0.849599 0.362222 0.633505 0.513572 0.168871 0.092888 0.006481 0.589532 0.097870 0.214325 0.235342 0.374389 0.061705 0.517488 0.888282 0.631829 0.814722 0.336603 0.838854 0.124587 0.458058 0.841400 0.722347 0.919428 0.874550 0.761669 0.635769 0.357586 0.597457 0.401022 0.281252 0.479798 0.428270 0.555352 0.264010 0.202786 0.203339 0.477545 0.791170 0.108127 0.212586 0.878458 0.113445 0.416367 0.035059 0.463620 0.040974 0.391946 0.149021 0.563156 0.920463 0.116144 0.302253 0.636107 0.557162 0.832180 0.014083 0.225801 0.200731 0.021933 0.797510 0.222378 0.604235 0.707648 0.405486 0.330570 0.907377 0.385961 0.128380 0.278173 0.940198 0.362911 0.992550 0.129879 0.797794 0.573566 0.078329 0.647319 0.808870 0.445859 0.406444 0.055735 0.931815 0.019090 0.041864 0.903678 0.835444 0.670631 0.231976 0.334372 0.574374 0.375833 0.787433 0.888675 0.477097 0.800383 0.678438 0.107442 0.640797 0.550459 0.658661 0.446136 0.120714 0.171666 0.947148 0.158012 0.324570 0.671804 0.493651 0.108769 0.601525 0.122324 0.386895 0.452695 0.699827 0.776150 0.745524 0.569606 0.976486 0.185900 0.309125 0.427982 0.920826 0.534079 0.126572 0.762262 0.459205 0.749763 0.194964 0.373942 0.460607 0.150690 0.478943 0.426415 0.493423 0.039694 0.559157 0.069284 0.111439 0.608325 0.151239 0.284272 0.639374 0.610013 0.448309 0.471600 0.828125 0.149881 0.774258 0.594086 0.411354 0.382947 0.323737 0.633040 0.300751 0.065743 0.665367 0.920482 0.507558 0.094197 0.161697 0.004797 0.993507 0.431787 0.854427 0.589972 0.908352 0.864144 0.242826 0.197826 0.245011 0.102903 0.850249 0.408135 0.747602 0.741329 0.012843 0.497367 0.217158 0.688551 0.951266 0.440508 0.971271 0.495622 0.465093 0.213787 0.671558 0.008254 0.194032 0.309993 0.910464 0.742308 0.584855 0.439585 0.887700 0.111054 0.283781 0.267518 0.473989 0.867387 0.378987 0.924591 0.607346 0.686861 0.656039 0.800245 0.966907 0.815768 0.939162 0.611916 0.052516 0.512509 0.573077 0.282871 0.629619 0.607773 0.633413 0.236597 0.931727 0.765328 0.943065 0.967925 0.161636 0.312441 0.628769 0.697509 0.263233 0.916573 0.283975 0.479753 0.190060 0.029080 0.528826 0.927158 0.937020 0.727511 0.561530
0.363459 0.798482 0.847630 0.989855 0.216748 0.580441 0.848452 0.167600 0.332107 0.261237 0.121645 0.688421 0.244199 0.789343 0.875611 0.989766 0.287308 0.133108 0.415558 0.921869 0.198358 0.499151 0.978652 0.208085 0.566389 0.638910 0.125460 0.704360 0.093742 0.482748 0.478689 0.073749 0.877648 0.056656 0.528542 0.563418 0.895055 0.690925 0.299050 0.211014 0.108832 0.791520 0.930553 0.735005 0.531508 0.918887 0.883974 0.546788 0.000408 0.409827 0.202174 0.812650 0.485842 0.102737 0.036108 0.911753 0.672620 0.092066 0.887134 0.422182 0.672561 0.446902 0.701535 0.187228 0.384967 0.625889 0.736817 0.649495 0.232127 0.890897 0.467365 0.020471 0.304597 0.390000 0.220628 0.138446 0.703640 0.441985 0.887412 0.376971 0.588561 0.987202 0.786036 0.754861 0.391076 0.776420 0.461563 0.820009 0.874658 0.526944 0.546231 0.462208 0.711544 0.378182 0.524007 0.012942 0.336297 0.330819 0.238426 0.977487 0.019007 0.532333 0.540840 0.762551 0.456291 0.031632 0.601714 0.404231 0.433604 0.210617 0.041978 0.626250 0.799762 0.300378 0.645560 0.861751 0.564396 0.030282 0.915351 0.581728 0.692484 0.631396 0.267223 0.611661 0.717842 0.461421 0.565172 0.010538 0.455386 0.061803 0.052222 0.834701 0.075542 0.063097 0.704752 0.068246 0.431192 0.846840 0.715383 0.107978 0.791735 0.446459 0.571354 0.426430 0.840991 0.587900 0.941298 0.786318 0.990097 0.245539 0.860606 0.167536 0.145237 0.488360 0.070763 0.108052 0.234785 0.720310 0.726175 0.262830 0.854408 0.944900 0.148838 0.144988 0.314131 0.565632 0.814028 0.482175 0.861565 0.621773 0.736016 0.140275 0.763642 0.836037 0.014929 0.879268 0.429672 0.125516 0.748671 0.681145 0.982789 0.334067 0.640078 0.431335 0.918015 0.620445 0.997885 0.846060 0.357465 0.280390 0.827441 0.775514 0.522587 0.304458 0.840445 0.703486 0.993754 0.164260 0.433437 0.439216 0.348867 0.100159 0.282961 0.005077 0.893398 0.352824 0.198775 0.036787 0.163227 0.880272 0.781260 0.406138 0.559575 0.570066 0.269212 0.231381 0.558094 0.127721 0.073563 0.397856 0.939631 0.676891 0.832464 0.351919 0.264488 0.236000 0.197129 0.513416 0.948858 0.979066 0.647712 0.093824 0.730393 0.525802 0.966514 0.666569 0.651239 0.696887 0.205884 0.793984 0.221403 0.451043 0.601910 0.080835 0.113065 0.998747 0.643110 0.559175 0.428031 0.908640 0.975254 0.584348 0.917147 0.244424 0.419892 0.522436 0.433511 0.109738 0.974411 0.881185 0.283640 0.195797 0.420728 0.551472 0.898175 0.912286 0.224404 0.677642 0.408734 0.095771 0.503012 0.444921 0.101332 0.338457 0.542329 0.509207 0.011947 0.850182 0.378469 0.277890 0.343433 0.061978 0.951461 0.380750 0.151245 0.035685 0.011071 0.644016 0.690448 0.620169 0.028110 0.859544 0.958502 0.909855 0.992110 0.444690 0.701248 0.103972 0.018578 0.651444
0.594773 0.309901 0.956864 0.600385 0.810701 0.131649 0.773682 0.760080 0.966176 0.663997 0.253027 0.314162 0.515405 0.025265 0.348156 0.950454 0.035141 0.510091 0.599544 0.256958 0.455779 0.428403 0.568196 0.034118 0.430739 0.849816 0.946867 0.598923 0.818831 0.387582 0.940963 0.212935 0.077128 0.513449 0.681080 0.652262 0.177206 0.791184 0.041082 0.312321 0.054056 0.489423 0.252176 0.701847 0.429554 0.650941 0.139404 0.948180 0.168478 0.992628 0.170984 0.262371 0.939511 0.909052 0.742833 0.136427 0.264581 0.757126 0.569537 0.490950 0.050750 0.179759 0.050740 0.790646 0.064373 0.980281 0.951345 0.134038 0.849516 0.566297 0.902271 0.666861 0.158125 0.151684 0.889612 0.928949 0.116581 0.744434 0.260907 0.888497 0.016603 0.791179 0.571028 0.788687 0.865431 0.076060 0.202210 0.088893 0.238972 0.786761 0.069895 0.500517 0.005877 0.581070 0.654067 0.413476 0.703283 0.908218 0.872868 0.945648 0.007239 0.194851 0.777272 0.241647 0.165772 0.327471 0.716130 0.387712 0.341123 0.738227 0.033441 0.754309 0.974145 0.020538 0.206736 0.340024 0.049629 0.047841 0.303733 0.503597 0.182551 0.160162 0.489144 0.133020 0.806825 0.736223 0.161975 0.766336 0.137963 0.821667 0.322492 0.075285 0.277366 0.034692 0.803025 0.327497 0.720630 0.600659 0.501744 0.131009 0.163532 0.162924 0.880415 0.200037 0.168919 0.419976 0.935767 0.790207 0.693615 0.430533 0.304347 0.229675 0.316955 0.730320 0.541250 0.939946 0.475053 0.511974 0.294399 0.933321 0.342187 0.100060 0.605567 0.259447 0.438057 0.048175 0.744623 0.897748 0.233301 0.321983 0.835347 0.958404 0.251372 0.979597 0.090531 0.992185 0.401417 0.918739 0.122774 0.563542 0.505163 0.829656 0.515656 0.647002 0.153310 0.122325 0.112667 0.197119 0.643353 0.435655 0.493465 0.399291 0.733940 0.209467 0.173534 0.128792 0.946051 0.596472 0.256672 0.299990 0.842116 0.470464 0.668313 0.390767 0.641242 0.422379 0.690958 0.023792 0.665182 0.964190 0.537956 0.470257 0.354472 0.655024 0.840948 0.104304 0.096062 0.716961 0.038523 0.051776 0.818087 0.718460 0.701094 0.332758 0.338034 0.598108 0.024716 0.238867 0.739349 0.050802 0.951966 0.728332 0.566757 0.094314 0.376771 0.784404 0.810575 0.459959 0.271716 0.155019 0.016938 0.224641 0.956696 0.227124 0.622228 0.005941 0.694296 0.064696 0.365707 0.412537 0.766327 0.916074 0.375489 0.312294 0.950992 0.853979 0.957247 0.300140 0.883311 0.955645 0.297170 0.925819 0.695794 0.140615 0.742007 0.157569 0.370830 0.704072 0.878073 0.060060 0.322205 0.970224 0.059627 0.858390 0.178689 0.782801 0.787260 0.357181 0.068382 0.732532 0.945646 0.871655 0.479754 0.441754 0.011759 0.933444 0.433351 0.275800 0.917535 0.203538 0.368540 0.326067 0.652149 0.323474 0.739587 0.585009 0.007207 0.564331 0.630432 0.650625
0.142643 0.366216 0.730874 0.565210 0.912293 0.978429 0.886279 0.208465 0.724587 0.314645 0.358270 0.403485 0.172580 0.326060 0.160562 0.611186 0.215018 0.727000 0.372498 0.027233 0.832469 0.821037 0.040930 0.340867 0.840712 0.339479 0.423267 0.178663 0.161609 0.690832 0.062026 0.476505 0.684259 0.540714 0.220927 0.532064 0.204743 0.386796 0.404473 0.974827 0.708894 0.541630 0.323605 0.651674 0.422411 0.683508 0.929355 0.251089 0.488552 0.156128 0.027595 0.200154 0.941688 0.177413 0.179007 0.142203 0.363883 0.275038 0.206292 0.386664 0.629488 0.480416 0.495935 0.622531 0.026852 0.180623 0.022805 0.425630 0.108444 0.918043 0.662255 0.802636 0.096032 0.813219 0.580044 0.845564 0.878600 0.618330 0.684870 0.457455 0.570932 0.348626 0.608570 0.603098 0.644173 0.377347 0.808417 0.205219 0.435105 0.785151 0.546912 0.318134 0.307775 0.077062 0.033371 0.592017 0.951929 0.457729 0.570048 0.432458 0.615603 0.012094 0.782404 0.664498 0.999584 0.136655 0.632452 0.908664 0.905969 0.968051 0.826187 0.358470 0.143292 0.307455 0.299115 0.757511 0.121020 0.389872 0.371609 0.459291 0.296943 0.613557 0.791883 0.627824 0.309009 0.823721 0.228128 0.526861 0.466892 0.561420 0.625458 0.450114 0.444539 0.931142 0.632462 0.604556 0.298557 0.262654 0.513495 0.804646 0.545721 0.057291 0.346592 0.825162 0.087232 0.583038 0.775809 0.787237 0.796616 0.709808 0.697430 0.322181 0.639762 0.610870 0.754867 0.769452 0.044622 0.627994 0.866684 0.030279 0.741772 0.106787 0.263973 0.382129 0.853796 0.189945 0.525657 0.173046 0.483028 0.716281 0.009221 0.182486 0.216648 0.667176 0.074551 0.175535 0.155568 0.111803 0.615449 0.677254 0.701905 0.034557 0.179115 0.878910 0.168958 0.458405 0.504277 0.365699 0.272915 0.582951 0.044727 0.620912 0.517265 0.829650 0.917749 0.595993 0.099616 0.424071 0.244626 0.670801 0.159385 0.181815 0.020027 0.168236 0.319075 0.031837 0.246398 0.369112 0.678288 0.683266 0.524837 0.583067 0.658174 0.939518 0.634646 0.500828 0.468790 0.702198 0.997432 0.774579 0.121659 0.548076 0.407448 0.762503 0.219332 0.355381 0.795878 0.601737 0.088840 0.498238 0.576468 0.230231 0.901845 0.753529 0.195400 0.782171 0.411433 0.941486 0.762002 0.324088 0.646234 0.451196 0.702004 0.173498 0.081981 0.156556 0.809613 0.288244 0.972317 0.336386 0.610618 0.217870 0.238292 0.753785 0.513863 0.703122 0.095254 0.810895 0.459322 0.126965 0.890339 0.964469 0.550231 0.667058 0.499598 0.957031 0.251318 0.999129 0.195836 0.524085 0.814452 0.239644 0.905256 0.388349 0.964501 0.372715 0.295334 0.389762 0.417554 0.410632 0.870811 0.878901 0.012072 0.783744 0.968035 0.780713 0.792089 0.352763 0.125835 0.813340 0.281127 0.266132 0.694411 0.944190 0.615241 0.979121 0.194640 0.351692 0.442119 0.062395
0.317610 0.376153 0.254590 0.161901 0.179838 0.430270 0.722016 0.208900 0.365115 0.320665 0.642701 0.681816 0.548426 0.746486 0.099580 0.886905 0.402153 0.092521 0.157687 0.799617 0.481653 0.450507 0.535277 0.447680 0.541351 0.262471 0.295260 0.451378 0.956215 0.486435 0.493496 0.247540 0.336558 0.874466 0.958688 0.842861 0.632665 0.668713 0.721659 0.777359 0.992156 0.110687 0.048797 0.806762 0.651140 0.791745 0.889428 0.427079 0.441006 0.520980 0.077495 0.231237 0.544832 0.179034 0.580076 0.806008 0.598945 0.798292 0.938063 0.554866 0.074318 0.770693 0.404215 0.422876 0.084655 0.123229 0.141906 0.997636 0.948795 0.173868 0.568557 0.054067 0.275184 0.809883 0.195252 0.004476 0.809011 0.241827 0.187688 0.113052 0.535784 0.211301 0.137726 0.269980 0.587194 0.402083 0.357697 0.740888 0.181311 0.225583 0.909600 0.031561 0.878425 0.199319 0.809021 0.893068 0.237751 0.152552 0.493727 0.498676 0.919728 0.471872 0.320046 0.541199 0.524126 0.397340 0.263958 0.140114 0.892676 0.089779 0.640763 0.409055 0.095712 0.877318 0.004094 0.632789 0.924954 0.373239 0.092042 0.533781 0.005633 0.752549 0.340280 0.848752 0.543945 0.255391 0.827511 0.616190 0.840673 0.181186 0.216611 0.951708 0.582719 0.640700 0.448478 0.399086 0.398740 0.782506 0.153350 0.596127 0.867018 0.293679 0.367855 0.830715 0.922971 0.661161 0.575450 0.902659 0.503432 0.391187 0.952925 0.250702 0.054477 0.604318 0.827504 0.487961 0.247752 0.424516 0.447385 0.687730 0.634383 0.202817 0.761062 0.855065 0.242204 0.720192 0.366467 0.578377 0.591630 0.377550 0.748088 0.702720 0.106633 0.308281 0.196014 0.942152 0.268555 0.024464 0.660343 0.250064 0.882251 0.417814 0.872852 0.468589 0.836551 0.625962 0.139272 0.864485 0.482269 0.580903 0.988125 0.785969 0.012339 0.874233 0.542478 0.397517 0.209369 0.076951 0.816773 0.932610 0.101270 0.000624 0.119291 0.843996 0.145644 0.167672 0.836248 0.685539 0.416506 0.378880 0.112600 0.187744 0.517288 0.083521 0.897548 0.986274 0.357847 0.419210 0.984871 0.492864 0.263124 0.402136 0.348863 0.677894 0.208682 0.613971 0.391451 0.969843 0.153713 0.526200 0.994944 0.711475 0.772595 0.058052 0.823932 0.234677 0.635479 0.935495 0.564238 0.101100 0.140132 0.174201 0.877514 0.269039 0.430822 0.106622 0.733182 0.642536 0.670570 0.701520 0.922311 0.307368 0.229233 0.125468 0.099673 0.141283 0.026804 0.058698 0.940549 0.601851 0.431826 0.209086 0.361862 0.898293 0.716222 0.081486 0.762018 0.341946 0.151034 0.373290 0.648328 0.145991 0.428630 0.693217 0.983491 0.530738 0.982096 0.161883 0.318008 0.703377 0.536919 0.924659 0.002806 0.091843 0.757729 0.274814 0.823295 0.514000 0.913714 0.844406 0.329106 0.793656 0.735470 0.697577 0.933391 0.482231 0.514960 0.221720 0.512231 0.480031
0.434523 0.253411 0.865939 0.353155 0.438290 0.492867 0.024800 0.943223 0.245020 0.013566 0.616218 0.302507 0.939446 0.478857 0.739445 0.749399 0.926634 0.524359 0.904914 0.605314 0.469035 0.807721 0.777212 0.227596 0.931066 0.245382 0.728638 0.543088 0.349410 0.133786 0.380985 0.933668 0.958310 0.577972 0.206680 0.191182 0.061165 0.801024 0.753464 0.333719 0.411507 0.511925 0.543210 0.468115 0.989376 0.111432 0.716265 0.817317 0.191084 0.800690 0.532703 0.282460 0.780162 0.840583 0.674908 0.887756 0.548886 0.616463 0.277481 0.427939 0.421983 0.640101 0.149271 0.856350 0.162046 0.351561 0.363517 0.403714 0.590496 0.140675 0.545341 0.840861 0.563036 0.577983 0.980338 0.051396 0.317691 0.891251 0.402723 0.339518 0.684493 0.078248 0.116554 0.414988 0.991666 0.358890 0.229378 0.415336 0.493817 0.875802 0.219508 0.193770 0.138533 0.059250 0.538707 0.856079 0.534600 0.224837 0.702321 0.027538 0.691277 0.764530 0.965848 0.361209 0.317934 0.813281 0.211014 0.183962 0.403179 0.095656 0.957631 0.843168 0.692248 0.817424 0.890033 0.334222 0.632089 0.725912 0.938171 0.077565 0.988698 0.604876 0.770992 0.161793 0.758732 0.424391 0.833934 0.433449 0.616253 0.453820 0.947746 0.006692 0.549269 0.892872 0.492167 0.569358 0.822153 0.650036 0.813095 0.232699 0.986981 0.168806 0.141031 0.323434 0.981235 0.568239 0.540957 0.853145 0.802963 0.712918 0.464769 0.710767 0.720867 0.875135 0.490173 0.259420 0.539831 0.096869 0.675243 0.641667 0.619535 0.465897 0.872974 0.620969 0.329140 0.575446 0.830497 0.891074 0.937652 0.857737 0.579063 0.299955 0.493621 0.820217 0.477683 0.128427 0.007584 0.999313 0.744249 0.102715 0.283160 0.692719 0.420763 0.738181 0.051355 0.582568 0.156880 0.461388 0.962750 0.563350 0.304079 0.966510 0.394692 0.771472 0.329445 0.091689 0.676146 0.922598 0.722052 0.356009 0.374059 0.536740 0.353019 0.820499 0.399067 0.707372 0.600465 0.735372 0.308725 0.585390 0.604385 0.258706 0.924332 0.964968 0.417666 0.116913 0.473875 0.923946 0.146307 0.109550 0.034637 0.091764 0.657275 0.759303 0.099867 0.695408 0.460531 0.233788 0.491350 0.154792 0.765434 0.459992 0.034503 0.539234 0.539607 0.286833 0.622992 0.121079 0.242184 0.141817 0.900862 0.382474 0.899520 0.907568 0.481090 0.378768 0.094235 0.047034 0.819600 0.363876 0.836327 0.620046 0.814299 0.886523 0.145660 0.447670 0.181744 0.210840 0.225612 0.582255 0.696937 0.801689 0.339132 0.519553 0.596090 0.088625 0.885149 0.524570 0.704501 0.990894 0.073118 0.780480 0.091772 0.108521 0.755865 0.498075 0.274049 0.287433 0.991490 0.333441 0.083816 0.820489 0.390425 0.978768 0.176273 0.358699 0.341366 0.945321 0.679610 0.046445 0.805741 0.607461 0.977973 0.949500 0.604910 0.423096 0.602178 0.849321 0.979282 0.787039
0.405778 0.622277 0.702158 0.394348 0.928360 0.302766 0.024154 0.065901 0.310413 0.698278 0.762316 0.425790 0.129787 0.017198 0.330234 0.095073 0.065558 0.574891 0.971519 0.336049 0.511671 0.879949 0.393819 0.746860 0.693507 0.755500 0.467628 0.429479 0.288507 0.293643 0.613023 0.254595 0.062035 0.535811 0.423940 0.890563 0.991413 0.796716 0.615017 0.680967 0.698317 0.822275 0.888210 0.887790 0.201952 0.794843 0.306070 0.613277 0.823871 0.780745 0.240620 0.995967 0.298214 0.882489 0.549376 0.808618 0.537586 0.613131 0.708839 0.410886 0.083532 0.261174 0.007520 0.772100 0.125650 0.421327 0.008497 0.242171 0.436871 0.001197 0.183633 0.774388 0.618192 0.070403 0.228832 0.989006 0.351615 0.766923 0.762646 0.770465 0.135396 0.330522 0.424591 0.595116 0.031242 0.634648 0.593859 0.149975 0.118579 0.539155 0.264605 0.708369 0.596940 0.694258 0.853752 0.966842 0.844048 0.793777 0.162744 0.047733 0.205109 0.339011 0.814625 0.729208 0.239441 0.360322 0.476720 0.595948 0.883953 0.308446 0.141585 0.146187 0.833318 0.750047 0.616791 0.374953 0.673199 0.637354 0.931186 0.328012 0.110140 0.618966 0.374938 0.943761 0.148017 0.538968 0.481138 0.215299 0.306895 0.633452 0.755357 0.674811 0.198152 0.399737 0.417919 0.987352 0.266164 0.519678 0.223421 0.595172 0.727311 0.873120 0.677407 0.063343 0.860951 0.782460 0.390901 0.313507 0.827111 0.292098 0.940033 0.462412 0.538156 0.752208 0.803938 0.830416 0.524173 0.157156 0.940198 0.721920 0.621724 0.359770 0.039562 0.888242 0.528055 0.703149 0.268684 0.564135 0.836409 0.116206 0.946076 0.814822 0.415349 0.375895 0.546407 0.735975 0.334360 0.456508 0.825022 0.565457 0.314088 0.215803 0.522215 0.101557 0.256935 0.756725 0.973451 0.153683 0.017868 0.678278 0.252471 0.025558 0.201845 0.077788 0.971897 0.911186 0.330551 0.325900 0.685580 0.422414 0.513156 0.223268 0.209721 0.109128 0.636527 0.775475 0.965363 0.954950 0.253315 0.891844 0.335076 0.360706 0.507824 0.593047 0.373371 0.708242 0.228057 0.422364 0.476426 0.611929 0.475168 0.223587 0.410001 0.529220 0.744357 0.225058 0.389672 0.794969 0.271485 0.900527 0.955697 0.979335 0.378557 0.896654 0.279029 0.827779 0.680550 0.496318 0.283674 0.077145 0.702473 0.000836 0.218902 0.355434 0.004173 0.157559 0.074034 0.992638 0.587060 0.894687 0.085418 0.143459 0.861217 0.203271 0.311208 0.258982 0.359893 0.885198 0.174951 0.497375 0.136761 0.509210 0.425468 0.019710 0.551404 0.724629 0.885821 0.074208 0.427017 0.438237 0.929373 0.741072 0.449510 0.543642 0.244997 0.577911 0.922120 0.265702 0.431379 0.624464 0.804148 0.538500 0.654673 0.138487 0.391921 0.974728 0.621923 0.920112 0.408749 0.002551 0.104268 0.460282 0.404010 0.304916 0.306757 0.600701 0.254174 0.726898 0.134277 0.301632
0.279727 0.415887 0.444542 0.706444 0.114253 0.854520 0.784842 0.888254 0.082955 0.758427 0.220610 0.640626 0.883764 0.450035 0.982283 0.953014 0.272552 0.230312 0.672786 0.740099 0.662375 0.644949 0.540145 0.362482 0.466426 0.198183 0.976063 0.559579 0.605674 0.657475 0.591846 0.889403 0.242441 0.109033 0.010773 0.045059 0.068123 0.685434 0.058611 0.395161 0.971002 0.414927 0.155896 0.683323 0.865114 0.278638 0.208022 0.847253 0.363906 0.643917 0.240346 0.159524 0.234385 0.011334 0.034634 0.123727 0.583124 0.187265 0.979461 0.057843 0.004354 0.021614 0.691372 0.973681 0.379922 0.981873 0.316830 0.286836 0.036225 0.054087 0.721376 0.945503 0.299557 0.044962 0.105767 0.891589 0.411136 0.361950 0.404656 0.969840 0.829010 0.232560 0.650122 0.298124 0.665226 0.818911 0.862386 0.192577 0.325918 0.153193 0.493269 0.018094 0.412776 0.455741 0.274479 0.548551 0.387212 0.941152 0.645858 0.629985 0.695344 0.948900 0.365297 0.320400 0.018886 0.450952 0.137154 0.198600 0.069260 0.073588 0.237956 0.126458 0.863756 0.123224 0.705087 0.302212 0.870666 0.433859 0.214916 0.689089 0.651763 0.397530 0.328955 0.466897 0.097014 0.799683 0.425904 0.405155 0.281049 0.887915 0.348027 0.324874 0.749453 0.404223 0.993292 0.149505 0.414415 0.871612 0.348436 0.143823 0.950686 0.841075 0.309424 0.294787 0.780630 0.320330 0.412862 0.129823 0.658445 0.668709 0.344678 0.544442 0.364835 0.838177 0.795954 0.922613 0.578429 0.064386 0.312279 0.469047 0.482567 0.549195 0.621156 0.395823 0.811435 0.240450 0.626951 0.029439 0.637057 0.421078 0.866481 0.980494 0.864438 0.448396 0.298348 0.717692 0.686212 0.235180 0.993801 0.605876 0.313130 0.476534 0.069721 0.802809 0.671677 0.975624 0.103279 0.525405 0.366370 0.903149 0.309696 0.522555 0.624751 0.242982 0.713349 0.149316 0.814912 0.877643 0.673959 0.698050 0.428472 0.295920 0.543027 0.298167 0.161192 0.083233 0.862813 0.315460 0.802015 0.865100 0.386867 0.941584 0.622732 0.310893 0.368458 0.265311 0.584156 0.848089 0.421492 0.144971 0.478312 0.205629 0.629155 0.798530 0.752957 0.555242 0.642711 0.786455 0.051435 0.019706 0.857205 0.963538 0.022460 0.406875 0.715949 0.434475 0.005325 0.436039 0.121947 0.161394 0.106219 0.987857 0.739303 0.693381 0.664338 0.923366 0.156582 0.516309 0.672303 0.537464 0.669766 0.787229 0.981833 0.396049 0.930154 0.478578 0.507993 0.575810 0.373320 0.639877 0.543113 0.223779 0.625032 0.478011 0.881126 0.833697 0.660667 0.108034 0.344896 0.408977 0.606960 0.411501 0.275702 0.485344 0.294467 0.651316 0.096571 0.077342 0.335774 0.905808 0.520413 0.786647 0.117225 0.787342 0.856276 0.755409 0.894328 0.482030 0.461603 0.022118 0.373158 0.630176 0.351268 0.961773 0.111052 0.136087 0.387882 0.958821 0.339675 0.631800
0.763071 0.497723 0.590331 0.172540 0.594342 0.359180 0.028926 0.256998 0.489481 0.525930 0.145282 0.600078 0.066475 0.031145 0.072977 0.518364 0.861229 0.338293 0.190311 0.423397 0.128047 0.243200 0.766911 0.743273 0.711428 0.361815 0.815876 0.283444 0.867019 0.048862 0.755118 0.524839 0.448297 0.281243 0.808895 0.017238 0.530095 0.154132 0.086893 0.502003 0.259686 0.351294 0.790375 0.317820 0.861912 0.968688 0.464298 0.699837 0.606437 0.829708 0.499749 0.149976 0.745973 0.614479 0.394827 0.154124 0.619947 0.914293 0.641978 0.618797 0.669520 0.141384 0.993865 0.394939 0.573537 0.791687 0.933501 0.477677 0.179793 0.837942 0.047139 0.942642 0.350850 0.447511 0.097606 0.063444 0.612891 0.496021 0.945605 0.229643 0.211680 0.903517 0.050787 0.248268 0.553461 0.442545 0.599462 0.346564 0.069102 0.393804 0.713912 0.339285 0.965325 0.136911 0.909988 0.535233 0.761653 0.658235 0.660033 0.774900 0.769199 0.605558 0.097845 0.239169 0.273603 0.847598 0.548760 0.375035 0.117701 0.605587 0.535516 0.682550 0.464204 0.698909 0.912186 0.931268 0.342885 0.387999 0.882642 0.346880 0.448841 0.990508 0.633101 0.892732 0.400029 0.491829 0.429669 0.238974 0.406375 0.256011 0.902073 0.783558 0.706068 0.882441 0.609919 0.747350 0.959621 0.668927 0.127448 0.856351 0.849216 0.821231 0.610638 0.025585 0.217400 0.566221 0.448332 0.417529 0.674677 0.404459 0.683945 0.348039 0.654469 0.878916 0.229049 0.158681 0.290187 0.228685 0.506674 0.900384 0.772330 0.614356 0.621902 0.367091 0.389029 0.928752 0.887702 0.796159 0.054222 0.574393 0.582065 0.969161 0.353085 0.553775 0.149389 0.063515 0.237627 0.459649 0.933698 0.891306 0.875363 0.741308 0.914057 0.997866 0.605349 0.241022 0.619748 0.488955 0.764279 0.971562 0.116118 0.434718 0.594136 0.240220 0.552969 0.373479 0.259098 0.995189 0.183246 0.996584 0.996304 0.027165 0.707387 0.215546 0.302278 0.268886 0.691619 0.320632 0.029556 0.948732 0.782969 0.949927 0.727118 0.476242 0.293606 0.828486 0.834061 0.057461 0.398595 0.899177 0.047470 0.967972 0.304512 0.344149 0.132376 0.768651 0.961258 0.225389 0.692239 0.096448 0.590356 0.560650 0.507155 0.164427 0.396505 0.324007 0.733790 0.435749 0.445583 0.682704 0.634796 0.757188 0.139042 0.098843 0.175641 0.841808 0.597891 0.647888 0.575894 0.607757 0.933619 0.724906 0.492691 0.863723 0.158614 0.781039 0.268729 0.598055 0.856184 0.651716 0.697876 0.691992 0.792731 0.669888 0.498647 0.104974 0.946890 0.338716 0.498952 0.038437 0.022992 0.558259 0.054546 0.675017 0.600803 0.573407 0.550505 0.141850 0.613565 0.349092 0.974902 0.846955 0.616092 0.918490 0.520974 0.969645 0.415706 0.626333 0.213909 0.100969 0.252342 0.198376 0.845636 0.589824 0.722975 0.260451 0.967445 0.674476 0.122257 0.783884
0.530260 0.370756 0.837834 0.200991 0.212985 0.319922 0.214968 0.272199 0.243177 0.012681 0.272203 0.736745 0.860666 0.994420 0.875366 0.616621 0.714834 0.805097 0.021387 0.505717 0.470934 0.215613 0.353623 0.371140 0.081570 0.369692 0.036477 0.162498 0.976139 0.676841 0.108624 0.799275 0.377084 0.574130 0.777781 0.477828 0.749808 0.184602 0.798091 0.053252 0.129272 0.491494 0.930128 0.629241 0.979776 0.614814 0.857494 0.343866 0.009694 0.671717 0.704295 0.617569 0.807608 0.920188 0.083071 0.526934 0.584701 0.909953 0.324384 0.068899 0.688260 0.420518 0.742310 0.639070 0.038690 0.934813 0.669125 0.556247 0.087843 0.082397 0.647014 0.530306 0.073345 0.170502 0.924154 0.481999 0.902444 0.216546 0.346485 0.041351 0.530735 0.198350 0.576817 0.171932 0.220257 0.611615 0.456165 0.132515 0.604758 0.324900 0.028385 0.269938 0.640103 0.484434 0.165259 0.168049 0.287490 0.851948 0.203923 0.606267 0.559198 0.243911 0.814293 0.943006 0.037153 0.124443 0.144230 0.342377 0.463299 0.479887 0.987387 0.945545 0.172514 0.673281 0.916999 0.256180 0.930742 0.650109 0.365376 0.454977 0.318303 0.891144 0.826928 0.417742 0.037367 0.644295 0.177390 0.305799 0.902569 0.344984 0.491830 0.272923 0.523700 0.345381 0.283532 0.554432 0.645625 0.836723 0.770546 0.874594 0.040812 0.515162 0.819858 0.093580 0.181243 0.770023 0.809507 0.951972 0.381987 0.376324 0.057848 0.561872 0.579431 0.967660 0.420261 0.615109 0.865305 0.804794 0.036026 0.335630 0.286418 0.485121 0.156580 0.642997 0.076482 0.734466 0.853201 0.962030 0.724683 0.505610 0.305077 0.231944 0.708970 0.540116 0.953887 0.553557 0.392756 0.675888 0.787223 0.906301 0.731710 0.793849 0.764400 0.274763 0.145146 0.577020 0.243515 0.029521 0.740250 0.982591 0.502457 0.855791 0.404113 0.813481 0.212475 0.374354 0.810748 0.701681 0.071028 0.014556 0.956235 0.829160 0.831588 0.663142 0.683865 0.823891 0.322451 0.047585 0.391490 0.508004 0.362861 0.436679 0.872140 0.378710 0.712678 0.257021 0.104069 0.059410 0.174536 0.948468 0.891261 0.189325 0.125456 0.238485 0.285233 0.426320 0.702076 0.275958 0.148768 0.211799 0.717680 0.503092 0.710691 0.671543 0.409389 0.478055 0.636990 0.517645 0.557481 0.723065 0.119426 0.320477 0.040578 0.624361 0.140952 0.535465 0.337186 0.826144 0.255369 0.911054 0.006241 0.080675 0.461423 0.050052 0.923364 0.162779 0.478922 0.628600 0.472791 0.766663 0.319405 0.230223 0.115302 0.599078 0.456076 0.463980 0.349872 0.163973 0.513528 0.441369 0.738508 0.937833 0.588287 0.822847 0.335426 0.203241 0.698601 0.493792 0.959255 0.869003 0.409924 0.949811 0.734998 0.639166 0.867745 0.794013 0.148415 0.260275 0.054880 0.977903 0.490337 0.326063 0.129634 0.597296 0.698394 0.893827 0.440618 0.977435 0.334928 0.294290
0.073977 0.639294 0.054002 0.164331 0.795166 0.310011 0.809506 0.990752 0.066414 0.919178 0.798328 0.839900 0.305505 0.241087 0.282825 0.481784 0.197170 0.371418 0.018566 0.462089 0.700709 0.029608 0.909072 0.537471 0.654667 0.040061 0.820231 0.849665 0.855833 0.210917 0.664496 0.256083 0.118132 0.826031 0.369508 0.505332 0.173662 0.542717 0.555491 0.764000 0.758528 0.223549 0.867589 0.598604 0.467632 0.906843 0.473952 0.727794 0.187460 0.694673 0.736254 0.666467 0.671949 0.189236 0.259051 0.071733 0.892220 0.858560 0.676927 0.762468 0.792942 0.179972 0.982499 0.864114 0.339652 0.294836 0.327427 0.605940 0.523683 0.186647 0.331600 0.210372 0.884508 0.431696 0.960176 0.610486 0.582029 0.333658 0.174919 0.378731 0.765760 0.825088 0.629994 0.967919 0.523646 0.337752 0.329554 0.569024 0.833658 0.105520 0.338472 0.020129 0.938755 0.631609 0.254209 0.838266 0.378804 0.136866 0.631155 0.217739 0.202278 0.793712 0.683294 0.976176 0.812587 0.091234 0.844058 0.314126 0.882650 0.695331 0.715309 0.511956 0.633501 0.932811 0.343307 0.381910 0.583721 0.229123 0.795703 0.954970 0.866926 0.585727 0.666499 0.139635 0.958243 0.686785 0.293265 0.951324 0.206080 0.156710 0.393781 0.209697 0.381508 0.109727 0.299743 0.657967 0.464631 0.195060 0.391354 0.311712 0.008455 0.531622 0.563086 0.256918 0.868292 0.626696 0.744782 0.000395 0.164545 0.447489 0.249334 0.052220 0.457927 0.835637 0.391711 0.417283 0.751583 0.523332 0.350771 0.446774 0.471462 0.557522 0.042136 0.286632 0.170370 0.410070 0.563556 0.529590 0.548101 0.016753 0.485387 0.019067 0.969326 0.238592 0.369771 0.101066 0.395269 0.422149 0.331370 0.348323 0.084261 0.484470 0.770721 0.231368 0.951777 0.468634 0.712009 0.988517 0.766219 0.217921 0.538904 0.181624 0.995583 0.983220 0.761181 0.099344 0.165224 0.702837 0.922374 0.778536 0.236439 0.726412 0.559129 0.265242 0.082049 0.847054 0.922431 0.914927 0.180391 0.143545 0.634593 0.317735 0.895240 0.132235 0.082880 0.269296 0.543572 0.381713 0.041104 0.681446 0.882530 0.323595 0.804135 0.425513 0.590357 0.493634 0.257241 0.160773 0.047329 0.198149 0.792950 0.491456 0.176483 0.523113 0.662966 0.834460 0.463981 0.273015 0.161902 0.847926 0.089940 0.224878 0.450545 0.714783 0.609091 0.103434 0.608648 0.126874 0.523291 0.013584 0.472268 0.593472 0.622688 0.582987 0.735070 0.162355 0.885931 0.745276 0.952301 0.588169 0.012240 0.333312 0.322932 0.109556 0.930733 0.358509 0.196635 0.497688 0.545392 0.282646 0.741725 0.412733 0.470935 0.809713 0.469300 0.835838 0.993395 0.410378 0.509450 0.905137 0.503301 0.748196 0.547647 0.956384 0.844701 0.622724 0.021583 0.804924 0.706127 0.166327 0.169314 0.611784 0.248817 0.781366 0.227844 0.129838 0.282508 0.080599 0.253705 0.145645
0.430164 0.045820 0.648287 0.373490 0.842850 0.755276 0.091866 0.790526 0.881905 0.002812 0.465239 0.740742 0.375385 0.299037 0.079038 0.617655 0.018546 0.101165 0.600012 0.017254 0.603916 0.741702 0.011998 0.877410 0.411126 0.105684 0.897066 0.672077 0.060330 0.783655 0.412352 0.871106 0.586819 0.065103 0.620258 0.321759 0.627914 0.401040 0.880977 0.681199 0.994660 0.076356 0.617994 0.597838 0.786044 0.085523 0.912620 0.653618 0.115406 0.486300 0.074719 0.791526 0.787281 0.931120 0.785079 0.735851 0.260424 0.115065 0.450154 0.954405 0.124044 0.208615 0.672232 0.637834 0.829493 0.339777 0.010003 0.582016 0.556022 0.955782 0.979002 0.916556 0.255657 0.909472 0.181678 0.654873 0.811056 0.845630 0.992618 0.500324 0.993816 0.507370 0.515761 0.251258 0.190463 0.936291 0.936362 0.272209 0.043115 0.742503 0.656018 0.323383 0.412913 0.326040 0.663269 0.679019 0.254656 0.479265 0.063298 0.244561 0.353625 0.054384 0.424264 0.996261 0.698708 0.743680 0.753585 0.841549 0.083336 0.097241 0.996143 0.386354 0.728716 0.942614 0.934141 0.282947 0.169495 0.253754 0.162352 0.049775 0.609185 0.525542 0.947158 0.818776 0.812869 0.487516 0.296123 0.076610 0.788345 0.446971 0.073385 0.726615 0.483460 0.420731 0.361359 0.114711 0.676689 0.375493 0.320653 0.912715 0.351537 0.167096 0.575298 0.321692 0.488737 0.912752 0.229030 0.148576 0.750104 0.077395 0.466757 0.140410 0.891352 0.286909 0.690773 0.021548 0.322167 0.564493 0.506947 0.035981 0.191940 0.417464 0.120779 0.804946 0.887880 0.789499 0.529512 0.309279 0.632490 0.290075 0.170333 0.806058 0.969397 0.113106 0.064907 0.361971 0.687561 0.642188 0.572013 0.441294 0.618657 0.587880 0.860333 0.982247 0.711977 0.760542 0.333092 0.242026 0.697376 0.450805 0.264359 0.859722 0.914765 0.022257 0.360173 0.275211 0.870515 0.129916 0.407759 0.627032 0.829616 0.182820 0.713904 0.349596 0.878213 0.677585 0.356527 0.579750 0.996732 0.306317 0.724128 0.948675 0.674265 0.955663 0.296585 0.351101 0.376182 0.231996 0.179087 0.345203 0.689612 0.386254 0.284195 0.616355 0.103303 0.513662 0.480548 0.964798 0.895131 0.170504 0.321311 0.741290 0.309572 0.202848 0.220789 0.080617 0.338892 0.851473 0.739752 0.108051 0.683110 0.896503 0.721903 0.434954 0.941105 0.394339 0.890541 0.820319 0.597553 0.016213 0.890395 0.409377 0.512415 0.338697 0.250764 0.289564 0.114859 0.741531 0.642700 0.575776 0.373964 0.560726 0.429152 0.732426 0.868485 0.774924 0.514498 0.778351 0.935412 0.033989 0.485074 0.159557 0.492404 0.635127 0.237333 0.576799 0.618584 0.372664 0.657517 0.227848 0.329532 0.488882 0.226158 0.738528 0.907382 0.261059 0.240945 0.798660 0.269826 0.742041 0.143519 0.034834 0.060415 0.522237 0.744116 0.471450 0.617028 0.886263 0.457178 0.883454
0.008678 0.802207 0.294818 0.225475 0.281055 0.089816 0.051129 0.681877 0.871470 0.627724 0.914265 0.886809 0.794588 0.068335 0.255026 0.148184 0.153989 0.658145 0.344342 0.759077 0.632546 0.762204 0.903509 0.682130 0.563249 0.553405 0.875462 0.966115 0.981496 0.662466 0.657003 0.452009 0.551141 0.384912 0.338966 0.359610 0.093486 0.406241 0.362462 0.044284 0.630863 0.552397 0.330198 0.595602 0.837870 0.252995 0.218337 0.500760 0.491070 0.798883 0.886974 0.976257 0.419422 0.122875 0.794063 0.901075 0.198373 0.166375 0.781066 0.694988 0.116607 0.481631 0.486156 0.236575 0.485968 0.879374 0.115452 0.538808 0.069498 0.940839 0.748514 0.381812 0.830281 0.292869 0.085365 0.419073 0.423662 0.112885 0.805321 0.204050 0.740578 0.791989 0.401091 0.046094 0.877820 0.101582 0.106795 0.953339 0.227034 0.902178 0.519742 0.883518 0.535294 0.722521 0.350393 0.909802 0.687615 0.935148 0.333203 0.306705 0.809897 0.722086 0.092877 0.192529 0.032053 0.234003 0.310007 0.842615 0.523292 0.266129 0.479002 0.987567 0.665531 0.157154 0.955601 0.906925 0.512983 0.195350 0.821489 0.171786 0.246352 0.892054 0.218374 0.085254 0.790808 0.644544 0.673380 0.898522 0.116285 0.560973 0.224049 0.476009 0.128693 0.959541 0.008333 0.529946 0.391769 0.166607 0.573409 0.253984 0.084363 0.464786 0.892097 0.787578 0.486016 0.048476 0.444225 0.422086 0.209810 0.093674 0.426608 0.205859 0.372070 0.764194 0.364236 0.694599 0.744709 0.555586 0.107284 0.334070 0.420930 0.771539 0.555156 0.837569 0.991005 0.168986 0.495196 0.730188 0.230618 0.649083 0.910443 0.599771 0.480374 0.525085 0.422151 0.232994 0.100347 0.856387 0.749944 0.201762 0.004837 0.068188 0.023012 0.847479 0.702703 0.160524 0.217312 0.321073 0.684397 0.074766 0.179785 0.390232 0.695810 0.826749 0.991512 0.314741 0.432289 0.119779 0.490569 0.057533 0.082751 0.332484 0.333695 0.349926 0.230318 0.554637 0.859100 0.047308 0.539041 0.089481 0.773254 0.591073 0.853834 0.358447 0.769810 0.256983 0.879234 0.111909 0.128706 0.502394 0.625074 0.436209 0.446978 0.225745 0.518834 0.782670 0.596966 0.703123 0.927201 0.485011 0.567180 0.082228 0.576222 0.582386 0.312228 0.473184 0.642262 0.795478 0.682039 0.045008 0.985754 0.960947 0.672102 0.606015 0.432568 0.466708 0.525903 0.172708 0.625705 0.074902 0.329109 0.897750 0.084190 0.801272 0.128161 0.856910 0.237103 0.688848 0.485363 0.860841 0.360166 0.534700 0.160855 0.796346 0.592906 0.584965 0.864812 0.212147 0.973809 0.962083 0.045934 0.704353 0.171839 0.186180 0.312902 0.777854 0.202970 0.607205 0.784165 0.457889 0.383281 0.661616 0.973077 0.795837 0.458723 0.140488 0.694341 0.924964 0.850675 0.667129 0.318312 0.117424 0.668170 0.649132 0.110692 0.429420 0.136706 0.555720 0.121103 0.532792
0.584263 0.916718 0.560493 0.775588 0.116539 0.883632 0.138263 0.880923 0.402840 0.797249 0.673521 0.452828 0.067404 0.277167 0.928672 0.733442 0.140391 0.663093 0.660272 0.881684 0.128617 0.129920 0.715490 0.265624 0.863772 0.398293 0.010513 0.116608 0.578178 0.970146 0.414866 0.786375 0.891922 0.788624 0.717327 0.608681 0.843457 0.127605 0.039950 0.382100 0.733740 0.257433 0.942188 0.624628 0.759747 0.445357 0.898246 0.052327 0.719844 0.175478 0.235206 0.529375 0.018696 0.216492 0.563701 0.516107 0.229355 0.476466 0.854362 0.198367 0.350657 0.456817 0.743707 0.636133 0.461749 0.584572 0.519670 0.446644 0.702452 0.859966 0.174974 0.619242 0.506058 0.993828 0.514068 0.384676 0.117025 0.873854 0.385964 0.200263 0.572996 0.400792 0.139343 0.705545 0.672479 0.159838 0.662188 0.709253 0.032181 0.820915 0.104833 0.000152 0.678140 0.465901 0.858320 0.021331 0.405670 0.620682 0.868486 0.714953 0.451726 0.864910 0.517469 0.090232 0.836180 0.277555 0.657609 0.901088 0.355301 0.999042 0.933004 0.301182 0.523785 0.567865 0.885067 0.826543 0.020128 0.531631 0.841260 0.243976 0.907906 0.715923 0.888193 0.506221 0.963374 0.498661 0.270756 0.119844 0.644271 0.308085 0.829757 0.370534 0.252653 0.789370 0.325067 0.344947 0.761184 0.611695 0.192763 0.149879 0.544983 0.330648 0.962976 0.457301 0.138466 0.074236 0.724235 0.405814 0.286103 0.845077 0.239473 0.977157 0.045126 0.359699 0.909466 0.075663 0.264281 0.185589 0.892718 0.813233 0.763894 0.452896 0.265822 0.630865 0.580251 0.969088 0.909763 0.043681 0.645855 0.095483 0.299643 0.532967 0.850671 0.702473 0.964674 0.088301 0.050769 0.256611 0.916144 0.260831 0.337257 0.751172 0.458024 0.415743 0.911474 0.772395 0.597354 0.693671 0.539650 0.998092 0.753093 0.952947 0.701398 0.943422 0.261886 0.840920 0.190536 0.989397 0.125368 0.123155 0.778845 0.658439 0.104151 0.879808 0.022041 0.194897 0.900068 0.431491 0.398003 0.144745 0.631770 0.832276 0.453308 0.012253 0.830839 0.322345 0.959955 0.377413 0.712691 0.376286 0.734079 0.515031 0.514855 0.527178 0.147977 0.941156 0.111976 0.141696 0.583554 0.581130 0.065006 0.186204 0.748723 0.364456 0.901836 0.811677 0.071082 0.327896 0.165935 0.486920 0.929029 0.507157 0.742814 0.834190 0.795735 0.647449 0.291198 0.415384 0.514692 0.913591 0.023178 0.570426 0.163846 0.825928 0.882148 0.050759 0.421488 0.298902 0.274861 0.247566 0.381717 0.817717 0.113061 0.112955 0.950052 0.547969 0.282093 0.340769 0.393904 0.361778 0.552774 0.387195 0.795344 0.122508 0.746488 0.767831 0.230064 0.577160 0.647563 0.987764 0.859067 0.979016 0.241241 0.801572 0.027418 0.190684 0.541069 0.106150 0.151149 0.668492 0.068293 0.647039 0.929598 0.743804 0.973408 0.573885 0.135004 0.683850 0.214836 0.112653
0.884110 0.777026 0.478486 0.588916 0.405615 0.959725 0.096713 0.508580 0.704995 0.425888 0.090229 0.506132 0.122004 0.977407 0.000734 0.256437 0.941427 0.988883 0.722683 0.809520 0.815730 0.610476 0.742578 0.028314 0.174543 0.616179 0.063376 0.346444 0.414707 0.847728 0.518673 0.317963 0.793091 0.166030 0.410307 0.644246 0.585936 0.793335 0.062787 0.946791 0.652459 0.065303 0.813777 0.877867 0.592907 0.150985 0.104548 0.426330 0.438108 0.916030 0.341439 0.680003 0.653419 0.237553 0.143291 0.629544 0.600745 0.073918 0.244492 0.695969 0.524222 0.407837 0.365393 0.225874 0.127447 0.906421 0.456027 0.178453 0.497022 0.727595 0.283723 0.571314 0.146530 0.286563 0.855153 0.442243 0.557099 0.760010 0.235640 0.082580 0.907392 0.278419 0.542365 0.342030 0.857180 0.255324 0.971546 0.903684 0.914527 0.048224 0.915318 0.706774 0.263984 0.840038 0.691580 0.051816 0.708248 0.595025 0.228560 0.753064 0.627713 0.030718 0.885951 0.404738 0.805203 0.249832 0.875574 0.861628 0.852330 0.560503 0.398467 0.417705 0.693911 0.683682 0.538905 0.424356 0.469014 0.701697 0.186299 0.091080 0.999715 0.342953 0.673729 0.440479 0.949393 0.580068 0.209555 0.523079 0.060370 0.493692 0.278644 0.048659 0.495545 0.917138 0.930310 0.304241 0.558775 0.153406 0.502591 0.728936 0.897325 0.413273 0.043979 0.603488 0.947439 0.249284 0.841747 0.777311 0.702650 0.473825 0.872440 0.185493 0.700789 0.149963 0.939868 0.120254 0.915145 0.446829 0.594876 0.788853 0.922164 0.326156 0.622797 0.107484 0.581561 0.010997 0.475256 0.265118 0.869303 0.543295 0.076977 0.781090 0.282729 0.287917 0.710765 0.704237 0.443792 0.482370 0.407425 0.663092 0.823707 0.410282 0.832085 0.808470 0.792175 0.738877 0.270963 0.996920 0.493041 0.716609 0.907554 0.264261 0.551562 0.271324 0.289270 0.898615 0.827151 0.086112 0.620461 0.971003 0.094134 0.635195 0.067498 0.978105 0.191027 0.923727 0.041459 0.322387 0.890195 0.004590 0.078842 0.894860 0.826034 0.652544 0.729479 0.152566 0.246107 0.167920 0.737255 0.228263 0.082934 0.027138 0.757397 0.202269 0.056599 0.327427 0.517620 0.656530 0.415924 0.560445 0.770176 0.824663 0.563936 0.457486 0.481187 0.129685 0.111561 0.357910 0.520854 0.422091 0.028908 0.102480 0.205111 0.070580 0.681435 0.296673 0.172563 0.213643 0.734481 0.124868 0.647206 0.046207 0.499621 0.616404 0.332202 0.938731 0.645830 0.125508 0.998692 0.292464 0.729558 0.952299 0.165368 0.270628 0.336400 0.703813 0.966489 0.030206 0.097510 0.726147 0.811841 0.492697 0.111702 0.793473 0.666015 0.332694 0.730586 0.191736 0.308480 0.396481 0.039288 0.139123 0.963024 0.131316 0.048127 0.528653 0.411992 0.026275 0.260511 0.634190 0.940840 0.566297 0.743083 0.474810 0.641819 0.570115 0.514191 0.226750 0.411462 0.277107
0.256413 0.269485 0.341813 0.576519 0.002184 0.460313 0.459631 0.862781 0.935213 0.302960 0.251767 0.322993 0.695533 0.012384 0.810588 0.396752 0.325090 0.785466 0.124703 0.641827 0.563078 0.252030 0.425508 0.400480 0.067286 0.262119 0.637325 0.895973 0.788499 0.800951 0.445422 0.473523 0.840957 0.558322 0.604077 0.809834 0.103434 0.418474 0.748954 0.449007 0.156700 0.705495 0.996921 0.538707 0.097722 0.286310 0.336821 0.150692 0.274386 0.557513 0.394564 0.079107 0.170334 0.160374 0.999503 0.044956 0.993834 0.824359 0.807454 0.436389 0.314965 0.047473 0.474410 0.477842 0.271652 0.960266 0.603445 0.026231 0.175126 0.332129 0.808853 0.177486 0.813799 0.326330 0.410239 0.283628 0.076661 0.586997 0.027527 0.311583 0.223858 0.153797 0.102313 0.641553 0.924361 0.615503 0.320720 0.105589 0.966296 0.062767 0.322779 0.133110 0.480169 0.659504 0.713148 0.087227 0.427381 0.005625 0.445978 0.026667 0.752508 0.615046 0.505668 0.912222 0.947040 0.446857 0.003550 0.207091 0.002558 0.095249 0.528695 0.563450 0.048951 0.336819 0.580107 0.280247 0.662524 0.724511 0.556984 0.186247 0.491725 0.595924 0.004651 0.314393 0.344098 0.738639 0.796264 0.387696 0.672065 0.176816 0.330293 0.416811 0.839137 0.042093 0.035534 0.505096 0.384985 0.414554 0.586183 0.435742 0.410531 0.872512 0.458462 0.883814 0.960794 0.358954 0.855079 0.566450 0.050602 0.015703 0.550275 0.639611 0.592617 0.301033 0.795225 0.726368 0.934460 0.186922 0.097301 0.893976 0.971728 0.718408 0.772663 0.974617 0.681346 0.036074 0.630566 0.569277 0.800182 0.287127 0.368093 0.486145 0.597031 0.451352 0.274074 0.496205 0.980738 0.847664 0.210168 0.036656 0.411029 0.225115 0.733116 0.187126 0.632135 0.648703 0.367809 0.233477 0.983022 0.482511 0.477503 0.860825 0.288862 0.807068 0.550305 0.870048 0.915788 0.333459 0.149782 0.720962 0.907396 0.889463 0.400968 0.413667 0.142929 0.115419 0.539403 0.278912 0.659738 0.006887 0.814137 0.600562 0.089414 0.695911 0.670205 0.914038 0.374998 0.587675 0.799342 0.009085 0.097904 0.194261 0.868771 0.456706 0.145521 0.878468 0.214469 0.903407 0.088457 0.832284 0.597086 0.516943 0.241465 0.750782 0.124920 0.362259 0.000328 0.975697 0.887418 0.034186 0.387192 0.003558 0.797278 0.879979 0.109743 0.219332 0.054188 0.910875 0.436744 0.013597 0.505305 0.908729 0.294503 0.466805 0.697412 0.809701 0.764446 0.269437 0.015729 0.495518 0.824207 0.335461 0.796905 0.601207 0.038764 0.673926 0.691306 0.869618 0.931894 0.533014 0.865093 0.490813 0.583186 0.838843 0.664182 0.254445 0.679507 0.632623 0.016819 0.254653 0.270427 0.845973 0.665294 0.667475 0.446003 0.995451 0.756927 0.790719 0.293203 0.592988 0.298209 0.723726 0.303729 0.403816 0.534441 0.499427 0.040875 0.958456 0.630225 0.117154
0.472011 0.830778 0.490902 0.149051 0.227267 0.359019 0.289239 0.480056 0.155806 0.557036 0.419137 0.997803 0.320679 0.037141 0.258904 0.857406 0.997554 0.251725 0.888962 0.382915 0.433273 0.897032 0.050838 0.604484 0.303801 0.330967 0.396350 0.547881 0.974766 0.908881 0.639468 0.028503 0.426910 0.185939 0.923103 0.209080 0.275050 0.465725 0.852271 0.052125 0.875991 0.149297 0.518021 0.247047 0.878591 0.566222 0.183293 0.303125 0.994782 0.378275 0.391910 0.476696 0.529524 0.840551 0.478280 0.258755 0.467941 0.616849 0.276355 0.974740 0.480618 0.427606 0.977650 0.866225 0.379842 0.332475 0.208610 0.704706 0.224853 0.505280 0.548526 0.165486 0.548301 0.310749 0.453029 0.802286 0.890037 0.036237 0.594599 0.860544 0.007494 0.444683 0.992722 0.271590 0.622265 0.201643 0.018096 0.345129 0.633709 0.236944 0.014307 0.006491 0.171399 0.102791 0.855636 0.077078 0.406901 0.655947 0.556687 0.952691 0.240163 0.526737 0.723794 0.892910 0.364857 0.317944 0.142918 0.507494 0.514049 0.149609 0.294347 0.857862 0.302807 0.595072 0.873914 0.349803 0.144370 0.173575 0.457531 0.745354 0.031721 0.782992 0.640804 0.960818 0.184754 0.807568 0.928430 0.740390 0.356852 0.548996 0.064367 0.485999 0.851688 0.672542 0.492920 0.774960 0.108578 0.106907 0.224852 0.223760 0.903299 0.408813 0.355296 0.801312 0.413816 0.092441 0.101515 0.699984 0.295987 0.629536 0.720572 0.386349 0.734398 0.579828 0.961488 0.773868 0.034605 0.680707 0.380207 0.933458 0.138825 0.059450 0.522947 0.269579 0.786947 0.308448 0.235998 0.704703 0.846197 0.485217 0.437413 0.225693 0.237745 0.400012 0.663472 0.571304 0.775509 0.288957 0.874189 0.574903 0.656207 0.031626 0.933680 0.595168 0.294071 0.025080 0.078191 0.278630 0.690132 0.433495 0.498657 0.498711 0.100262 0.482623 0.419839 0.837534 0.937312 0.454567 0.080300 0.370760 0.517190 0.830727 0.519344 0.273023 0.635926 0.681910 0.454869 0.188827 0.704516 0.345526 0.918135 0.512965 0.029685 0.512203 0.339311 0.675410 0.395220 0.471483 0.430947 0.956478 0.269176 0.267280 0.245121 0.868602 0.742135 0.480498 0.118192 0.358135 0.053776 0.902595 0.674129 0.112699 0.774863 0.591616 0.938707 0.450788 0.499048 0.953170 0.766018 0.536469 0.688192 0.590702 0.558189 0.285050 0.508267 0.886706 0.397306 0.036707 0.054509 0.257142 0.702971 0.898619 0.417156 0.354632 0.681758 0.381601 0.645021 0.448407 0.489310 0.299467 0.818425 0.847458 0.419476 0.063704 0.051920 0.739253 0.283999 0.097825 0.948701 0.425758 0.942743 0.252813 0.928852 0.809531 0.525032 0.112148 0.129732 0.277740 0.245391 0.828568 0.537702 0.272757 0.340267 0.028133 0.338876 0.509771 0.535301 0.953581 0.752718 0.180042 0.172969 0.410268 0.811859 0.249318 0.085213 0.040174 0.493682 0.378116 0.534118 0.662152
0.536128 0.259153 0.492106 0.356566 0.706582 0.900700 0.056927 0.200311 0.771904 0.996052 0.674715 0.519344 0.844048 0.114316 0.133341 0.326883 0.838588 0.463204 0.169298 0.167542 0.214783 0.436282 0.540548 0.271930 0.639794 0.100750 0.396497 0.127023 0.878662 0.169784 0.774762 0.276066 0.947289 0.032401 0.916969 0.155012 0.763883 0.340975 0.104046 0.718104 0.077163 0.867489 0.168446 0.982929 0.125320 0.984439 0.124432 0.962125 0.641818 0.961803 0.222419 0.683222 0.044880 0.334209 0.714879 0.666788 0.403579 0.576037 0.329359 0.333743 0.194459 0.502603 0.053438 0.585453 0.088273 0.792257 0.570633 0.629823 0.790161 0.942534 0.489526 0.705946 0.255962 0.572153 0.674509 0.750658 0.163111 0.849846 0.416906 0.273441 0.642167 0.291447 0.334478 0.332557 0.151347 0.306031 0.110470 0.973472 0.975636 0.274676 0.747460 0.571274 0.397125 0.148786 0.741426 0.727173 0.417372 0.606498 0.352194 0.012335 0.058550 0.813672 0.475062 0.676952 0.793658 0.923569 0.472864 0.158645 0.915410 0.230566 0.370975 0.729443 0.332221 0.666345 0.530288 0.694590 0.093790 0.131050 0.699059 0.101524 0.849776 0.565335 0.832113 0.819010 0.625454 0.328850 0.540038 0.628190 0.490840 0.009052 0.716225 0.303589 0.433361 0.719853 0.343807 0.354524 0.142614 0.605137 0.424435 0.728848 0.337082 0.012175 0.913434 0.468130 0.249876 0.253013 0.795941 0.422607 0.596905 0.182147 0.979987 0.227057 0.896624 0.573542 0.433851 0.724329 0.890443 0.635929 0.732359 0.959220 0.709059 0.670313 0.553383 0.533494 0.062519 0.620436 0.058236 0.045960 0.981499 0.213323 0.900480 0.225330 0.926501 0.140589 0.515732 0.715042 0.163101 0.441714 0.710213 0.653845 0.522480 0.001807 0.447321 0.146259 0.667023 0.264961 0.290508 0.267523 0.859788 0.169395 0.115001 0.347814 0.748846 0.226973 0.695017 0.318206 0.227601 0.403570 0.795192 0.386790 0.201711 0.438815 0.796643 0.239722 0.172717 0.237800 0.849026 0.464890 0.142765 0.309255 0.921697 0.413670 0.697606 0.074417 0.915739 0.249706 0.972598 0.429327 0.749060 0.255167 0.459616 0.616636 0.297221 0.466918 0.240827 0.714624 0.056968 0.036269 0.923900 0.776024 0.813234 0.314710 0.998209 0.139665 0.008882 0.669571 0.621117 0.161364 0.301146 0.069035 0.311268 0.022511 0.530792 0.126622 0.762758 0.565616 0.456222 0.777032 0.590154 0.912876 0.091908 0.411429 0.388554 0.318919 0.670771 0.642461 0.576382 0.194592 0.182118 0.520543 0.409915 0.777147 0.296231 0.658906 0.930601 0.065312 0.034119 0.674604 0.334470 0.237591 0.536395 0.486770 0.316850 0.322989 0.667500 0.846052 0.893292 0.333486 0.606111 0.460472 0.359804 0.804572 0.428952 0.915132 0.071650 0.985495 0.337216 0.408975 0.686620 0.277544 0.433992 0.090880 0.931144 0.368164 0.268659 0.514080 0.246431 0.308783 0.940807 0.600251
0.914343 0.525388 0.657541 0.348268 0.268043 0.641523 0.014099 0.330459 0.091196 0.870996 0.935374 0.076656 0.052018 0.368256 0.612864 0.747647 0.358386 0.390746 0.289474 0.130991 0.943084 0.938214 0.946766 0.775715 0.867409 0.244572 0.603266 0.216716 0.222607 0.176183 0.721493 0.678621 0.246205 0.288898 0.329981 0.997843 0.823234 0.835570 0.782962 0.570606 0.145545 0.467641 0.314188 0.421830 0.663678 0.171002 0.372027 0.400310 0.055865 0.470305 0.694426 0.934071 0.173505 0.289227 0.226239 0.970690 0.178174 0.616566 0.479611 0.357405 0.041351 0.359455 0.711890 0.015952 0.993985 0.293527 0.059192 0.282367 0.153290 0.099711 0.415693 0.646377 0.769823 0.600980 0.738778 0.329503 0.828965 0.507546 0.990822 0.991857 0.342242 0.951691 0.398449 0.453674 0.131799 0.244304 0.464884 0.893412 0.566958 0.729337 0.610958 0.817328 0.594540 0.002416 0.848133 0.541567 0.132803 0.571692 0.634040 0.735130 0.627925 0.996489 0.434926 0.854546 0.673186 0.981753 0.162581 0.628441 0.794796 0.952730 0.222185 0.206270 0.995888 0.635760 0.360973 0.791254 0.878155 0.301579 0.710800 0.662797 0.309783 0.426542 0.994090 0.508906 0.879832 0.525253 0.148209 0.164479 0.696258 0.450626 0.693452 0.149980 0.776004 0.768602 0.931432 0.421715 0.022772 0.643249 0.205825 0.425715 0.462875 0.417865 0.649908 0.129043 0.738296 0.099010 0.382506 0.200553 0.560817 0.543597 0.622091 0.853108 0.179789 0.860787 0.743108 0.438359 0.443285 0.542962 0.612997 0.478029 0.222416 0.986512 0.251990 0.055600 0.444909 0.185329 0.540036 0.243135 0.380876 0.140201 0.701999 0.383544 0.086907 0.810604 0.586250 0.610756 0.397504 0.691367 0.890707 0.774194 0.110542 0.223344 0.824834 0.250850 0.387666 0.800585 0.413863 0.827351 0.706980 0.152223 0.833566 0.446391 0.867950 0.555258 0.870736 0.312423 0.152723 0.402222 0.458120 0.974178 0.641625 0.666224 0.645554 0.829991 0.425463 0.096463 0.571024 0.634944 0.653425 0.569247 0.036253 0.022134 0.850096 0.500070 0.011562 0.284829 0.740853 0.951607 0.585944 0.162668 0.670884 0.848981 0.293507 0.243449 0.114980 0.693814 0.632632 0.759215 0.854792 0.425898 0.752069 0.225924 0.070303 0.597585 0.997752 0.443334 0.127481 0.769718 0.076878 0.399392 0.576385 0.633340 0.556098 0.940437 0.578729 0.688272 0.375503 0.645501 0.301022 0.119251 0.970711 0.754201 0.459866 0.002935 0.883277 0.877043 0.711161 0.912351 0.648750 0.293429 0.130299 0.879314 0.623472 0.907114 0.583099 0.317437 0.664711 0.374898 0.957755 0.501366 0.608812 0.504316 0.083971 0.996115 0.912990 0.709499 0.871815 0.167566 0.686194 0.884441 0.392586 0.485249 0.099452 0.541396 0.228899 0.595600 0.583637 0.632890 0.061975 0.257710 0.482448 0.526273 0.794207 0.036095 0.861375 0.602485 0.568291 0.603532 0.149798 0.478470
0.414396 0.164033 0.532847 0.886707 0.175261 0.628686 0.544539 0.643019 0.298164 0.580142 0.640912 0.380750 0.872440 0.977222 0.714927 0.681106 0.662229 0.503295 0.874596 0.943145 0.082159 0.826841 0.270138 0.955999 0.402298 0.218380 0.814083 0.345007 0.515914 0.800179 0.429975 0.633979 0.074700 0.153666 0.101439 0.917767 0.000144 0.828776 0.790959 0.459680 0.425903 0.326757 0.918903 0.072247 0.394834 0.981112 0.819726 0.844062 0.712999 0.861393 0.864262 0.723985 0.303644 0.471336 0.421669 0.267704 0.103221 0.795900 0.472808 0.740170 0.909554 0.321805 0.249731 0.161324 0.399142 0.521097 0.231464 0.560535 0.130726 0.272076 0.180799 0.886726 0.810641 0.721238 0.302094 0.230419 0.801908 0.986298 0.987282 0.042851 0.969636 0.868933 0.197626 0.991199 0.784918 0.152296 0.932268 0.680942 0.147250 0.280482 0.962227 0.736149 0.373223 0.805407 0.226771 0.997938 0.643107 0.601341 0.404014 0.899645 0.720754 0.793281 0.067531 0.808821 0.327554 0.263300 0.606989 0.931561 0.386068 0.754999 0.621393 0.397057 0.292288 0.986015 0.139289 0.653869 0.357357 0.403147 0.074966 0.546418 0.295564 0.354125 0.325916 0.422364 0.049323 0.353046 0.278977 0.280982 0.814677 0.820264 0.238099 0.884332 0.759735 0.445022 0.808759 0.408454 0.905838 0.941272 0.465294 0.823799 0.927439 0.503658 0.970749 0.335332 0.310118 0.628958 0.891532 0.126264 0.621871 0.428884 0.478743 0.611783 0.403782 0.642106 0.874668 0.768488 0.594487 0.158108 0.263404 0.264163 0.264189 0.414825 0.997059 0.296768 0.521233 0.664608 0.093464 0.852735 0.065489 0.030993 0.708259 0.370382 0.333125 0.479998 0.920818 0.511401 0.361531 0.335492 0.290956 0.225507 0.386531 0.716049 0.086800 0.930737 0.860115 0.199096 0.045733 0.479084 0.733438 0.449741 0.492523 0.626264 0.477239 0.441542 0.361836 0.905616 0.300229 0.748036 0.346622 0.738267 0.610122 0.875412 0.360002 0.830937 0.605635 0.488136 0.407853 0.020275 0.985251 0.605742 0.866103 0.876500 0.254169 0.174614 0.341983 0.129353 0.668232 0.070023 0.174828 0.312178 0.598681 0.060762 0.031923 0.193045 0.585640 0.173359 0.181717 0.417057 0.893813 0.229118 0.296169 0.481635 0.409708 0.678077 0.699881 0.916210 0.726868 0.784156 0.819016 0.249672 0.402365 0.337674 0.840029 0.517644 0.884259 0.610844 0.116102 0.019857 0.398350 0.630439 0.625327 0.458246 0.248372 0.174148 0.918930 0.828851 0.627741 0.976360 0.059213 0.100829 0.603947 0.064996 0.455569 0.221031 0.665424 0.979266 0.983916 0.098875 0.585102 0.817178 0.087169 0.310097 0.235311 0.498615 0.725730 0.541233 0.115902 0.919913 0.629822 0.724480 0.064110 0.755318 0.560513 0.743528 0.783719 0.296911 0.926805 0.571631 0.171300 0.844798 0.062457 0.466954 0.381688 0.492405 0.174892 0.973154 0.384003 0.974922 0.211586 0.025471
0.510694 0.168781 0.013552 0.880364 0.201231 0.851666 0.479668 0.059437 0.365869 0.703458 0.892889 0.688262 0.786221 0.818577 0.826864 0.669267 0.856709 0.645436 0.662551 0.704261 0.275758 0.771141 0.186995 0.248693 0.614508 0.919151 0.429148 0.800522 0.010142 0.457691 0.382117 0.668198 0.415448 0.158483 0.606436 0.752895 0.553695 0.516716 0.445564 0.929081 0.444571 0.526100 0.623608 0.043604 0.677534 0.161564 0.623128 0.140922 0.982377 0.357778 0.047671 0.065176 0.256087 0.169162 0.086337 0.845851 0.768383 0.624395 0.923567 0.824538 0.347065 0.494719 0.909475 0.117908 0.389763 0.350273 0.738505 0.900085 0.506214 0.662741 0.654028 0.338207 0.220775 0.467864 0.633894 0.966073 0.236346 0.143099 0.087717 0.444963 0.373008 0.048159 0.503356 0.272147 0.228513 0.319227 0.896488 0.689219 0.424596 0.786489 0.738728 0.404060 0.596725 0.215614 0.725897 0.283183 0.822806 0.132057 0.266339 0.191092 0.772246 0.785862 0.909790 0.639956 0.651652 0.737999 0.760107 0.374460 0.041142 0.374015 0.268720 0.772032 0.108792 0.887405 0.121170 0.169107 0.553596 0.704600 0.204886 0.629451 0.070827 0.950388 0.782545 0.267477 0.512640 0.880356 0.543731 0.223789 0.906546 0.788941 0.991059 0.564378 0.549393 0.018640 0.915963 0.409893 0.583750 0.521576 0.666840 0.276932 0.556436 0.022878 0.593299 0.600093 0.747178 0.869054 0.849771 0.645727 0.761663 0.438224 0.730007 0.362337 0.308392 0.023111 0.985343 0.648737 0.767458 0.552841 0.984281 0.629700 0.392471 0.122184 0.271718 0.384603 0.484395 0.428955 0.620421 0.591078 0.388098 0.214329 0.552427 0.814781 0.577921 0.531674 0.231532 0.208175 0.394183 0.259298 0.656444 0.899852 0.988570 0.225907 0.493807 0.616098 0.531433 0.008711 0.641589 0.903197 0.120151 0.520057 0.171531 0.207006 0.698549 0.516792 0.666378 0.975083 0.385651 0.779148 0.366444 0.727238 0.304001 0.353021 0.011064 0.017512 0.393403 0.602776 0.543703 0.561695 0.885047 0.056353 0.547791 0.238698 0.517108 0.911707 0.344653 0.461498 0.446756 0.173692 0.570839 0.191531 0.587525 0.815510 0.618469 0.671889 0.267341 0.988776 0.575822 0.508858 0.026008 0.602562 0.240034 0.051927 0.513096 0.976135 0.719624 0.100708 0.066766 0.621604 0.512688 0.798290 0.029150 0.434547 0.372117 0.986444 0.541678 0.881904 0.261152 0.766037 0.064865 0.851563 0.146873 0.021712 0.103922 0.521053 0.660416 0.849716 0.828171 0.641711 0.600031 0.490799 0.416962 0.898512 0.482742 0.171241 0.372313 0.777291 0.076973 0.076817 0.920040 0.187302 0.965004 0.186290 0.044823 0.527553 0.020359 0.983970 0.579749 0.612039 0.735424 0.478220 0.375585 0.044852 0.810096 0.022140 0.769510 0.342593 0.993455 0.930429 0.876438 0.502720 0.524396 0.399380 0.413295 0.475660 0.278965 0.576443 0.926059 0.333467 0.153881 0.982610
0.189278 0.784888 0.540370 0.094516 0.949073 0.295023 0.496512 0.948010 0.607870 0.902233 0.536371 0.871381 0.070625 0.018006 0.984948 0.496075 0.042317 0.429496 0.352770 0.085403 0.926797 0.610488 0.756230 0.872246 0.996213 0.699929 0.702977 0.435313 0.359814 0.049065 0.179983 0.151353 0.870320 0.076687 0.022769 0.916652 0.196765 0.611342 0.367403 0.058707 0.927095 0.336677 0.584042 0.252653 0.981359 0.641044 0.153672 0.208000 0.553243 0.560475 0.594838 0.895284 0.339642 0.984483 0.437713 0.073951 0.589828 0.046778 0.479837 0.164245 0.203177 0.092395 0.484677 0.268160 0.249011 0.611511 0.636784 0.870784 0.842013 0.293228 0.126573 0.160499 0.140864 0.326155 0.084430 0.857469 0.582360 0.779312 0.099698 0.427734 0.626987 0.155224 0.195808 0.347615 0.836838 0.543519 0.999457 0.737684 0.904623 0.711834 0.254224 0.039532 0.610087 0.239379 0.501076 0.793008 0.759291 0.923570 0.736321 0.343685 0.031843 0.170189 0.637235 0.324497 0.856303 0.695066 0.564173 0.482339 0.898918 0.408629 0.143489 0.268262 0.083839 0.571032 0.106256 0.519023 0.005528 0.549083 0.377097 0.372412 0.042838 0.135500 0.836679 0.396100 0.093075 0.771869 0.155232 0.365003 0.946472 0.039595 0.591827 0.770243 0.048047 0.469120 0.248816 0.792128 0.951784 0.943703 0.983513 0.449367 0.038074 0.345194 0.796723 0.246663 0.034152 0.725832 0.094436 0.778837 0.673318 0.234636 0.281469 0.699648 0.517826 0.315715 0.675329 0.278478 0.064971 0.153524 0.616070 0.248325 0.302520 0.310142 0.391528 0.298300 0.896256 0.015801 0.335585 0.102722 0.175788 0.036958 0.350843 0.261711 0.730102 0.942580 0.580034 0.664902 0.706548 0.252434 0.175595 0.959065 0.869713 0.371895 0.586293 0.952204 0.802357 0.536203 0.272313 0.795800 0.370754 0.339111 0.196497 0.767341 0.036768 0.190184 0.731715 0.572563 0.569213 0.064904 0.497989 0.395263 0.333500 0.689328 0.389708 0.608476 0.807461 0.701140 0.348441 0.859351 0.857612 0.966609 0.500947 0.225088 0.922291 0.380810 0.446183 0.949366 0.042477 0.710439 0.674747 0.955341 0.973582 0.678200 0.122363 0.833600 0.784165 0.466541 0.877308 0.275259 0.797343 0.432775 0.539822 0.126107 0.916689 0.868082 0.819486 0.052130 0.279484 0.371757 0.047442 0.062991 0.872112 0.522644 0.370090 0.750618 0.753006 0.843653 0.696785 0.221231 0.478513 0.647138 0.356365 0.528472 0.386169 0.292565 0.579423 0.422969 0.413855 0.205950 0.853287 0.680092 0.177729 0.530038 0.442472 0.686823 0.737943 0.511505 0.251914 0.794483 0.519795 0.325867 0.595115 0.237917 0.328672 0.620571 0.275092 0.534944 0.697242 0.465477 0.751795 0.689637 0.139252 0.321897 0.562472 0.193800 0.900453 0.924559 0.944364 0.077978 0.062099 0.261653 0.203737 0.506879 0.705067 0.433880 0.156230 0.213749 0.436248 0.040204 0.711457 0.137781
0.758339 0.191096 0.936367 0.075029 0.132516 0.087681 0.151147 0.717485 0.858095 0.338321 0.291284 0.635853 0.075489 0.293232 0.428267 0.205315 0.331777 0.000601 0.189310 0.187694 0.269682 0.564420 0.863481 0.895673 0.851555 0.587602 0.239068 0.954325 0.649421 0.906887 0.332888 0.117507 0.059087 0.794447 0.956373 0.014001 0.804653 0.188433 0.427770 0.592283 0.056314 0.558752 0.355766 0.132333 0.218309 0.989902 0.678227 0.767288 0.221990 0.819479 0.899008 0.234497 0.693088 0.467996 0.493333 0.525260 0.271507 0.238702 0.465453 0.449500 0.599099 0.269332 0.757045 0.162691 0.151324 0.855563 0.398495 0.532244 0.749523 0.167437 0.811384 0.728176 0.638249 0.912255 0.994904 0.173147 0.811694 0.551437 0.764539 0.890105 0.872078 0.129524 0.437686 0.834981 0.608023 0.828551 0.489635 0.087838 0.717204 0.783050 0.288166 0.450016 0.656845 0.203579 0.158263 0.557376 0.919179 0.483631 0.110219 0.027402 0.698237 0.259267 0.158877 0.559431 0.484610 0.217784 0.765195 0.966388 0.403423 0.019600 0.928887 0.091816 0.320578 0.923189 0.077917 0.390978 0.796502 0.264508 0.199541 0.243808 0.253689 0.127982 0.900931 0.781334 0.386701 0.802264 0.482505 0.215631 0.135873 0.033527 0.929373 0.579106 0.528694 0.405811 0.964547 0.027812 0.986573 0.555879 0.569595 0.777016 0.061475 0.429594 0.510519 0.363071 0.805140 0.073967 0.466653 0.448831 0.266976 0.720201 0.822164 0.870302 0.564165 0.359234 0.174464 0.015641 0.329910 0.446166 0.064758 0.956855 0.251543 0.974228 0.054068 0.787595 0.096774 0.554841 0.788520 0.527053 0.975963 0.521708 0.447697 0.736280 0.671384 0.669532 0.954986 0.944950 0.474103 0.411238 0.332889 0.875963 0.329959 0.702823 0.648553 0.705405 0.450442 0.709070 0.495265 0.960343 0.737261 0.163523 0.133863 0.598471 0.255012 0.803370 0.926777 0.946181 0.883324 0.662153 0.734821 0.515423 0.496892 0.938309 0.837343 0.703199 0.946696 0.023183 0.761875 0.484778 0.517210 0.155652 0.599522 0.018584 0.604559 0.404688 0.050772 0.322463 0.359527 0.793623 0.331023 0.825410 0.845682 0.229690 0.509329 0.895443 0.984495 0.312641 0.378016 0.653260 0.012856 0.736673 0.576170 0.509670 0.275673 0.566749 0.095291 0.852128 0.958029 0.154828 0.341080 0.978341 0.236521 0.863494 0.948642 0.772545 0.484348 0.641891 0.867289 0.509293 0.333678 0.769333 0.064637 0.092493 0.866548 0.485930 0.862097 0.847483 0.814109 0.070338 0.185521 0.057213 0.816276 0.599243 0.614266 0.954145 0.778065 0.994349 0.451295 0.214250 0.792730 0.382010 0.897482 0.657193 0.423455 0.999407 0.685988 0.918858 0.542435 0.330354 0.729049 0.781703 0.592277 0.737871 0.127959 0.199610 0.632675 0.857638 0.366683 0.915427 0.358544 0.762263 0.598156 0.460484 0.211933 0.527605 0.340827 0.552424 0.323449 0.255517 0.872465 0.853364
0.268873 0.500907 0.995701 0.375565 0.108617 0.198211 0.400664 0.934589 0.803997 0.291545 0.696109 0.754988 0.862894 0.592924 0.372024 0.639760 0.757089 0.707814 0.797546 0.088449 0.167631 0.218309 0.859480 0.001161 0.903188 0.603307 0.015672 0.395570 0.104545 0.691044 0.287133 0.109554 0.355150 0.303036 0.473976 0.630095 0.339400 0.985766 0.880175 0.956834 0.929316 0.377273 0.793115 0.742041 0.490763 0.782414 0.521945 0.958034 0.305398 0.194630 0.722423 0.719885 0.101678 0.965367 0.289948 0.722103 0.903483 0.829561 0.975722 0.100415 0.892800 0.600931 0.847797 0.921124 0.328914 0.439261 0.501534 0.488445 0.565844 0.169871 0.377789 0.902414 0.772618 0.347855 0.531020 0.249252 0.471242 0.726990 0.590584 0.823418 0.216871 0.303586 0.463337 0.365051 0.524732 0.833014 0.616779 0.791605 0.578016 0.323646 0.170346 0.584748 0.019995 0.448622 0.721195 0.169623 0.807455 0.085267 0.682583 0.944523 0.365294 0.689280 0.198007 0.510603 0.932581 0.828161 0.528706 0.721769 0.207031 0.331794 0.962053 0.888898 0.901138 0.282719 0.816752 0.898621 0.232602 0.794428 0.332250 0.272107 0.604744 0.713441 0.265551 0.736304 0.805158 0.831913 0.917614 0.249365 0.208125 0.530736 0.197117 0.646642 0.698999 0.488345 0.349545 0.331096 0.246739 0.841525 0.627543 0.624613 0.919516 0.860948 0.430042 0.020487 0.547849 0.909729 0.329946 0.311816 0.889947 0.687136 0.827611 0.268122 0.148152 0.721157 0.453034 0.176520 0.860369 0.771506 0.532879 0.459601 0.646485 0.032152 0.474572 0.259804 0.868161 0.675929 0.900651 0.146398 0.416455 0.332991 0.318548 0.707312 0.640845 0.714248 0.520295 0.777909 0.650691 0.206407 0.984738 0.958208 0.725941 0.911576 0.141092 0.399058 0.457190 0.420580 0.804906 0.424176 0.505167 0.694315 0.017184 0.035781 0.016076 0.671724 0.957018 0.630209 0.531302 0.997453 0.203902 0.353986 0.512304 0.936543 0.688253 0.047803 0.442177 0.166676 0.186157 0.178402 0.106018 0.548245 0.664710 0.615409 0.815301 0.176847 0.602454 0.897332 0.509203 0.208507 0.909602 0.232754 0.310616 0.450453 0.618924 0.927581 0.504388 0.113453 0.073917 0.325548 0.062278 0.430334 0.937346 0.912603 0.175652 0.462873 0.043351 0.188234 0.889400 0.263853 0.297438 0.260618 0.176511 0.286209 0.759041 0.563093 0.524610 0.906741 0.282630 0.761683 0.928763 0.368578 0.585113 0.149747 0.193138 0.999332 0.906460 0.442482 0.129098 0.457938 0.223781 0.579005 0.396012 0.154536 0.254425 0.640360 0.066439 0.021318 0.682131 0.391587 0.921126 0.097635 0.111532 0.066046 0.242059 0.129299 0.160551 0.780419 0.462680 0.869106 0.245988 0.718458 0.642484 0.165306 0.622163 0.481016 0.287735 0.056029 0.352542 0.106164 0.832590 0.367286 0.046581 0.492847 0.656755 0.813620 0.068940 0.981455 0.032193 0.498571 0.003015 0.714254
0.716999 0.225115 0.404498 0.675113 0.387369 0.836889 0.692216 0.025284 0.666588 0.547706 0.206554 0.286745 0.410030 0.111645 0.513669 0.514852 0.681937 0.974359 0.384018 0.425567 0.757791 0.675167 0.021149 0.140298 0.323379 0.432175 0.693401 0.012880 0.810071 0.847538 0.248399 0.117607 0.402381 0.430357 0.907713 0.912478 0.393405 0.803909 0.674880 0.516024 0.163182 0.560846 0.880851 0.642426 0.142296 0.760357 0.110428 0.155821 0.698250 0.704763 0.026294 0.599825 0.211514 0.592593 0.665007 0.640218 0.590724 0.534490 0.363546 0.538310 0.976502 0.638130 0.570491 0.132750 0.559565 0.345656 0.717022 0.773623 0.824342 0.788701 0.859113 0.919442 0.890941 0.259999 0.494239 0.424167 0.751500 0.020233 0.303503 0.321813 0.269951 0.252605 0.967083 0.804894 0.423237 0.574531 0.430762 0.394942 0.690128 0.206340 0.912962 0.512096 0.974570 0.341767 0.092825 0.578593 0.301176 0.063826 0.485712 0.869609 0.789067 0.663172 0.385092 0.607496 0.610640 0.983986 0.620902 0.524079 0.657667 0.070994 0.454286 0.100114 0.891922 0.753893 0.324514 0.220506 0.762326 0.333367 0.496600 0.742484 0.067187 0.838233 0.620183 0.669274 0.223930 0.725407 0.344099 0.552441 0.823393 0.950668 0.432633 0.823460 0.284360 0.816505 0.985081 0.440779 0.137115 0.225682 0.806118 0.427358 0.910356 0.976580 0.942589 0.828413 0.870184 0.560172 0.575710 0.219492 0.906929 0.321113 0.414225 0.922225 0.570663 0.191734 0.828938 0.171146 0.009402 0.260519 0.969330 0.270371 0.739372 0.389797 0.471208 0.290843 0.651787 0.669098 0.317160 0.312831 0.735928 0.992527 0.098732 0.347009 0.907694 0.868084 0.504279 0.167168 0.719036 0.819334 0.012192 0.738513 0.343041 0.302487 0.879288 0.911441 0.268113 0.234127 0.205859 0.946029 0.251163 0.494492 0.947332 0.581320 0.082385 0.972502 0.687719 0.777490 0.627356 0.522495 0.572661 0.827542 0.688120 0.454653 0.725191 0.707501 0.310181 0.203052 0.578464 0.442023 0.759522 0.166769 0.502461 0.799112 0.957313 0.805111 0.736861 0.125018 0.130188 0.085455 0.322945 0.349935 0.593636 0.394346 0.184301 0.302738 0.568006 0.953353 0.068559 0.415150 0.964746 0.975559 0.730995 0.338402 0.848005 0.140503 0.920647 0.485358 0.968968 0.239127 0.143866 0.915324 0.384921 0.754234 0.904378 0.091429 0.450387 0.407627 0.131241 0.092893 0.038071 0.381834 0.582392 0.401948 0.128166 0.036040 0.623785 0.823626 0.127609 0.291961 0.610133 0.112804 0.224445 0.815563 0.324703 0.750163 0.101195 0.979282 0.175496 0.446839 0.702892 0.027785 0.654774 0.537049 0.102006 0.578995 0.991577 0.805611 0.716101 0.911287 0.643344 0.488729 0.926973 0.015482 0.270228 0.533304 0.920231 0.678196 0.529492 0.536062 0.548249 0.502331 0.832559 0.179009 0.649672 0.134241 0.066306 0.377705 0.495567 0.652374 0.327257 0.646880
0.359300 0.958130 0.006565 0.149486 0.547551 0.902179 0.906834 0.069034 0.097601 0.018551 0.430068 0.346006 0.914258 0.337847 0.673809 0.800456 0.484000 0.786483 0.169623 0.141245 0.315742 0.473458 0.427339 0.434494 0.926957 0.971343 0.105711 0.588337 0.542474 0.972624 0.503503 0.651482 0.746673 0.769340 0.074231 0.871414 0.677023 0.011793 0.465044 0.103147 0.480720 0.648832 0.101997 0.918067 0.933559 0.767074 0.589896 0.241989 0.182843 0.091647 0.338816 0.362604 0.889924 0.417306 0.344957 0.660091 0.032725 0.273992 0.291188 0.755716 0.907362 0.339081 0.832743 0.152367 0.724916 0.905423 0.202150 0.591510 0.739817 0.414961 0.801212 0.379739 0.251081 0.764951 0.655748 0.035863 0.218295 0.068247 0.908776 0.471175 0.050979 0.139204 0.382848 0.974253 0.867416 0.175323 0.396532 0.096372 0.936109 0.196568 0.564830 0.592278 0.316465 0.812586 0.259491 0.639623 0.881853 0.559676 0.522248 0.807704 0.608585 0.368399 0.574561 0.518886 0.977713 0.179518 0.349246 0.867765 0.059267 0.053363 0.411449 0.927026 0.185725 0.639269 0.415990 0.578347 0.663156 0.535710 0.465364 0.927781 0.382350 0.536814 0.842606 0.266979 0.988343 0.185977 0.093843 0.324141 0.489616 0.449179 0.728366 0.139813 0.094825 0.495594 0.387604 0.323754 0.422657 0.307444 0.192649 0.649586 0.574345 0.883682 0.958514 0.792541 0.316257 0.293297 0.277628 0.594759 0.178280 0.870549 0.846094 0.178743 0.104467 0.304415 0.030331 0.407200 0.012649 0.085234 0.742170 0.222357 0.029780 0.487649 0.153123 0.852895 0.911096 0.721959 0.921795 0.230850 0.659520 0.068050 0.349055 0.237964 0.964811 0.674473 0.776914 0.611965 0.670841 0.612227 0.074212 0.320052 0.017645 0.292332 0.914418 0.922531 0.459972 0.223815 0.610468 0.555655 0.781115 0.258986 0.191796 0.109852 0.156631 0.644920 0.764961 0.869125 0.494584 0.458977 0.217514 0.100333 0.860314 0.295440 0.698201 0.899453 0.426734 0.261935 0.728216 0.675702 0.649550 0.958688 0.492972 0.814634 0.532466 0.497008 0.428608 0.212087 0.190115 0.141089 0.546557 0.272327 0.299715 0.272973 0.702005 0.680054 0.906745 0.023307 0.868295 0.008143 0.462369 0.187106 0.414784 0.080863 0.786801 0.504949 0.204708 0.071843 0.543798 0.495548 0.311706 0.019030 0.942963 0.869201 0.088972 0.918120 0.559216 0.989318 0.637480 0.174948 0.768694 0.926962 0.374869 0.787175 0.494470 0.441599 0.168296 0.875453 0.765426 0.237735 0.376342 0.957624 0.508126 0.767309 0.475469 0.606977 0.208108 0.289901 0.399356 0.461537 0.498042 0.469172 0.339268 0.477700 0.998225 0.939640 0.828090 0.686409 0.434875 0.193025 0.700028 0.508860 0.974818 0.036917 0.138888 0.970201 0.307369 0.827445 0.233656 0.333319 0.030904 0.341295 0.001771 0.736835 0.834499 0.009412 0.184548 0.225569 0.799968 0.486367 0.569792 0.796566
0.450059 0.987576 0.127177 0.198540 0.582095 0.598321 0.251359 0.697047 0.211043 0.318925 0.921067 0.663605 0.708455 0.256910 0.953647 0.846677 0.559668 0.994778 0.465390 0.894093 0.762530 0.773477 0.000721 0.126336 0.255959 0.800187 0.344021 0.029303 0.364341 0.479269 0.604098 0.910535 0.961482 0.642294 0.269500 0.378119 0.794010 0.193563 0.958680 0.496066 0.352058 0.542588 0.424539 0.053253 0.199949 0.815158 0.969085 0.688053 0.877161 0.710022 0.314273 0.662695 0.524038 0.354853 0.677856 0.487514 0.715937 0.614408 0.004263 0.712072 0.175197 0.317084 0.122361 0.723674 0.246017 0.062542 0.398349 0.645755 0.416515 0.073432 0.765630 0.325434 0.559727 0.811766 0.918990 0.323772 0.638418 0.052868 0.309503 0.093410 0.749659 0.141690 0.827306 0.329638 0.705297 0.146593 0.318923 0.804766 0.049216 0.028906 0.399119 0.882516 0.618058 0.237302 0.093257 0.760512 0.766641 0.898775 0.674114 0.158901 0.675993 0.264403 0.965594 0.664950 0.566937 0.415846 0.987566 0.360035 0.913559 0.708811 0.021191 0.917069 0.870388 0.335178 0.966908 0.462019 0.939119 0.086342 0.498309 0.896083 0.406189 0.861214 0.929979 0.783577 0.857223 0.202530 0.117734 0.793295 0.041821 0.275206 0.494387 0.297516 0.128560 0.838526 0.094688 0.471365 0.695379 0.381916 0.309313 0.429203 0.036091 0.520389 0.962680 0.538951 0.842056 0.493343 0.206686 0.182147 0.521471 0.465222 0.611721 0.832826 0.470582 0.914437 0.564870 0.715635 0.151850 0.181062 0.438679 0.092896 0.764100 0.352784 0.153736 0.304919 0.000868 0.506061 0.016084 0.632837 0.586227 0.396622 0.864602 0.680949 0.752822 0.509335 0.722974 0.512413 0.175096 0.499816 0.923146 0.968371 0.058443 0.776345 0.631255 0.475386 0.340279 0.937447 0.228279 0.427048 0.044581 0.876124 0.169068 0.369834 0.353248 0.082960 0.734632 0.105069 0.338892 0.160758 0.070845 0.301109 0.313686 0.480501 0.184281 0.257939 0.966935 0.124937 0.751918 0.918174 0.263181 0.695783 0.337319 0.452148 0.023939 0.700957 0.625404 0.969057 0.250068 0.200371 0.862519 0.653598 0.697890 0.210497 0.778397 0.585107 0.670885 0.955599 0.278498 0.047948 0.120307 0.923211 0.444379 0.605872 0.500593 0.151262 0.606111 0.348223 0.381401 0.831607 0.245498 0.259830 0.046670 0.806097 0.667467 0.841101 0.767603 0.301934 0.376532 0.625799 0.007211 0.364237 0.341440 0.709417 0.002890 0.794985 0.593272 0.059155 0.324680 0.727510 0.094848 0.455350 0.895777 0.769758 0.385999 0.702838 0.854488 0.460277 0.417459 0.207154 0.079299 0.793293 0.841138 0.925558 0.758299 0.506898 0.942794 0.658732 0.611131 0.258071 0.017411 0.959910 0.503575 0.631829 0.258226 0.770870 0.272344 0.190822 0.373929 0.029381 0.940809 0.803436 0.243912 0.290250 0.631393 0.665968 0.851222 0.766575 0.138362 0.799525 0.888844 0.130429
0.875164 0.745975 0.212268 0.991936 0.233113 0.041828 0.391342 0.852366 0.039689 0.975955 0.793725 0.058571 0.059410 0.245565 0.908956 0.175481 0.850142 0.746010 0.620767 0.203398 0.225130 0.317293 0.484806 0.713094 0.070855 0.745897 0.690539 0.647820 0.353685 0.400030 0.080599 0.265178 0.972590 0.558129 0.320564 0.855546 0.681707 0.184153 0.110841 0.085405 0.277905 0.873251 0.905030 0.597906 0.526005 0.715593 0.756737 0.903542 0.277715 0.548317 0.676265 0.115612 0.908596 0.535756 0.180736 0.077116 0.858086 0.353338 0.370236 0.067277 0.683441 0.030620 0.955560 0.566399 0.499074 0.465259 0.697392 0.204513 0.754770 0.608471 0.237449 0.543716 0.288317 0.596013 0.233639 0.907539 0.297183 0.144285 0.788433 0.937363 0.761762 0.897413 0.760069 0.062352 0.717299 0.021087 0.258594 0.351379 0.924447 0.604403 0.085723 0.749846 0.801770 0.592716 0.725813 0.692715 0.282970 0.935216 0.720538 0.041929 0.043763 0.149345 0.135644 0.309455 0.013989 0.072093 0.078865 0.642771 0.129964 0.554088 0.807551 0.519268 0.605507 0.157110 0.096037 0.906420 0.837404 0.211892 0.218334 0.501573 0.444764 0.215411 0.667680 0.822940 0.439364 0.936028 0.166902 0.532447 0.679181 0.856963 0.044864 0.537034 0.201801 0.907521 0.632043 0.384001 0.171153 0.916983 0.966620 0.688790 0.891970 0.313648 0.115423 0.001710 0.210181 0.537228 0.379240 0.982463 0.356661 0.760948 0.108357 0.738894 0.089737 0.156199 0.778475 0.800928 0.822205 0.352186 0.126013 0.409827 0.711199 0.682573 0.538071 0.367545 0.702410 0.815804 0.837543 0.540794 0.493077 0.238153 0.766492 0.657432 0.875282 0.744620 0.660058 0.543518 0.783962 0.562413 0.696854 0.127309 0.745617 0.663217 0.687679 0.870665 0.781215 0.504003 0.963829 0.815118 0.239887 0.188223 0.507713 0.823505 0.953533 0.036936 0.997615 0.139547 0.816790 0.323697 0.790928 0.579606 0.791015 0.654618 0.449492 0.194872 0.143390 0.538856 0.493626 0.221395 0.978900 0.434157 0.955032 0.462178 0.992290 0.315917 0.129564 0.237294 0.220601 0.595211 0.123125 0.244325 0.194107 0.401423 0.377718 0.802065 0.089305 0.055281 0.297415 0.171392 0.902347 0.701387 0.838484 0.684914 0.223722 0.979591 0.879537 0.982015 0.652646 0.784230 0.224177 0.786702 0.230051 0.939008 0.986873 0.496660 0.202810 0.899597 0.024977 0.254936 0.754655 0.641712 0.585505 0.756802 0.909891 0.702533 0.675340 0.906153 0.023973 0.610047 0.180652 0.150048 0.117175 0.344410 0.428275 0.006553 0.614875 0.859902 0.182579 0.006473 0.634845 0.709636 0.261591 0.308578 0.528512 0.860066 0.609718 0.679952 0.982603 0.951961 0.634036 0.266143 0.179168 0.243010 0.383394 0.441209 0.318986 0.637896 0.974797 0.834748 0.128266 0.130595 0.259284 0.840074 0.438694 0.195339 0.503027 0.736660 0.676081 0.214241 0.586753 0.494410
0.890531 0.827881 0.072482 0.926292 0.256841 0.970447 0.148798 0.173757 0.755224 0.114162 0.041452 0.794220 0.701258 0.781896 0.051310 0.708889 0.528454 0.741209 0.572117 0.023762 0.221071 0.365363 0.816177 0.796940 0.925059 0.439337 0.798036 0.782558 0.344890 0.984008 0.206025 0.935968 0.051382 0.488138 0.501914 0.162271 0.080322 0.736330 0.380043 0.812763 0.042126 0.294633 0.581131 0.801195 0.111065 0.705761 0.489862 0.920449 0.438662 0.359898 0.760356 0.604638 0.768811 0.744613 0.460169 0.711285 0.322019 0.380116 0.033244 0.634306 0.786297 0.064815 0.044989 0.019552 0.175611 0.626526 0.716585 0.018268 0.958514 0.533665 0.691528 0.955456 0.866019 0.997148 0.500139 0.418208 0.022006 0.481066 0.061515 0.535895 0.134209 0.464915 0.213912 0.409169 0.599776 0.819020 0.513766 0.618094 0.945910 0.749619 0.448032 0.328336 0.936247 0.319405 0.750100 0.466378 0.355938 0.013239 0.092135 0.069905 0.437678 0.615165 0.080459 0.026246 0.094437 0.173132 0.125371 0.770227 0.271556 0.868440 0.870810 0.270502 0.208682 0.555161 0.221841 0.035379 0.968695 0.571247 0.122737 0.684254 0.014640 0.199715 0.113548 0.965974 0.160204 0.555833 0.599668 0.844183 0.421857 0.028876 0.709687 0.989101 0.990902 0.751531 0.189169 0.433982 0.400223 0.471986 0.094714 0.687702 0.406384 0.728144 0.591195 0.872659 0.148559 0.723031 0.916617 0.332948 0.102068 0.655731 0.757018 0.591608 0.929892 0.113083 0.297852 0.589248 0.307500 0.862113 0.958843 0.049196 0.670813 0.474906 0.353446 0.656400 0.815195 0.953180 0.132272 0.512180 0.569690 0.707073 0.337574 0.559866 0.875378 0.207608 0.442000 0.371367 0.009718 0.620875 0.016713 0.369122 0.250093 0.730448 0.520419 0.009484 0.589346 0.200151 0.851836 0.938206 0.442802 0.811085 0.141099 0.641571 0.132049 0.706602 0.162324 0.561890 0.528344 0.911013 0.230256 0.107490 0.700251 0.539250 0.277117 0.284698 0.921578 0.208643 0.940189 0.059866 0.845823 0.988320 0.631880 0.854475 0.937120 0.130972 0.753393 0.862956 0.041328 0.708862 0.999865 0.144760 0.041729 0.517605 0.804653 0.801648 0.934059 0.522650 0.946503 0.516239 0.416763 0.917438 0.697009 0.768602 0.919332 0.555754 0.152666 0.535797 0.891864 0.741214 0.044156 0.641301 0.712893 0.793134 0.313172 0.236870 0.049909 0.741214 0.810606 0.947647 0.761323 0.876909 0.689756 0.663408 0.337476 0.205098 0.611179 0.875464 0.704677 0.932174 0.564099 0.968457 0.466994 0.020080 0.165188 0.124959 0.214112 0.237030 0.670515 0.988290 0.068323 0.408833 0.725789 0.960750 0.161088 0.667061 0.342299 0.597424 0.555206 0.086555 0.865905 0.365897 0.352213 0.040403 0.391260 0.657852 0.881845 0.294194 0.309698 0.883666 0.971584 0.307545 0.285167 0.583077 0.788828 0.113789 0.707811 0.011825 0.138826 0.650231 0.162451 0.736247
0.838203 0.744075 0.586178 0.935957 0.609359 0.983345 0.306129 0.324155 0.031426 0.904811 0.201270 0.213900 0.514235 0.671932 0.639851 0.257120 0.870933 0.368208 0.740528 0.394619 0.896660 0.570278 0.325522 0.916228 0.313862 0.298640 0.380711 0.628664 0.702864 0.914327 0.795923 0.253893 0.091663 0.569226 0.386909 0.349105 0.753396 0.510284 0.334600 0.358759 0.325150 0.762009 0.680957 0.255568 0.750818 0.230716 0.057030 0.993208 0.081485 0.732567 0.167546 0.033446 0.539501 0.972740 0.813228 0.744234 0.244588 0.345032 0.474892 0.661966 0.239778 0.265341 0.310951 0.184727 0.999479 0.095782 0.029988 0.884565 0.246027 0.026639 0.694499 0.670724 0.526574 0.206614 0.934658 0.717935 0.563278 0.476581 0.491428 0.744859 0.856301 0.569280 0.496583 0.852684 0.978292 0.808360 0.333195 0.465138 0.716264 0.146454 0.394765 0.320637 0.342428 0.557440 0.766873 0.668066 0.864567 0.346336 0.780088 0.635713 0.954564 0.135476 0.998552 0.982941 0.516851 0.184909 0.072884 0.534730 0.205282 0.876895 0.014170 0.119980 0.416724 0.199829 0.954442 0.642417 0.823540 0.305992 0.917822 0.558098 0.395451 0.934986 0.785019 0.846100 0.999659 0.711350 0.369350 0.466800 0.043683 0.960815 0.940944 0.763894 0.609767 0.184321 0.752462 0.232423 0.316620 0.931428 0.015411 0.186218 0.854037 0.563505 0.828082 0.865333 0.019661 0.911811 0.771711 0.679113 0.974704 0.703417 0.537995 0.014128 0.347614 0.026408 0.973508 0.792676 0.636492 0.868309 0.055748 0.318268 0.989103 0.497981 0.498409 0.654308 0.746601 0.400266 0.239176 0.712176 0.279073 0.028212 0.661989 0.213236 0.550387 0.653649 0.709043 0.786517 0.486737 0.293947 0.348505 0.737263 0.950341 0.191197 0.924296 0.506683 0.136434 0.609734 0.671639 0.274725 0.916397 0.568721 0.975936 0.894268 0.187614 0.281813 0.550668 0.936838 0.231366 0.940586 0.129873 0.689114 0.464256 0.726683 0.511533 0.874336 0.754303 0.274578 0.449575 0.326144 0.614184 0.354044 0.464639 0.546026 0.845306 0.761067 0.656401 0.197567 0.884340 0.991519 0.128890 0.271613 0.280199 0.519360 0.543404 0.444947 0.490657 0.130807 0.916048 0.144531 0.418393 0.108056 0.025744 0.352583 0.028253 0.863982 0.589919 0.431555 0.997040 0.636139 0.368705 0.636097 0.176963 0.521038 0.447897 0.204479 0.017200 0.253178 0.678580 0.101815 0.190224 0.875332 0.284433 0.923610 0.719387 0.343625 0.207555 0.692719 0.612359 0.792267 0.370537 0.054116 0.843689 0.376257 0.271689 0.703308 0.545148 0.155154 0.356622 0.198900 0.138287 0.192943 0.526870 0.473387 0.026854 0.010748 0.875437 0.938178 0.039549 0.369966 0.521602 0.282633 0.855633 0.293973 0.302022 0.509914 0.195520 0.925296 0.192497 0.984130 0.907582 0.009093 0.572593 0.252928 0.828823 0.952351 0.438414 0.637414 0.884726 0.171714 0.789224 0.849684
0.605681 0.586114 0.661612 0.952745 0.390145 0.394045 0.297275 0.808526 0.138290 0.694995 0.815240 0.245189 0.875783 0.188015 0.930701 0.250568 0.534015 0.658496 0.271698 0.399860 0.284190 0.614873 0.334589 0.906075 0.870799 0.096196 0.015854 0.682709 0.564354 0.274980 0.729972 0.796887 0.546203 0.323428 0.786189 0.890560 0.274767 0.242153 0.348312 0.507322 0.979532 0.021780 0.149704 0.028529 0.432033 0.538347 0.858160 0.828328 0.939936 0.458680 0.464558 0.991909 0.276390 0.499325 0.614330 0.164635 0.582057 0.133042 0.971813 0.312590 0.039828 0.891536 0.921084 0.271207 0.522638 0.639060 0.185641 0.779286 0.227652 0.771577 0.463469 0.692648 0.958919 0.742053 0.301550 0.222747 0.062502 0.036748 0.824862 0.184556 0.316684 0.719532 0.740660 0.248759 0.329969 0.860026 0.309156 0.292235 0.226672 0.613897 0.784952 0.727954 0.319795 0.489834 0.357851 0.856189 0.240127 0.659628 0.954328 0.788295 0.717286 0.577702 0.619442 0.612805 0.275068 0.944121 0.069818 0.104370 0.531482 0.762344 0.456528 0.302938 0.933782 0.546468 0.645828 0.489378 0.413254 0.464575 0.841580 0.298314 0.915135 0.786043 0.224436 0.384162 0.919681 0.475679 0.510830 0.605703 0.774934 0.598930 0.610237 0.370659 0.795201 0.413114 0.604698 0.004311 0.162708 0.556416 0.080495 0.921709 0.218257 0.568345 0.245948 0.263420 0.855151 0.890466 0.781335 0.476473 0.491275 0.569563 0.480326 0.572135 0.891848 0.747336 0.679811 0.004691 0.752277 0.850922 0.806961 0.081210 0.159562 0.188612 0.568669 0.255201 0.359719 0.014524 0.175303 0.643108 0.142849 0.157756 0.267917 0.584172 0.306148 0.655973 0.319441 0.642100 0.644821 0.532164 0.893171 0.429782 0.419091 0.917040 0.295065 0.532579 0.192844 0.056901 0.126225 0.115842 0.334635 0.881762 0.504145 0.972227 0.021641 0.572154 0.811282 0.474288 0.469313 0.970842 0.112882 0.730151 0.709969 0.240797 0.048624 0.854939 0.798867 0.858699 0.685370 0.462370 0.532657 0.110740 0.379262 0.213342 0.903606 0.225798 0.405961 0.105527 0.463090 0.696472 0.875307 0.967420 0.429267 0.777516 0.895581 0.753160 0.195422 0.431812 0.057803 0.853291 0.662626 0.517515 0.852361 0.708188 0.844836 0.094819 0.716804 0.920046 0.015518 0.342128 0.236878 0.128277 0.903231 0.914966 0.184315 0.743154 0.992027 0.248437 0.898216 0.425727 0.262629 0.392910 0.439292 0.474597 0.183381 0.904653 0.469428 0.132394 0.141138 0.466173 0.623237 0.659195 0.517038 0.894357 0.941480 0.404443 0.239680 0.403232 0.290965 0.043667 0.580583 0.745641 0.829027 0.621987 0.764988 0.777165 0.323183 0.218916 0.880363 0.450242 0.213551 0.932134 0.717132 0.173003 0.818443 0.979584 0.759420 0.576848 0.145255 0.220367 0.343475 0.587082 0.185187 0.163891 0.907557 0.500715 0.553668 0.426665 0.929222 0.619525 0.563889 0.793657
0.882347 0.825806 0.436583 0.443567 0.717703 0.649743 0.380658 0.935053 0.196912 0.522200 0.133812 0.227474 0.309316 0.616421 0.906008 0.596331 0.904237 0.609073 0.626119 0.407498 0.718332 0.404197 0.926725 0.870420 0.091286 0.111112 0.284946 0.132394 0.678881 0.708099 0.047509 0.346514 0.478306 0.993140 0.187799 0.704034 0.285399 0.364617 0.127276 0.103054 0.486870 0.173708 0.098538 0.487271 0.311429 0.560221 0.976571 0.126899 0.796667 0.717695 0.308012 0.679280 0.848521 0.256039 0.299533 0.286986 0.747840 0.561190 0.637610 0.319988 0.587311 0.981102 0.243701 0.516903 0.695458 0.800781 0.586458 0.773432 0.197779 0.941609 0.109078 0.401246 0.497815 0.046379 0.433502 0.919672 0.288646 0.026064 0.598898 0.712448 0.645103 0.508976 0.965415 0.969195 0.770516 0.692027 0.642895 0.179774 0.933407 0.068260 0.136939 0.787332 0.193617 0.751060 0.938359 0.824121 0.423180 0.185460 0.422021 0.181413 0.380233 0.408832 0.725275 0.806653 0.340950 0.334960 0.994304 0.083090 0.851086 0.071212 0.042186 0.846971 0.464243 0.066977 0.610469 0.554177 0.231633 0.073249 0.008842 0.506992 0.789225 0.119896 0.967831 0.964087 0.152845 0.322793 0.063625 0.144652 0.881398 0.238634 0.997522 0.681982 0.311165 0.041934 0.660398 0.816188 0.702945 0.523642 0.700236 0.793561 0.967600 0.833418 0.823504 0.594885 0.873623 0.329416 0.271506 0.873981 0.537141 0.657977 0.013507 0.515258 0.238585 0.747066 0.251481 0.592745 0.309490 0.972599 0.196197 0.650704 0.819446 0.643136 0.810053 0.983439 0.692851 0.235047 0.345814 0.445598 0.673037 0.760735 0.991834 0.723799 0.699516 0.540560 0.211473 0.571600 0.007573 0.757930 0.916469 0.502315 0.182771 0.086244 0.975532 0.995246 0.965073 0.085536 0.347492 0.556065 0.834968 0.327427 0.789100 0.512868 0.049932 0.820154 0.685825 0.756573 0.655372 0.578287 0.556115 0.469575 0.405600 0.183278 0.835056 0.534616 0.597246 0.638547 0.916709 0.375687 0.701594 0.675910 0.011577 0.934157 0.221535 0.448094 0.615622 0.694792 0.076725 0.811653 0.225726 0.259689 0.285763 0.293072 0.581332 0.725921 0.960931 0.946719 0.527102 0.284103 0.437425 0.144682 0.528961 0.529782 0.941192 0.468504 0.113645 0.072814 0.581279 0.883252 0.681288 0.248478 0.296748 0.726808 0.249124 0.699102 0.979596 0.203298 0.197713 0.754660 0.241951 0.969967 0.788614 0.607271 0.792940 0.956705 0.821440 0.912697 0.711992 0.194789 0.510735 0.406108 0.385109 0.323705 0.588022 0.061434 0.276561 0.604353 0.416456 0.987338 0.712134 0.460400 0.812737 0.238459 0.267098 0.366727 0.308362 0.492343 0.901644 0.088759 0.395694 0.764340 0.453764 0.211373 0.086477 0.960109 0.346527 0.972393 0.754258 0.759055 0.649097 0.805189 0.692609 0.925373 0.349357 0.688692 0.790422 0.051099 0.237125 0.168865 0.715050 0.721094
0.139384 0.129635 0.968929 0.374196 0.179094 0.830206 0.284537 0.485004 0.841139 0.337209 0.016059 0.008739 0.250139 0.930397 0.588625 0.462999 0.440642 0.897392 0.437688 0.518731 0.359087 0.428327 0.224667 0.530008 0.294746 0.951339 0.554862 0.551555 0.129046 0.183660 0.812777 0.105044 0.687306 0.131770 0.131122 0.692507 0.461159 0.727804 0.875054 0.084453 0.832994 0.393504 0.017969 0.856580 0.500139 0.079255 0.582926 0.873186 0.230769 0.726871 0.245298 0.170228 0.106903 0.593084 0.675657 0.162941 0.177980 0.940983 0.887501 0.421562 0.687049 0.586326 0.748726 0.185028 0.737101 0.971275 0.671580 0.539027 0.598867 0.490797 0.073545 0.766754 0.717458 0.970905 0.129256 0.950630 0.043589 0.829956 0.700536 0.575905 0.734474 0.892484 0.554878 0.528072 0.280179 0.295206 0.265898 0.873925 0.164721 0.480561 0.647865 0.995891 0.383626 0.602785 0.960522 0.285072 0.047846 0.407870 0.788848 0.158425 0.687217 0.091821 0.887875 0.838809 0.714296 0.536363 0.051207 0.694616 0.943265 0.020564 0.048407 0.122593 0.615971 0.953624 0.225600 0.771029 0.157004 0.371744 0.088058 0.216994 0.460032 0.047072 0.247327 0.111383 0.262716 0.852043 0.647134 0.128400 0.487231 0.158101 0.994596 0.728050 0.454014 0.559878 0.832724 0.301682 0.822540 0.048738 0.016208 0.367754 0.688494 0.459205 0.669055 0.816836 0.360844 0.367929 0.604950 0.319988 0.049138 0.311596 0.769615 0.996656 0.203563 0.695082 0.006972 0.401482 0.178715 0.678562 0.635177 0.924140 0.476477 0.934477 0.032337 0.617334 0.178859 0.645636 0.019593 0.278826 0.797577 0.013080 0.545277 0.861238 0.080683 0.165939 0.172901 0.055677 0.283007 0.372344 0.516236 0.370077 0.708635 0.777438 0.742680 0.214179 0.048291 0.601254 0.218957 0.101744 0.767556 0.257631 0.654559 0.791167 0.516551 0.070542 0.101666 0.486307 0.508920 0.048200 0.886817 0.463664 0.750290 0.245158 0.246578 0.303488 0.021095 0.005436 0.563207 0.640929 0.449547 0.799537 0.577688 0.325222 0.482723 0.720733 0.240070 0.757461 0.680364 0.253024 0.917310 0.036421 0.097241 0.592429 0.959862 0.820270 0.320748 0.953702 0.613115 0.408460 0.794803 0.805505 0.715353 0.612765 0.768252 0.065910 0.676207 0.796670 0.027042 0.484629 0.139600 0.761647 0.347947 0.592448 0.968158 0.547982 0.537807 0.596726 0.905903 0.938502 0.161573 0.594771 0.546266 0.519823 0.313018 0.050915 0.322040 0.167831 0.444654 0.672617 0.599011 0.730347 0.325077 0.798696 0.672093 0.426857 0.781056 0.282749 0.750145 0.595145 0.131001 0.191939 0.075893 0.208204 0.694653 0.818853 0.154373 0.773767 0.231008 0.347073 0.231646 0.911741 0.651876 0.056126 0.716298 0.152053 0.266917 0.566640 0.132380 0.454764 0.067918 0.438912 0.496431 0.510890 0.165947 0.082903 0.533456 0.800301 0.822661 0.436757 0.973314 0.737463
0.067451 0.861286 0.320379 0.387869 0.112555 0.827926 0.148881 0.697535 0.689936 0.958602 0.321108 0.481550 0.057066 0.307394 0.074151 0.050661 0.842169 0.258142 0.416716 0.096113 0.184867 0.196452 0.026409 0.169997 0.347755 0.504731 0.893281 0.375626 0.483641 0.608639 0.695032 0.434942 0.156800 0.335847 0.097062 0.161266 0.438065 0.722539 0.119834 0.933217 0.087456 0.891160 0.975244 0.171429 0.524996 0.819260 0.503139 0.630552 0.678932 0.008950 0.498809 0.462647 0.017871 0.963934 0.189266 0.838266 0.226609 0.906492 0.925584 0.002707 0.002193 0.785182 0.771711 0.394711 0.563425 0.121510 0.985755 0.466960 0.072306 0.727979 0.564525 0.193639 0.304381 0.670714 0.251765 0.822266 0.290177 0.458242 0.021456 0.002960 0.637156 0.566792 0.700871 0.917163 0.597198 0.545294 0.674111 0.150368 0.756880 0.734964 0.124192 0.612609 0.685653 0.732408 0.063800 0.739694 0.794937 0.712716 0.907737 0.672285 0.752950 0.648387 0.196940 0.877321 0.109816 0.573693 0.086749 0.558566 0.867688 0.599964 0.326295 0.079890 0.214819 0.940947 0.045163 0.699306 0.559642 0.337404 0.240965 0.927629 0.509070 0.562528 0.293471 0.317178 0.505633 0.032336 0.569648 0.929278 0.623161 0.871723 0.367984 0.162946 0.887343 0.511242 0.699076 0.145263 0.445653 0.922194 0.091339 0.468157 0.506134 0.538377 0.536533 0.204042 0.803536 0.592239 0.218236 0.805624 0.518667 0.218860 0.472457 0.014845 0.292117 0.756336 0.753822 0.517732 0.126067 0.203091 0.680066 0.714252 0.705335 0.205864 0.183357 0.680419 0.637209 0.632571 0.254714 0.369087 0.038866 0.626808 0.990445 0.687984 0.154483 0.261896 0.511319 0.622217 0.046855 0.588051 0.753383 0.169359 0.159596 0.984629 0.129305 0.268339 0.235435 0.562725 0.592585 0.399456 0.344817 0.208488 0.767324 0.960512 0.397729 0.310766 0.096205 0.338819 0.884416 0.219283 0.122949 0.884157 0.513373 0.565730 0.398851 0.759498 0.407174 0.248798 0.468337 0.964184 0.091865 0.778166 0.322501 0.706021 0.957616 0.597092 0.979287 0.393625 0.902254 0.460884 0.564007 0.824196 0.805416 0.053048 0.666751 0.812324 0.750228 0.696109 0.295457 0.753645 0.437935 0.855570 0.832358 0.562174 0.838985 0.718083 0.724089 0.285622 0.603670 0.916225 0.924599 0.104854 0.324224 0.717987 0.749017 0.972233 0.390051 0.166247 0.421042 0.931189 0.363955 0.170364 0.987346 0.576772 0.219236 0.425085 0.044714 0.176534 0.779535 0.067415 0.205267 0.374213 0.679178 0.888971 0.810326 0.055029 0.503816 0.538962 0.941923 0.899393 0.293101 0.638744 0.622767 0.827618 0.642762 0.324946 0.432408 0.835425 0.748677 0.876017 0.588097 0.923704 0.232433 0.488876 0.768268 0.911919 0.055806 0.829623 0.004694 0.154394 0.213276 0.799511 0.523737 0.958727 0.663273 0.754026 0.870186 0.376509 0.159624 0.328166 0.644096 0.716965
0.111133 0.845190 0.870597 0.395721 0.146377 0.326543 0.559268 0.267052 0.420885 0.012927 0.280183 0.088619 0.695932 0.589831 0.989096 0.398162 0.089413 0.269005 0.698282 0.945887 0.337656 0.975556 0.137173 0.245064 0.917853 0.496962 0.275018 0.072238 0.406480 0.537973 0.433025 0.696452 0.777599 0.014598 0.789465 0.213286 0.312144 0.801547 0.311003 0.288952 0.254213 0.257901 0.990156 0.014012 0.301398 0.073388 0.401445 0.556769 0.818251 0.448199 0.675381 0.690627 0.768080 0.259249 0.402288 0.167378 0.998307 0.486556 0.450547 0.543543 0.258641 0.481899 0.581118 0.591720 0.379152 0.621922 0.210430 0.734402 0.058558 0.840502 0.662345 0.198549 0.310910 0.669248 0.305838 0.440521 0.260096 0.800834 0.138961 0.318859 0.187672 0.967956 0.243668 0.650209 0.270462 0.286832 0.561883 0.070409 0.973893 0.993757 0.325572 0.574240 0.346648 0.510695 0.879986 0.044982 0.068033 0.743450 0.470139 0.698882 0.219174 0.953531 0.635582 0.683157 0.194207 0.104161 0.353919 0.387771 0.790483 0.965170 0.558633 0.183925 0.166539 0.247437 0.953517 0.222972 0.637162 0.212347 0.683561 0.792481 0.486325 0.121275 0.130931 0.851728 0.767891 0.302889 0.238357 0.142049 0.717085 0.941174 0.760542 0.041537 0.040304 0.185538 0.268021 0.413553 0.971062 0.483926 0.243812 0.557264 0.808441 0.005091 0.936188 0.950713 0.365870 0.709730 0.464167 0.151251 0.444356 0.854513 0.887055 0.478701 0.308858 0.069536 0.665216 0.135481 0.508609 0.541019 0.126812 0.618485 0.524786 0.472549 0.619536 0.980806 0.219064 0.889547 0.386817 0.614729 0.663941 0.167818 0.161850 0.415671 0.816165 0.542646 0.571012 0.699785 0.358994 0.536717 0.028729 0.680182 0.635647 0.982658 0.736895 0.317226 0.774350 0.137380 0.015576 0.939235 0.421718 0.133036 0.887357 0.123730 0.300598 0.684564 0.158771 0.954356 0.171982 0.308851 0.794497 0.384508 0.210592 0.538352 0.570225 0.883973 0.236749 0.392382 0.049022 0.602141 0.252816 0.983109 0.697818 0.323233 0.105713 0.350001 0.937719 0.188927 0.641479 0.332453 0.520348 0.766521 0.978933 0.766308 0.952631 0.784575 0.129639 0.149383 0.108707 0.361685 0.516676 0.752540 0.891897 0.786448 0.906741 0.288171 0.043142 0.843191 0.306660 0.885405 0.583161 0.742829 0.812824 0.905583 0.354867 0.082108 0.781017 0.416663 0.571490 0.498148 0.104664 0.013990 0.480540 0.315179 0.256485 0.093645 0.099779 0.691189 0.230938 0.062901 0.829263 0.108526 0.710643 0.580054 0.940735 0.769448 0.115042 0.059746 0.795763 0.488467 0.507377 0.641594 0.135951 0.091832 0.177623 0.665324 0.175510 0.714635 0.074986 0.114295 0.351283 0.959269 0.884294 0.085272 0.606951 0.419280 0.617726 0.095693 0.982833 0.276623 0.449324 0.906614 0.275190 0.952325 0.153764 0.285839 0.686292 0.983050 0.903840 0.208239 0.895380 0.216752
0.087506 0.380400 0.763022 0.201243 0.840240 0.034434 0.282776 0.407150 0.351026 0.391337 0.070857 0.033776 0.846676 0.696159 0.112555 0.672854 0.719895 0.069706 0.539322 0.448842 0.437409 0.208372 0.884016 0.718017 0.098141 0.300188 0.553934 0.227372 0.618301 0.218383 0.723900 0.862092 0.455798 0.290809 0.666586 0.123497 0.506758 0.959823 0.782197 0.721713 0.142311 0.798623 0.586170 0.888234 0.587530 0.234749 0.330660 0.886310 0.787113 0.069614 0.289886 0.751985 0.065298 0.724947 0.779520 0.951892 0.945260 0.757670 0.519106 0.477651 0.778161 0.483630 0.354144 0.963437 0.810531 0.224012 0.223028 0.780455 0.165499 0.988356 0.609559 0.435024 0.655213 0.704646 0.888352 0.502974 0.331192 0.175729 0.750416 0.115845 0.820690 0.003982 0.726001 0.119175 0.671578 0.529725 0.749644 0.560611 0.321452 0.419118 0.363349 0.607191 0.169811 0.101963 0.605636 0.282055 0.328107 0.701632 0.268467 0.172920 0.464586 0.207695 0.810312 0.137931 0.463809 0.580252 0.678561 0.281185 0.031042 0.946473 0.466328 0.439240 0.706476 0.398408 0.841206 0.760673 0.540550 0.837582 0.502085 0.937693 0.060751 0.316012 0.623513 0.475630 0.470814 0.137343 0.444137 0.421840 0.042259 0.199009 0.530397 0.425781 0.021854 0.752886 0.601610 0.938148 0.018770 0.918873 0.740989 0.437556 0.223522 0.782409 0.126164 0.989467 0.175036 0.240868 0.805406 0.602042 0.059427 0.545584 0.049424 0.206479 0.003188 0.198948 0.918643 0.209923 0.198245 0.523141 0.182734 0.461048 0.842400 0.936119 0.931630 0.619329 0.005071 0.623391 0.384405 0.018473 0.246682 0.806644 0.647547 0.942802 0.800104 0.032867 0.374628 0.329038 0.897902 0.654760 0.299295 0.763127 0.308853 0.309879 0.314046 0.510107 0.885802 0.073594 0.934860 0.775278 0.734309 0.039155 0.611851 0.262713 0.921684 0.650206 0.742953 0.636095 0.183758 0.399018 0.457636 0.801756 0.140716 0.340771 0.759954 0.263287 0.752457 0.391769 0.494383 0.761147 0.234552 0.399681 0.810130 0.950023 0.757633 0.902446 0.290303 0.805205 0.716016 0.740861 0.101022 0.104844 0.813158 0.969570 0.231411 0.688211 0.121885 0.554086 0.770404 0.798932 0.246707 0.298754 0.030636 0.076043 0.947382 0.931750 0.337835 0.071679 0.851380 0.415712 0.564954 0.072735 0.170850 0.384000 0.806235 0.158205 0.194327 0.601729 0.091802 0.901490 0.782006 0.340861 0.007464 0.137961 0.178680 0.923968 0.171169 0.795533 0.169539 0.162707 0.386781 0.938104 0.986571 0.025623 0.894087 0.890112 0.541486 0.555756 0.966975 0.985056 0.237796 0.956333 0.141867 0.157607 0.841280 0.097311 0.372418 0.985203 0.236710 0.326285 0.017371 0.698106 0.552009 0.947687 0.285082 0.402837 0.946477 0.183036 0.066262 0.529668 0.715322 0.065160 0.410286 0.717412 0.988012 0.673810 0.782518 0.562231 0.132578 0.626141 0.071350 0.118571
0.310725 0.045877 0.603693 0.593726 0.937105 0.906312 0.042385 0.460754 0.538839 0.244986 0.518782 0.595681 0.565868 0.609971 0.353997 0.266551 0.969885 0.264441 0.445241 0.171579 0.199423 0.895102 0.074643 0.820288 0.666720 0.750890 0.723507 0.171616 0.036921 0.187574 0.826271 0.659448 0.075722 0.224996 0.422437 0.135298 0.557011 0.485520 0.919358 0.149872 0.826470 0.495500 0.081272 0.274225 0.512143 0.295046 0.094405 0.903854 0.309785 0.401948 0.566675 0.694569 0.292383 0.659129 0.013437 0.720153 0.429409 0.234851 0.345944 0.501875 0.156321 0.365388 0.206699 0.324769 0.540419 0.035671 0.567102 0.847489 0.117766 0.099356 0.841735 0.241257 0.697013 0.416421 0.797958 0.108352 0.237893 0.107278 0.847042 0.279411 0.991278 0.322892 0.897706 0.032687 0.650653 0.292991 0.892667 0.125262 0.159838 0.979617 0.736144 0.638723 0.691551 0.108904 0.184852 0.730592 0.181617 0.705184 0.041827 0.290383 0.656754 0.621385 0.864361 0.018644 0.925246 0.485913 0.709038 0.102954 0.641782 0.441085 0.381130 0.938387 0.729856 0.021034 0.374574 0.528001 0.830369 0.609858 0.487173 0.797136 0.982746 0.122735 0.598604 0.919801 0.642363 0.105150 0.835231 0.713660 0.830006 0.939465 0.411647 0.739520 0.031241 0.380257 0.116956 0.285466 0.761827 0.841886 0.155452 0.452802 0.104673 0.831841 0.428792 0.117890 0.132199 0.283782 0.784036 0.870461 0.910980 0.901842 0.359987 0.161209 0.718796 0.759224 0.711286 0.972818 0.312838 0.507196 0.991677 0.080011 0.068556 0.306592 0.514443 0.351552 0.183658 0.606049 0.953287 0.800179 0.770334 0.920721 0.230343 0.367938 0.597885 0.756209 0.270323 0.079737 0.168910 0.475798 0.310320 0.270641 0.635596 0.108908 0.065784 0.160774 0.079632 0.450862 0.639974 0.189109 0.138163 0.818616 0.120264 0.041160 0.141244 0.931649 0.331557 0.274711 0.743260 0.214181 0.697111 0.046039 0.590149 0.006530 0.428236 0.199207 0.544503 0.203773 0.646850 0.420898 0.952189 0.987596 0.545948 0.869662 0.881109 0.221947 0.009732 0.203531 0.720914 0.653322 0.757720 0.235141 0.877483 0.654409 0.659600 0.443374 0.221126 0.628530 0.462749 0.833220 0.362320 0.643036 0.132589 0.726173 0.151858 0.156277 0.148888 0.654921 0.195504 0.884645 0.356515 0.964536 0.406206 0.024074 0.328080 0.408473 0.056672 0.507890 0.345713 0.835816 0.657716 0.230157 0.257737 0.679921 0.119259 0.224753 0.235568 0.262134 0.519621 0.238598 0.216449 0.515754 0.853262 0.628383 0.033888 0.034065 0.097033 0.088070 0.686584 0.947117 0.618236 0.387271 0.392131 0.438319 0.815797 0.238762 0.706212 0.484033 0.886809 0.489277 0.114938 0.460901 0.951228 0.976582 0.164529 0.623325 0.535622 0.606864 0.689797 0.776841 0.268494 0.237791 0.766540 0.268116 0.099088 0.203503 0.618578 0.223954 0.839073 0.222145 0.867594 0.464569
0.717974 0.544939 0.158239 0.319067 0.753466 0.261326 0.675308 0.822596 0.481927 0.766829 0.822460 0.450843 0.074453 0.587118 0.657539 0.842336 0.316718 0.668030 0.484019 0.562872 0.743618 0.714801 0.570867 0.392179 0.082832 0.462493 0.643312 0.031083 0.641711 0.726262 0.779255 0.833592 0.330162 0.590350 0.015298 0.478272 0.354608 0.699156 0.295353 0.795098 0.683007 0.756139 0.563455 0.036960 0.253391 0.281318 0.755666 0.551687 0.110445 0.209142 0.207903 0.200986 0.818029 0.115716 0.171887 0.609707 0.256874 0.467337 0.267798 0.360096 0.227431 0.423139 0.219251 0.718880 0.307866 0.896199 0.587760 0.769370 0.241693 0.292107 0.558936 0.978110 0.982052 0.122923 0.694074 0.105801 0.982834 0.223728 0.274978 0.008955 0.775176 0.339790 0.777992 0.958267 0.023066 0.586431 0.430648 0.711451 0.920098 0.911424 0.604832 0.836137 0.675558 0.085031 0.295441 0.233295 0.934299 0.244759 0.931964 0.419001 0.067523 0.224334 0.508356 0.766833 0.682642 0.572112 0.864537 0.219036 0.885066 0.033162 0.335887 0.096119 0.103038 0.689713 0.597949 0.004552 0.156188 0.893322 0.682810 0.727888 0.729474 0.566964 0.939647 0.104354 0.468479 0.526316 0.379531 0.970963 0.278425 0.012854 0.395827 0.614370 0.283272 0.135777 0.873704 0.625779 0.706350 0.944650 0.152162 0.525368 0.427541 0.282444 0.472627 0.252273 0.526539 0.404234 0.923441 0.468965 0.410248 0.867385 0.375813 0.657475 0.583291 0.016468 0.102202 0.727626 0.773818 0.910844 0.052221 0.284927 0.134993 0.425617 0.862822 0.159870 0.441349 0.823268 0.552794 0.472065 0.719833 0.377923 0.034130 0.322023 0.393664 0.213190 0.380490 0.241850 0.190568 0.956073 0.186284 0.134437 0.328488 0.398142 0.562493 0.682969 0.362460 0.937151 0.980761 0.507615 0.579453 0.289848 0.698959 0.692860 0.835574 0.401450 0.440610 0.403698 0.517242 0.861328 0.200070 0.875101 0.018503 0.915923 0.146471 0.943479 0.324006 0.653136 0.685776 0.844408 0.656374 0.020416 0.095016 0.344872 0.423146 0.259692 0.940241 0.442436 0.369691 0.754026 0.697695 0.419177 0.258347 0.277128 0.932615 0.831019 0.880044 0.746840 0.247417 0.452853 0.536942 0.743634 0.758844 0.912709 0.677810 0.905690 0.927636 0.221939 0.052462 0.597502 0.622405 0.727758 0.440324 0.285571 0.742646 0.679914 0.174116 0.832679 0.979896 0.772040 0.909214 0.011332 0.233264 0.883881 0.608311 0.563251 0.764973 0.634163 0.598946 0.512116 0.268082 0.270679 0.405554 0.563711 0.597990 0.119978 0.429156 0.866694 0.086154 0.080332 0.725219 0.259159 0.116248 0.077920 0.967079 0.284744 0.185560 0.387759 0.029770 0.726538 0.366928 0.884669 0.146787 0.887793 0.665171 0.260674 0.011241 0.117734 0.045327 0.366513 0.200408 0.642103 0.998942 0.003739 0.361453 0.036957 0.147590 0.814583 0.593650 0.177997 0.775405 0.865520
0.529418 0.626554 0.656462 0.722931 0.384498 0.975537 0.188387 0.302231 0.296831 0.032476 0.947627 0.287177 0.085196 0.864924 0.610373 0.960587 0.354189 0.747900 0.851396 0.601797 0.746639 0.815411 0.236271 0.815857 0.757681 0.718492 0.904542 0.722173 0.799127 0.471471 0.454365 0.743214 0.806482 0.985274 0.268170 0.790110 0.887266 0.388505 0.020200 0.663446 0.475784 0.940825 0.308281 0.063689 0.451811 0.401344 0.513379 0.154113 0.906633 0.286647 0.866329 0.339506 0.857740 0.674779 0.998183 0.785968 0.513012 0.816588 0.493569 0.074477 0.033918 0.518700 0.127104 0.970810 0.835507 0.245701 0.089346 0.956137 0.204086 0.759325 0.096589 0.505489 0.527422 0.547429 0.616992 0.458892 0.187263 0.780043 0.552294 0.166910 0.480724 0.067647 0.752899 0.202758 0.889035 0.788730 0.249278 0.212452 0.105418 0.114382 0.874540 0.013960 0.572958 0.945755 0.259637 0.558398 0.906686 0.680585 0.468805 0.891532 0.617774 0.540883 0.537287 0.532858 0.896494 0.462690 0.710533 0.557884 0.575919 0.610031 0.592073 0.953130 0.292251 0.898819 0.447794 0.575782 0.771600 0.584297 0.832208 0.656046 0.441357 0.856323 0.572096 0.740768 0.243492 0.674485 0.242984 0.707651 0.590757 0.973455 0.596958 0.169349 0.837037 0.134953 0.393203 0.712146 0.507151 0.042804 0.676807 0.602984 0.756248 0.608339 0.193435 0.349870 0.853826 0.437928 0.452818 0.452583 0.721335 0.818053 0.363092 0.157134 0.928856 0.568766 0.686659 0.999993 0.630195 0.048685 0.825650 0.487452 0.261513 0.778717 0.011191 0.977260 0.774452 0.693347 0.517442 0.811319 0.166887 0.728869 0.289621 0.559633 0.054784 0.484323 0.391390 0.659987 0.581619 0.429696 0.641513 0.265155 0.655610 0.742590 0.327393 0.378423 0.642367 0.950882 0.705786 0.529846 0.851442 0.445592 0.897040 0.092438 0.240933 0.642448 0.578610 0.427883 0.086327 0.959879 0.293094 0.330203 0.129398 0.911273 0.419396 0.262311 0.780349 0.281465 0.684966 0.180877 0.444133 0.627982 0.034630 0.995814 0.920994 0.804184 0.108170 0.058735 0.029740 0.730860 0.643965 0.122524 0.006155 0.953982 0.798157 0.349660 0.855826 0.940884 0.482633 0.731725 0.769345 0.636436 0.173024 0.346806 0.993390 0.967266 0.627628 0.752324 0.420641 0.542508 0.564093 0.041558 0.147646 0.548898 0.111889 0.761816 0.909811 0.634567 0.015324 0.586451 0.034159 0.854634 0.736037 0.303889 0.733130 0.421169 0.711568 0.381789 0.518956 0.293879 0.197468 0.915597 0.357480 0.201255 0.543842 0.347375 0.362331 0.254042 0.079370 0.303421 0.240861 0.469250 0.552606 0.683346 0.116121 0.717782 0.842854 0.486269 0.068095 0.793935 0.879591 0.407625 0.106958 0.810379 0.715388 0.049414 0.800530 0.310909 0.128826 0.071682 0.879569 0.723681 0.111172 0.041841 0.832195 0.053026 0.451535 0.854108 0.618189 0.153687 0.064449 0.299455
0.512747 0.022600 0.379971 0.154187 0.465519 0.133308 0.994559 0.722022 0.971382 0.069443 0.019073 0.152759 0.777544 0.708693 0.972609 0.442036 0.451886 0.891968 0.153426 0.715832 0.899162 0.685659 0.320734 0.322692 0.513899 0.160150 0.444611 0.879379 0.100931 0.792318 0.895283 0.362003 0.238417 0.234834 0.683810 0.820884 0.618846 0.405314 0.069907 0.036475 0.318060 0.786310 0.264287 0.806796 0.924208 0.998509 0.624967 0.717696 0.086227 0.098454 0.097791 0.765574 0.825811 0.800126 0.917791 0.715721 0.940041 0.852800 0.846688 0.204152 0.348319 0.833733 0.658666 0.836150 0.553544 0.338786 0.504993 0.483974 0.882962 0.721125 0.098126 0.805108 0.381420 0.226168 0.158646 0.013578 0.825417 0.833959 0.778038 0.897770 0.071916 0.850167 0.286468 0.517679 0.325976 0.211102 0.866566 0.689830 0.200746 0.880833 0.357591 0.552768 0.516026 0.572023 0.577417 0.193122 0.721558 0.376545 0.296459 0.946505 0.819584 0.070246 0.642102 0.402961 0.553931 0.025734 0.961393 0.340637 0.145242 0.449322 0.507680 0.452739 0.208820 0.333159 0.354471 0.421111 0.346213 0.868626 0.204507 0.407563 0.227999 0.243030 0.930011 0.235459 0.659978 0.006147 0.502507 0.108595 0.113898 0.233861 0.312964 0.713846 0.344243 0.844674 0.796014 0.076162 0.833827 0.941463 0.820098 0.600348 0.459259 0.953068 0.375148 0.361301 0.234703 0.163481 0.201391 0.893292 0.446773 0.327014 0.600917 0.333738 0.519520 0.078830 0.243456 0.876347 0.009196 0.503227 0.734337 0.209173 0.833664 0.510088 0.490902 0.972136 0.177337 0.757235 0.306300 0.327282 0.350350 0.642616 0.330371 0.671777 0.245322 0.472665 0.747718 0.923237 0.582375 0.181243 0.624342 0.552365 0.486953 0.915376 0.698047 0.788035 0.725811 0.529961 0.778368 0.328804 0.886879 0.620103 0.820495 0.127633 0.968735 0.481017 0.137160 0.067083 0.411110 0.064215 0.224912 0.266407 0.592728 0.865323 0.290735 0.463032 0.450531 0.480787 0.856096 0.822703 0.726261 0.785869 0.582429 0.013046 0.732321 0.136807 0.799667 0.575770 0.717937 0.857628 0.365355 0.407627 0.037980 0.198412 0.892177 0.125816 0.074889 0.050138 0.278896 0.093383 0.301915 0.909758 0.428319 0.521744 0.010380 0.675558 0.382354 0.368577 0.878173 0.777743 0.283142 0.057387 0.580244 0.123185 0.113377 0.754141 0.615439 0.231671 0.180127 0.799042 0.951808 0.579819 0.351474 0.653378 0.853634 0.306316 0.881377 0.486893 0.562866 0.666294 0.661600 0.202953 0.633020 0.740468 0.941764 0.003003 0.068111 0.979223 0.306684 0.888030 0.836414 0.988295 0.134161 0.781745 0.459997 0.450084 0.689490 0.175360 0.273030 0.929888 0.870397 0.139829 0.750714 0.279861 0.787180 0.950997 0.764762 0.843837 0.984311 0.463909 0.766716 0.177077 0.898550 0.138112 0.283844 0.006555 0.502239 0.104693 0.671318 0.337261 0.427898 0.757454
0.346000 0.979864 0.040504 0.592272 0.618501 0.156791 0.077398 0.607876 0.786372 0.454229 0.758544 0.250238 0.696133 0.144795 0.863300 0.920341 0.897886 0.165394 0.810573 0.011053 0.844097 0.637954 0.941809 0.514725 0.814738 0.813973 0.811580 0.614257 0.830212 0.806809 0.112125 0.891044 0.309627 0.320392 0.471773 0.232816 0.903845 0.347182 0.930745 0.964651 0.780248 0.946375 0.625902 0.998840 0.003559 0.252491 0.028488 0.674152 0.365237 0.184593 0.282681 0.541355 0.835167 0.923478 0.886807 0.425321 0.168655 0.246671 0.177307 0.253561 0.631330 0.295606 0.975076 0.332675 0.580072 0.919970 0.803147 0.304568 0.324318 0.607287 0.229531 0.263574 0.888839 0.103316 0.356759 0.561065 0.422176 0.968542 0.290798 0.527220 0.462614 0.964240 0.032278 0.758757 0.378317 0.072582 0.226777 0.576269 0.018223 0.542697 0.743334 0.794688 0.061223 0.858438 0.856317 0.886760 0.393212 0.382773 0.551974 0.278048 0.575452 0.545950 0.449954 0.349541 0.907823 0.403992 0.903895 0.422814 0.372993 0.454146 0.867878 0.770889 0.141795 0.227536 0.378452 0.581199 0.781331 0.097445 0.907565 0.815928 0.168713 0.769279 0.216683 0.286944 0.574679 0.780896 0.496292 0.120504 0.811882 0.707537 0.819541 0.188455 0.359282 0.273880 0.375096 0.391017 0.376626 0.990066 0.375404 0.487584 0.450765 0.789837 0.561689 0.117262 0.117787 0.509708 0.873068 0.298065 0.313906 0.727711 0.416264 0.977032 0.337764 0.565496 0.790563 0.171090 0.426194 0.693047 0.656572 0.390777 0.271110 0.077903 0.476392 0.621460 0.649256 0.582775 0.715551 0.738752 0.543773 0.341819 0.543197 0.321405 0.852272 0.228881 0.025937 0.015021 0.740226 0.636966 0.347830 0.011851 0.354177 0.922237 0.280456 0.477568 0.910978 0.675111 0.256860 0.191129 0.386729 0.002893 0.464442 0.824608 0.156646 0.819691 0.940876 0.605693 0.074782 0.240098 0.605260 0.827177 0.344675 0.397352 0.687901 0.715288 0.591895 0.399528 0.232022 0.298397 0.781248 0.070029 0.604725 0.376962 0.907974 0.315407 0.148970 0.835378 0.218643 0.446370 0.674687 0.079460 0.107551 0.219299 0.652688 0.004300 0.159148 0.410466 0.268752 0.294336 0.187390 0.759745 0.900572 0.456949 0.904843 0.800301 0.056813 0.687721 0.682082 0.493462 0.446423 0.515996 0.008339 0.407584 0.461452 0.609502 0.496187 0.506622 0.762047 0.425640 0.119505 0.344623 0.334768 0.223315 0.726150 0.308537 0.512430 0.834795 0.943923 0.995701 0.306180 0.518738 0.426225 0.169075 0.720987 0.232610 0.746101 0.375757 0.906140 0.720517 0.890904 0.643502 0.684385 0.810915 0.010831 0.945713 0.711604 0.332709 0.709984 0.811091 0.257590 0.876581 0.689312 0.753721 0.197394 0.631629 0.181512 0.619182 0.044907 0.180729 0.474189 0.498487 0.151567 0.125705 0.576306 0.125044 0.245759 0.603307 0.567381 0.706356 0.914466 0.719171
0.136294 0.148238 0.703849 0.330758 0.450982 0.257275 0.874702 0.750989 0.309612 0.548639 0.563276 0.056987 0.063209 0.056689 0.662931 0.001593 0.951483 0.527009 0.604306 0.394793 0.436854 0.947378 0.702757 0.490984 0.992745 0.920313 0.742846 0.056461 0.099980 0.878026 0.480648 0.131984 0.161865 0.882391 0.490446 0.818887 0.007768 0.499964 0.185838 0.727176 0.435175 0.959282 0.217128 0.172721 0.993267 0.619993 0.054510 0.752991 0.608426 0.404481 0.422886 0.468798 0.096477 0.801268 0.481703 0.411799 0.878778 0.617693 0.683795 0.720195 0.583142 0.570803 0.882760 0.467813 0.490654 0.629223 0.547355 0.467754 0.272257 0.864424 0.931067 0.007717 0.267549 0.720746 0.222738 0.571767 0.678816 0.000456 0.376326 0.690650 0.655449 0.469793 0.899081 0.491631 0.852981 0.482971 0.468423 0.075793 0.003300 0.401409 0.372718 0.996469 0.892187 0.377447 0.679008 0.795121 0.111965 0.088899 0.654973 0.836764 0.549652 0.516624 0.437613 0.471540 0.489753 0.276732 0.284138 0.487024 0.781826 0.678983 0.460035 0.711266 0.391570 0.629463 0.919852 0.121013 0.903285 0.988597 0.948461 0.915249 0.406551 0.398245 0.260324 0.842446 0.127043 0.624208 0.457297 0.242143 0.725616 0.812653 0.141508 0.641961 0.156111 0.242788 0.767802 0.432605 0.910064 0.216144 0.521970 0.545783 0.566651 0.066721 0.278865 0.149608 0.184602 0.634233 0.469174 0.573422 0.814910 0.533723 0.196712 0.473082 0.357988 0.154914 0.094337 0.557414 0.235923 0.070385 0.416619 0.733195 0.759997 0.225589 0.039342 0.240312 0.411625 0.323031 0.604589 0.430677 0.079401 0.490843 0.545790 0.807538 0.993257 0.059097 0.444874 0.814107 0.358291 0.083050 0.517616 0.425918 0.172834 0.359567 0.014763 0.047336 0.275294 0.966531 0.182287 0.179305 0.852580 0.403477 0.105555 0.057171 0.047326 0.184123 0.303865 0.942980 0.958183 0.047446 0.290582 0.279833 0.643642 0.894258 0.688189 0.646262 0.233724 0.727783 0.923645 0.419192 0.721217 0.514199 0.354183 0.951598 0.546928 0.853272 0.796648 0.549222 0.018393 0.288264 0.448740 0.187850 0.232198 0.540025 0.254619 0.262472 0.780550 0.848408 0.536728 0.556851 0.953765 0.133882 0.202320 0.210133 0.617333 0.770423 0.022653 0.402983 0.906417 0.280213 0.993464 0.255650 0.473850 0.872526 0.085898 0.891528 0.000415 0.302949 0.396125 0.290802 0.563073 0.933477 0.918874 0.606526 0.979240 0.599987 0.775922 0.867961 0.281032 0.929094 0.404861 0.752694 0.590044 0.146926 0.796322 0.580335 0.086615 0.256432 0.943683 0.016107 0.031654 0.918350 0.301115 0.746398 0.025568 0.551213 0.652229 0.464162 0.840883 0.727533 0.821893 0.895132 0.347218 0.303378 0.099557 0.709067 0.998420 0.615981 0.966023 0.293324 0.232983 0.251816 0.563443 0.131905 0.565044 0.546413 0.723320 0.936383 0.210628 0.473721 0.579820 0.531135
0.641701 0.932231 0.942447 0.042042 0.122215 0.652182 0.631754 0.865109 0.646958 0.729666 0.663679 0.435808 0.791400 0.022893 0.749623 0.492228 0.644127 0.463762 0.116642 0.913281 0.829194 0.737905 0.149890 0.381648 0.707785 0.247340 0.848715 0.512697 0.009694 0.060863 0.809442 0.039689 0.189601 0.171347 0.882191 0.007335 0.781345 0.346622 0.952313 0.409485 0.019449 0.213572 0.786031 0.796910 0.659734 0.735975 0.176000 0.091374 0.200616 0.754911 0.041829 0.645679 0.191332 0.303424 0.142439 0.737047 0.316537 0.742110 0.681441 0.835047 0.709413 0.553393 0.816387 0.417405 0.099530 0.907667 0.790254 0.760187 0.751349 0.156498 0.238933 0.598780 0.296724 0.444061 0.214911 0.648726 0.705105 0.737063 0.599344 0.722005 0.201062 0.937989 0.792940 0.201204 0.722055 0.027050 0.831210 0.575853 0.373462 0.832720 0.179860 0.603259 0.682264 0.889678 0.765129 0.905480 0.164217 0.988599 0.447355 0.309563 0.240148 0.349867 0.652015 0.802936 0.987810 0.703283 0.728683 0.684608 0.859437 0.921959 0.929983 0.153109 0.956644 0.504081 0.509246 0.881328 0.881909 0.351734 0.164949 0.444243 0.147067 0.091775 0.442897 0.598080 0.574639 0.905909 0.409462 0.333894 0.303336 0.029548 0.066982 0.904407 0.568323 0.815441 0.700321 0.667814 0.064450 0.921801 0.162325 0.775852 0.774000 0.624684 0.243508 0.079774 0.593862 0.098248 0.660707 0.331632 0.455312 0.115275 0.739488 0.567178 0.842657 0.874696 0.351353 0.597055 0.047768 0.440204 0.281100 0.069853 0.146212 0.254666 0.569685 0.965976 0.106475 0.724396 0.757714 0.042226 0.808524 0.765084 0.516107 0.054358 0.694357 0.235073 0.628258 0.175228 0.395568 0.359225 0.402429 0.855396 0.752309 0.335754 0.202883 0.705521 0.094587 0.043596 0.044435 0.458294 0.179887 0.951457 0.574245 0.683356 0.763389 0.056388 0.384607 0.474035 0.275215 0.215834 0.580756 0.163287 0.944756 0.481508 0.231472 0.048698 0.703907 0.288419 0.709319 0.830236 0.203147 0.125717 0.784372 0.261146 0.702257 0.937767 0.007953 0.553182 0.057362 0.654539 0.804084 0.584550 0.244610 0.510655 0.584167 0.469488 0.927151 0.556310 0.909602 0.450881 0.080602 0.455394 0.158242 0.158769 0.403710 0.020331 0.634631 0.109224 0.820740 0.668838 0.437478 0.700150 0.291829 0.316977 0.673964 0.223937 0.572828 0.490883 0.193157 0.299405 0.320354 0.580985 0.068669 0.173265 0.286874 0.977331 0.214674 0.357807 0.195913 0.746076 0.150594 0.950531 0.110849 0.302068 0.503945 0.601786 0.849144 0.320267 0.965515 0.911433 0.023956 0.051515 0.690654 0.050961 0.156410 0.854019 0.723753 0.180545 0.541364 0.833203 0.744064 0.196783 0.581273 0.869832 0.413298 0.062928 0.802330 0.984571 0.676276 0.403372 0.449375 0.106438 0.890875 0.996783 0.987948 0.014393 0.664293 0.133610 0.575044 0.861812 0.198213 0.962293
0.797235 0.897539 0.142628 0.479615 0.097976 0.060956 0.662610 0.008831 0.649516 0.067600 0.502307 0.876402 0.732615 0.943634 0.145961 0.034558 0.297503 0.099919 0.659880 0.403253 0.711835 0.677126 0.194718 0.315041 0.474201 0.685248 0.167743 0.397227 0.125192 0.188020 0.402255 0.885106 0.666972 0.998632 0.815309 0.353262 0.219945 0.356573 0.075186 0.891889 0.669304 0.693268 0.178082 0.788760 0.851553 0.599640 0.983177 0.831851 0.626958 0.623692 0.947773 0.889962 0.637642 0.106166 0.377616 0.018265 0.388911 0.710345 0.870988 0.502887 0.471371 0.856670 0.473662 0.374006 0.430281 0.621946 0.535144 0.021321 0.893057 0.383931 0.724582 0.864833 0.945994 0.367572 0.754165 0.677579 0.845397 0.199291 0.900623 0.597484 0.656777 0.203926 0.882641 0.710584 0.147837 0.233674 0.230083 0.368690 0.320514 0.209385 0.461864 0.271383 0.446034 0.402477 0.547414 0.021984 0.187657 0.990189 0.150316 0.994831 0.740820 0.429978 0.846411 0.853640 0.152717 0.589744 0.019385 0.551880 0.155457 0.196835 0.612854 0.380049 0.224897 0.006780 0.507904 0.673679 0.087929 0.793474 0.924751 0.666966 0.638626 0.774152 0.903826 0.079558 0.733359 0.408773 0.811435 0.337104 0.944222 0.316723 0.165730 0.831303 0.710801 0.096122 0.576927 0.743190 0.844346 0.623876 0.701915 0.560290 0.758306 0.361537 0.539204 0.708227 0.234581 0.244556 0.924223 0.112955 0.838623 0.376454 0.397919 0.468800 0.744639 0.237902 0.578528 0.947068 0.431019 0.471686 0.915023 0.291954 0.249789 0.466300 0.055916 0.367327 0.660920 0.766626 0.887272 0.893017 0.415755 0.955090 0.445524 0.986148 0.109436 0.771015 0.877659 0.761849 0.534930 0.851127 0.761272 0.196187 0.193414 0.796860 0.024270 0.675129 0.143035 0.973632 0.506546 0.844687 0.744578 0.415336 0.830124 0.667627 0.306564 0.807947 0.642762 0.536805 0.851512 0.053277 0.655230 0.420563 0.481132 0.044936 0.339730 0.399197 0.492966 0.160059 0.266241 0.985671 0.514884 0.605825 0.338450 0.336885 0.209674 0.300905 0.365582 0.896187 0.753885 0.820767 0.239229 0.822291 0.067608 0.725103 0.395373 0.170673 0.783279 0.726416 0.637284 0.934203 0.980989 0.204452 0.461548 0.020376 0.795685 0.790214 0.723761 0.955085 0.432920 0.318146 0.987940 0.171440 0.513177 0.761325 0.175990 0.272152 0.908999 0.364752 0.232572 0.351634 0.425658 0.054795 0.630921 0.888825 0.624484 0.965211 0.396625 0.270241 0.013322 0.424435 0.555663 0.526746 0.278655 0.788848 0.182234 0.088063 0.893396 0.701119 0.416355 0.249966 0.863459 0.242338 0.692214 0.247864 0.479426 0.725786 0.112993 0.715714 0.232088 0.094140 0.948017 0.834801 0.328684 0.329411 0.991001 0.173724 0.996343 0.016603 0.857128 0.987433 0.829858 0.231368 0.779319 0.596875 0.965155 0.895715 0.539441 0.303725 0.257021 0.489282 0.091439 0.879966
0.710898 0.471358 0.927758 0.462167 0.713932 0.936441 0.540568 0.385840 0.596811 0.802710 0.386890 0.922184 0.956627 0.962374 0.487552 0.760982 0.664229 0.157617 0.935380 0.358919 0.840312 0.940297 0.561904 0.013064 0.088667 0.805527 0.333262 0.884162 0.114892 0.886899 0.184759 0.867056 0.668845 0.900989 0.516218 0.620594 0.402363 0.615994 0.143968 0.066255 0.458726 0.559491 0.892830 0.534939 0.051087 0.770972 0.006753 0.940068 0.047447 0.154306 0.176842 0.039467 0.717256 0.131033 0.787488 0.001207 0.932984 0.730368 0.775276 0.665604 0.338435 0.088561 0.118493 0.326554 0.385533 0.749720 0.973383 0.190218 0.817902 0.822360 0.089408 0.092385 0.992080 0.170274 0.427176 0.437705 0.059671 0.018271 0.305920 0.584786 0.522994 0.835047 0.022847 0.553769 0.130241 0.546795 0.960819 0.886397 0.977970 0.053178 0.702979 0.552551 0.153677 0.418957 0.444690 0.075522 0.420130 0.452603 0.466179 0.691113 0.056331 0.707247 0.197242 0.391852 0.450220 0.455300 0.050092 0.599697 0.649031 0.749209 0.748839 0.201659 0.497441 0.415727 0.193932 0.934084 0.272753 0.974080 0.203665 0.300518 0.539683 0.859977 0.225102 0.181287 0.977633 0.501544 0.969942 0.245502 0.790807 0.277984 0.001218 0.404459 0.752298 0.993809 0.181740 0.974828 0.837545 0.470689 0.961983 0.258073 0.677929 0.110555 0.176948 0.195899 0.165529 0.880802 0.618630 0.587480 0.983174 0.230722 0.057934 0.514965 0.774500 0.639778 0.842865 0.731685 0.290100 0.625784 0.932061 0.554088 0.929939 0.992511 0.572390 0.429949 0.285745 0.011809 0.836418 0.240805 0.141800 0.669752 0.246843 0.884555 0.714168 0.925150 0.259126 0.864076 0.474197 0.308875 0.365117 0.305023 0.050657 0.995064 0.869972 0.068131 0.177855 0.448950 0.716405 0.057813 0.709732 0.460293 0.933387 0.158782 0.374077 0.864063 0.308858 0.320003 0.672131 0.053591 0.706957 0.313408 0.743761 0.862728 0.957833 0.774264 0.935513 0.807072 0.539468 0.409489 0.852569 0.040333 0.946701 0.687212 0.669943 0.587833 0.071867 0.830488 0.912516 0.505303 0.384955 0.333784 0.827015 0.456741 0.875219 0.744645 0.605273 0.973169 0.540465 0.268612 0.093644 0.357236 0.858080 0.233101 0.524363 0.922426 0.391695 0.986585 0.326050 0.858656 0.243935 0.874973 0.036868 0.477805 0.561015 0.870488 0.984847 0.894092 0.499427 0.708695 0.506784 0.402716 0.980342 0.593066 0.172894 0.975382 0.877993 0.659650 0.808095 0.143634 0.395553 0.259373 0.341224 0.467631 0.406133 0.876198 0.745473 0.216465 0.059878 0.604856 0.744216 0.440450 0.460162 0.713133 0.631263 0.420906 0.380721 0.135695 0.437886 0.659439 0.971006 0.993078 0.014062 0.783444 0.275329 0.252980 0.955703 0.509228 0.424947 0.228429 0.165473 0.698179 0.257442 0.656431 0.702595 0.858853 0.368790 0.744636 0.296790 0.363954 0.693672 0.325783
0.956582 0.771880 0.344286 0.811118 0.497879 0.931257 0.465800 0.977907 0.401654 0.767295 0.827329 0.670327 0.973426 0.617166 0.006325 0.460729 0.570319 0.979777 0.362453 0.928934 0.445684 0.674073 0.088398 0.244701 0.367593 0.440566 0.668065 0.525847 0.387908 0.278538 0.757163 0.435707 0.119085 0.216378 0.310304 0.726189 0.092902 0.866357 0.990878 0.902351 0.404774 0.888108 0.674789 0.564095 0.940743 0.396358 0.859988 0.670746 0.342973 0.415006 0.847433 0.321828 0.091184 0.109300 0.534902 0.066671 0.346335 0.467995 0.201666 0.455710 0.293560 0.675002 0.721110 0.282371 0.815319 0.565233 0.365278 0.551392 0.462793 0.412492 0.923809 0.177197 0.499689 0.155577 0.585842 0.753830 0.095687 0.651175 0.152266 0.086407 0.229650 0.034547 0.410206 0.123389 0.646405 0.343797 0.392142 0.394298 0.690641 0.895033 0.252533 0.997473 0.741283 0.452687 0.152662 0.483151 0.628561 0.147494 0.421245 0.274783 0.497603 0.364109 0.902057 0.518133 0.671439 0.832516 0.648901 0.712379 0.751756 0.358585 0.190698 0.479114 0.017921 0.149682 0.222291 0.004530 0.379485 0.718502 0.278779 0.350958 0.301992 0.022283 0.164665 0.226185 0.130702 0.548877 0.925815 0.070948 0.576706 0.402122 0.853536 0.135544 0.968655 0.124282 0.356482 0.907198 0.768131 0.370786 0.096499 0.895927 0.503798 0.408750 0.259921 0.985966 0.051786 0.531941 0.910244 0.281713 0.789769 0.215937 0.544096 0.651810 0.483930 0.406331 0.869013 0.808554 0.585040 0.923420 0.791947 0.132771 0.606638 0.914782 0.996045 0.383187 0.648117 0.792838 0.865356 0.534406 0.391421 0.264006 0.153035 0.811355 0.013597 0.308685 0.275215 0.672245 0.387714 0.344212 0.687362 0.672798 0.545994 0.832788 0.988619 0.311058 0.776667 0.080144 0.254914 0.114086 0.262460 0.413362 0.668149 0.140969 0.840709 0.864837 0.537728 0.202042 0.528816 0.065214 0.058873 0.510737 0.753729 0.550399 0.510846 0.637876 0.785472 0.487788 0.365245 0.627977 0.222638 0.062855 0.958163 0.885549 0.065151 0.148288 0.414283 0.055956 0.889414 0.584339 0.101794 0.715576 0.146725 0.494591 0.446985 0.246170 0.560122 0.924856 0.855072 0.334292 0.744894 0.849236 0.097113 0.197890 0.035712 0.096196 0.538452 0.444974 0.216890 0.922172 0.148901 0.799604 0.514254 0.430097 0.313801 0.104416 0.371191 0.633837 0.321864 0.837816 0.937890 0.829574 0.457642 0.215218 0.529140 0.169234 0.976222 0.576882 0.374784 0.039963 0.858343 0.148264 0.273575 0.591276 0.786391 0.072782 0.410346 0.083174 0.950882 0.190014 0.404166 0.119250 0.538917 0.630412 0.879681 0.294278 0.944602 0.785521 0.235894 0.820249 0.000665 0.470933 0.207442 0.244175 0.825090 0.501951 0.522625 0.405630 0.563702 0.321420 0.090438 0.113919 0.127126 0.284262 0.619889 0.066435 0.367569 0.870477 0.545543 0.930134 0.372178 0.510968
0.146817 0.546751 0.875926 0.307867 0.712730 0.770069 0.045760 0.359369 0.945914 0.386633 0.376816 0.575171 0.712045 0.810921 0.925025 0.468219 0.607597 0.216027 0.372470 0.200469 0.401304 0.055179 0.610786 0.895951 0.971873 0.955912 0.507846 0.155909 0.682752 0.279048 0.424490 0.381180 0.060771 0.174718 0.870097 0.464416 0.979482 0.529399 0.478563 0.066011 0.636918 0.295724 0.997524 0.575846 0.571166 0.828897 0.160642 0.842175 0.049904 0.130142 0.013277 0.203939 0.914921 0.450764 0.615578 0.516512 0.464057 0.189290 0.165713 0.380016 0.068002 0.574391 0.894723 0.198030 0.053290 0.717550 0.815427 0.430376 0.129815 0.479871 0.547205 0.662317 0.380991 0.418892 0.732286 0.765145 0.897283 0.675879 0.587341 0.503512 0.590900 0.145142 0.647880 0.059825 0.735043 0.957641 0.117345 0.112265 0.478842 0.661673 0.744972 0.526975 0.495365 0.600109 0.613875 0.129556 0.408195 0.242231 0.608150 0.245746 0.778570 0.206025 0.513851 0.477526 0.387770 0.394078 0.822918 0.778460 0.151783 0.630277 0.098550 0.305656 0.650039 0.125421 0.903553 0.575218 0.701585 0.211162 0.514105 0.582647 0.791757 0.650425 0.483687 0.284083 0.062687 0.276616 0.071484 0.108181 0.235296 0.976887 0.261318 0.636517 0.399680 0.474515 0.535839 0.623159 0.859324 0.779149 0.818887 0.134517 0.067547 0.774565 0.348129 0.839273 0.502266 0.129589 0.575869 0.866272 0.186773 0.392511 0.248794 0.260162 0.121716 0.461357 0.966507 0.270162 0.122435 0.769423 0.942323 0.303286 0.637930 0.012978 0.836017 0.339611 0.702723 0.684011 0.223154 0.542984 0.517073 0.328046 0.404491 0.954696 0.814711 0.412003 0.175534 0.250969 0.727042 0.133379 0.529462 0.097889 0.289123 0.132396 0.847961 0.727752 0.608974 0.598139 0.472984 0.968426 0.719245 0.320455 0.386974 0.655768 0.882618 0.022906 0.662116 0.713942 0.750106 0.029508 0.728858 0.227798 0.188025 0.898784 0.411991 0.195217 0.677628 0.756011 0.661250 0.411008 0.906002 0.332050 0.248064 0.649893 0.451353 0.144904 0.485393 0.456185 0.729637 0.910625 0.592757 0.120343 0.940957 0.956447 0.719687 0.998813 0.321347 0.105956 0.578309 0.980755 0.055134 0.585927 0.976725 0.094809 0.747472 0.362336 0.745330 0.458805 0.019892 0.779071 0.587881 0.306725 0.639277 0.990493 0.964145 0.292549 0.393447 0.949143 0.852383 0.478531 0.554674 0.168353 0.474617 0.087190 0.461897 0.821960 0.183115 0.687977 0.127262 0.680154 0.458653 0.928887 0.019168 0.647222 0.960640 0.768747 0.466631 0.953920 0.967815 0.391861 0.213739 0.389943 0.553798 0.150168 0.323314 0.806359 0.840249 0.837891 0.748411 0.170932 0.292468 0.319462 0.475145 0.312805 0.514969 0.655839 0.332179 0.799290 0.901287 0.570282 0.609926 0.419700 0.801312 0.111177 0.828171 0.089499 0.810945 0.399991 0.023918 0.185563 0.951309 0.133131
0.485479 0.581511 0.732579 0.570079 0.045413 0.339201 0.256448 0.115893 0.392806 0.915393 0.573618 0.636831 0.294487 0.678301 0.873613 0.491264 0.488975 0.990573 0.802274 0.835594 0.187967 0.462060 0.761957 0.527125 0.023254 0.655608 0.324518 0.129529 0.693489 0.669120 0.586215 0.541193 0.783503 0.083134 0.452079 0.797134 0.012666 0.974897 0.541215 0.406594 0.283553 0.510878 0.289078 0.603014 0.898691 0.046044 0.090139 0.296849 0.528174 0.392909 0.598887 0.332497 0.354684 0.476537 0.551817 0.062506 0.968964 0.202764 0.432501 0.531015 0.055038 0.545813 0.389878 0.954413 0.019691 0.016477 0.905406 0.451649 0.534750 0.823915 0.902892 0.008586 0.699608 0.482736 0.741287 0.189563 0.960375 0.982186 0.423091 0.542080 0.357301 0.084779 0.597873 0.548697 0.088579 0.976378 0.311720 0.421169 0.435662 0.790460 0.248660 0.537145 0.133601 0.471551 0.791860 0.445967 0.628980 0.208657 0.710106 0.217715 0.451024 0.224047 0.318626 0.441667 0.012316 0.344798 0.565819 0.587966 0.286379 0.512596 0.821401 0.661530 0.847751 0.807419 0.521947 0.903993 0.588195 0.531496 0.662252 0.118013 0.642129 0.587078 0.536421 0.796532 0.769046 0.170156 0.212627 0.780627 0.798429 0.142543 0.819963 0.595645 0.602435 0.108328 0.224209 0.290788 0.166737 0.367610 0.621156 0.028124 0.630485 0.975701 0.734695 0.473844 0.237549 0.632937 0.826285 0.820276 0.636061 0.191278 0.392638 0.443960 0.493800 0.003055 0.856623 0.096323 0.370152 0.712866 0.237754 0.057910 0.852738 0.439228 0.116655 0.233906 0.385382 0.154597 0.934406 0.793375 0.808433 0.057448 0.510506 0.144885 0.914496 0.423185 0.465014 0.328872 0.307326 0.298995 0.614757 0.562772 0.243713 0.837657 0.732291 0.149392 0.404201 0.406169 0.908579 0.285340 0.057230 0.609367 0.856867 0.944511 0.012051 0.639505 0.581937 0.745627 0.302767 0.435132 0.880430 0.156074 0.710816 0.867175 0.664064 0.382460 0.228616 0.353643 0.465354 0.647909 0.118352 0.369281 0.167780 0.933426 0.935071 0.718406 0.445456 0.387185 0.601954 0.666171 0.276173 0.364651 0.292780 0.372988 0.207248 0.036845 0.758237 0.946858 0.908054 0.859563 0.902414 0.370313 0.025041 0.641174 0.533770 0.339285 0.783158 0.838564 0.272389 0.758913 0.506479 0.936937 0.105712 0.502857 0.712079 0.963908 0.600625 0.320020 0.943243 0.998539 0.817774 0.385859 0.225743 0.002479 0.689259 0.192854 0.056193 0.009985 0.334348 0.231542 0.764860 0.951538 0.575140 0.083706 0.184073 0.758662 0.523791 0.089835 0.261725 0.410425 0.124200 0.767471 0.669385 0.994575 0.598192 0.376958 0.422493 0.212184 0.850872 0.754871 0.756271 0.945137 0.045811 0.644937 0.286355 0.542558 0.510355 0.812672 0.973185 0.370201 0.726332 0.046003 0.959103 0.055389 0.174485 0.297838 0.741498 0.097064 0.839381 0.473646 0.121735 0.140174
0.251675 0.025230 0.028084 0.087595 0.132319 0.080001 0.200550 0.395122 0.068005 0.662282 0.239162 0.404900 0.243614 0.382834 0.256504 0.900768 0.370884 0.367282 0.701569 0.209291 0.105547 0.513195 0.164895 0.088764 0.006981 0.457403 0.573526 0.640803 0.546693 0.389134 0.958970 0.580865 0.416827 0.662938 0.983245 0.008290 0.749163 0.102175 0.407778 0.026829 0.253821 0.963689 0.279627 0.974554 0.209089 0.557245 0.383271 0.279244 0.855606 0.650512 0.944839 0.394873 0.235500 0.866895 0.870912 0.026269 0.143661 0.053587 0.522378 0.195669 0.897688 0.952388 0.364605 0.496988 0.889351 0.526072 0.149229 0.543317 0.716624 0.096347 0.321182 0.810911 0.702498 0.128079 0.308393 0.849082 0.307889 0.082586 0.532226 0.388689 0.724671 0.573322 0.383989 0.730192 0.269334 0.137540 0.742894 0.320265 0.012223 0.749821 0.130587 0.946711 0.045681 0.361163 0.906836 0.360087 0.560549 0.306406 0.224308 0.738356 0.179390 0.242075 0.074684 0.548085 0.690625 0.914978 0.583262 0.792474 0.829293 0.528990 0.470784 0.258348 0.919263 0.924387 0.395342 0.056567 0.553503 0.017097 0.339194 0.570034 0.464522 0.450490 0.484857 0.122302 0.210030 0.243635 0.383021 0.170681 0.410886 0.225136 0.163993 0.090874 0.875087 0.352999 0.287151 0.854909 0.066972 0.906328 0.333051 0.600003 0.286799 0.560482 0.512027 0.439456 0.464031 0.536888 0.086916 0.614508 0.425758 0.045224 0.618270 0.595697 0.183620 0.087080 0.628577 0.086199 0.684061 0.812475 0.121507 0.743666 0.976761 0.071903 0.478554 0.546064 0.735110 0.154459 0.232417 0.672560 0.673204 0.142149 0.883519 0.452845 0.137560 0.054944 0.609090 0.637689 0.880247 0.614121 0.207152 0.996687 0.132799 0.521660 0.566566 0.951777 0.241378 0.899621 0.906885 0.101955 0.541539 0.089319 0.871671 0.356014 0.924487 0.772867 0.120613 0.078422 0.645618 0.260174 0.321353 0.252158 0.330460 0.426294 0.749570 0.846036 0.119526 0.846206 0.980933 0.715966 0.652209 0.660067 0.557968 0.028174 0.562351 0.002651 0.683068 0.311081 0.310208 0.860494 0.438531 0.377216 0.229976 0.791669 0.578429 0.114870 0.000137 0.055550 0.925876 0.955069 0.090626 0.036070 0.850131 0.014348 0.781105 0.415977 0.510689 0.564316 0.352867 0.250386 0.505811 0.016414 0.012524 0.954330 0.767426 0.717206 0.495942 0.113710 0.680168 0.729643 0.267595 0.695368 0.062659 0.021575 0.721723 0.622977 0.758387 0.947060 0.362020 0.819868 0.477420 0.912521 0.643254 0.097047 0.911859 0.727936 0.394612 0.497809 0.418097 0.785515 0.887883 0.786862 0.301014 0.933881 0.772538 0.456180 0.014508 0.067981 0.165008 0.888563 0.225959 0.558869 0.136824 0.540260 0.264251 0.724500 0.945701 0.338070 0.817182 0.850287 0.444696 0.565705 0.926417 0.979574 0.506122 0.463286 0.258704 0.259730 0.113900 0.180863 0.404338 0.819547
0.826946 0.408178 0.477333 0.233956 0.615103 0.765712 0.744839 0.433144 0.421864 0.802358 0.007799 0.374731 0.380086 0.781291 0.985425 0.956196 0.634854 0.811804 0.784582 0.947303 0.938752 0.186469 0.911570 0.085677 0.884509 0.181484 0.841088 0.737334 0.087999 0.815391 0.505234 0.218038 0.881121 0.367285 0.666623 0.785618 0.085343 0.225793 0.131647 0.220390 0.530308 0.504218 0.417754 0.282899 0.316724 0.992252 0.121512 0.540495 0.741201 0.496028 0.598929 0.847790 0.383226 0.508474 0.350929 0.063865 0.688438 0.950955 0.033966 0.173787 0.273394 0.537694 0.064778 0.997487 0.140067 0.188181 0.928052 0.817047 0.240613 0.320299 0.270091 0.444539 0.400651 0.600063 0.574804 0.054669 0.963339 0.775666 0.958092 0.773060 0.635573 0.381681 0.958839 0.595949 0.035995 0.061707 0.862756 0.287743 0.495966 0.338025 0.159517 0.651069 0.846519 0.510554 0.911800 0.432331 0.514148 0.311613 0.898748 0.162567 0.817829 0.191995 0.950511 0.942644 0.812351 0.304508 0.771735 0.623585 0.389154 0.489114 0.379253 0.335522 0.602470 0.743634 0.591359 0.393734 0.126700 0.408220 0.209661 0.371477 0.529802 0.376675 0.181557 0.876746 0.834136 0.449915 0.314914 0.847204 0.103740 0.986077 0.422677 0.956691 0.545047 0.616195 0.319687 0.294556 0.184409 0.713985 0.618020 0.750513 0.285415 0.683267 0.883752 0.934056 0.925437 0.008986 0.906238 0.224494 0.714071 0.495860 0.029760 0.165989 0.679398 0.213730 0.702064 0.172979 0.841377 0.140173 0.010258 0.602910 0.306970 0.406181 0.908409 0.348246 0.644254 0.696028 0.489518 0.073384 0.016038 0.130233 0.912615 0.700539 0.539586 0.025157 0.702332 0.320299 0.001568 0.415852 0.960536 0.131220 0.906749 0.275285 0.960912 0.026822 0.234476 0.702657 0.831484 0.589112 0.701017 0.142772 0.931143 0.185338 0.012341 0.762993 0.713225 0.039275 0.624473 0.785521 0.786899 0.719592 0.773449 0.572640 0.392149 0.818840 0.232046 0.935227 0.868762 0.922486 0.609710 0.410848 0.153384 0.062138 0.098599 0.180402 0.874877 0.609913 0.772151 0.535188 0.316970 0.089617 0.965961 0.420830 0.328155 0.393243 0.097834 0.688771 0.530746 0.048179 0.062547 0.197740 0.630102 0.436939 0.973923 0.732351 0.791815 0.019331 0.604783 0.991569 0.751492 0.291445 0.451715 0.055320 0.167730 0.236216 0.627176 0.808335 0.471481 0.474610 0.582498 0.754306 0.687436 0.806828 0.368456 0.389500 0.061815 0.054956 0.296013 0.214613 0.396433 0.467140 0.527715 0.610405 0.011967 0.517878 0.101293 0.797847 0.108385 0.868546 0.185103 0.269309 0.085572 0.920613 0.306559 0.781197 0.091398 0.018504 0.743221 0.706585 0.300963 0.950120 0.880208 0.625616 0.150548 0.282803 0.740454 0.311228 0.539547 0.659905 0.796610 0.455365 0.198632 0.349626 0.936504 0.080071 0.633736 0.864177 0.531630 0.276690 0.502747 0.696072
0.919402 0.076194 0.988015 0.744181 0.362267 0.299241 0.657002 0.370841 0.611948 0.454230 0.946823 0.730094 0.841588 0.679389 0.625798 0.305698 0.727477 0.228707 0.686008 0.530792 0.013701 0.559574 0.409572 0.295158 0.344860 0.193812 0.610817 0.867617 0.656576 0.449418 0.124757 0.226425 0.975231 0.960652 0.723557 0.128462 0.019967 0.735032 0.507189 0.250009 0.052730 0.994196 0.402181 0.841532 0.142987 0.476618 0.469061 0.844717 0.709430 0.469972 0.970006 0.629019 0.970410 0.175094 0.705057 0.515752 0.818428 0.599781 0.722628 0.914371 0.754459 0.904019 0.920626 0.195887 0.494669 0.479799 0.457310 0.199598 0.086682 0.700284 0.119603 0.420641 0.974697 0.578196 0.521737 0.593871 0.177235 0.833437 0.614144 0.100956 0.072538 0.836813 0.518241 0.859556 0.136667 0.064475 0.113493 0.036840 0.183602 0.517660 0.095361 0.848858 0.453255 0.507032 0.084014 0.802197 0.418363 0.061201 0.026184 0.089791 0.091559 0.425549 0.653843 0.775828 0.877540 0.557339 0.072411 0.317185 0.415810 0.507348 0.595449 0.261185 0.484070 0.269537 0.818388 0.419133 0.044703 0.787789 0.521154 0.282972 0.542501 0.114076 0.952812 0.495795 0.984437 0.001653 0.200874 0.363975 0.327196 0.437472 0.637686 0.227652 0.601782 0.030357 0.057201 0.377219 0.274546 0.691778 0.559258 0.941157 0.616816 0.954219 0.034367 0.064891 0.160482 0.173421 0.134603 0.058673 0.201534 0.715609 0.860852 0.623902 0.734634 0.307064 0.792441 0.367778 0.671488 0.772497 0.460000 0.389890 0.341764 0.497911 0.320603 0.995379 0.962087 0.084551 0.789673 0.664776 0.167027 0.109716 0.888305 0.582835 0.935721 0.173749 0.491817 0.638378 0.043106 0.434195 0.699670 0.401745 0.333298 0.807512 0.320747 0.680586 0.272936 0.130026 0.779554 0.487090 0.123927 0.383050 0.800582 0.016788 0.084864 0.104641 0.788184 0.470114 0.205377 0.096944 0.544219 0.444238 0.979680 0.925046 0.549163 0.770739 0.827865 0.595275 0.857803 0.263691 0.252749 0.286728 0.104231 0.265481 0.877410 0.766826 0.828451 0.195540 0.665764 0.208861 0.810268 0.837352 0.765953 0.216577 0.423605 0.518135 0.093339 0.951854 0.527244 0.248505 0.633993 0.456549 0.305011 0.413114 0.439344 0.687304 0.958444 0.937797 0.391289 0.260185 0.430701 0.024689 0.286295 0.257883 0.510381 0.218081 0.652819 0.926594 0.190116 0.615619 0.091252 0.754185 0.782632 0.064729 0.950134 0.292294 0.047745 0.494516 0.332516 0.646523 0.472978 0.042037 0.220119 0.000096 0.635255 0.074652 0.472119 0.629289 0.031402 0.056656 0.120279 0.908954 0.516532 0.621616 0.630922 0.185897 0.954292 0.377136 0.457707 0.932592 0.792188 0.447665 0.048111 0.818048 0.085420 0.867738 0.799935 0.343581 0.426482 0.994223 0.714631 0.220490 0.546704 0.836157 0.718328 0.276616 0.535642 0.570242 0.951524 0.035579 0.807341 0.952389
0.812832 0.719666 0.033815 0.734009 0.934095 0.728458 0.531286 0.998041 0.843078 0.679116 0.521321 0.308380 0.510301 0.539492 0.046269 0.596348 0.310149 0.982115 0.969282 0.660581 0.960378 0.781760 0.627562 0.163481 0.822473 0.952778 0.273501 0.583954 0.861203 0.522834 0.489042 0.239278 0.130639 0.542468 0.312211 0.234923 0.750228 0.178590 0.242154 0.667842 0.281701 0.629638 0.298197 0.778585 0.547688 0.861007 0.239044 0.055507 0.872091 0.824780 0.760814 0.322734 0.608353 0.756404 0.733391 0.766982 0.802171 0.418331 0.408232 0.602179 0.941274 0.046713 0.147124 0.876631 0.106570 0.185474 0.847583 0.622778 0.158888 0.678771 0.775820 0.630326 0.550694 0.613506 0.097790 0.790414 0.257188 0.974247 0.569345 0.006150 0.473273 0.963933 0.045180 0.553420 0.549755 0.117036 0.223717 0.555625 0.320675 0.538830 0.760376 0.478669 0.364745 0.412202 0.359633 0.908492 0.793382 0.217325 0.271960 0.748972 0.956698 0.041265 0.941428 0.074387 0.588461 0.907667 0.070729 0.007787 0.316512 0.176446 0.274152 0.040861 0.286899 0.053073 0.577077 0.394630 0.460574 0.433124 0.438448 0.268321 0.079455 0.767238 0.759681 0.054325 0.578081 0.167556 0.210602 0.965166 0.119162 0.357358 0.575770 0.709267 0.438110 0.474674 0.747067 0.442744 0.438485 0.964777 0.349525 0.921751 0.890117 0.932055 0.689042 0.394023 0.490697 0.819571 0.038491 0.990866 0.903554 0.504957 0.262872 0.981805 0.621125 0.576867 0.629280 0.545681 0.803999 0.311960 0.279073 0.930076 0.335749 0.281879 0.806355 0.218391 0.070825 0.902545 0.647574 0.970664 0.699426 0.628235 0.608697 0.667843 0.616363 0.090392 0.964724 0.214417 0.124492 0.236048 0.396523 0.293154 0.430336 0.343389 0.646041 0.913626 0.647457 0.431740 0.859954 0.166607 0.772836 0.100135 0.260536 0.436315 0.759360 0.343409 0.948324 0.368653 0.315604 0.618434 0.782340 0.154011 0.136054 0.729661 0.136560 0.610508 0.788558 0.080717 0.645331 0.018423 0.425448 0.681728 0.317852 0.797732 0.184948 0.813196 0.743057 0.557273 0.353284 0.811202 0.106696 0.070349 0.417216 0.760388 0.401048 0.325012 0.821906 0.915499 0.194978 0.973601 0.359031 0.854240 0.008303 0.055418 0.932249 0.159113 0.820939 0.174491 0.593550 0.583767 0.441410 0.042866 0.168857 0.000208 0.269474 0.171634 0.408572 0.335392 0.438828 0.866397 0.833513 0.567994 0.554651 0.410048 0.392018 0.024216 0.441931 0.722231 0.039972 0.521996 0.383708 0.220284 0.657919 0.261039 0.771935 0.364348 0.993126 0.941389 0.129863 0.207305 0.964389 0.520482 0.538937 0.873412 0.012079 0.771265 0.187572 0.234123 0.798561 0.083233 0.650756 0.676561 0.303923 0.787174 0.707173 0.108778 0.191635 0.731640 0.978649 0.772290 0.761944 0.968267 0.757042 0.525634 0.663868 0.156651 0.830312 0.370325 0.192221 0.470440 0.076641 0.715178
0.171156 0.513917 0.383278 0.660457 0.058425 0.509217 0.683130 0.298701 0.732287 0.220578 0.545206 0.237089 0.626934 0.737717 0.182099 0.254990 0.364102 0.387664 0.702607 0.835628 0.969824 0.202811 0.024256 0.934138 0.988769 0.658488 0.486374 0.455256 0.476502 0.647884 0.143716 0.757501 0.216712 0.497844 0.479860 0.690012 0.359750 0.016079 0.238107 0.029619 0.484449 0.592385 0.712095 0.945923 0.106651 0.319868 0.477579 0.738365 0.273814 0.874656 0.787776 0.319565 0.326839 0.574382 0.808897 0.643770 0.029722 0.415715 0.047331 0.105744 0.190997 0.431633 0.411664 0.894772 0.744037 0.263462 0.185801 0.955097 0.539682 0.831487 0.893838 0.314252 0.875774 0.544441 0.621860 0.905714 0.305414 0.721299 0.925237 0.653587 0.703613 0.449251 0.766472 0.367493 0.916592 0.419850 0.386196 0.166417 0.646208 0.766630 0.160280 0.477435 0.165043 0.318933 0.197648 0.484609 0.549540 0.198759 0.745579 0.883425 0.569894 0.480144 0.197270 0.596026 0.597745 0.173798 0.700948 0.695833 0.007000 0.129035 0.632665 0.404512 0.384749 0.556698 0.393314 0.855304 0.164109 0.096390 0.457095 0.011103 0.536426 0.874813 0.830900 0.053542 0.169974 0.684836 0.599944 0.102908 0.436597 0.712750 0.622690 0.227541 0.466417 0.914631 0.952061 0.994433 0.618281 0.378224 0.592235 0.247962 0.138410 0.080137 0.295539 0.262373 0.127362 0.032462 0.598360 0.446353 0.099104 0.687883 0.129881 0.876102 0.500824 0.806872 0.646857 0.056705 0.328558 0.105347 0.178987 0.026286 0.078090 0.480789 0.137384 0.058269 0.663354 0.122061 0.340953 0.110427 0.266375 0.650508 0.427532 0.564765 0.879542 0.330554 0.146356 0.599709 0.954182 0.452351 0.755515 0.309344 0.776838 0.414093 0.664987 0.915818 0.787736 0.218139 0.299089 0.185959 0.362949 0.671480 0.860271 0.068608 0.926955 0.971029 0.046579 0.265478 0.724609 0.712161 0.843728 0.129839 0.513369 0.250425 0.427583 0.429833 0.102986 0.165535 0.730514 0.150646 0.068464 0.883452 0.482488 0.469040 0.564028 0.099329 0.969880 0.470513 0.512366 0.804104 0.742401 0.207000 0.385494 0.746924 0.744391 0.817995 0.820899 0.677426 0.867754 0.501170 0.675940 0.123193 0.516269 0.839509 0.029782 0.562839 0.942575 0.683705 0.635915 0.276546 0.287291 0.505935 0.440256 0.230730 0.082156 0.101009 0.334974 0.220699 0.073843 0.012171 0.227716 0.657293 0.585060 0.446668 0.629806 0.983112 0.931376 0.868214 0.409142 0.236926 0.088306 0.574370 0.896683 0.509654 0.251109 0.486136 0.468764 0.580584 0.899070 0.661052 0.254684 0.675527 0.688540 0.250353 0.629460 0.379696 0.840292 0.160482 0.468646 0.038594 0.646961 0.966343 0.718911 0.834729 0.150985 0.401568 0.345239 0.903160 0.954749 0.867816 0.843888 0.052974 0.667365 0.073272 0.296836 0.571424 0.839902 0.055427 0.107255 0.662389 0.222621 0.772654
0.488233 0.854878 0.547824 0.978093 0.950016 0.680009 0.330559 0.710486 0.369573 0.502506 0.469315 0.987641 0.426893 0.788691 0.102856 0.188921 0.431426 0.396938 0.007042 0.655336 0.215530 0.195232 0.573881 0.463179 0.321229 0.152036 0.120142 0.833369 0.821016 0.346639 0.278701 0.846744 0.913720 0.478682 0.551604 0.636780 0.682446 0.485022 0.883041 0.131757 0.997963 0.771602 0.963703 0.198957 0.830901 0.537707 0.258436 0.694417 0.238513 0.787657 0.889736 0.543582 0.044252 0.966696 0.471302 0.859323 0.986505 0.850274 0.159599 0.075400 0.618475 0.609852 0.166522 0.572743 0.228350 0.980557 0.243532 0.651916 0.568910 0.974548 0.066913 0.254269 0.727279 0.290605 0.493017 0.084053 0.211687 0.938020 0.598390 0.523265 0.658467 0.083732 0.965313 0.952344 0.659145 0.631780 0.758837 0.935762 0.902614 0.610247 0.046886 0.274687 0.504668 0.881349 0.149569 0.750462 0.497318 0.368608 0.544007 0.730868 0.888832 0.742819 0.974820 0.334242 0.027151 0.682865 0.544861 0.556316 0.038811 0.597678 0.323397 0.920051 0.413643 0.994040 0.772270 0.710841 0.173762 0.915964 0.708626 0.272798 0.220268 0.976778 0.410128 0.175321 0.822192 0.700867 0.604176 0.407574 0.058363 0.089539 0.348283 0.170890 0.673634 0.054347 0.857432 0.649509 0.335546 0.346868 0.171427 0.232510 0.436296 0.527463 0.159580 0.941132 0.925578 0.835238 0.856178 0.643692 0.044933 0.894466 0.260718 0.602939 0.921534 0.021422 0.954030 0.086162 0.506351 0.074469 0.219300 0.845575 0.010383 0.352453 0.815581 0.483887 0.966734 0.588003 0.783789 0.485669 0.229491 0.732886 0.074165 0.030077 0.168706 0.043215 0.066027 0.206883 0.286343 0.850728 0.552785 0.354121 0.435585 0.994269 0.157562 0.214061 0.139984 0.404600 0.128896 0.312352 0.957720 0.431289 0.565335 0.258943 0.531154 0.705125 0.872765 0.303865 0.016423 0.239270 0.562287 0.690985 0.757944 0.606771 0.505080 0.947283 0.211698 0.319480 0.075474 0.721038 0.826241 0.732780 0.785873 0.012129 0.738414 0.221608 0.632396 0.238406 0.899317 0.365770 0.083664 0.129474 0.309544 0.955087 0.727754 0.727164 0.679235 0.711367 0.910552 0.666429 0.284573 0.525164 0.621694 0.842296 0.707309 0.509592 0.257387 0.154739 0.898682 0.651936 0.423628 0.137644 0.065791 0.310972 0.600787 0.198193 0.606654 0.806269 0.446307 0.860127 0.130019 0.036631 0.107896 0.531279 0.861250 0.896460 0.056842 0.486047 0.348780 0.204101 0.824736 0.212647 0.822630 0.673397 0.068410 0.854173 0.445672 0.495893 0.666790 0.731197 0.585059 0.001520 0.995371 0.106027 0.678344 0.310317 0.770015 0.557577 0.601634 0.155086 0.908619 0.103412 0.787242 0.957611 0.268902 0.377943 0.878324 0.814585 0.638744 0.683634 0.358505 0.305039 0.381589 0.863344 0.191234 0.690089 0.297686 0.346105 0.997548 0.436139 0.301649 0.900328
0.143955 0.065311 0.314865 0.657777 0.486686 0.366417 0.756285 0.638148 0.546905 0.646121 0.955653 0.856920 0.639782 0.358821 0.772289 0.055135 0.070169 0.238784 0.401736 0.876982 0.841567 0.721609 0.938133 0.335256 0.075777 0.412085 0.013125 0.662372 0.633173 0.712009 0.835771 0.143740 0.309651 0.707570 0.154426 0.839906 0.988712 0.488421 0.074701 0.607580 0.861031 0.020223 0.231174 0.408289 0.232047 0.743155 0.463553 0.837100 0.432917 0.045117 0.543728 0.854899 0.394872 0.898990 0.062282 0.455020 0.199141 0.887916 0.764998 0.999766 0.537333 0.880062 0.626216 0.012496 0.742288 0.872446 0.914900 0.551585 0.972109 0.036679 0.790549 0.689619 0.109566 0.616409 0.408946 0.217576 0.526357 0.019883 0.524242 0.372207 0.315936 0.148415 0.353933 0.129366 0.872475 0.078345 0.465317 0.628713 0.553100 0.446670 0.710539 0.189804 0.914396 0.670783 0.240135 0.133286 0.003480 0.082977 0.745984 0.383494 0.328924 0.699971 0.536395 0.238183 0.715066 0.958802 0.759690 0.222114 0.445967 0.589187 0.737398 0.030870 0.689434 0.127454 0.870319 0.684119 0.400364 0.729768 0.515528 0.198070 0.427797 0.011890 0.114130 0.948677 0.836584 0.914639 0.279928 0.622963 0.801893 0.579894 0.991917 0.467547 0.361503 0.773157 0.748122 0.782798 0.444067 0.314035 0.452053 0.553500 0.812622 0.275636 0.913183 0.157852 0.892080 0.064985 0.482324 0.687179 0.335307 0.043969 0.539130 0.750503 0.913026 0.102409 0.580505 0.037351 0.290918 0.811285 0.866713 0.520768 0.881353 0.878529 0.743905 0.024238 0.342896 0.220028 0.843689 0.682498 0.071880 0.890883 0.108316 0.840208 0.324305 0.553302 0.531866 0.483231 0.068351 0.090260 0.856182 0.750182 0.014638 0.562443 0.886044 0.930793 0.920220 0.376777 0.058811 0.055515 0.655112 0.410441 0.958811 0.457959 0.588198 0.494774 0.051007 0.930725 0.198788 0.722757 0.798581 0.545870 0.882623 0.839255 0.564130 0.595399 0.005592 0.776269 0.689778 0.515025 0.405608 0.324963 0.082945 0.160293 0.943629 0.220107 0.343567 0.578304 0.402322 0.079120 0.260555 0.672300 0.877399 0.602817 0.916727 0.535471 0.690412 0.482464 0.154814 0.542538 0.370088 0.433477 0.980430 0.704291 0.582136 0.008860 0.269540 0.585788 0.111091 0.844738 0.462208 0.591019 0.037553 0.780945 0.119871 0.700257 0.462546 0.160467 0.378639 0.263165 0.455969 0.173233 0.736337 0.569140 0.616508 0.989281 0.448751 0.123151 0.198910 0.042924 0.365932 0.367627 0.269750 0.923679 0.109350 0.501394 0.084606 0.987964 0.933188 0.977099 0.472832 0.546060 0.308797 0.840533 0.284803 0.267810 0.455913 0.857173 0.864634 0.478142 0.481752 0.825883 0.238014 0.315624 0.394300 0.486098 0.797285 0.947713 0.119812 0.478400 0.889264 0.316717 0.420293 0.458779 0.142074 0.479698 0.627585 0.447083 0.732907 0.648207 0.534876 0.442419
0.007153 0.098282 0.137864 0.577869 0.859456 0.105850 0.227516 0.942096 0.899981 0.441230 0.968044 0.694364 0.906501 0.116455 0.951621 0.274649 0.976168 0.279002 0.877292 0.494140 0.821536 0.208364 0.513138 0.079472 0.485969 0.600396 0.157718 0.085201 0.945486 0.867932 0.031793 0.028342 0.133140 0.320380 0.538732 0.050383 0.671137 0.475213 0.556674 0.378554 0.821756 0.906294 0.650573 0.992998 0.409879 0.800404 0.148133 0.277216 0.432312 0.650040 0.173508 0.341800 0.772222 0.625211 0.381558 0.527541 0.985272 0.409877 0.698890 0.907091 0.940273 0.107383 0.678140 0.754346 0.551735 0.473448 0.093177 0.502141 0.954582 0.116793 0.629565 0.617056 0.830198 0.679258 0.497311 0.832330 0.611121 0.192063 0.974526 0.798510 0.172158 0.122454 0.507274 0.648673 0.130027 0.565043 0.917119 0.951459 0.696563 0.323664 0.335526 0.102467 0.520492 0.620196 0.834116 0.031848 0.790611 0.444107 0.607536 0.955457 0.518238 0.320681 0.430077 0.817952 0.670070 0.395103 0.801270 0.317587 0.728742 0.782364 0.438221 0.229180 0.029654 0.526770 0.454174 0.537198 0.047488 0.225378 0.260186 0.138839 0.995171 0.960884 0.968502 0.109563 0.263415 0.708023 0.517309 0.515389 0.028387 0.299283 0.300382 0.139268 0.395297 0.210445 0.090970 0.323465 0.721168 0.931657 0.417386 0.514329 0.198084 0.125671 0.321332 0.536570 0.406147 0.998910 0.305671 0.384759 0.158762 0.962718 0.356626 0.870769 0.871822 0.546160 0.027968 0.449983 0.017781 0.961485 0.019409 0.160077 0.681142 0.590780 0.930573 0.927411 0.569299 0.616984 0.183729 0.949144 0.700260 0.510065 0.670951 0.341035 0.019440 0.316418 0.482515 0.042359 0.000731 0.315081 0.336284 0.261926 0.363452 0.141493 0.379783 0.460973 0.349375 0.441812 0.610550 0.572163 0.519618 0.185509 0.740210 0.464307 0.118131 0.789248 0.241735 0.591381 0.752828 0.806663 0.090634 0.824597 0.250648 0.137011 0.821690 0.208842 0.671698 0.978707 0.279550 0.339962 0.019299 0.431528 0.593347 0.541222 0.334566 0.760511 0.677152 0.446289 0.095558 0.126998 0.730667 0.541689 0.336453 0.070806 0.449777 0.027962 0.509151 0.950526 0.791037 0.746072 0.981027 0.958736 0.153704 0.138040 0.222820 0.318368 0.852308 0.032268 0.515831 0.990544 0.233027 0.938245 0.955790 0.058291 0.816829 0.937198 0.580337 0.110135 0.933617 0.187321 0.075731 0.904411 0.254103 0.335392 0.693940 0.591580 0.539431 0.801946 0.028066 0.613849 0.581481 0.365579 0.666570 0.453625 0.037434 0.207341 0.606122 0.176512 0.725695 0.432192 0.718723 0.444264 0.470161 0.284508 0.082516 0.666362 0.542589 0.233504 0.430899 0.202612 0.109898 0.204041 0.605968 0.682508 0.840594 0.397625 0.675071 0.372995 0.307871 0.014353 0.488404 0.073602 0.833164 0.449794 0.502513 0.896179 0.017328 0.432391 0.718650 0.569345 0.300590 0.791789
0.915976 0.791263 0.602234 0.553612 0.980005 0.459225 0.461097 0.844907 0.086053 0.618631 0.272441 0.008454 0.255432 0.707123 0.431681 0.220673 0.742527 0.089532 0.580169 0.408014 0.469001 0.298135 0.348035 0.313168 0.283765 0.764491 0.547212 0.499623 0.112815 0.631037 0.326985 0.852654 0.080520 0.019533 0.138232 0.965048 0.341206 0.127627 0.496198 0.769355 0.207538 0.334298 0.832686 0.514896 0.661666 0.739727 0.915944 0.379264 0.463948 0.785591 0.539431 0.300020 0.546026 0.640333 0.722958 0.469716 0.311710 0.411003 0.060956 0.541937 0.126174 0.728761 0.976900 0.253622 0.584340 0.973246 0.758709 0.872455 0.161811 0.692179 0.059877 0.045407 0.157586 0.440290 0.254775 0.029484 0.768638 0.299552 0.597117 0.096598 0.547884 0.754939 0.230307 0.622926 0.055794 0.442908 0.763867 0.131128 0.226616 0.799853 0.315842 0.728402 0.807999 0.074048 0.012338 0.145588 0.834263 0.392596 0.849616 0.642933 0.153973 0.026290 0.984208 0.790937 0.701948 0.214210 0.601578 0.661232 0.776637 0.477339 0.860439 0.818966 0.615711 0.310901 0.216395 0.635671 0.174031 0.833296 0.831234 0.084661 0.475665 0.799263 0.949664 0.205917 0.626533 0.531748 0.328359 0.666018 0.423633 0.542019 0.226893 0.208750 0.911140 0.566589 0.372542 0.234786 0.964672 0.563566 0.223952 0.423947 0.018119 0.746440 0.373263 0.304818 0.083022 0.963670 0.330189 0.799564 0.636144 0.878513 0.689093 0.849835 0.713681 0.523547 0.847848 0.663666 0.777501 0.074765 0.067777 0.306475 0.907963 0.737868 0.880845 0.490552 0.799803 0.557431 0.739218 0.979156 0.912814 0.409156 0.699334 0.528664 0.070971 0.175407 0.341990 0.768821 0.014227 0.354415 0.051868 0.581649 0.524674 0.552521 0.912605 0.157937 0.827735 0.718385 0.274461 0.890508 0.480071 0.986592 0.899497 0.188791 0.202640 0.912187 0.312164 0.353551 0.371743 0.053194 0.779657 0.616369 0.646021 0.602711 0.337872 0.535817 0.025651 0.465075 0.194966 0.779862 0.394974 0.998552 0.673796 0.329885 0.205965 0.483009 0.856528 0.986404 0.154916 0.643648 0.089843 0.757283 0.672879 0.523671 0.824272 0.593312 0.041476 0.754425 0.720633 0.761428 0.554592 0.896597 0.725493 0.101857 0.448345 0.272512 0.738081 0.950163 0.774340 0.168536 0.949818 0.720784 0.141186 0.924919 0.311693 0.912742 0.870407 0.279287 0.856744 0.250333 0.969365 0.457511 0.622396 0.735980 0.717948 0.320201 0.728775 0.091084 0.159473 0.325965 0.030527 0.674417 0.007927 0.654202 0.567621 0.687891 0.253070 0.342643 0.807556 0.640564 0.463422 0.838365 0.257624 0.872923 0.371636 0.093255 0.513001 0.811961 0.391030 0.556663 0.972710 0.098472 0.487648 0.532962 0.498854 0.852569 0.764503 0.698847 0.997426 0.146168 0.617196 0.341691 0.128264 0.984300 0.538105 0.775863 0.758411 0.167058 0.331334 0.550435 0.942624 0.557007
0.591447 0.196964 0.867476 0.957459 0.958000 0.987829 0.693721 0.343837 0.243329 0.160899 0.302924 0.263278 0.959709 0.637650 0.919766 0.040816 0.951384 0.396681 0.890488 0.921020 0.773668 0.370509 0.651678 0.227708 0.053533 0.208664 0.246751 0.725348 0.114351 0.575116 0.224688 0.972025 0.325866 0.192115 0.805474 0.150990 0.822926 0.713130 0.941433 0.540594 0.213929 0.323550 0.520511 0.486539 0.713572 0.782034 0.923163 0.757348 0.071889 0.421738 0.061708 0.420075 0.397291 0.649990 0.039300 0.845436 0.159809 0.156573 0.447683 0.023181 0.453013 0.059383 0.776192 0.297920 0.516402 0.443623 0.741630 0.659370 0.317613 0.826395 0.317858 0.483505 0.244907 0.549919 0.901576 0.268870 0.526292 0.432154 0.107526 0.139680 0.358402 0.347113 0.492041 0.054742 0.437603 0.654405 0.029367 0.364186 0.637922 0.339702 0.812316 0.920084 0.017284 0.965302 0.585806 0.499225 0.883773 0.141966 0.201032 0.659429 0.841944 0.485520 0.080815 0.939393 0.292370 0.590137 0.668547 0.428477 0.873028 0.465393 0.942990 0.333332 0.953349 0.522124 0.879747 0.563875 0.747011 0.145725 0.461412 0.027529 0.903550 0.575478 0.257976 0.892977 0.167826 0.835005 0.495824 0.572145 0.776473 0.029602 0.547483 0.912537 0.728272 0.365841 0.246225 0.133716 0.137479 0.974823 0.580930 0.028746 0.152496 0.622583 0.076873 0.717134 0.965577 0.908969 0.477122 0.735905 0.262631 0.441050 0.247972 0.663847 0.254425 0.588068 0.385556 0.278288 0.791199 0.217806 0.726430 0.669171 0.039575 0.006247 0.056724 0.740637 0.224596 0.919875 0.617713 0.821246 0.297309 0.556290 0.569569 0.264156 0.072466 0.701240 0.189854 0.513584 0.730187 0.998783 0.761256 0.311029 0.273937 0.017107 0.484240 0.801344 0.036373 0.437374 0.126530 0.713534 0.062135 0.589192 0.138696 0.234488 0.539642 0.017996 0.003837 0.944430 0.772448 0.296802 0.454747 0.404120 0.510729 0.582973 0.334494 0.628868 0.963979 0.445899 0.007274 0.508796 0.088705 0.302633 0.455355 0.184761 0.523355 0.542629 0.333950 0.118746 0.902114 0.833508 0.414795 0.498226 0.280122 0.584668 0.824205 0.983485 0.162439 0.794889 0.745329 0.638074 0.954882 0.435461 0.186127 0.365875 0.513362 0.584264 0.813811 0.974345 0.588103 0.120557 0.246592 0.874863 0.286020 0.277775 0.541391 0.675714 0.807952 0.426039 0.248102 0.878493 0.419984 0.730536 0.142631 0.765493 0.484546 0.711169 0.224284 0.267250 0.919550 0.443250 0.685793 0.555060 0.084284 0.978758 0.768949 0.463658 0.149930 0.210938 0.608209 0.883516 0.419975 0.869355 0.726515 0.700745 0.525176 0.939518 0.162391 0.272459 0.291270 0.419022 0.756205 0.291213 0.407657 0.546609 0.328015 0.510007 0.472769 0.241911 0.311100 0.934596 0.249043 0.190010 0.655017 0.016648 0.395535 0.186608 0.173020 0.311438 0.372666 0.005218 0.569358 0.683153
0.396996 0.564474 0.453353 0.013561 0.234773 0.894920 0.104022 0.079693 0.796192 0.689136 0.278651 0.189226 0.226968 0.109158 0.198988 0.595096 0.775585 0.894059 0.855398 0.996743 0.140890 0.906158 0.993658 0.389248 0.041513 0.046938 0.605445 0.027235 0.374927 0.055111 0.270436 0.205194 0.977192 0.239451 0.091410 0.327759 0.830352 0.312788 0.520214 0.892370 0.589459 0.924338 0.644727 0.497295 0.500045 0.201599 0.714583 0.519604 0.539604 0.355258 0.644058 0.870534 0.633567 0.958876 0.301824 0.949273 0.027151 0.384867 0.674004 0.067545 0.734725 0.780919 0.693636 0.126058 0.015003 0.499208 0.260170 0.073102 0.056142 0.038096 0.949910 0.705194 0.458107 0.276802 0.796617 0.822119 0.772292 0.217166 0.099631 0.797723 0.365898 0.834818 0.123290 0.412016 0.322226 0.830331 0.589185 0.864436 0.155320 0.123590 0.634378 0.281823 0.825986 0.642059 0.488990 0.815714 0.190489 0.401898 0.822155 0.153912 0.532593 0.923476 0.928765 0.370746 0.410510 0.878776 0.107357 0.231250 0.301923 0.869922 0.354420 0.820044 0.198825 0.041989 0.544580 0.894008 0.968703 0.075819 0.432070 0.906821 0.513683 0.209834 0.463772 0.115596 0.163454 0.053831 0.620120 0.868104 0.725967 0.053555 0.625609 0.582530 0.860495 0.079424 0.865689 0.110534 0.927046 0.569871 0.877511 0.970200 0.742694 0.422395 0.465180 0.085012 0.594565 0.760550 0.662578 0.288990 0.139803 0.885034 0.482362 0.615477 0.945536 0.147986 0.012348 0.955805 0.609831 0.727200 0.040029 0.592095 0.993809 0.833211 0.211986 0.688129 0.230666 0.727090 0.936926 0.842461 0.181082 0.061030 0.147502 0.455954 0.019505 0.464930 0.588132 0.707565 0.164614 0.957218 0.884435 0.784856 0.650616 0.228031 0.810826 0.281686 0.700387 0.414665 0.598748 0.492406 0.522901 0.359202 0.661615 0.756117 0.162179 0.914095 0.377545 0.437836 0.912451 0.299590 0.837456 0.267406 0.388680 0.301639 0.375748 0.807057 0.467195 0.538530 0.659976 0.368145 0.732751 0.342149 0.745774 0.702863 0.457738 0.747891 0.273509 0.441633 0.656340 0.672310 0.866485 0.132384 0.795905 0.944612 0.194011 0.996965 0.409674 0.010265 0.041606 0.498331 0.981127 0.695717 0.111986 0.598687 0.729288 0.934332 0.615705 0.192319 0.755301 0.460375 0.856923 0.698495 0.087274 0.594924 0.423677 0.163215 0.031996 0.013363 0.704007 0.304746 0.801393 0.959692 0.005457 0.687981 0.298817 0.758184 0.906813 0.987823 0.311453 0.082675 0.494804 0.642961 0.496975 0.778768 0.094480 0.479904 0.071310 0.062436 0.788474 0.268617 0.304700 0.485326 0.436524 0.506168 0.073259 0.975574 0.164686 0.043847 0.988052 0.362437 0.653008 0.171793 0.075082 0.493860 0.413590 0.979076 0.312779 0.180418 0.490822 0.111272 0.816110 0.061650 0.289124 0.981756 0.810104 0.758629 0.929840 0.501969 0.599222 0.918381 0.579117 0.082906
0.025718 0.405446 0.822742 0.056073 0.163685 0.392151 0.810031 0.561102 0.886833 0.723096 0.720276 0.376927 0.452560 0.445997 0.129143 0.964915 0.894383 0.384998 0.462114 0.707857 0.721823 0.885458 0.042058 0.524594 0.860858 0.905685 0.812178 0.430837 0.132344 0.300638 0.841121 0.753681 0.832750 0.538332 0.563191 0.408176 0.805336 0.901612 0.607191 0.643001 0.430786 0.010752 0.022991 0.529097 0.698450 0.533742 0.074452 0.313047 0.771035 0.541973 0.038737 0.612136 0.069762 0.462541 0.406778 0.887857 0.878783 0.331240 0.881636 0.511104 0.851994 0.752310 0.248278 0.050427 0.209098 0.521203 0.489362 0.691479 0.790195 0.871375 0.017211 0.674777 0.484300 0.879451 0.894030 0.692777 0.959051 0.827187 0.678382 0.216749 0.317256 0.799938 0.028890 0.056178 0.261639 0.311364 0.503391 0.908395 0.238414 0.593233 0.735964 0.407461 0.007740 0.359321 0.029584 0.474129 0.128528 0.272267 0.462661 0.202440 0.725817 0.121499 0.510121 0.151215 0.719486 0.797898 0.702102 0.780132 0.949896 0.456738 0.164025 0.549430 0.471333 0.247261 0.327742 0.724147 0.522393 0.495471 0.434526 0.028903 0.215392 0.474837 0.563175 0.775886 0.554833 0.436024 0.940074 0.801714 0.085124 0.340425 0.553831 0.745839 0.981616 0.596361 0.619439 0.042223 0.906465 0.697935 0.739651 0.088277 0.399393 0.728222 0.280870 0.950752 0.687438 0.533463 0.630250 0.464072 0.651245 0.554696 0.506475 0.878772 0.389296 0.040174 0.216713 0.978839 0.245331 0.914438 0.476046 0.470924 0.742896 0.047807 0.483459 0.961011 0.050477 0.114053 0.193876 0.293840 0.584174 0.448073 0.182017 0.415026 0.839323 0.183864 0.992508 0.484108 0.260901 0.397938 0.472233 0.733678 0.125098 0.328205 0.320342 0.899118 0.778871 0.748684 0.505974 0.948998 0.522646 0.184183 0.906666 0.032060 0.188174 0.234696 0.872984 0.852168 0.541568 0.255994 0.573611 0.823020 0.460785 0.544992 0.469009 0.026000 0.703431 0.817644 0.295692 0.821717 0.248499 0.480324 0.232709 0.535189 0.868754 0.640198 0.008660 0.815646 0.753680 0.903133 0.031275 0.915737 0.145344 0.409088 0.929910 0.521907 0.809996 0.954775 0.038377 0.703794 0.143052 0.256118 0.263302 0.910162 0.498346 0.555831 0.207238 0.115645 0.058924 0.031838 0.007088 0.242153 0.457057 0.710838 0.246761 0.214262 0.653537 0.843455 0.886764 0.198473 0.049686 0.683012 0.867835 0.376050 0.567535 0.889675 0.110454 0.740045 0.450902 0.759216 0.576249 0.435472 0.648016 0.943809 0.741466 0.308204 0.880766 0.315476 0.431921 0.333898 0.232950 0.977229 0.027080 0.358513 0.994972 0.109478 0.700316 0.007099 0.640387 0.521068 0.118646 0.751144 0.762674 0.637745 0.166496 0.511587 0.151627 0.757595 0.957176 0.795520 0.779995 0.738021 0.316957 0.020945 0.677036 0.702690 0.131627 0.166735 0.996157 0.622099 0.636869 0.099014
0.890925 0.348758 0.708793 0.272896 0.299248 0.099304 0.354148 0.439997 0.042742 0.876124 0.546259 0.215921 0.293166 0.760929 0.572111 0.471936 0.815025 0.000200 0.069294 0.958381 0.481863 0.526359 0.068059 0.743307 0.949598 0.147118 0.638985 0.151441 0.710856 0.122700 0.095359 0.198942 0.255602 0.541711 0.713534 0.656491 0.276931 0.584282 0.882091 0.643361 0.808574 0.478484 0.814023 0.888710 0.654120 0.392056 0.849802 0.367101 0.244669 0.483244 0.195934 0.597757 0.368060 0.985137 0.111394 0.334941 0.968881 0.785654 0.182780 0.244234 0.324972 0.556635 0.465849 0.316743 0.708425 0.755347 0.054661 0.365739 0.784548 0.804775 0.756036 0.050561 0.455572 0.875590 0.128551 0.375512 0.353798 0.491683 0.665467 0.588441 0.027037 0.962530 0.739557 0.836980 0.213477 0.586203 0.819031 0.446756 0.980601 0.132293 0.475523 0.994223 0.659637 0.424922 0.750822 0.988906 0.321609 0.481365 0.950218 0.014466 0.127845 0.352378 0.667616 0.530398 0.949181 0.578473 0.617408 0.419887 0.651379 0.652866 0.884387 0.048481 0.088707 0.244206 0.292526 0.352435 0.544260 0.431776 0.720052 0.336359 0.826577 0.460050 0.155853 0.059719 0.650841 0.405809 0.293497 0.029839 0.965563 0.439946 0.269817 0.158803 0.760622 0.474556 0.625756 0.929396 0.106372 0.681401 0.972626 0.795186 0.039434 0.501567 0.825996 0.318717 0.920862 0.707583 0.406849 0.410039 0.328351 0.949955 0.051328 0.971257 0.149573 0.754830 0.230427 0.535700 0.012172 0.418289 0.025808 0.868726 0.234029 0.604218 0.651230 0.421445 0.645716 0.394174 0.899131 0.991993 0.917685 0.660552 0.298536 0.468148 0.376902 0.477082 0.564685 0.589800 0.859883 0.115910 0.244689 0.305435 0.847378 0.898801 0.438023 0.640426 0.676450 0.423867 0.662299 0.798007 0.362570 0.836184 0.417489 0.993080 0.733162 0.247715 0.216466 0.317841 0.201805 0.006041 0.007332 0.210425 0.391809 0.322034 0.834322 0.828831 0.704082 0.926746 0.904523 0.265298 0.361538 0.775127 0.283133 0.065284 0.530261 0.334818 0.620218 0.929436 0.338104 0.709825 0.344097 0.673517 0.009797 0.387659 0.919147 0.736761 0.629689 0.408364 0.839903 0.265638 0.963189 0.708686 0.750890 0.831997 0.433265 0.982877 0.917090 0.968882 0.576062 0.299712 0.504354 0.364594 0.266932 0.750766 0.430183 0.701735 0.385674 0.339364 0.439141 0.020379 0.950940 0.687531 0.404376 0.222562 0.670975 0.400223 0.475581 0.055510 0.865224 0.097856 0.783441 0.342799 0.182032 0.917346 0.548827 0.969981 0.568838 0.890144 0.725992 0.808995 0.234182 0.127697 0.547267 0.701979 0.505423 0.894371 0.758600 0.744362 0.216062 0.156854 0.722133 0.346533 0.150919 0.339533 0.283557 0.085153 0.273409 0.652599 0.347943 0.871176 0.631893 0.615187 0.688735 0.885988 0.184041 0.348276 0.808154 0.760772 0.660932 0.889430 0.198378 0.896342
0.949796 0.165082 0.844858 0.307959 0.223663 0.255705 0.089787 0.405933 0.831351 0.170603 0.753034 0.542353 0.998171 0.929657 0.410512 0.245716 0.437926 0.185212 0.238779 0.923714 0.367102 0.218911 0.796020 0.161864 0.712660 0.447770 0.081901 0.195963 0.686096 0.324209 0.773021 0.434848 0.327164 0.551062 0.409297 0.335740 0.413657 0.458303 0.647563 0.265179 0.631576 0.389355 0.198172 0.743795 0.522698 0.529504 0.392086 0.241702 0.144451 0.375115 0.464930 0.273502 0.148629 0.464286 0.752059 0.230395 0.099897 0.757082 0.378968 0.149199 0.926815 0.532957 0.207134 0.073629 0.912554 0.635280 0.089062 0.872278 0.255006 0.292645 0.863924 0.234369 0.920361 0.117840 0.101444 0.431640 0.985207 0.191126 0.008802 0.164662 0.077911 0.403194 0.500901 0.508755 0.146698 0.713973 0.754264 0.866129 0.563254 0.836939 0.674669 0.723108 0.538547 0.571836 0.189262 0.396676 0.874592 0.549095 0.754960 0.116626 0.593892 0.022218 0.911893 0.540134 0.126379 0.520803 0.320862 0.098309 0.155228 0.899637 0.627598 0.489052 0.335423 0.746920 0.867507 0.116961 0.203374 0.225654 0.620654 0.240821 0.879294 0.496249 0.873907 0.684643 0.662400 0.953822 0.688024 0.761222 0.320661 0.297276 0.051697 0.106889 0.787145 0.478642 0.275964 0.746520 0.802265 0.993457 0.570430 0.700621 0.576219 0.090038 0.914247 0.855631 0.631461 0.380406 0.409389 0.820901 0.769741 0.954737 0.188529 0.874068 0.569823 0.851881 0.884574 0.845074 0.026460 0.885574 0.192828 0.261291 0.318833 0.485678 0.394796 0.101927 0.983588 0.572171 0.653316 0.749873 0.905222 0.537900 0.214803 0.795843 0.277358 0.185051 0.289900 0.100464 0.710502 0.749202 0.334935 0.319981 0.187646 0.743790 0.396243 0.794465 0.775736 0.749800 0.650656 0.744604 0.424194 0.592671 0.306088 0.939289 0.581346 0.228692 0.400656 0.134428 0.666376 0.375344 0.349380 0.859145 0.155871 0.649534 0.827263 0.134686 0.686175 0.677994 0.208492 0.154801 0.365295 0.308023 0.985104 0.679376 0.975930 0.774376 0.298886 0.007307 0.603080 0.569273 0.851700 0.637714 0.035359 0.973654 0.071412 0.000407 0.969438 0.349678 0.708306 0.067634 0.708473 0.373264 0.630510 0.226471 0.940055 0.319861 0.816036 0.404661 0.197438 0.821914 0.961539 0.917562 0.210832 0.054114 0.608359 0.151595 0.802106 0.673683 0.683038 0.856860 0.684482 0.975238 0.493504 0.620580 0.322314 0.264569 0.037707 0.113592 0.624263 0.740949 0.257355 0.366488 0.195060 0.482999 0.507012 0.331281 0.110346 0.395794 0.336238 0.837303 0.770738 0.578830 0.387698 0.929193 0.324194 0.543458 0.383816 0.900855 0.467647 0.622967 0.779253 0.652792 0.625955 0.257443 0.704396 0.193684 0.810899 0.972893 0.249694 0.901404 0.441216 0.352675 0.613883 0.655145 0.626287 0.267172 0.507804 0.127211 0.675938 0.558007 0.078854 0.890092
0.277701 0.500528 0.401559 0.009920 0.356959 0.813728 0.053392 0.107333 0.859424 0.841858 0.207415 0.888296 0.252920 0.825171 0.533193 0.041307 0.761479 0.251861 0.908313 0.389485 0.301237 0.339005 0.111804 0.842940 0.662366 0.977579 0.762228 0.311242 0.907358 0.828286 0.900013 0.808823 0.285096 0.378142 0.639355 0.726231 0.535129 0.290384 0.758668 0.113012 0.501041 0.844577 0.311224 0.600852 0.623650 0.568695 0.465015 0.467929 0.778385 0.382255 0.411885 0.081326 0.911006 0.498782 0.150482 0.441801 0.971139 0.745230 0.884671 0.614944 0.876360 0.410788 0.485043 0.544674 0.476574 0.394676 0.377076 0.448001 0.414765 0.383778 0.602684 0.422087 0.259254 0.579753 0.508529 0.195314 0.923999 0.153860 0.739918 0.630402 0.396147 0.007494 0.265395 0.421697 0.172035 0.553214 0.648026 0.977912 0.773945 0.821557 0.930049 0.177483 0.133691 0.140136 0.369601 0.097997 0.216302 0.848103 0.768802 0.503584 0.974844 0.529085 0.373895 0.519631 0.120938 0.017711 0.629082 0.796523 0.271923 0.319590 0.709075 0.523129 0.194198 0.145145 0.921955 0.138595 0.721071 0.516824 0.104271 0.467081 0.910550 0.114589 0.514282 0.175974 0.540160 0.542063 0.222608 0.409201 0.210015 0.131988 0.826871 0.483836 0.120132 0.537574 0.506018 0.090650 0.061739 0.526658 0.465269 0.966938 0.042243 0.807517 0.197606 0.286219 0.175260 0.001553 0.618161 0.795670 0.747824 0.805478 0.702579 0.996908 0.191995 0.693777 0.341403 0.447569 0.172762 0.494730 0.797476 0.452207 0.805691 0.719407 0.757284 0.825922 0.436470 0.533596 0.731649 0.708691 0.160194 0.292997 0.353221 0.096486 0.277241 0.621970 0.656016 0.278184 0.088741 0.922533 0.730288 0.700740 0.449302 0.455348 0.975568 0.136873 0.776611 0.818779 0.232991 0.028707 0.789971 0.851755 0.411779 0.250736 0.554065 0.816787 0.101451 0.504814 0.943320 0.004913 0.701768 0.915737 0.321747 0.913769 0.022323 0.022904 0.003859 0.618629 0.120605 0.206182 0.673387 0.130484 0.555827 0.755417 0.554226 0.687457 0.879873 0.316618 0.952695 0.003636 0.783723 0.655961 0.661074 0.475612 0.109157 0.995886 0.752062 0.661067 0.187915 0.761794 0.653223 0.022356 0.590574 0.736407 0.216246 0.816218 0.645184 0.482919 0.818419 0.573547 0.776238 0.846704 0.679660 0.472428 0.479213 0.212878 0.239029 0.523052 0.763674 0.753299 0.020476 0.030358 0.851843 0.720935 0.967007 0.532096 0.407398 0.584180 0.054727 0.154700 0.288858 0.268634 0.802612 0.323855 0.875798 0.526510 0.421158 0.081157 0.377970 0.209449 0.436289 0.412590 0.782960 0.045785 0.858805 0.531101 0.304867 0.291635 0.121896 0.316806 0.960767 0.561897 0.398506 0.972480 0.494349 0.589691 0.290929 0.887965 0.536584 0.687250 0.422805 0.129973 0.437913 0.774605 0.093133 0.618100 0.905334 0.696131 0.383902 0.506748 0.767688 0.276078
0.565195 0.527749 0.532085 0.981798 0.732409 0.740354 0.229802 0.798123 0.002221 0.080057 0.332612 0.509338 0.295783 0.140427 0.950485 0.258220 0.509581 0.201783 0.359550 0.591398 0.452874 0.650345 0.088206 0.755924 0.047498 0.109031 0.068898 0.329162 0.899301 0.795275 0.203437 0.584128 0.554354 0.698974 0.141974 0.931528 0.560391 0.043546 0.186548 0.670741 0.311122 0.474485 0.908628 0.012831 0.709910 0.491628 0.444529 0.219922 0.038237 0.122882 0.905975 0.346555 0.771332 0.197959 0.323305 0.390375 0.265701 0.861526 0.476462 0.059967 0.808184 0.242801 0.825952 0.881372 0.015196 0.149607 0.354509 0.938004 0.533982 0.728367 0.671331 0.400309 0.387203 0.953383 0.526422 0.994698 0.735357 0.619153 0.890923 0.762792 0.975718 0.219326 0.648153 0.835921 0.821694 0.080153 0.882822 0.233349 0.116636 0.877745 0.871057 0.254595 0.872049 0.423370 0.622664 0.168217 0.063258 0.014956 0.174002 0.298761 0.524247 0.052447 0.896659 0.014065 0.034075 0.070531 0.830723 0.337652 0.261888 0.530847 0.913418 0.093241 0.031791 0.757879 0.227439 0.279392 0.676383 0.568545 0.976397 0.005495 0.894967 0.462492 0.075493 0.888553 0.649480 0.547863 0.801383 0.771126 0.158438 0.369784 0.037291 0.653477 0.093634 0.054832 0.516980 0.907933 0.316749 0.063758 0.947274 0.735223 0.573642 0.195747 0.327894 0.134766 0.455563 0.055273 0.677302 0.257645 0.939975 0.674008 0.027558 0.400958 0.522529 0.327137 0.347990 0.348301 0.185389 0.312990 0.511423 0.898702 0.818576 0.681620 0.530808 0.784540 0.399353 0.770742 0.001839 0.942371 0.941868 0.811282 0.800906 0.621030 0.988972 0.989810 0.651838 0.385713 0.300559 0.236823 0.350780 0.915304 0.990426 0.383445 0.137349 0.916732 0.220631 0.737514 0.681026 0.694819 0.716414 0.422792 0.656464 0.951490 0.564665 0.485934 0.040171 0.036126 0.445231 0.849540 0.475862 0.936075 0.823368 0.830950 0.251405 0.221367 0.676095 0.482845 0.003941 0.517150 0.008681 0.132987 0.265343 0.018313 0.839812 0.918242 0.462410 0.185538 0.909217 0.984233 0.496740 0.802494 0.470776 0.472548 0.394866 0.788255 0.231829 0.674679 0.010588 0.748296 0.189032 0.241844 0.065753 0.076689 0.972895 0.092273 0.438294 0.714887 0.338625 0.210619 0.597158 0.556550 0.391406 0.710371 0.098415 0.639636 0.125257 0.310203 0.739142 0.233132 0.420944 0.116575 0.338022 0.614227 0.279784 0.668097 0.514622 0.130523 0.581237 0.632090 0.109107 0.514690 0.543351 0.038349 0.718115 0.533884 0.261669 0.473704 0.223749 0.286779 0.703507 0.348728 0.665824 0.063126 0.254800 0.843098 0.335214 0.608511 0.527385 0.808455 0.154992 0.964253 0.058656 0.034944 0.282044 0.238913 0.179491 0.827335 0.105386 0.740753 0.837112 0.149721 0.898965 0.278372 0.537054 0.548281 0.011070 0.614038 0.511354 0.479164 0.211436 0.545379
0.363319 0.709191 0.856240 0.399980 0.135514 0.294833 0.472408 0.259165 0.300096 0.048978 0.378983 0.121488 0.372346 0.654323 0.633558 0.636668 0.558226 0.219234 0.006249 0.575040 0.465147 0.897889 0.533858 0.345267 0.165730 0.951369 0.180051 0.016989 0.905537 0.660014 0.287256 0.476921 0.439503 0.956800 0.043747 0.428025 0.598062 0.956692 0.917565 0.362307 0.756920 0.199583 0.203532 0.356475 0.720562 0.668448 0.087916 0.563223 0.916576 0.194112 0.815186 0.717643 0.351313 0.322323 0.774995 0.454017 0.372404 0.385839 0.767362 0.747163 0.636561 0.385123 0.016486 0.086685 0.718594 0.910420 0.605396 0.453543 0.407273 0.220607 0.996895 0.632183 0.130439 0.176170 0.408699 0.421015 0.744100 0.635682 0.953120 0.201938 0.404369 0.087852 0.711209 0.335921 0.904197 0.122742 0.754679 0.606606 0.076563 0.094348 0.043615 0.836155 0.478668 0.028097 0.873933 0.271740 0.377544 0.589269 0.501775 0.880586 0.538966 0.698331 0.015844 0.364774 0.568349 0.112466 0.999597 0.835672 0.232829 0.832980 0.495110 0.421686 0.519291 0.073172 0.712591 0.698220 0.435562 0.901252 0.727762 0.031214 0.390493 0.626931 0.664917 0.755880 0.344220 0.115141 0.453886 0.806020 0.925305 0.153403 0.529734 0.680121 0.670756 0.453426 0.129085 0.853908 0.603692 0.047578 0.637836 0.643776 0.984853 0.916802 0.390904 0.600525 0.626644 0.947044 0.798439 0.748685 0.475911 0.106701 0.016769 0.132706 0.904074 0.949619 0.888648 0.401978 0.175921 0.012629 0.600451 0.823668 0.334232 0.083052 0.808300 0.020275 0.452255 0.496714 0.384279 0.974014 0.893421 0.436466 0.859015 0.313535 0.909418 0.772899 0.485674 0.508345 0.967177 0.194893 0.862019 0.418728 0.854303 0.106123 0.134748 0.456242 0.271226 0.679715 0.468452 0.490389 0.403347 0.829144 0.186369 0.156614 0.727592 0.029604 0.524371 0.757753 0.714119 0.257247 0.678042 0.200491 0.642804 0.365498 0.757834 0.151682 0.672444 0.735582 0.788483 0.955936 0.082650 0.075471 0.948491 0.607234 0.704106 0.224618 0.350620 0.562473 0.352774 0.973617 0.004427 0.289768 0.476055 0.090892 0.297972 0.406629 0.784093 0.512763 0.889250 0.005665 0.560025 0.473542 0.471875 0.551196 0.902638 0.313726 0.049954 0.877497 0.212114 0.552813 0.759320 0.779668 0.680603 0.764639 0.521670 0.659667 0.486027 0.610062 0.533196 0.093052 0.538031 0.867446 0.387205 0.862217 0.333580 0.265697 0.923339 0.622550 0.978280 0.542328 0.011666 0.256057 0.851245 0.879475 0.428115 0.410190 0.562089 0.757564 0.813222 0.763147 0.410763 0.859087 0.598196 0.711088 0.410453 0.569363 0.468244 0.940664 0.376401 0.697388 0.417667 0.616827 0.170900 0.153974 0.163234 0.127642 0.269761 0.160914 0.345846 0.387757 0.464750 0.484620 0.270037 0.938980 0.388181 0.375986 0.329427 0.923909 0.021639 0.961098 0.189293 0.573859
0.657160 0.668364 0.316775 0.348257 0.985826 0.161124 0.383264 0.524552 0.930946 0.405728 0.964511 0.566591 0.934331 0.718279 0.461401 0.698235 0.450993 0.760004 0.418667 0.474548 0.939224 0.841938 0.390607 0.228398 0.935698 0.339730 0.291625 0.791568 0.961768 0.982013 0.111064 0.728214 0.901772 0.748146 0.276520 0.487212 0.936878 0.016901 0.991500 0.129364 0.359763 0.158537 0.123705 0.568446 0.728864 0.697086 0.792206 0.516925 0.214801 0.122871 0.888839 0.473642 0.939997 0.355411 0.027499 0.799351 0.152662 0.764753 0.793969 0.591458 0.689364 0.573097 0.224853 0.175305 0.291403 0.496764 0.454315 0.498761 0.969292 0.308563 0.283841 0.224511 0.148733 0.076888 0.452881 0.203319 0.943645 0.389190 0.510496 0.932294 0.188295 0.810531 0.104903 0.835358 0.006392 0.746881 0.492477 0.493681 0.511206 0.033389 0.307543 0.752145 0.883977 0.811144 0.844277 0.147534 0.058803 0.111884 0.792658 0.166386 0.379786 0.635583 0.114686 0.290363 0.406804 0.615209 0.895717 0.582240 0.585427 0.034935 0.573012 0.183970 0.284020 0.126565 0.813751 0.166777 0.487024 0.236671 0.499131 0.134135 0.582900 0.096635 0.652126 0.875915 0.644021 0.099831 0.332967 0.712033 0.586452 0.538932 0.052801 0.020862 0.371595 0.759264 0.186244 0.478307 0.968249 0.011866 0.661936 0.460741 0.627906 0.504475 0.370965 0.743427 0.997567 0.505891 0.221054 0.412219 0.813686 0.521342 0.995533 0.585210 0.575282 0.671726 0.928986 0.355751 0.480234 0.234938 0.535824 0.437255 0.349329 0.656525 0.989337 0.609710 0.767265 0.138299 0.181986 0.313895 0.994385 0.965692 0.489076 0.297265 0.633501 0.558023 0.988230 0.200266 0.669818 0.084730 0.039367 0.638010 0.406642 0.604471 0.944255 0.188036 0.429330 0.979217 0.245108 0.207262 0.496012 0.210137 0.951196 0.827821 0.773139 0.810834 0.574576 0.721462 0.030495 0.145260 0.078486 0.206707 0.615412 0.206530 0.258719 0.118006 0.109114 0.848077 0.112711 0.336991 0.608922 0.416348 0.012082 0.737932 0.494345 0.019742 0.448165 0.284182 0.596328 0.848068 0.705590 0.071457 0.585115 0.764292 0.789378 0.970635 0.702778 0.804303 0.383776 0.722688 0.693116 0.367816 0.641452 0.567081 0.303950 0.144351 0.078303 0.441135 0.998484 0.250275 0.096430 0.204906 0.891522 0.805423 0.668122 0.936975 0.059293 0.956754 0.424075 0.728459 0.661292 0.829862 0.718597 0.288389 0.900581 0.910215 0.409239 0.175251 0.748118 0.250651 0.505869 0.940747 0.391169 0.920731 0.938046 0.284353 0.137277 0.183422 0.759852 0.031916 0.079627 0.973044 0.524869 0.788753 0.220248 0.087647 0.512509 0.212835 0.536267 0.841883 0.057916 0.011827 0.347860 0.896542 0.848296 0.613871 0.249818 0.058860 0.977473 0.374651 0.337504 0.652408 0.603030 0.456324 0.153724 0.007807 0.462376 0.943167 0.424206 0.228083 0.862201 0.316238
0.396547 0.995857 0.219920 0.041596 0.553671 0.579175 0.507043 0.724892 0.826369 0.985351 0.552648 0.676081 0.512948 0.582935 0.212698 0.542129 0.274409 0.377109 0.836436 0.069457 0.104786 0.248418 0.071346 0.803426 0.218443 0.025812 0.484007 0.964006 0.411857 0.670098 0.062326 0.729651 0.099996 0.897426 0.975053 0.403250 0.953086 0.942613 0.408838 0.115607 0.217101 0.072034 0.570021 0.728949 0.526364 0.222251 0.702427 0.932928 0.221202 0.583669 0.767043 0.005892 0.265835 0.221922 0.191738 0.867339 0.770917 0.415235 0.256538 0.221792 0.849530 0.162870 0.397133 0.361041 0.036751 0.875867 0.942660 0.588132 0.964154 0.098991 0.940040 0.280308 0.859452 0.736291 0.320922 0.520112 0.552954 0.166271 0.777582 0.982843 0.951456 0.683408 0.351138 0.270270 0.396521 0.106644 0.128826 0.913061 0.660348 0.274728 0.643009 0.617854 0.106623 0.054248 0.669829 0.067029 0.776485 0.515589 0.751775 0.039643 0.272929 0.822594 0.904727 0.962381 0.462852 0.220819 0.585772 0.802839 0.470199 0.701511 0.101480 0.817158 0.111966 0.790390 0.135867 0.374527 0.985186 0.477916 0.791335 0.413104 0.651563 0.287171 0.915762 0.529320 0.557165 0.736886 0.441129 0.559689 0.224133 0.779834 0.478376 0.400445 0.980911 0.470738 0.707485 0.775681 0.333040 0.133493 0.083630 0.245556 0.760222 0.744555 0.686718 0.475939 0.700162 0.463305 0.250201 0.512721 0.952162 0.908917 0.252478 0.531884 0.787408 0.421458 0.052154 0.257043 0.552699 0.456703 0.064071 0.219960 0.527287 0.449164 0.700014 0.508156 0.922765 0.299747 0.011698 0.659492 0.542025 0.942639 0.098383 0.752562 0.280911 0.798233 0.593052 0.037590 0.657667 0.520243 0.851298 0.624645 0.846359 0.419596 0.339402 0.415121 0.792243 0.307988 0.515108 0.072042 0.967735 0.925324 0.011913 0.399697 0.063854 0.671847 0.211200 0.708968 0.866140 0.194934 0.882582 0.021707 0.724509 0.539568 0.948342 0.026227 0.214012 0.445155 0.585806 0.924530 0.552832 0.646208 0.716369 0.899743 0.374306 0.498664 0.520038 0.243197 0.708087 0.303747 0.260727 0.273043 0.951934 0.534164 0.341549 0.456839 0.264587 0.960994 0.490549 0.108579 0.260131 0.319103 0.782092 0.663840 0.745484 0.165725 0.433957 0.130734 0.516973 0.268648 0.543345 0.705937 0.174250 0.580837 0.593223 0.667736 0.655955 0.045275 0.335447 0.170726 0.873470 0.141976 0.592557 0.153877 0.557070 0.109637 0.103797 0.537518 0.238993 0.135283 0.638863 0.962664 0.233406 0.392675 0.338366 0.409621 0.209059 0.302735 0.588211 0.275592 0.999198 0.391115 0.191417 0.452544 0.927779 0.129445 0.243070 0.286664 0.326752 0.542406 0.206549 0.424328 0.998075 0.268056 0.361968 0.919994 0.617172 0.157716 0.569825 0.944864 0.702673 0.675601 0.781046 0.439188 0.382693 0.728241 0.109971 0.053489 0.195538 0.999044 0.341099 0.754887
0.467650 0.737462 0.951866 0.498459 0.703516 0.058336 0.712647 0.990762 0.301442 0.230529 0.285532 0.518473 0.661079 0.619300 0.796450 0.503040 0.494601 0.637687 0.336549 0.077398 0.376994 0.171524 0.515147 0.059284 0.007960 0.829392 0.203942 0.271221 0.920172 0.031528 0.170566 0.475548 0.044234 0.777083 0.113848 0.461886 0.880029 0.272226 0.619406 0.261735 0.038917 0.998590 0.855233 0.643818 0.483322 0.417057 0.867143 0.940291 0.708253 0.816796 0.230377 0.150092 0.897649 0.895119 0.130030 0.896619 0.905648 0.116501 0.533924 0.604134 0.838135 0.403463 0.403945 0.489552 0.787327 0.170681 0.865606 0.117935 0.376825 0.272764 0.655936 0.850881 0.703038 0.823515 0.664190 0.228643 0.088660 0.329211 0.025706 0.483411 0.271326 0.392717 0.495891 0.177777 0.273585 0.120270 0.804544 0.482599 0.540973 0.513740 0.180944 0.225137 0.202759 0.551455 0.623116 0.165933 0.829871 0.662883 0.853674 0.046950 0.115371 0.841067 0.275165 0.544020 0.179489 0.342727 0.756606 0.726204 0.542346 0.678453 0.046351 0.265755 0.023015 0.261658 0.788629 0.862745 0.241705 0.045777 0.832185 0.833311 0.246922 0.089329 0.832233 0.825443 0.245808 0.822109 0.292340 0.021729 0.046572 0.364834 0.602608 0.912956 0.385635 0.392542 0.771490 0.385676 0.255808 0.938685 0.955790 0.838803 0.502575 0.272744 0.057481 0.094599 0.298885 0.130371 0.207388 0.554554 0.631481 0.449926 0.927006 0.537189 0.320832 0.685798 0.590671 0.400148 0.843660 0.559274 0.951166 0.087807 0.128339 0.634060 0.074869 0.639341 0.224085 0.793408 0.023055 0.772399 0.348191 0.164393 0.563862 0.335606 0.728286 0.042439 0.960127 0.117165 0.282490 0.239716 0.509439 0.081336 0.281445 0.016126 0.120172 0.553343 0.726190 0.924504 0.228622 0.524269 0.946244 0.012238 0.100428 0.475808 0.608739 0.471006 0.861662 0.387383 0.469041 0.200569 0.910152 0.862730 0.038859 0.915909 0.938549 0.286673 0.609714 0.417610 0.701403 0.200429 0.163993 0.123369 0.239581 0.952977 0.998018 0.718528 0.658192 0.712003 0.788907 0.499062 0.680399 0.357058 0.181598 0.611981 0.650752 0.941637 0.791357 0.224774 0.655973 0.451627 0.544574 0.684429 0.821007 0.127267 0.539900 0.044469 0.524643 0.907599 0.061265 0.557323 0.809203 0.213477 0.852186 0.259447 0.127983 0.866951 0.234485 0.509846 0.047337 0.084891 0.748715 0.001950 0.889887 0.034728 0.297882 0.308533 0.084701 0.795172 0.355522 0.261118 0.674488 0.890494 0.109777 0.948016 0.481693 0.772905 0.488900 0.906750 0.433112 0.453256 0.083064 0.383186 0.204712 0.800812 0.477563 0.426855 0.226699 0.242011 0.001190 0.442679 0.285208 0.048994 0.916278 0.763903 0.629794 0.478325 0.709919 0.290971 0.033443 0.720607 0.193793 0.707595 0.468402 0.487532 0.279542 0.505374 0.355413 0.982360 0.002699 0.863683 0.852151 0.949687
0.463195 0.168625 0.778597 0.681718 0.750263 0.100809 0.871583 0.169305 0.183484 0.474234 0.730959 0.625019 0.298142 0.695928 0.213044 0.681742 0.061812 0.246190 0.072267 0.027320 0.671277 0.310606 0.420329 0.226876 0.002823 0.086648 0.322631 0.333953 0.437125 0.580336 0.530994 0.221448 0.358273 0.025735 0.901083 0.154525 0.752919 0.719441 0.952698 0.573384 0.280915 0.937828 0.797804 0.307289 0.010511 0.373349 0.025689 0.649193 0.926447 0.751427 0.010342 0.480366 0.359249 0.648495 0.815631 0.018396 0.421165 0.307112 0.580341 0.987664 0.366146 0.664629 0.024745 0.038857 0.483344 0.002540 0.464976 0.154324 0.316597 0.563426 0.286197 0.292350 0.094636 0.462280 0.564942 0.509429 0.588770 0.990398 0.764559 0.609709 0.852155 0.783236 0.722648 0.769942 0.942497 0.374991 0.453871 0.931833 0.890830 0.325577 0.378431 0.204095 0.195529 0.147300 0.717574 0.621252 0.737944 0.351763 0.659509 0.077751 0.727105 0.700785 0.823241 0.991323 0.186118 0.362208 0.641988 0.986246 0.854269 0.009962 0.886748 0.937334 0.508094 0.235755 0.328906 0.576911 0.759003 0.154733 0.230995 0.137808 0.098415 0.529861 0.836985 0.597516 0.408881 0.843571 0.860459 0.854223 0.943647 0.919680 0.158730 0.736864 0.029436 0.836465 0.679622 0.301728 0.405831 0.619173 0.898720 0.890886 0.891313 0.822807 0.612534 0.370346 0.373277 0.009378 0.256159 0.546796 0.029386 0.134991 0.672167 0.827076 0.806175 0.578490 0.046301 0.620453 0.992789 0.301377 0.793669 0.457671 0.831231 0.770060 0.892538 0.866834 0.487293 0.160121 0.896310 0.033525 0.247219 0.664357 0.579688 0.554004 0.197206 0.898982 0.443270 0.019907 0.553620 0.428514 0.656767 0.524699 0.548968 0.931116 0.718161 0.770405 0.869964 0.680913 0.232005 0.726791 0.107468 0.943875 0.967803 0.237317 0.005996 0.864773 0.851503 0.969081 0.464703 0.927004 0.875915 0.280817 0.873090 0.004841 0.373338 0.400894 0.948282 0.058199 0.015142 0.811900 0.533007 0.011125 0.135869 0.398495 0.092275 0.878752 0.985555 0.139592 0.183107 0.072215 0.896010 0.387556 0.810774 0.303321 0.189086 0.554152 0.920701 0.033136 0.392077 0.252974 0.429602 0.528254 0.326855 0.604034 0.023074 0.218354 0.913328 0.756864 0.727992 0.738925 0.079396 0.302000 0.161521 0.860322 0.136167 0.035881 0.894369 0.130984 0.058918 0.088502 0.674124 0.418080 0.141661 0.109392 0.340511 0.005721 0.508409 0.264308 0.815956 0.343719 0.003256 0.098523 0.807372 0.802515 0.391940 0.840403 0.111992 0.794270 0.250383 0.525171 0.584300 0.857389 0.774089 0.488982 0.600247 0.035178 0.875546 0.106128 0.907423 0.668299 0.645513 0.536320 0.376794 0.204985 0.028431 0.280240 0.395298 0.468530 0.037111 0.401689 0.693148 0.468599 0.668289 0.964124 0.080981 0.937969 0.168074 0.105593 0.584617 0.497872 0.905964 0.794692
0.574971 0.892888 0.648786 0.390340 0.120732 0.074178 0.659868 0.697033 0.906600 0.485276 0.391642 0.626444 0.926934 0.736403 0.021238 0.476209 0.551571 0.113599 0.634739 0.729597 0.223482 0.590103 0.427800 0.148941 0.165382 0.790065 0.656163 0.746983 0.479363 0.036897 0.788959 0.770471 0.558783 0.576522 0.932870 0.081521 0.954823 0.765220 0.553607 0.764689 0.248633 0.819321 0.203560 0.203384 0.885806 0.094736 0.847903 0.375130 0.671688 0.652273 0.103021 0.674283 0.481464 0.497400 0.746050 0.074069 0.811335 0.653110 0.910608 0.211684 0.460091 0.227788 0.020155 0.287415 0.527576 0.712359 0.031524 0.168957 0.786784 0.572027 0.184856 0.665934 0.708226 0.697434 0.867279 0.937225 0.686610 0.529603 0.927610 0.753983 0.724146 0.188186 0.153369 0.523283 0.650519 0.831243 0.836422 0.463976 0.236992 0.345332 0.368395 0.114920 0.284463 0.886437 0.033067 0.038947 0.636313 0.315343 0.434709 0.491929 0.668925 0.548860 0.377516 0.020684 0.581343 0.089080 0.055576 0.778211 0.610651 0.307350 0.575732 0.560020 0.412928 0.739117 0.062000 0.268148 0.338488 0.187682 0.266319 0.914549 0.058420 0.608318 0.900479 0.085761 0.577160 0.984534 0.855853 0.598507 0.783894 0.500997 0.691279 0.509819 0.407699 0.767227 0.795720 0.089527 0.205960 0.289333 0.146145 0.887781 0.138529 0.407771 0.243221 0.805011 0.728693 0.816451 0.862349 0.423711 0.510535 0.425256 0.078142 0.698481 0.143207 0.999713 0.908933 0.484487 0.058360 0.736693 0.252470 0.007909 0.102618 0.988155 0.706287 0.155803 0.424369 0.496205 0.619352 0.795298 0.222384 0.503455 0.176828 0.630035 0.974306 0.766884 0.155373 0.251111 0.188110 0.821427 0.122011 0.404040 0.582801 0.378220 0.274427 0.614325 0.548659 0.571677 0.133098 0.833593 0.732405 0.147295 0.508928 0.174341 0.613987 0.182794 0.833322 0.574738 0.508516 0.935255 0.902317 0.465320 0.741552 0.409929 0.747304 0.342123 0.164943 0.115559 0.154202 0.822930 0.617559 0.882801 0.627823 0.982266 0.522822 0.192751 0.374805 0.274183 0.240050 0.813096 0.784572 0.827703 0.152957 0.594031 0.943843 0.248782 0.941275 0.103030 0.156503 0.703011 0.562449 0.171229 0.085316 0.279512 0.146455 0.952751 0.368062 0.083311 0.365286 0.062930 0.535062 0.813353 0.929494 0.965641 0.518374 0.545457 0.310428 0.590074 0.199319 0.925122 0.729955 0.265715 0.067671 0.494582 0.793390 0.183218 0.098693 0.770131 0.472032 0.167962 0.555993 0.026807 0.689828 0.518699 0.880584 0.077805 0.236573 0.031132 0.908539 0.059462 0.324114 0.215626 0.019306 0.360454 0.958376 0.420464 0.992474 0.878079 0.057639 0.946809 0.376506 0.844275 0.920668 0.705942 0.658590 0.088545 0.004121 0.393993 0.695612 0.188888 0.692754 0.442834 0.230988 0.396991 0.019636 0.341567 0.038255 0.575707 0.237773 0.622274 0.936167 0.210086
0.229552 0.228644 0.159682 0.985301 0.378235 0.647806 0.114892 0.817897 0.400398 0.499296 0.768655 0.407335 0.183637 0.220476 0.140909 0.162727 0.651310 0.176798 0.666411 0.670823 0.791958 0.337456 0.148870 0.847695 0.214544 0.085905 0.168835 0.651993 0.055387 0.524473 0.090579 0.386417 0.305288 0.121645 0.368133 0.094671 0.639288 0.548472 0.600201 0.167267 0.491230 0.824899 0.324850 0.965316 0.476548 0.620264 0.490285 0.632533 0.194455 0.376669 0.161363 0.427385 0.940244 0.661124 0.287716 0.534384 0.641227 0.257836 0.865404 0.578336 0.171084 0.637186 0.302980 0.447072 0.216231 0.181553 0.524043 0.966248 0.574558 0.317788 0.532895 0.116512 0.889806 0.128204 0.135243 0.382213 0.519296 0.492440 0.489126 0.577416 0.127235 0.342768 0.349605 0.584583 0.473313 0.367486 0.905351 0.579228 0.393174 0.344246 0.053395 0.492265 0.280661 0.078402 0.439111 0.407854 0.536344 0.168134 0.595045 0.998745 0.514701 0.479749 0.233179 0.587094 0.500196 0.593886 0.737697 0.731918 0.879843 0.598704 0.479307 0.251432 0.829586 0.255490 0.922564 0.671596 0.462026 0.073995 0.115338 0.129088 0.407234 0.873336 0.014218 0.091157 0.480816 0.982082 0.790012 0.996098 0.179542 0.008818 0.017773 0.542470 0.726940 0.128626 0.751878 0.661934 0.477902 0.921419 0.518769 0.981553 0.753421 0.745702 0.224370 0.517771 0.520591 0.306509 0.225449 0.393545 0.461083 0.270932 0.901479 0.085086 0.439678 0.907236 0.270644 0.975542 0.295869 0.709600 0.729861 0.027541 0.897185 0.137973 0.015683 0.273038 0.756246 0.202818 0.790760 0.499480 0.616778 0.503354 0.073022 0.921657 0.724715 0.328415 0.337452 0.252498 0.406697 0.350320 0.437989 0.992345 0.068124 0.891013 0.645507 0.067011 0.283136 0.278690 0.750923 0.287517 0.232172 0.021407 0.937507 0.255626 0.429147 0.492962 0.719647 0.595158 0.248465 0.233390 0.784678 0.385207 0.955263 0.172990 0.643756 0.766430 0.085249 0.830540 0.937884 0.773648 0.229342 0.444246 0.369758 0.945048 0.504088 0.409532 0.948286 0.406102 0.077083 0.356178 0.123060 0.961285 0.505952 0.491530 0.135820 0.429513 0.513008 0.470307 0.387136 0.299798 0.812872 0.807358 0.451401 0.543008 0.294097 0.952765 0.419121 0.686867 0.607118 0.544152 0.657504 0.778406 0.038373 0.909951 0.893595 0.965625 0.564715 0.602140 0.126476 0.256180 0.165865 0.320004 0.286759 0.604057 0.641084 0.271693 0.609822 0.108914 0.724687 0.927615 0.664314 0.046201 0.577736 0.665799 0.410999 0.541547 0.573042 0.889727 0.323352 0.275401 0.661352 0.402056 0.322553 0.773836 0.174799 0.875554 0.606299 0.921658 0.955286 0.656203 0.683648 0.140909 0.445921 0.137146 0.101268 0.295738 0.267184 0.406993 0.242501 0.356469 0.284888 0.622813 0.682160 0.612400 0.176253 0.007521 0.942626 0.894399 0.427770 0.766147 0.935504 0.452105
0.519263 0.629062 0.620835 0.656673 0.625360 0.970553 0.706897 0.741952 0.043848 0.571930 0.191244 0.868931 0.455826 0.363461 0.512523 0.160595 0.173726 0.844590 0.368299 0.027763 0.791281 0.820696 0.883728 0.886510 0.438092 0.365441 0.758017 0.731386 0.107393 0.924375 0.582435 0.297451 0.396058 0.144808 0.680306 0.169300 0.539938 0.382340 0.479969 0.106579 0.054053 0.614708 0.413859 0.150292 0.661816 0.419855 0.974757 0.846133 0.614549 0.255245 0.994422 0.508583 0.862349 0.836653 0.308812 0.353886 0.591998 0.107468 0.979899 0.673429 0.392715 0.651243 0.341879 0.308347 0.666995 0.803904 0.796367 0.382157 0.584925 0.451245 0.720307 0.345783 0.880315 0.287570 0.337601 0.627415 0.603994 0.837343 0.275512 0.605910 0.899526 0.205366 0.785397 0.444232 0.413710 0.292296 0.518667 0.868503 0.477824 0.428202 0.876278 0.420950 0.287849 0.309516 0.648699 0.468418 0.315112 0.541644 0.050872 0.938122 0.245317 0.234093 0.842931 0.140032 0.991629 0.663715 0.764011 0.671284 0.456041 0.232017 0.459441 0.907457 0.036290 0.346843 0.636750 0.088669 0.663447 0.501200 0.694165 0.885604 0.285537 0.767080 0.206023 0.469815 0.380896 0.748329 0.099618 0.881439 0.290203 0.063584 0.911731 0.966145 0.659810 0.544474 0.281631 0.138956 0.922833 0.461287 0.373853 0.835985 0.492773 0.029926 0.079128 0.874045 0.459722 0.679468 0.805710 0.275548 0.598310 0.475456 0.355826 0.939292 0.896289 0.952684 0.068962 0.066945 0.586370 0.540480 0.512956 0.063713 0.724043 0.500090 0.370655 0.413841 0.474039 0.584340 0.123860 0.791581 0.600555 0.052099 0.765682 0.180767 0.997020 0.548152 0.186377 0.589270 0.865942 0.789533 0.487668 0.597766 0.280652 0.352926 0.246755 0.056392 0.727266 0.254647 0.319266 0.107664 0.070285 0.250227 0.451417 0.603813 0.311394 0.977217 0.090642 0.358728 0.039371 0.974049 0.327407 0.192257 0.198383 0.924578 0.371245 0.434542 0.204766 0.059728 0.918521 0.283524 0.145411 0.020619 0.482383 0.038816 0.279639 0.583510 0.241988 0.448683 0.612836 0.818240 0.649196 0.747418 0.231618 0.306191 0.713986 0.617617 0.214601 0.176983 0.246174 0.744232 0.030866 0.605274 0.452770 0.442694 0.234109 0.594701 0.600590 0.780888 0.830383 0.947088 0.318462 0.616162 0.237854 0.286819 0.713389 0.788649 0.183536 0.191043 0.643701 0.568671 0.707953 0.368415 0.582541 0.072387 0.560472 0.293905 0.858378 0.508769 0.946336 0.660651 0.061737 0.099595 0.337753 0.543089 0.066476 0.014586 0.640605 0.770181 0.604534 0.641721 0.432938 0.850711 0.298729 0.128153 0.536504 0.628785 0.319278 0.952350 0.393197 0.540338 0.270384 0.245911 0.170545 0.190695 0.385358 0.047092 0.827895 0.005335 0.107948 0.366263 0.212695 0.791556 0.196627 0.870754 0.711604 0.918808 0.526842 0.194059 0.872561 0.086431 0.396581 0.404196
0.476726 0.585217 0.287133 0.165117 0.128561 0.312136 0.482909 0.605886 0.500658 0.882975 0.167473 0.347904 0.751426 0.028311 0.530127 0.003629 0.682380 0.773201 0.057223 0.143025 0.191543 0.204794 0.173417 0.460893 0.662967 0.487218 0.832850 0.560963 0.645261 0.237291 0.460865 0.386043 0.358322 0.048546 0.924811 0.229758 0.480906 0.481736 0.476432 0.801196 0.255890 0.851218 0.912955 0.056491 0.742472 0.809080 0.017028 0.759087 0.326997 0.581130 0.928487 0.553218 0.024632 0.630150 0.682692 0.482936 0.634986 0.876419 0.365851 0.517675 0.609924 0.787005 0.037508 0.175852 0.084237 0.846992 0.629708 0.691942 0.305630 0.909355 0.253607 0.928598 0.122149 0.560506 0.163209 0.670257 0.950534 0.931028 0.204934 0.983360 0.990528 0.603358 0.771668 0.388740 0.596790 0.024794 0.531260 0.017572 0.873233 0.661310 0.023878 0.014234 0.372727 0.381973 0.906802 0.773772 0.835232 0.620125 0.728903 0.003040 0.783798 0.689224 0.148738 0.785933 0.266298 0.283069 0.749603 0.318444 0.657708 0.681896 0.660855 0.083533 0.960372 0.017405 0.831776 0.809721 0.635901 0.210563 0.835402 0.948457 0.677594 0.427448 0.819633 0.662015 0.663687 0.512866 0.830971 0.603847 0.738641 0.333723 0.568622 0.341158 0.795934 0.557424 0.051585 0.440747 0.985807 0.942689 0.777571 0.590500 0.216848 0.905013 0.390641 0.398473 0.257609 0.846853 0.217799 0.339537 0.814584 0.363273 0.059594 0.354901 0.068248 0.274374 0.735402 0.355143 0.031149 0.073265 0.660972 0.514164 0.991754 0.147721 0.786675 0.363502 0.421152 0.397945 0.630439 0.546972 0.036265 0.410684 0.551144 0.833918 0.339848 0.242370 0.752730 0.658044 0.523353 0.773118 0.146335 0.648926 0.266438 0.024892 0.907854 0.855704 0.260941 0.828440 0.367445 0.615869 0.654835 0.408049 0.095476 0.309746 0.087961 0.852745 0.192643 0.437107 0.671450 0.875149 0.878566 0.632279 0.993683 0.443054 0.225232 0.113150 0.495199 0.862568 0.729765 0.161163 0.278625 0.996404 0.096867 0.217430 0.021870 0.663427 0.524192 0.905823 0.196928 0.763884 0.117891 0.441380 0.836204 0.022741 0.478617 0.023965 0.130781 0.959815 0.840613 0.805777 0.738023 0.592887 0.230708 0.970762 0.776949 0.487723 0.882578 0.900096 0.140126 0.053729 0.216560 0.428825 0.380297 0.962274 0.592061 0.326765 0.767649 0.180441 0.353332 0.634484 0.975315 0.356401 0.447609 0.805426 0.337537 0.343478 0.324757 0.759952 0.115460 0.929572 0.002019 0.648161 0.963141 0.778976 0.006554 0.196015 0.246333 0.804736 0.701949 0.348984 0.463347 0.558832 0.085595 0.604575 0.619093 0.933157 0.824614 0.693594 0.757340 0.408111 0.202269 0.180229 0.518565 0.362298 0.143848 0.313113 0.086111 0.024913 0.484842 0.775639 0.645286 0.751169 0.268475 0.640685 0.648230 0.570128 0.112568 0.561603 0.427547 0.136837 0.127793 0.595981
0.268914 0.819028 0.512655 0.054164 0.634687 0.242870 0.023553 0.938118 0.921395 0.750389 0.947330 0.114271 0.555793 0.763732 0.669093 0.088900 0.015500 0.213447 0.638072 0.464857 0.869988 0.199738 0.930170 0.509651 0.606842 0.355410 0.930755 0.675697 0.978477 0.067133 0.855000 0.231791 0.376166 0.806033 0.489149 0.919567 0.637854 0.505775 0.954357 0.669287 0.927861 0.880431 0.493786 0.729861 0.005015 0.929646 0.929235 0.447537 0.281853 0.241902 0.213274 0.047563 0.002345 0.825616 0.735616 0.064795 0.056744 0.669275 0.724539 0.559324 0.827396 0.176280 0.354110 0.844174 0.653688 0.572609 0.843146 0.561235 0.588735 0.114821 0.566093 0.252284 0.231625 0.764406 0.240201 0.323338 0.155004 0.682257 0.419824 0.074156 0.585710 0.313042 0.860682 0.591854 0.292646 0.349584 0.883898 0.077803 0.036181 0.933181 0.252616 0.007940 0.130010 0.088632 0.289217 0.966432 0.501372 0.751116 0.008863 0.294827 0.418203 0.955365 0.143079 0.256066 0.433697 0.570575 0.753204 0.217856 0.509263 0.910673 0.359384 0.227203 0.799215 0.615463 0.852841 0.361250 0.754946 0.814826 0.841540 0.515719 0.018952 0.962700 0.375142 0.952205 0.874053 0.333501 0.738629 0.342328 0.438391 0.016049 0.343204 0.974003 0.376882 0.461258 0.782536 0.975801 0.434472 0.659438 0.902353 0.935888 0.380918 0.102530 0.339668 0.178574 0.957657 0.944017 0.092449 0.225037 0.356227 0.569761 0.782354 0.190409 0.874545 0.407011 0.915793 0.985654 0.398177 0.723876 0.177573 0.230650 0.291070 0.648380 0.005960 0.791445 0.756654 0.963241 0.740323 0.133000 0.999301 0.880135 0.990111 0.123420 0.303903 0.418223 0.328371 0.175551 0.187963 0.750464 0.032060 0.094980 0.023099 0.559039 0.801584 0.215872 0.949437 0.331133 0.679924 0.223513 0.158487 0.357178 0.007077 0.879303 0.884101 0.856507 0.591191 0.223142 0.207860 0.525809 0.269865 0.292855 0.310785 0.926032 0.935943 0.491993 0.343325 0.051009 0.149868 0.941337 0.057410 0.266881 0.017254 0.146028 0.279344 0.467534 0.003327 0.390135 0.432720 0.422418 0.023025 0.183660 0.361734 0.927650 0.481692 0.104545 0.625261 0.117904 0.562133 0.894594 0.714470 0.609799 0.543846 0.016187 0.955335 0.649809 0.763204 0.216734 0.709790 0.927857 0.620399 0.589303 0.234757 0.060805 0.252209 0.644603 0.009004 0.702859 0.565638 0.295459 0.456932 0.718142 0.700287 0.821385 0.378910 0.216468 0.103036 0.506289 0.157103 0.422382 0.388777 0.801712 0.310612 0.293426 0.161802 0.181376 0.335380 0.761326 0.321403 0.634446 0.561682 0.012361 0.918350 0.894037 0.894181 0.647309 0.416105 0.703071 0.954890 0.190850 0.034201 0.098570 0.192404 0.177521 0.481627 0.812860 0.096048 0.857801 0.495625 0.001629 0.375398 0.163137 0.616890 0.917237 0.763026 0.676773 0.023117 0.400302 0.663422 0.497041 0.822355 0.174163
0.050476 0.296649 0.495274 0.741262 0.616199 0.658409 0.093527 0.049927 0.730375 0.900538 0.094686 0.306928 0.034108 0.061628 0.978335 0.114645 0.363548 0.476000 0.336225 0.661414 0.635218 0.773498 0.621607 0.492180 0.760427 0.465339 0.389954 0.577680 0.349200 0.348765 0.863636 0.144901 0.274070 0.675707 0.905862 0.806374 0.668092 0.395753 0.334798 0.367869 0.565893 0.885415 0.709803 0.937089 0.939547 0.070271 0.881156 0.291334 0.327286 0.219985 0.393296 0.604925 0.880268 0.414237 0.615411 0.459424 0.919025 0.598896 0.085802 0.833128 0.550059 0.594968 0.069777 0.520111 0.230320 0.335711 0.549294 0.110415 0.773635 0.147878 0.579122 0.870002 0.177197 0.341766 0.033129 0.745050 0.431939 0.803682 0.643092 0.676181 0.871641 0.018068 0.459628 0.764394 0.559661 0.086620 0.064471 0.592252 0.536260 0.847398 0.178749 0.832920 0.049219 0.779663 0.650182 0.898574 0.025252 0.419617 0.382302 0.029367 0.783821 0.918387 0.755342 0.459206 0.182743 0.357220 0.715263 0.887439 0.035586 0.112699 0.153375 0.778821 0.339309 0.109043 0.200921 0.751701 0.655529 0.119802 0.228232 0.543481 0.086311 0.894609 0.117937 0.465596 0.886369 0.905919 0.551088 0.067201 0.368551 0.376755 0.383540 0.182759 0.652854 0.212411 0.770976 0.121598 0.463195 0.755507 0.941057 0.903160 0.586634 0.215278 0.516770 0.847964 0.786471 0.430618 0.746442 0.640516 0.115216 0.443060 0.354722 0.333162 0.783873 0.058119 0.768160 0.806993 0.003921 0.197393 0.471844 0.105808 0.171365 0.076798 0.477274 0.006865 0.586112 0.909245 0.502572 0.551133 0.540795 0.598406 0.634031 0.812257 0.580640 0.144267 0.300916 0.930244 0.588629 0.905521 0.854811 0.012804 0.984651 0.761386 0.888528 0.581023 0.603485 0.157574 0.298609 0.793389 0.497639 0.327360 0.533204 0.100652 0.775302 0.011331 0.637793 0.677371 0.525361 0.109770 0.926212 0.083625 0.676292 0.486281 0.193406 0.829944 0.320745 0.692017 0.721612 0.942010 0.861184 0.517550 0.214655 0.326086 0.143330 0.802906 0.411951 0.714112 0.869675 0.950847 0.577096 0.123509 0.808382 0.294535 0.150585 0.629340 0.713707 0.113449 0.744970 0.229333 0.713452 0.615590 0.854762 0.042365 0.198307 0.632101 0.979305 0.492602 0.727190 0.355313 0.339320 0.478218 0.468066 0.322424 0.281469 0.652467 0.866689 0.175117 0.362648 0.621869 0.494852 0.640477 0.029948 0.044620 0.247943 0.529873 0.977603 0.195177 0.296699 0.108508 0.661553 0.964659 0.494465 0.107607 0.143141 0.300651 0.492091 0.042191 0.391412 0.532386 0.545636 0.550990 0.290501 0.803408 0.331342 0.493600 0.436845 0.377541 0.751683 0.494478 0.069942 0.767911 0.056139 0.991841 0.204819 0.597095 0.465004 0.690704 0.168086 0.027708 0.352283 0.884943 0.977538 0.177870 0.723792 0.712906 0.392455 0.200751 0.203663 0.027940 0.882614 0.424207
0.233247 0.154222 0.916614 0.206191 0.347969 0.549475 0.264249 0.958297 0.624879 0.638049 0.532606 0.355915 0.861139 0.041463 0.931113 0.303096 0.880680 0.327471 0.968158 0.312089 0.376061 0.819398 0.758010 0.296953 0.669489 0.378290 0.621495 0.341846 0.701065 0.970402 0.686069 0.814024 0.594530 0.885905 0.115721 0.411440 0.559358 0.839319 0.180473 0.753893 0.962037 0.677342 0.097725 0.882254 0.793318 0.565485 0.579408 0.966586 0.105925 0.362837 0.895110 0.443653 0.832718 0.491477 0.394243 0.561546 0.803441 0.040703 0.124381 0.833750 0.046806 0.683403 0.485291 0.583707 0.581005 0.353136 0.099106 0.571989 0.029983 0.382251 0.828092 0.008510 0.644512 0.679815 0.491345 0.478915 0.897659 0.111321 0.353844 0.034786 0.728861 0.610907 0.002652 0.130085 0.131816 0.704411 0.034068 0.333470 0.752017 0.236548 0.776551 0.960002 0.318689 0.451709 0.253602 0.630327 0.721151 0.795562 0.587098 0.608041 0.724653 0.190611 0.857167 0.699633 0.552377 0.720495 0.369012 0.054463 0.741584 0.787068 0.290043 0.681943 0.022368 0.026980 0.639280 0.428186 0.781694 0.330851 0.965479 0.015132 0.870575 0.891660 0.084750 0.193550 0.032876 0.706327 0.667453 0.122373 0.806932 0.075391 0.179024 0.802970 0.270447 0.007519 0.709354 0.489189 0.660242 0.221237 0.105509 0.474336 0.544154 0.598005 0.324115 0.921890 0.452629 0.972501 0.146959 0.010942 0.670026 0.453470 0.433813 0.789922 0.219947 0.706105 0.831856 0.626333 0.722836 0.936777 0.524796 0.492269 0.969508 0.823126 0.376735 0.436821 0.625045 0.397827 0.316646 0.287439 0.986910 0.220763 0.047003 0.369561 0.867636 0.083572 0.540720 0.582016 0.259926 0.165168 0.724390 0.067274 0.412191 0.054554 0.860802 0.586970 0.150970 0.227403 0.997171 0.695819 0.518207 0.156034 0.469387 0.109416 0.192413 0.657216 0.263032 0.835291 0.639684 0.527065 0.029872 0.714106 0.034986 0.471102 0.270122 0.326410 0.248803 0.969523 0.010856 0.503801 0.776354 0.980019 0.988929 0.127327 0.785705 0.780655 0.074791 0.886808 0.500186 0.414056 0.839484 0.178155 0.815170 0.685065 0.674793 0.531546 0.741409 0.239166 0.700149 0.702766 0.543038 0.150026 0.161837 0.911874 0.474760 0.808416 0.317404 0.257819 0.615699 0.165523 0.831532 0.020770 0.494669 0.619522 0.980703 0.497691 0.385412 0.687480 0.268879 0.768970 0.173775 0.806893 0.448910 0.937541 0.166712 0.973136 0.850971 0.902100 0.076869 0.480615 0.309593 0.293651 0.010652 0.700862 0.710006 0.581788 0.007166 0.519584 0.843400 0.434940 0.004971 0.609470 0.010153 0.015912 0.507578 0.630878 0.238496 0.694253 0.504025 0.225844 0.273376 0.435176 0.067145 0.442276 0.053929 0.866712 0.362894 0.706046 0.506433 0.600554 0.683931 0.303650 0.892037 0.967180 0.969253 0.396762 0.338147 0.704922 0.952313 0.740604 0.385993 0.302114
0.276060 0.122186 0.472603 0.479652 0.019849 0.259680 0.487398 0.705298 0.238389 0.530147 0.405297 0.909921 0.403893 0.550756 0.378057 0.481741 0.235634 0.398456 0.561550 0.652980 0.926843 0.502622 0.232791 0.645588 0.497113 0.016428 0.046222 0.376265 0.292077 0.831998 0.796942 0.570369 0.532244 0.924723 0.072806 0.749507 0.456686 0.517675 0.829701 0.957967 0.379802 0.473096 0.546085 0.244690 0.461309 0.733735 0.740105 0.072820 0.788575 0.141796 0.870448 0.827441 0.822722 0.115583 0.167020 0.123797 0.932841 0.668079 0.534412 0.182957 0.963164 0.697121 0.852961 0.543561 0.538836 0.256505 0.439077 0.173174 0.317527 0.588575 0.243296 0.410169 0.583934 0.646595 0.203755 0.178107 0.283647 0.005223 0.760226 0.000518 0.381579 0.504771 0.257122 0.965766 0.355784 0.163584 0.205909 0.558132 0.567147 0.335813 0.522088 0.175280 0.704831 0.029472 0.585102 0.358191 0.472669 0.162116 0.347224 0.669973 0.502995 0.126665 0.602961 0.186004 0.918043 0.118875 0.799349 0.162752 0.946465 0.604930 0.912575 0.923245 0.417807 0.030465 0.037472 0.098543 0.639624 0.524983 0.302526 0.195831 0.285789 0.863213 0.554204 0.925049 0.521762 0.040976 0.338238 0.814227 0.115535 0.597806 0.318288 0.853872 0.858651 0.708316 0.446114 0.994170 0.763982 0.907533 0.302925 0.960576 0.970321 0.753894 0.154366 0.976397 0.423989 0.041822 0.174386 0.529277 0.691431 0.209561 0.859655 0.161371 0.554245 0.865156 0.427297 0.767247 0.353524 0.687800 0.622468 0.805985 0.424634 0.589808 0.920972 0.611306 0.479594 0.465796 0.085845 0.711674 0.816337 0.858783 0.320023 0.113695 0.094425 0.382764 0.906390 0.134925 0.897106 0.549285 0.143662 0.293968 0.888587 0.321754 0.159539 0.387604 0.153188 0.246435 0.070192 0.847792 0.494168 0.126171 0.668099 0.286647 0.830260 0.481568 0.867005 0.688715 0.655431 0.468639 0.906669 0.730979 0.696586 0.788815 0.261172 0.686583 0.945920 0.304468 0.268330 0.884618 0.115546 0.949586 0.645396 0.931001 0.621292 0.582658 0.019123 0.826318 0.323752 0.988705 0.067526 0.356935 0.759147 0.280297 0.580487 0.218255 0.056788 0.796289 0.908015 0.690558 0.833067 0.330951 0.069535 0.174010 0.969757 0.146223 0.936926 0.388673 0.890922 0.570187 0.089732 0.945046 0.977667 0.090033 0.356873 0.623988 0.603855 0.507498 0.148435 0.401605 0.283084 0.716211 0.354070 0.949223 0.780207 0.422746 0.787263 0.594723 0.663908 0.671204 0.160329 0.830599 0.047851 0.668880 0.655722 0.593196 0.353446 0.525510 0.112568 0.978136 0.083467 0.468510 0.014006 0.854424 0.416210 0.327675 0.110754 0.546159 0.596464 0.522872 0.049580 0.862968 0.453747 0.460098 0.546116 0.618911 0.278625 0.799098 0.020188 0.521573 0.486028 0.890015 0.452590 0.053557 0.199381 0.212476 0.597068 0.763697 0.882583 0.597574 0.499430 0.756599
0.620224 0.886314 0.715926 0.521163 0.876547 0.224005 0.964535 0.425035 0.749005 0.025000 0.562970 0.595658 0.584661 0.697322 0.448863 0.117119 0.347025 0.809187 0.760110 0.368262 0.030306 0.843046 0.402229 0.929657 0.324920 0.305499 0.629146 0.786435 0.808004 0.904522 0.015478 0.698151 0.569907 0.191252 0.824110 0.229962 0.461922 0.262027 0.705652 0.234391 0.851004 0.668586 0.286017 0.158503 0.995446 0.211661 0.697936 0.306398 0.333822 0.592663 0.604276 0.498945 0.023308 0.034999 0.262138 0.785082 0.770122 0.181883 0.703508 0.453234 0.441176 0.292787 0.970298 0.978761 0.354534 0.312228 0.541597 0.609033 0.450107 0.698254 0.434250 0.167120 0.125240 0.854905 0.036882 0.215873 0.656893 0.763970 0.500278 0.539761 0.555530 0.526832 0.630042 0.696202 0.216803 0.727587 0.733248 0.618566 0.441743 0.050440 0.213990 0.164135 0.242011 0.406347 0.818118 0.612290 0.410257 0.028731 0.643040 0.991180 0.549351 0.160235 0.944033 0.413120 0.995475 0.379901 0.620932 0.434050 0.136363 0.470550 0.034180 0.092072 0.729514 0.725218 0.202811 0.448677 0.618707 0.622732 0.888715 0.539737 0.466621 0.804031 0.712104 0.130227 0.967953 0.765643 0.984650 0.563763 0.381846 0.678382 0.628355 0.171111 0.684455 0.682269 0.515842 0.639822 0.184645 0.698899 0.263578 0.175513 0.806011 0.004795 0.392327 0.598902 0.138043 0.618538 0.989600 0.855081 0.095347 0.412397 0.247593 0.539715 0.792819 0.922993 0.612755 0.214100 0.670989 0.326477 0.613066 0.361737 0.913092 0.164943 0.962691 0.027709 0.065274 0.863285 0.716079 0.665382 0.785273 0.114947 0.555552 0.622220 0.392854 0.668455 0.790785 0.075144 0.288992 0.037660 0.465820 0.441926 0.736490 0.110859 0.067835 0.442655 0.382862 0.024008 0.855163 0.324616 0.014158 0.969433 0.643327 0.571546 0.964243 0.226455 0.313313 0.323079 0.849259 0.189877 0.827723 0.209946 0.966709 0.852707 0.008916 0.153263 0.207773 0.564959 0.259155 0.003272 0.967553 0.760777 0.515559 0.372736 0.311686 0.711720 0.492155 0.116603 0.261897 0.804310 0.660103 0.488337 0.019107 0.298613 0.768438 0.355047 0.367767 0.857771 0.271307 0.083699 0.391958 0.233743 0.717003 0.852310 0.841739 0.995674 0.568438 0.499006 0.014694 0.558336 0.289259 0.405306 0.256713 0.669381 0.487455 0.906497 0.271176 0.910935 0.350783 0.456025 0.909637 0.213005 0.511699 0.053209 0.381176 0.453030 0.112977 0.339299 0.664029 0.748065 0.516428 0.483258 0.689670 0.404692 0.253961 0.935063 0.578881 0.288610 0.493087 0.085359 0.449762 0.392310 0.712148 0.329351 0.959192 0.312018 0.486408 0.000063 0.163852 0.873826 0.365420 0.822657 0.013154 0.546551 0.113252 0.323278 0.372949 0.709485 0.345175 0.932802 0.645095 0.760055 0.183608 0.597365 0.656140 0.941171 0.548923 0.907763 0.533850 0.821884 0.579800 0.024521
0.812103 0.822316 0.555808 0.875450 0.705755 0.269329 0.174445 0.608877 0.272645 0.787573 0.332997 0.888954 0.907257 0.049324 0.285647 0.608250 0.533941 0.902077 0.382545 0.781165 0.933547 0.441453 0.526407 0.636071 0.151757 0.779327 0.227124 0.290181 0.401775 0.921951 0.073757 0.940204 0.429628 0.044159 0.898299 0.073021 0.769223 0.389301 0.135477 0.683416 0.318523 0.748019 0.726035 0.233296 0.568327 0.560282 0.537559 0.776950 0.616649 0.151436 0.003932 0.538372 0.963516 0.481908 0.442758 0.452709 0.570065 0.559136 0.427575 0.967761 0.475667 0.178029 0.296101 0.466980 0.111336 0.046915 0.597593 0.595737 0.148593 0.552263 0.926703 0.406319 0.456930 0.195929 0.970445 0.388543 0.146988 0.649637 0.887563 0.759256 0.078257 0.521643 0.816341 0.489066 0.531605 0.612219 0.103855 0.108964 0.503576 0.265771 0.791986 0.470704 0.535235 0.021007 0.607557 0.617833 0.897003 0.235849 0.508054 0.197614 0.546161 0.363664 0.016057 0.880810 0.860543 0.341573 0.381749 0.529075 0.137814 0.269121 0.576630 0.909579 0.978824 0.045054 0.021027 0.663031 0.870164 0.594835 0.947255 0.358249 0.898220 0.434627 0.123506 0.322745 0.738632 0.445499 0.123923 0.536543 0.242360 0.331773 0.912428 0.951191 0.769067 0.882349 0.511816 0.668740 0.038961 0.992700 0.356678 0.662564 0.492699 0.944510 0.849691 0.820814 0.234049 0.469099 0.916978 0.918859 0.219139 0.424345 0.027641 0.305749 0.184818 0.570104 0.258381 0.641900 0.227594 0.725163 0.178794 0.930869 0.753545 0.998394 0.209912 0.395503 0.873736 0.633047 0.665764 0.185953 0.812632 0.049758 0.845028 0.086340 0.906366 0.683275 0.466006 0.172168 0.480275 0.222985 0.442453 0.000306 0.970952 0.078508 0.299474 0.896387 0.798875 0.935053 0.431479 0.913122 0.539059 0.890816 0.126517 0.757196 0.286309 0.069029 0.729617 0.786413 0.614966 0.684624 0.653884 0.728058 0.440221 0.444957 0.063622 0.175006 0.472087 0.079324 0.602534 0.506401 0.363052 0.492631 0.995038 0.221427 0.475651 0.137045 0.466618 0.516817 0.226453 0.099853 0.106788 0.088904 0.394284 0.551548 0.550620 0.165296 0.895257 0.599428 0.019526 0.874886 0.043908 0.455820 0.817951 0.764875 0.270177 0.340402 0.828435 0.994998 0.399024 0.673415 0.062952 0.649879 0.982269 0.498114 0.074928 0.902955 0.957572 0.455784 0.270549 0.164806 0.995980 0.253880 0.307487 0.235488 0.210663 0.069166 0.036918 0.854424 0.913998 0.927739 0.367498 0.885523 0.356655 0.978566 0.665459 0.998158 0.260972 0.896199 0.610721 0.775474 0.317616 0.732941 0.792672 0.990272 0.403881 0.703354 0.521460 0.388237 0.481962 0.500055 0.301168 0.961390 0.948578 0.954756 0.884766 0.066544 0.880038 0.508190 0.560268 0.915140 0.212410 0.178876 0.016873 0.814865 0.291428 0.846133 0.656956 0.352616 0.579844 0.312642 0.740786 0.166190
0.137768 0.135210 0.734530 0.622716 0.924859 0.790265 0.458959 0.194845 0.023556 0.352193 0.535934 0.207822 0.059197 0.244650 0.050903 0.206907 0.115855 0.903074 0.186583 0.746411 0.003922 0.852038 0.028716 0.166477 0.053045 0.486901 0.736555 0.887644 0.586764 0.226497 0.122889 0.675098 0.903196 0.313289 0.259068 0.733306 0.116904 0.621017 0.808368 0.113642 0.958404 0.975465 0.832717 0.383563 0.624644 0.583731 0.500800 0.794143 0.112936 0.055808 0.335749 0.773459 0.675891 0.050100 0.427253 0.849738 0.513097 0.084140 0.911140 0.820159 0.341901 0.919969 0.294991 0.437988 0.281573 0.294612 0.770912 0.868032 0.512118 0.306898 0.756353 0.854042 0.765770 0.636257 0.258191 0.005922 0.862386 0.897905 0.233052 0.975551 0.215913 0.635558 0.060535 0.014732 0.138988 0.561353 0.144596 0.934447 0.430596 0.230508 0.191194 0.005586 0.136009 0.931889 0.920909 0.976167 0.311885 0.929540 0.349513 0.339467 0.886084 0.067877 0.295762 0.145657 0.498455 0.671141 0.321516 0.687833 0.239053 0.606360 0.809633 0.413997 0.631413 0.218250 0.745989 0.096217 0.732460 0.397952 0.306868 0.222515 0.970584 0.794399 0.386189 0.135992 0.811346 0.612437 0.871063 0.217943 0.959389 0.585555 0.076199 0.894343 0.147780 0.141684 0.486806 0.976216 0.775656 0.556661 0.262862 0.522931 0.946051 0.159624 0.307418 0.076975 0.806745 0.695721 0.303810 0.885500 0.650587 0.849664 0.258525 0.922384 0.965095 0.189060 0.414129 0.314888 0.562426 0.421761 0.536221 0.265525 0.727108 0.903708 0.679733 0.453321 0.857107 0.197440 0.498070 0.215658 0.023331 0.976250 0.792824 0.303541 0.969879 0.585244 0.762412 0.536897 0.682505 0.003649 0.715508 0.611355 0.272381 0.411054 0.783136 0.375358 0.487608 0.163328 0.242430 0.056773 0.083381 0.404168 0.535988 0.611665 0.879887 0.035567 0.261767 0.297032 0.857723 0.356518 0.805833 0.080800 0.564951 0.945924 0.876405 0.151466 0.919317 0.753517 0.347565 0.285500 0.531609 0.074441 0.541289 0.035624 0.094021 0.601357 0.247669 0.466595 0.090567 0.267519 0.917712 0.528426 0.569242 0.321572 0.236245 0.271702 0.478902 0.374193 0.059349 0.458941 0.050949 0.206993 0.699033 0.367626 0.733423 0.834405 0.815491 0.214913 0.378971 0.255660 0.186698 0.385565 0.222385 0.205227 0.746834 0.980127 0.108677 0.954908 0.148472 0.765848 0.437675 0.404590 0.135402 0.462767 0.376037 0.111579 0.890580 0.446156 0.700988 0.507932 0.773908 0.831470 0.003276 0.977776 0.807329 0.616320 0.655518 0.459868 0.746263 0.811158 0.778709 0.507051 0.649460 0.436419 0.533752 0.898759 0.943638 0.175722 0.102491 0.354733 0.399907 0.295688 0.729040 0.823687 0.102810 0.189597 0.735003 0.777132 0.993147 0.834668 0.819813 0.758503 0.254476 0.243376 0.513363 0.746421 0.295387 0.442520 0.052534 0.962400 0.556274 0.367275
0.738188 0.765953 0.133966 0.693612 0.752863 0.019955 0.444844 0.380405 0.091894 0.297626 0.013091 0.213461 0.287992 0.715280 0.377117 0.980200 0.685483 0.904273 0.800398 0.050848 0.439541 0.177778 0.239493 0.708225 0.013290 0.865689 0.456788 0.864231 0.176245 0.183213 0.157563 0.023641 0.025784 0.749949 0.924297 0.420961 0.291848 0.954462 0.458133 0.864723 0.464051 0.899299 0.544580 0.788828 0.736456 0.742214 0.243237 0.168211 0.654870 0.616036 0.685549 0.848166 0.887796 0.003507 0.696712 0.501173 0.025089 0.048846 0.426420 0.815372 0.706027 0.488380 0.615976 0.475766 0.064021 0.662282 0.288867 0.772921 0.716863 0.362770 0.278195 0.627924 0.964930 0.528138 0.804336 0.341573 0.737123 0.748163 0.661408 0.128356 0.989548 0.631459 0.787947 0.338296 0.671608 0.483969 0.712639 0.150820 0.872598 0.781178 0.791957 0.123991 0.098627 0.075281 0.667350 0.044710 0.279860 0.786826 0.681827 0.488200 0.797702 0.343731 0.297749 0.985619 0.963051 0.620879 0.146225 0.182626 0.961555 0.359685 0.104999 0.814128 0.877856 0.483510 0.563119 0.462295 0.475211 0.520137 0.927598 0.597734 0.530086 0.070512 0.923814 0.823344 0.943207 0.007682 0.352153 0.147548 0.269095 0.491962 0.329817 0.854143 0.498518 0.126005 0.269505 0.877403 0.838468 0.117513 0.221705 0.859654 0.867039 0.714413 0.650318 0.144936 0.558945 0.369752 0.670695 0.904322 0.566618 0.182499 0.621057 0.685107 0.286818 0.110588 0.607858 0.351095 0.036526 0.282847 0.886518 0.751748 0.810801 0.355822 0.007296 0.586235 0.723600 0.450145 0.205946 0.761936 0.425835 0.180682 0.036003 0.534861 0.923130 0.044810 0.796745 0.138579 0.925527 0.340037 0.701338 0.768974 0.957384 0.751091 0.553107 0.884536 0.869712 0.000585 0.270576 0.136082 0.130577 0.698412 0.775135 0.354093 0.534217 0.619864 0.559682 0.709110 0.104198 0.634275 0.607130 0.556934 0.490514 0.993646 0.113049 0.282284 0.617767 0.577346 0.422406 0.046913 0.744450 0.193785 0.778299 0.914246 0.214509 0.115773 0.294428 0.845809 0.622548 0.699591 0.156285 0.933510 0.874127 0.206332 0.020820 0.027680 0.052137 0.527725 0.102935 0.616940 0.505140 0.819859 0.454878 0.460914 0.367645 0.020815 0.863907 0.054787 0.362928 0.319434 0.089578 0.474795 0.025208 0.618546 0.021437 0.992282 0.361977 0.560618 0.613602 0.672109 0.092281 0.412251 0.295714 0.817500 0.437242 0.703484 0.683007 0.173173 0.828992 0.899646 0.465780 0.266133 0.218737 0.869005 0.451282 0.291557 0.841903 0.741541 0.791677 0.197137 0.414308 0.270822 0.634157 0.780936 0.324647 0.941695 0.434023 0.720280 0.449391 0.501816 0.375464 0.749697 0.645453 0.068826 0.134606 0.244114 0.640374 0.877090 0.502554 0.821209 0.022513 0.390803 0.593680 0.495560 0.978863 0.014760 0.728006 0.986347 0.516914 0.972705 0.679546 0.938928
0.243848 0.759273 0.670335 0.928294 0.612771 0.629788 0.414298 0.251463 0.483757 0.370590 0.817449 0.385282 0.896194 0.353002 0.120779 0.211749 0.249137 0.253362 0.301144 0.264352 0.796275 0.412598 0.168493 0.233595 0.165283 0.616988 0.610772 0.276779 0.350809 0.517456 0.171398 0.259912 0.188638 0.272478 0.228870 0.617604 0.252789 0.314870 0.529558 0.732919 0.201282 0.272317 0.771991 0.856637 0.032086 0.610132 0.122035 0.324541 0.487822 0.169510 0.822530 0.904261 0.284630 0.091621 0.813959 0.695667 0.812491 0.022032 0.403389 0.692575 0.136956 0.709300 0.271850 0.349160 0.765475 0.647460 0.379740 0.961928 0.564565 0.747753 0.633592 0.061290 0.077992 0.315974 0.660998 0.028142 0.612673 0.992189 0.957508 0.342175 0.424992 0.029677 0.033446 0.905816 0.514230 0.865319 0.282001 0.711593 0.384937 0.093765 0.801509 0.795839 0.643481 0.007607 0.942575 0.579099 0.463040 0.622981 0.005129 0.943957 0.001304 0.192205 0.174764 0.314659 0.737800 0.691448 0.244363 0.847136 0.313543 0.100106 0.384917 0.006484 0.089648 0.137160 0.133289 0.119245 0.646356 0.014065 0.452260 0.007258 0.339574 0.317364 0.239697 0.961579 0.669976 0.585702 0.560110 0.529111 0.797526 0.667379 0.166858 0.785896 0.780860 0.349633 0.038559 0.468543 0.881387 0.182128 0.499044 0.973252 0.588092 0.694435 0.425098 0.895825 0.059143 0.488584 0.029659 0.460876 0.276769 0.300919 0.272958 0.497272 0.932788 0.397469 0.266279 0.055463 0.399173 0.294878 0.359314 0.549578 0.906438 0.517398 0.677917 0.052573 0.777681 0.643079 0.652603 0.566239 0.832412 0.877903 0.252076 0.235785 0.395282 0.514231 0.862717 0.812459 0.797675 0.374526 0.318480 0.429766 0.277884 0.934527 0.010378 0.245095 0.085446 0.570459 0.971238 0.828064 0.850133 0.812922 0.421737 0.573474 0.117838 0.928746 0.697056 0.511633 0.622655 0.384638 0.869140 0.247047 0.676902 0.702547 0.383665 0.825863 0.039341 0.111466 0.646606 0.819517 0.994999 0.387420 0.209060 0.841919 0.083273 0.387848 0.052937 0.020960 0.168268 0.903185 0.720059 0.436841 0.438204 0.464899 0.817373 0.985907 0.214975 0.889408 0.329345 0.931986 0.843102 0.541266 0.163284 0.869423 0.739451 0.260651 0.170645 0.890206 0.016827 0.456988 0.063732 0.314103 0.516757 0.081579 0.818172 0.503279 0.096893 0.926759 0.631469 0.667491 0.570189 0.646316 0.308885 0.053470 0.018907 0.693644 0.957519 0.818422 0.640610 0.571602 0.301852 0.566844 0.152453 0.449035 0.729245 0.753612 0.364603 0.177071 0.253576 0.315932 0.813610 0.843799 0.388963 0.325604 0.155233 0.616729 0.552980 0.448883 0.781486 0.211474 0.182862 0.131156 0.609918 0.742362 0.979122 0.694042 0.672538 0.905877 0.763680 0.957935 0.257038 0.110271 0.510539 0.181281 0.493351 0.556572 0.695082 0.440964 0.977366 0.708512 0.785847 0.367411
0.111779 0.202004 0.783251 0.941173 0.442206 0.446704 0.712150 0.855259 0.441226 0.306577 0.516707 0.429652 0.125305 0.946836 0.137454 0.224486 0.801045 0.889077 0.591175 0.041613 0.991989 0.033577 0.428769 0.222331 0.665008 0.785959 0.708292 0.123608 0.841711 0.991340 0.835282 0.938465 0.654819 0.746240 0.406861 0.863110 0.040798 0.959765 0.504812 0.592803 0.069929 0.943191 0.737407 0.304105 0.934441 0.596770 0.608793 0.645075 0.347361 0.540129 0.131550 0.117606 0.840548 0.392707 0.422072 0.488802 0.780559 0.039158 0.253360 0.053015 0.725392 0.484483 0.227173 0.420943 0.636487 0.444250 0.627360 0.497624 0.593517 0.664164 0.282212 0.874877 0.815050 0.223117 0.044025 0.626532 0.970431 0.255362 0.591086 0.727126 0.686995 0.755757 0.265638 0.042274 0.874146 0.663996 0.021766 0.071721 0.492585 0.414303 0.735678 0.341387 0.895616 0.265537 0.577780 0.166824 0.097223 0.327196 0.106218 0.521127 0.533433 0.353560 0.278292 0.203409 0.067916 0.255047 0.669573 0.258780 0.046899 0.512548 0.197575 0.611974 0.815564 0.399847 0.218076 0.521335 0.439807 0.502332 0.323849 0.511518 0.321635 0.367145 0.406683 0.710717 0.585333 0.067383 0.833774 0.270233 0.924029 0.375656 0.045511 0.128303 0.304909 0.607214 0.344666 0.309280 0.176410 0.462017 0.668197 0.469646 0.688625 0.630469 0.841252 0.356245 0.651282 0.286193 0.370089 0.298517 0.472549 0.352084 0.481352 0.972057 0.528358 0.902014 0.015634 0.450399 0.067691 0.058799 0.699987 0.259082 0.183267 0.762777 0.539861 0.141141 0.906677 0.645226 0.701123 0.065111 0.676639 0.856251 0.982358 0.534199 0.549740 0.035583 0.701270 0.273726 0.689438 0.407096 0.713468 0.648888 0.806368 0.026119 0.054038 0.813834 0.049846 0.646783 0.513527 0.898876 0.128576 0.466531 0.815981 0.255700 0.167096 0.493069 0.662914 0.931786 0.574120 0.257639 0.232729 0.057897 0.046417 0.346234 0.000695 0.138912 0.862120 0.146680 0.948867 0.020888 0.313302 0.663654 0.101267 0.109842 0.665673 0.976545 0.217212 0.639321 0.708016 0.229123 0.550217 0.722295 0.464784 0.396869 0.422848 0.825171 0.747237 0.712287 0.899279 0.647992 0.813817 0.006854 0.812774 0.140856 0.047150 0.058418 0.722385 0.616129 0.478914 0.326754 0.074358 0.843114 0.199515 0.585107 0.891010 0.298317 0.263720 0.562014 0.906781 0.753570 0.183042 0.626461 0.601574 0.448890 0.526597 0.006010 0.118897 0.941246 0.343107 0.990781 0.251924 0.038829 0.857034 0.670422 0.770447 0.695050 0.553801 0.087236 0.902179 0.945060 0.733983 0.460206 0.743175 0.905505 0.832615 0.564036 0.405369 0.785599 0.380109 0.097252 0.406493 0.313657 0.855119 0.836155 0.494705 0.743422 0.226793 0.941625 0.475868 0.991068 0.529984 0.157941 0.192880 0.236689 0.737528 0.268583 0.897231 0.718135 0.625154 0.847384 0.923477 0.316833
0.736179 0.402549 0.264441 0.964519 0.023198 0.379919 0.215479 0.353111 0.273656 0.745373 0.116669 0.171569 0.888093 0.623089 0.724469 0.660287 0.564726 0.223279 0.273765 0.983380 0.571024 0.729009 0.195710 0.226889 0.395169 0.129218 0.659697 0.162782 0.512931 0.780963 0.316295 0.991309 0.603875 0.718514 0.317040 0.024478 0.076136 0.189298 0.787454 0.205446 0.268923 0.458445 0.406345 0.452583 0.337539 0.429234 0.034547 0.031718 0.134003 0.196813 0.939861 0.841257 0.707185 0.432967 0.294396 0.620095 0.072322 0.882079 0.781153 0.020849 0.602348 0.462637 0.077672 0.204765 0.033977 0.517837 0.384518 0.671758 0.235813 0.599684 0.599576 0.781693 0.087947 0.107799 0.564469 0.730772 0.955024 0.676587 0.948001 0.711612 0.017623 0.575599 0.460364 0.138802 0.756572 0.727058 0.574676 0.482454 0.646797 0.393490 0.023368 0.609649 0.843962 0.054058 0.878088 0.202214 0.642786 0.520376 0.241384 0.500192 0.357074 0.961399 0.943145 0.064036 0.493977 0.583229 0.758350 0.731456 0.342294 0.261722 0.233775 0.359732 0.860488 0.124732 0.552328 0.958842 0.836080 0.287222 0.857145 0.930497 0.177036 0.262269 0.181148 0.639141 0.823279 0.827539 0.825412 0.602017 0.354259 0.454894 0.209038 0.970977 0.775079 0.693303 0.486474 0.516043 0.098926 0.583547 0.204783 0.577652 0.916502 0.159466 0.942394 0.630562 0.983551 0.349363 0.685887 0.352356 0.509742 0.296643 0.024391 0.216235 0.937522 0.078347 0.668261 0.136054 0.015343 0.821722 0.644025 0.777310 0.053227 0.538515 0.449168 0.819465 0.856956 0.113321 0.636421 0.687073 0.315874 0.041713 0.430232 0.092403 0.832983 0.359392 0.379216 0.620199 0.085515 0.777707 0.733229 0.540170 0.856788 0.084563 0.795965 0.699355 0.618851 0.449852 0.152945 0.917553 0.636264 0.213513 0.777036 0.782953 0.013871 0.036160 0.447029 0.273144 0.838189 0.982174 0.979251 0.206292 0.978440 0.828318 0.540707 0.751651 0.288560 0.577589 0.003810 0.050485 0.305634 0.916008 0.499295 0.152695 0.019155 0.871184 0.758425 0.043836 0.302534 0.750822 0.997976 0.787162 0.930258 0.254790 0.819037 0.254718 0.634501 0.407070 0.896868 0.356355 0.120116 0.896506 0.909631 0.641745 0.664698 0.267848 0.599305 0.082227 0.320220 0.638212 0.028078 0.582195 0.697992 0.684185 0.200261 0.572832 0.108696 0.827935 0.843563 0.155740 0.978779 0.187849 0.853068 0.042262 0.224617 0.034530 0.371745 0.586758 0.756530 0.021976 0.029521 0.466991 0.052734 0.503507 0.983320 0.289767 0.315732 0.337609 0.637950 0.426772 0.304656 0.466951 0.884450 0.065934 0.809038 0.613051 0.390720 0.366959 0.170981 0.569967 0.544664 0.077976 0.148678 0.908073 0.982696 0.716092 0.057827 0.154443 0.858561 0.344607 0.850713 0.458169 0.618587 0.228943 0.482041 0.783336 0.680506 0.272845 0.718712 0.634427 0.373270 0.619568
0.369289 0.297031 0.562167 0.952112 0.274398 0.120364 0.219336 0.064372 0.447466 0.383116 0.358983 0.712902 0.033813 0.459883 0.485250 0.569088 0.781274 0.938648 0.745266 0.076175 0.042216 0.961533 0.242526 0.349506 0.816916 0.635558 0.798583 0.154903 0.610808 0.353771 0.815550 0.516077 0.328685 0.423591 0.518082 0.665234 0.895924 0.729993 0.736521 0.025864 0.548689 0.676810 0.935551 0.441745 0.582496 0.341455 0.832435 0.382162 0.748518 0.736496 0.324056 0.306568 0.965336 0.918331 0.950043 0.788651 0.847529 0.109385 0.015167 0.419702 0.178709 0.386544 0.466780 0.659168 0.449213 0.331518 0.607693 0.343073 0.266262 0.231853 0.760119 0.198232 0.774278 0.001296 0.104850 0.162759 0.349724 0.497036 0.903962 0.865483 0.715498 0.172140 0.560564 0.915152 0.073876 0.536591 0.894157 0.687554 0.676825 0.606211 0.063305 0.557695 0.877553 0.123955 0.002765 0.070713 0.278377 0.721303 0.391105 0.097553 0.704951 0.169606 0.882813 0.061259 0.354529 0.965067 0.686765 0.795379 0.766045 0.392890 0.764365 0.416442 0.665561 0.722250 0.128673 0.372190 0.370424 0.769087 0.690581 0.620035 0.545611 0.070076 0.742987 0.617752 0.223315 0.693603 0.456992 0.527957 0.051653 0.387240 0.230366 0.758973 0.364829 0.327758 0.275716 0.241962 0.426383 0.132617 0.566696 0.453100 0.477211 0.819447 0.346186 0.929143 0.094360 0.990357 0.070526 0.232566 0.649285 0.816974 0.901717 0.485958 0.739951 0.009697 0.649675 0.818904 0.413941 0.412998 0.662595 0.351006 0.669830 0.085607 0.569764 0.349931 0.694128 0.340241 0.632902 0.668627 0.900253 0.997840 0.156684 0.462738 0.278243 0.256410 0.207271 0.986573 0.953168 0.453914 0.578080 0.522313 0.901872 0.015739 0.743192 0.671986 0.311888 0.085520 0.465621 0.909678 0.700637 0.757122 0.055725 0.073267 0.957645 0.803625 0.219749 0.971998 0.763413 0.033843 0.105941 0.175303 0.597331 0.297043 0.197569 0.184658 0.041292 0.080337 0.193752 0.830136 0.483547 0.758903 0.560535 0.568460 0.439849 0.521957 0.823336 0.102457 0.517037 0.657769 0.546086 0.583776 0.226615 0.304719 0.057242 0.076630 0.113125 0.998592 0.682821 0.012956 0.075345 0.217467 0.975105 0.547587 0.529629 0.130684 0.409238 0.192311 0.655374 0.936850 0.418097 0.852507 0.762312 0.575718 0.243291 0.524598 0.722899 0.231326 0.796841 0.315031 0.069626 0.889081 0.020760 0.314615 0.430226 0.455946 0.706903 0.622336 0.129075 0.643430 0.859438 0.960831 0.357368 0.256469 0.669957 0.382558 0.225271 0.190564 0.086353 0.710089 0.738326 0.393584 0.872306 0.449919 0.172939 0.271370 0.463594 0.085185 0.135676 0.203908 0.111372 0.383968 0.023315 0.800378 0.037206 0.762449 0.149037 0.532472 0.285220 0.050050 0.962314 0.049122 0.430334 0.400022 0.806513 0.503791 0.233316 0.243917 0.900442 0.303468 0.988287 0.787392
0.094385 0.041127 0.669079 0.544146 0.413968 0.995817 0.343110 0.066842 0.814352 0.490623 0.022529 0.435380 0.029675 0.088363 0.480202 0.021568 0.847088 0.380903 0.337903 0.568806 0.827772 0.743968 0.572061 0.059599 0.260798 0.852631 0.645755 0.507761 0.715033 0.134050 0.153231 0.965234 0.360527 0.334902 0.947568 0.376065 0.511188 0.917070 0.513114 0.395370 0.886797 0.208961 0.101817 0.203616 0.513028 0.053716 0.375923 0.636327 0.119454 0.075595 0.611313 0.146743 0.746455 0.930670 0.263993 0.346443 0.924373 0.750543 0.770593 0.031458 0.918212 0.284865 0.971781 0.545152 0.327177 0.098889 0.647606 0.728149 0.740369 0.086596 0.365979 0.897082 0.886899 0.524193 0.281381 0.334224 0.230498 0.347214 0.030105 0.817738 0.104463 0.633146 0.080304 0.411038 0.116256 0.904478 0.712683 0.519211 0.928502 0.958166 0.385224 0.033509 0.772286 0.892214 0.405651 0.132581 0.014362 0.961129 0.742651 0.956212 0.985494 0.378902 0.991311 0.324342 0.767922 0.786613 0.363554 0.372013 0.687768 0.888136 0.601499 0.265498 0.074559 0.473815 0.082859 0.759679 0.297470 0.088585 0.851714 0.245170 0.240112 0.090365 0.080096 0.138370 0.528054 0.125447 0.985038 0.522532 0.575003 0.561605 0.520709 0.286615 0.301936 0.644642 0.087093 0.042608 0.709078 0.678088 0.656416 0.063910 0.362538 0.645131 0.793701 0.038085 0.290572 0.477818 0.332634 0.183645 0.571619 0.144793 0.288657 0.704815 0.721504 0.766605 0.763403 0.016761 0.322119 0.814072 0.491818 0.296612 0.367311 0.536118 0.731037 0.905078 0.674893 0.916793 0.868692 0.629702 0.443911 0.222923 0.186784 0.342217 0.207525 0.639699 0.589320 0.646115 0.488800 0.252607 0.832323 0.140494 0.905583 0.851860 0.066093 0.019612 0.926351 0.100060 0.831399 0.263206 0.976948 0.230933 0.602596 0.733928 0.385936 0.543944 0.154434 0.486825 0.413520 0.924762 0.384486 0.421458 0.831992 0.012007 0.126087 0.562936 0.743742 0.186179 0.069267 0.504849 0.028929 0.359326 0.645850 0.301823 0.407292 0.060124 0.995930 0.041555 0.545818 0.480907 0.377505 0.726529 0.517740 0.155054 0.025829 0.605551 0.217898 0.995644 0.874488 0.649397 0.667218 0.316400 0.143508 0.641829 0.732759 0.800157 0.227949 0.633749 0.715823 0.061854 0.417827 0.684641 0.713824 0.080126 0.979874 0.331946 0.524069 0.168919 0.848672 0.357025 0.775261 0.193920 0.249030 0.376557 0.392189 0.051723 0.126690 0.473334 0.139518 0.150298 0.745162 0.177001 0.167340 0.137038 0.809053 0.134345 0.234620 0.046198 0.628315 0.899139 0.640090 0.850468 0.390523 0.423102 0.680990 0.562861 0.480459 0.683235 0.666548 0.802192 0.872764 0.794735 0.991428 0.335933 0.665629 0.655659 0.930041 0.376267 0.256154 0.909292 0.503417 0.557571 0.739708 0.511777 0.405759 0.872651 0.607460 0.999685 0.765223 0.489385 0.517200 0.515066
0.206354 0.468514 0.872353 0.364050 0.212053 0.491455 0.539007 0.936849 0.295675 0.546293 0.538901 0.717552 0.114381 0.128413 0.812177 0.243246 0.372439 0.092491 0.407499 0.735213 0.192241 0.350647 0.063806 0.723545 0.358161 0.251213 0.181253 0.477589 0.965767 0.597596 0.846059 0.064662 0.951121 0.235794 0.827138 0.098779 0.209605 0.725266 0.895300 0.981076 0.370445 0.799572 0.375757 0.977077 0.361026 0.123899 0.540647 0.149596 0.159269 0.418813 0.781779 0.915500 0.101131 0.409190 0.543890 0.944645 0.090358 0.366578 0.289063 0.366064 0.203914 0.686232 0.872710 0.289989 0.486454 0.791415 0.552186 0.791663 0.820807 0.956478 0.885136 0.981247 0.460742 0.451317 0.717183 0.173338 0.106309 0.990163 0.554013 0.795386 0.105369 0.133489 0.651302 0.369618 0.685077 0.217929 0.064647 0.254492 0.246512 0.166994 0.609948 0.558220 0.950462 0.333858 0.987663 0.404436 0.276415 0.677169 0.558973 0.778950 0.383137 0.934569 0.117617 0.481735 0.173871 0.310681 0.914952 0.450658 0.742946 0.605175 0.767407 0.123332 0.611169 0.845217 0.929505 0.470327 0.271672 0.104181 0.259583 0.965469 0.182646 0.757219 0.450681 0.659755 0.333920 0.217200 0.294641 0.471421 0.309980 0.406275 0.592219 0.371256 0.056110 0.904137 0.129945 0.210432 0.755229 0.553132 0.908887 0.181763 0.272842 0.828922 0.085348 0.647188 0.121990 0.651688 0.826249 0.326126 0.537070 0.375685 0.005730 0.216880 0.826822 0.344873 0.943160 0.753728 0.937081 0.067856 0.887015 0.689816 0.372629 0.644711 0.061914 0.219358 0.829827 0.892593 0.897009 0.069112 0.589194 0.342369 0.160640 0.367259 0.031576 0.963595 0.876957 0.475092 0.971558 0.010348 0.214466 0.784707 0.773328 0.691242 0.721713 0.056939 0.107494 0.499689 0.936250 0.438245 0.765446 0.285745 0.875810 0.502791 0.578447 0.522599 0.016095 0.088275 0.360257 0.896196 0.774804 0.100102 0.541390 0.979426 0.303392 0.350498 0.849521 0.171340 0.166999 0.017917 0.878853 0.470695 0.445055 0.259197 0.140884 0.757095 0.546398 0.289876 0.938125 0.210309 0.852233 0.523817 0.347306 0.205812 0.736301 0.888848 0.895838 0.455969 0.460599 0.662800 0.717236 0.288792 0.930550 0.248619 0.591937 0.267762 0.991176 0.555184 0.506038 0.173696 0.045617 0.727711 0.048264 0.781473 0.391979 0.600637 0.580735 0.979313 0.748462 0.192648 0.340536 0.682578 0.965827 0.152841 0.588730 0.229279 0.006801 0.099809 0.482018 0.617877 0.724713 0.160544 0.553459 0.619386 0.413264 0.199796 0.145819 0.194997 0.233074 0.813267 0.701114 0.076131 0.302788 0.380818 0.804436 0.328057 0.290025 0.383001 0.073505 0.925244 0.952709 0.424754 0.489568 0.185523 0.003456 0.125194 0.906513 0.165307 0.547039 0.798738 0.909432 0.548983 0.001452 0.924702 0.687161 0.459213 0.457633 0.895330 0.972801 0.303223 0.162532 0.984306
