0.689865 0.827866 0.318905 0.580003 0.363258 0.915460 0.496647 0.992890 0.127602 0.378862 0.813029 0.892072 0.224853 0.363825 0.843069 0.574971 0.019330 0.274929 0.172570 0.414957 0.870495 0.064745 0.213551 0.486634 0.448351 0.133807 0.292619 0.685077 0.011525 0.519430 0.604216 0.730337 0.780053 0.654344 0.985595 0.240437 0.259320 0.909329 0.073348 0.876724 0.238862 0.812860 0.172450 0.218244 0.109745 0.136357 0.829518 0.056596 0.847327 0.579290 0.747748 0.954638 0.738313 0.015533 0.548269 0.642670 0.234663 0.518722 0.072011 0.311839 0.925761 0.115757 0.500323 0.105731 0.947306 0.839544 0.953773 0.370945 0.149436 0.736202 0.286899 0.283986 0.845278 0.584592 0.654711 0.149512 0.083946 0.488431 0.600947 0.901673 0.595840 0.272448 0.312570 0.878088 0.422477 0.400724 0.826374 0.725730 0.561713 0.313472 0.997709 0.395143 0.340219 0.543961 0.885401 0.760961 0.600783 0.422486 0.121610 0.419318 0.506659 0.552331 0.539920 0.391754 0.893014 0.113081 0.063747 0.921142 0.745932 0.061828 0.100076 0.742725 0.225856 0.463995 0.717238 0.690699 0.896346 0.733566 0.916555 0.159358 0.639622 0.348802 0.716125 0.388370 0.409124 0.356809 0.802827 0.670487 0.062987 0.947931 0.659507 0.380349 0.578448 0.142405 0.365526 0.274528 0.310582 0.280309 0.235567 0.408557 0.946331 0.278116 0.153198 0.151472 0.873591 0.040512 0.948745 0.604784 0.093354 0.576625 0.433746 0.111343 0.583837 0.586259 0.138112 0.242704 0.434330 0.415380 0.948641 0.292175 0.582230 0.494178 0.248275 0.605712 0.304319 0.463780 0.587991 0.046972 0.888436 0.398945 0.059363 0.571395 0.084127 0.852721 0.080533 0.942799 0.426719 0.918513 0.925878 0.597298 0.571973 0.141721 0.462680 0.704272 0.786051 0.946973 0.085348 0.486836 0.851347 0.038750 0.812412 0.805169 0.227863 0.034655 0.378041 0.005206 0.789873 0.491294 0.812289 0.150707 0.245398 0.491602 0.924803 0.866326 0.119679 0.227251 0.674378 0.166998 0.689185 0.030285 0.884973 0.047936 0.499030 0.796884 0.996474 0.346507 0.030613 0.242826 0.581826 0.129642 0.843902 0.675628 0.631135 0.462963 0.366429 0.456751 0.272428 0.825088 0.749699 0.398918 0.535065 0.512091 0.021715 0.908514 0.191667 0.911983 0.138178 0.952224 0.732040 0.901407 0.162550 0.924894 0.692509 0.155920 0.079003 0.547598 0.427143 0.647392 0.477228 0.039254 0.087178 0.236122 0.565075 0.930738 0.047597 0.977396 0.342376 0.157019 0.877621 0.669197 0.252678 0.782512 0.220102 0.640773 0.217532 0.452118 0.779249 0.649847 0.902880 0.861797 0.983763 0.661959 0.914325 0.198796 0.487322 0.190168 0.285467 0.623992 0.337019 0.949513 0.709169 0.610166 0.343234 0.245771 0.771463 0.521180 0.345862 0.972620 0.552425 0.896216 0.649911 0.268347 0.657009 0.115075 0.023550 0.544728 0.899986 0.754420 0.471021 0.176308
0.612847 0.030545 0.606526 0.244652 0.206060 0.962968 0.509512 0.906821 0.286495 0.933679 0.411407 0.933514 0.443915 0.401848 0.702199 0.727674 0.332416 0.155612 0.849799 0.974624 0.612226 0.204331 0.743584 0.524602 0.798295 0.916539 0.733940 0.256862 0.312655 0.952868 0.481529 0.849551 0.771229 0.147782 0.647301 0.160997 0.783614 0.340600 0.805326 0.653375 0.437854 0.279214 0.534246 0.504521 0.849887 0.053058 0.434528 0.845136 0.476993 0.639036 0.228790 0.267162 0.583244 0.268466 0.436466 0.691780 0.426387 0.798779 0.183489 0.448358 0.911158 0.923401 0.503559 0.063391 0.517718 0.307445 0.596733 0.683092 0.558246 0.306361 0.409760 0.979780 0.443827 0.253063 0.042101 0.932530 0.424944 0.651253 0.358676 0.816429 0.995381 0.864090 0.271919 0.484319 0.999281 0.293850 0.402068 0.563800 0.209128 0.651374 0.653585 0.050981 0.553784 0.826463 0.279786 0.617206 0.694605 0.806152 0.902206 0.058853 0.833895 0.944326 0.671298 0.965969 0.385017 0.965035 0.880385 0.422451 0.966331 0.399236 0.677726 0.999364 0.189816 0.407382 0.125058 0.851525 0.990780 0.614997 0.386398 0.834415 0.904677 0.000837 0.222638 0.873782 0.909717 0.817989 0.941227 0.044447 0.569861 0.349559 0.297319 0.362081 0.526697 0.215379 0.366058 0.465840 0.461466 0.400577 0.488417 0.180297 0.931090 0.023512 0.365370 0.314488 0.953125 0.059615 0.004012 0.002135 0.157272 0.641773 0.889053 0.283969 0.087716 0.604588 0.769342 0.421124 0.645607 0.232993 0.637187 0.345536 0.618429 0.182796 0.927830 0.815363 0.775548 0.490539 0.171855 0.545379 0.939394 0.550083 0.339113 0.914685 0.580171 0.936710 0.684313 0.854154 0.210852 0.364772 0.396344 0.544044 0.204827 0.963324 0.031423 0.948222 0.614031 0.044104 0.705075 0.653146 0.907430 0.170738 0.491829 0.041785 0.147764 0.802539 0.873089 0.000358 0.076752 0.122747 0.295082 0.804050 0.080130 0.267370 0.356328 0.992103 0.763325 0.865449 0.613574 0.893469 0.733588 0.175317 0.220552 0.338024 0.044815 0.276285 0.695241 0.073089 0.217707 0.404369 0.567274 0.488061 0.433961 0.640223 0.901089 0.062344 0.499749 0.595178 0.393601 0.718264 0.974931 0.918018 0.957493 0.858885 0.406010 0.296910 0.000661 0.937235 0.132726 0.160315 0.742990 0.091376 0.020423 0.300780 0.324322 0.954171 0.710015 0.228658 0.607983 0.109122 0.065120 0.428577 0.097460 0.825078 0.798513 0.808554 0.757969 0.390200 0.085258 0.802572 0.399736 0.067316 0.230094 0.568022 0.246303 0.825081 0.238978 0.716039 0.118550 0.405438 0.417038 0.341388 0.409864 0.423230 0.826109 0.206531 0.482970 0.166472 0.184528 0.054889 0.766400 0.532097 0.064212 0.386387 0.842477 0.869330 0.971760 0.852303 0.934934 0.848427 0.356999 0.122796 0.352338 0.817227 0.377539 0.558534 0.870848 0.742104 0.272132 0.188962 0.847656 0.256788
0.957707 0.392154 0.959678 0.937678 0.329959 0.884910 0.342409 0.251074 0.243387 0.070122 0.976531 0.528446 0.004876 0.435845 0.542962 0.496140 0.387785 0.822732 0.407255 0.639097 0.456491 0.081227 0.777462 0.569983 0.024923 0.689840 0.676745 0.901789 0.596482 0.217694 0.918558 0.713479 0.555273 0.559385 0.611636 0.965223 0.773423 0.448907 0.076870 0.080062 0.966231 0.506592 0.623259 0.048391 0.028352 0.049555 0.182569 0.863593 0.324775 0.979297 0.293095 0.031773 0.174133 0.507702 0.799148 0.872495 0.884165 0.287185 0.075070 0.683345 0.422508 0.317601 0.196686 0.222875 0.037435 0.686019 0.744960 0.150605 0.686165 0.145778 0.075257 0.154330 0.376299 0.131755 0.889420 0.558583 0.625666 0.850764 0.344909 0.555090 0.451947 0.554211 0.992809 0.755705 0.366766 0.718718 0.544867 0.530625 0.070681 0.808034 0.875757 0.011656 0.594962 0.785908 0.262762 0.920634 0.898178 0.738108 0.818005 0.262748 0.238533 0.999121 0.673756 0.783758 0.980618 0.523385 0.124002 0.762534 0.327858 0.671429 0.898163 0.292894 0.385228 0.349118 0.168799 0.946574 0.744123 0.430482 0.678601 0.533422 0.229985 0.076507 0.600580 0.026123 0.376291 0.975229 0.777697 0.519365 0.574125 0.932984 0.901249 0.544634 0.218636 0.116099 0.200786 0.022586 0.863532 0.781797 0.015393 0.614875 0.886251 0.755383 0.819057 0.065504 0.311385 0.188199 0.224263 0.266537 0.209659 0.124453 0.741245 0.849644 0.464192 0.343701 0.291041 0.104464 0.371348 0.019310 0.280469 0.411755 0.440362 0.173512 0.541977 0.944371 0.742812 0.134523 0.187811 0.813452 0.640280 0.896823 0.337905 0.714105 0.496616 0.235666 0.391893 0.429511 0.606372 0.226600 0.338128 0.222437 0.843874 0.907312 0.511321 0.460293 0.768948 0.526585 0.432364 0.178810 0.814255 0.941837 0.582817 0.462548 0.225749 0.561901 0.873841 0.984991 0.439042 0.673943 0.327946 0.772162 0.783945 0.879048 0.880424 0.203337 0.672240 0.498474 0.914567 0.476804 0.455330 0.407714 0.780341 0.461775 0.641602 0.474071 0.223584 0.554504 0.414281 0.489267 0.774732 0.162861 0.264538 0.567236 0.450478 0.453040 0.330658 0.454432 0.230598 0.715000 0.305804 0.918033 0.974257 0.608309 0.471610 0.726152 0.517118 0.098985 0.160766 0.656354 0.871945 0.814339 0.892365 0.077825 0.690093 0.808005 0.649093 0.000540 0.212408 0.364465 0.741292 0.331235 0.606865 0.778601 0.172226 0.319943 0.831803 0.429568 0.476896 0.540883 0.618330 0.661086 0.501879 0.015036 0.042379 0.284986 0.594423 0.069690 0.451281 0.861547 0.393020 0.973414 0.866549 0.580914 0.846408 0.576681 0.571177 0.840922 0.066794 0.161679 0.726388 0.792942 0.374273 0.301792 0.624196 0.399733 0.270982 0.003508 0.821867 0.259978 0.225141 0.550796 0.189180 0.222307 0.089438 0.774818 0.949190 0.372973 0.320888 0.631801 0.938381 0.786294
0.921893 0.501868 0.927392 0.534911 0.548074 0.157317 0.565219 0.189285 0.166019 0.413122 0.868080 0.795939 0.198461 0.888158 0.917707 0.732714 0.088047 0.408292 0.084857 0.665904 0.018652 0.090633 0.930494 0.136454 0.977003 0.437275 0.460851 0.472800 0.018255 0.957120 0.567464 0.929752 0.359299 0.877220 0.740011 0.526246 0.715375 0.974203 0.191844 0.986415 0.865241 0.974533 0.871571 0.929980 0.657446 0.011178 0.252703 0.854631 0.486255 0.048479 0.816954 0.673506 0.846670 0.865627 0.061710 0.929821 0.443207 0.809945 0.276019 0.047904 0.463998 0.767810 0.181355 0.543627 0.482068 0.367394 0.014092 0.102484 0.878083 0.159818 0.184366 0.743226 0.925527 0.186027 0.066210 0.726506 0.611723 0.834033 0.868947 0.283683 0.210776 0.332522 0.724342 0.050846 0.365559 0.801085 0.507179 0.331349 0.145457 0.711466 0.775354 0.331331 0.687786 0.599955 0.071856 0.168057 0.094742 0.176172 0.315336 0.860775 0.616248 0.759096 0.607335 0.625762 0.178393 0.166807 0.889070 0.377560 0.278700 0.172965 0.861397 0.948480 0.350754 0.521108 0.832015 0.382161 0.642577 0.644417 0.950279 0.458535 0.944993 0.871612 0.822664 0.692965 0.140349 0.536518 0.862920 0.636511 0.965247 0.918545 0.827474 0.891921 0.058287 0.518720 0.644244 0.443596 0.807855 0.209918 0.155234 0.051328 0.283129 0.151263 0.463037 0.297683 0.236011 0.854884 0.664537 0.958196 0.565801 0.144071 0.056649 0.943108 0.803355 0.514619 0.902498 0.089745 0.061033 0.619218 0.424414 0.662722 0.637274 0.968799 0.382246 0.020695 0.141370 0.469652 0.724158 0.134398 0.360840 0.760868 0.461441 0.800810 0.117867 0.015449 0.401177 0.534271 0.099503 0.587131 0.173140 0.875282 0.383722 0.508047 0.296355 0.120442 0.959314 0.007813 0.129955 0.824110 0.618998 0.264639 0.025932 0.014800 0.052310 0.294681 0.051527 0.200080 0.967747 0.121144 0.190866 0.226388 0.789830 0.360805 0.362133 0.224546 0.074391 0.300587 0.412765 0.308404 0.970849 0.932013 0.895999 0.994994 0.979188 0.703880 0.357410 0.560979 0.473733 0.962624 0.559699 0.678024 0.044142 0.766025 0.264770 0.966916 0.856986 0.040639 0.259368 0.902748 0.772383 0.987809 0.010396 0.210673 0.479467 0.007413 0.372106 0.786375 0.432230 0.733953 0.821599 0.797064 0.721632 0.256222 0.362873 0.191881 0.243552 0.984335 0.912061 0.755665 0.705447 0.980195 0.951547 0.585836 0.547937 0.466984 0.853721 0.166745 0.394717 0.032599 0.605718 0.018510 0.476931 0.360074 0.031345 0.405967 0.055243 0.038247 0.053988 0.230345 0.044528 0.414324 0.529315 0.581005 0.247548 0.665577 0.234086 0.345610 0.041018 0.757560 0.490677 0.016798 0.715858 0.498812 0.263658 0.984327 0.043390 0.464642 0.586340 0.792107 0.295109 0.130654 0.445459 0.877507 0.268942 0.360301 0.984110 0.201294 0.483281 0.614911 0.546145 0.454833
0.805600 0.708858 0.865600 0.248302 0.152131 0.076188 0.530439 0.212440 0.308494 0.722467 0.857084 0.026964 0.725381 0.759260 0.853040 0.552677 0.929989 0.975601 0.342387 0.498656 0.515095 0.729354 0.887494 0.058039 0.413581 0.669710 0.282437 0.428253 0.228876 0.939996 0.569136 0.033567 0.718266 0.820938 0.996914 0.597867 0.407167 0.750423 0.419628 0.498799 0.899012 0.509301 0.924219 0.295325 0.080436 0.938554 0.300573 0.803617 0.564605 0.271522 0.947193 0.728390 0.553387 0.689105 0.860779 0.717082 0.839336 0.416672 0.442947 0.537670 0.393979 0.366530 0.213561 0.733733 0.227558 0.224275 0.526336 0.306631 0.221304 0.288650 0.572888 0.057295 0.843855 0.460563 0.872880 0.961005 0.465961 0.366390 0.630561 0.818925 0.784721 0.558420 0.127582 0.800945 0.057326 0.732871 0.366064 0.826730 0.792401 0.123990 0.766505 0.733791 0.966706 0.971424 0.586236 0.443137 0.963359 0.745240 0.234873 0.123382 0.812202 0.122751 0.481969 0.130150 0.535465 0.680888 0.093051 0.701624 0.763471 0.824287 0.110822 0.714191 0.930919 0.601168 0.169471 0.781578 0.337755 0.050242 0.570762 0.818458 0.184305 0.028922 0.849286 0.152524 0.029820 0.693489 0.156702 0.186594 0.148598 0.421633 0.596671 0.302010 0.122217 0.257348 0.651034 0.445449 0.235743 0.561167 0.818662 0.802039 0.462002 0.455467 0.206171 0.370492 0.556408 0.931223 0.697861 0.321507 0.870915 0.240073 0.996056 0.378883 0.541880 0.611485 0.876303 0.487162 0.571257 0.725824 0.278002 0.130517 0.390208 0.539243 0.265046 0.909003 0.487336 0.190317 0.442746 0.365558 0.794432 0.949861 0.660393 0.088153 0.760471 0.888433 0.669493 0.258940 0.739360 0.393551 0.124706 0.447588 0.104879 0.860006 0.391814 0.420457 0.476588 0.695012 0.706230 0.455388 0.120915 0.281551 0.195925 0.009021 0.428685 0.352826 0.192815 0.776009 0.890022 0.435232 0.443958 0.940569 0.501057 0.555837 0.846710 0.157954 0.773251 0.164357 0.572105 0.017775 0.266670 0.174604 0.559317 0.170396 0.973495 0.380282 0.097615 0.543244 0.486949 0.679448 0.361015 0.286972 0.191217 0.656977 0.351846 0.213596 0.408130 0.043659 0.913328 0.627886 0.423667 0.242246 0.727251 0.421731 0.078581 0.565606 0.451436 0.654102 0.299065 0.821429 0.669198 0.573011 0.756889 0.937945 0.506150 0.596167 0.579909 0.426422 0.331725 0.803737 0.504647 0.682896 0.285800 0.293590 0.747075 0.314071 0.897922 0.139554 0.459396 0.805737 0.997040 0.097813 0.050449 0.471098 0.281832 0.359551 0.685745 0.209180 0.435842 0.397326 0.820928 0.487434 0.875122 0.653843 0.112131 0.497054 0.975475 0.709908 0.708088 0.147911 0.097381 0.004620 0.986613 0.860333 0.369997 0.250478 0.595228 0.299305 0.845386 0.301972 0.220999 0.519323 0.578831 0.827266 0.320921 0.226094 0.527988 0.252850 0.429694 0.034608 0.169659 0.737891
0.842246 0.869799 0.662520 0.554968 0.540161 0.583152 0.085821 0.575530 0.884935 0.528399 0.550884 0.342790 0.400096 0.918011 0.098232 0.212153 0.094176 0.263787 0.235651 0.505629 0.768101 0.059960 0.527220 0.422772 0.446590 0.764396 0.119985 0.486877 0.780948 0.956928 0.778326 0.698667 0.164358 0.356538 0.529734 0.351980 0.746274 0.132266 0.594646 0.679506 0.389201 0.809244 0.404197 0.509691 0.465870 0.439510 0.743657 0.929043 0.676881 0.568882 0.929702 0.392125 0.145382 0.833053 0.492607 0.871059 0.728042 0.524204 0.453302 0.734287 0.202023 0.563333 0.417645 0.043929 0.417443 0.135646 0.754775 0.987405 0.545434 0.324866 0.685520 0.447141 0.961832 0.541304 0.482504 0.005615 0.185337 0.648622 0.477354 0.879674 0.405754 0.650684 0.754075 0.180079 0.586363 0.153750 0.457109 0.961768 0.744727 0.267344 0.226036 0.268243 0.730768 0.350094 0.994142 0.159850 0.370257 0.635602 0.085081 0.129916 0.065273 0.704068 0.224106 0.306035 0.398263 0.771620 0.850623 0.900066 0.623142 0.851484 0.662311 0.560909 0.773367 0.456096 0.362401 0.926312 0.180094 0.736101 0.311241 0.262767 0.093834 0.175875 0.459076 0.620191 0.474617 0.045691 0.340758 0.954865 0.170896 0.792472 0.422120 0.029118 0.343938 0.964658 0.471219 0.477929 0.778449 0.836205 0.943770 0.375296 0.463917 0.850115 0.079857 0.939667 0.466859 0.760018 0.514139 0.517785 0.115312 0.291841 0.093040 0.397334 0.388229 0.722285 0.801659 0.116590 0.921468 0.351537 0.933618 0.924536 0.775766 0.758445 0.841617 0.968032 0.497262 0.790175 0.351681 0.782729 0.139568 0.162108 0.964279 0.118279 0.050105 0.607218 0.400469 0.184193 0.332538 0.142775 0.777823 0.335908 0.106220 0.950797 0.399949 0.926682 0.446494 0.010036 0.987888 0.177193 0.952453 0.842912 0.692433 0.503335 0.444504 0.093150 0.230496 0.371578 0.823030 0.274691 0.751151 0.763790 0.709111 0.467107 0.388775 0.133098 0.593849 0.329580 0.298772 0.675328 0.330763 0.179441 0.618753 0.025212 0.156711 0.731456 0.001948 0.191622 0.054270 0.943013 0.230080 0.076162 0.603225 0.367428 0.546727 0.454548 0.477333 0.952584 0.011837 0.743750 0.896263 0.072680 0.454656 0.848141 0.779635 0.577213 0.889706 0.956963 0.894911 0.488910 0.662102 0.924852 0.726433 0.077907 0.372212 0.389767 0.238733 0.327360 0.550736 0.994470 0.150091 0.849665 0.826468 0.258546 0.584953 0.980747 0.728432 0.857043 0.695660 0.707248 0.514469 0.690340 0.122033 0.117255 0.772190 0.891135 0.714228 0.592902 0.678790 0.837881 0.197269 0.637767 0.540055 0.434102 0.511189 0.626144 0.821797 0.742259 0.942769 0.542613 0.881807 0.973423 0.325353 0.578150 0.140734 0.264176 0.409800 0.884898 0.721772 0.501243 0.331865 0.280225 0.901332 0.263239 0.585096 0.272309 0.102552 0.103884 0.096397 0.776214 0.008701 0.679860
0.578750 0.012295 0.998836 0.444783 0.794134 0.358658 0.656691 0.403240 0.122931 0.541337 0.602317 0.708402 0.381074 0.520836 0.965941 0.193251 0.742248 0.295604 0.890875 0.961904 0.687449 0.079059 0.912860 0.144357 0.373346 0.807426 0.635143 0.960996 0.351679 0.534966 0.974647 0.127339 0.348821 0.379683 0.483358 0.089041 0.954672 0.257255 0.692405 0.223524 0.703875 0.204554 0.840998 0.762298 0.947513 0.773541 0.086491 0.980226 0.209574 0.564995 0.690450 0.276018 0.555754 0.190233 0.011090 0.209267 0.483290 0.877221 0.964758 0.489710 0.760585 0.298649 0.909251 0.791635 0.405523 0.129515 0.451941 0.858269 0.396162 0.755640 0.868647 0.010843 0.023700 0.155287 0.746325 0.940298 0.895308 0.906394 0.041291 0.023603 0.391231 0.388943 0.500642 0.585650 0.394103 0.668319 0.079704 0.087475 0.960762 0.736477 0.924452 0.687610 0.834283 0.402213 0.246818 0.088211 0.131648 0.144452 0.508800 0.638435 0.922754 0.912237 0.878871 0.569028 0.771111 0.458528 0.952404 0.849918 0.664267 0.527427 0.203184 0.642596 0.170457 0.194789 0.948227 0.381098 0.135136 0.256563 0.624882 0.123291 0.801198 0.809453 0.676568 0.801389 0.229184 0.494160 0.702415 0.501191 0.787060 0.290930 0.393128 0.131233 0.614433 0.634771 0.109702 0.504725 0.567313 0.415781 0.145975 0.496463 0.504160 0.361369 0.596062 0.584053 0.979849 0.882783 0.745895 0.697597 0.476382 0.322534 0.483712 0.422887 0.660996 0.899556 0.050989 0.799882 0.870746 0.151170 0.651292 0.400484 0.716463 0.771183 0.557687 0.238207 0.387330 0.311691 0.799463 0.868564 0.624774 0.034956 0.287931 0.977405 0.512989 0.173341 0.742417 0.397113 0.626416 0.906989 0.995461 0.363310 0.456038 0.728484 0.771120 0.564677 0.303633 0.925498 0.130939 0.008072 0.378110 0.913207 0.126604 0.764893 0.663149 0.853376 0.783318 0.177162 0.184191 0.685816 0.552415 0.780383 0.728036 0.191067 0.394722 0.258197 0.831450 0.683367 0.776136 0.976197 0.984016 0.173516 0.355012 0.335307 0.666333 0.862611 0.389966 0.686789 0.621213 0.896992 0.501192 0.867247 0.954665 0.214360 0.987386 0.937837 0.954958 0.157281 0.666961 0.611580 0.434304 0.524112 0.254242 0.275367 0.179439 0.157669 0.659638 0.913700 0.737321 0.123490 0.481566 0.977051 0.398608 0.318392 0.974143 0.157134 0.246445 0.791241 0.100462 0.806346 0.973752 0.471889 0.480328 0.667625 0.513111 0.819087 0.851597 0.032715 0.394174 0.609775 0.732849 0.840173 0.569287 0.592741 0.539908 0.663032 0.263702 0.872813 0.556932 0.751283 0.964376 0.281509 0.201400 0.552975 0.113330 0.388783 0.743518 0.799007 0.524547 0.624170 0.845901 0.514692 0.862461 0.200248 0.611891 0.970190 0.655910 0.884718 0.116657 0.740139 0.657729 0.551691 0.936920 0.435196 0.120287 0.850067 0.011003 0.555940 0.910531 0.790743 0.527293 0.756093
0.127283 0.540532 0.784807 0.617467 0.196750 0.886413 0.754485 0.820063 0.334916 0.439956 0.991947 0.456890 0.805968 0.872491 0.357213 0.423514 0.724106 0.540149 0.948880 0.665791 0.787709 0.358686 0.052545 0.002300 0.472882 0.230544 0.020971 0.791409 0.368239 0.533317 0.908160 0.996192 0.145627 0.498280 0.734660 0.619416 0.391460 0.554505 0.690809 0.415630 0.196156 0.058859 0.241458 0.075648 0.223552 0.153558 0.971453 0.660869 0.163936 0.799114 0.572874 0.958789 0.503108 0.677299 0.495183 0.647778 0.310801 0.404967 0.237324 0.918791 0.629879 0.922152 0.540820 0.560525 0.363674 0.039854 0.896130 0.991048 0.645587 0.148373 0.954514 0.631794 0.671082 0.423866 0.081201 0.643877 0.746202 0.352286 0.295913 0.260591 0.254088 0.880057 0.592824 0.793389 0.764081 0.184472 0.502006 0.455919 0.037722 0.928867 0.292548 0.789326 0.352743 0.542348 0.228701 0.485016 0.901860 0.844866 0.542821 0.834605 0.091906 0.675616 0.296390 0.036000 0.520366 0.302044 0.324418 0.218893 0.544626 0.188944 0.011612 0.213267 0.502355 0.849276 0.422053 0.119803 0.781065 0.017991 0.241204 0.584308 0.244165 0.047997 0.045530 0.278603 0.824682 0.699746 0.250566 0.506042 0.862764 0.659022 0.165826 0.863032 0.167831 0.488113 0.787788 0.429361 0.273940 0.668955 0.080796 0.074964 0.321220 0.558763 0.622476 0.776833 0.081877 0.076143 0.824090 0.636018 0.217843 0.004819 0.544812 0.533681 0.556713 0.223222 0.301589 0.824957 0.458801 0.743552 0.684821 0.092623 0.005412 0.675811 0.958079 0.769276 0.770637 0.703540 0.540872 0.976133 0.258925 0.621724 0.480942 0.449437 0.548905 0.203730 0.374877 0.072876 0.366685 0.574304 0.503820 0.760263 0.329201 0.462107 0.250490 0.164497 0.570038 0.832541 0.959602 0.645514 0.807662 0.154464 0.017173 0.566223 0.866437 0.386110 0.640097 0.509794 0.503524 0.800316 0.146201 0.008761 0.869218 0.278447 0.629819 0.246930 0.799623 0.036884 0.400337 0.038444 0.970157 0.092808 0.321073 0.380835 0.570139 0.808152 0.443887 0.501669 0.602345 0.036767 0.730145 0.421981 0.127642 0.333784 0.425175 0.055895 0.587423 0.928652 0.296488 0.589296 0.641877 0.514560 0.660832 0.402314 0.885651 0.482860 0.204682 0.875617 0.180253 0.523161 0.225508 0.003058 0.673031 0.588716 0.205034 0.195549 0.586732 0.759022 0.138072 0.573796 0.487491 0.641759 0.063702 0.616458 0.210878 0.133925 0.764178 0.330379 0.642357 0.355106 0.526387 0.164638 0.231748 0.399195 0.536358 0.667945 0.783676 0.779206 0.680145 0.296816 0.650617 0.713078 0.896197 0.095806 0.361209 0.669405 0.054318 0.669756 0.957459 0.723872 0.044080 0.555242 0.024445 0.882583 0.120555 0.900943 0.668839 0.890917 0.086194 0.355783 0.775957 0.093038 0.444500 0.257100 0.161365 0.356838 0.602646 0.882914 0.223450 0.797928 0.722617 0.340514
0.953490 0.681307 0.209595 0.493365 0.390501 0.238151 0.290742 0.913585 0.188426 0.796425 0.640241 0.457773 0.567113 0.541245 0.301883 0.546917 0.087273 0.663805 0.151099 0.135715 0.026112 0.137943 0.129923 0.263413 0.943666 0.283826 0.176881 0.931441 0.101956 0.807109 0.469924 0.996642 0.737683 0.208136 0.418452 0.554179 0.234482 0.735147 0.748397 0.142647 0.979715 0.490558 0.051139 0.518660 0.341641 0.716205 0.174651 0.971368 0.031143 0.817874 0.692455 0.099312 0.040319 0.426949 0.500324 0.888825 0.516862 0.374257 0.242308 0.389998 0.686486 0.406594 0.539887 0.007204 0.870442 0.055118 0.050945 0.166457 0.929691 0.711564 0.895723 0.595509 0.092248 0.244059 0.096393 0.061926 0.114197 0.322767 0.131303 0.380530 0.038837 0.150352 0.951852 0.812942 0.722640 0.473823 0.124257 0.747243 0.786102 0.332383 0.298339 0.980032 0.158694 0.996345 0.100736 0.055018 0.467523 0.171121 0.974616 0.638717 0.509221 0.940000 0.704244 0.706488 0.661193 0.178805 0.441633 0.106074 0.314436 0.465994 0.201234 0.775261 0.719327 0.871613 0.801932 0.926324 0.156795 0.910378 0.257649 0.026120 0.240195 0.491927 0.708477 0.155535 0.508885 0.845304 0.572024 0.432758 0.134565 0.405771 0.866976 0.656335 0.404814 0.950873 0.318724 0.121312 0.966219 0.099533 0.425061 0.245910 0.607946 0.610652 0.339850 0.825319 0.663256 0.534499 0.353223 0.468868 0.823836 0.141046 0.209384 0.524516 0.729950 0.922272 0.312501 0.566211 0.329118 0.309265 0.237864 0.548867 0.656364 0.875822 0.935752 0.870236 0.590984 0.242020 0.783940 0.794912 0.684499 0.505466 0.115901 0.021011 0.046827 0.560928 0.312773 0.591867 0.968240 0.248426 0.892180 0.874715 0.807637 0.388123 0.053603 0.291954 0.310222 0.121343 0.220642 0.733104 0.253676 0.154126 0.380090 0.640200 0.121606 0.389795 0.070124 0.181018 0.377857 0.960780 0.464919 0.297075 0.756811 0.045253 0.349485 0.059842 0.108179 0.001798 0.554201 0.005890 0.419853 0.596227 0.889762 0.135183 0.903856 0.639757 0.507063 0.027744 0.122794 0.479341 0.017113 0.413974 0.916656 0.211242 0.509773 0.294601 0.419716 0.977635 0.117575 0.178259 0.074856 0.175650 0.129077 0.413396 0.467675 0.036840 0.945657 0.908476 0.589826 0.996130 0.049167 0.538437 0.375190 0.965257 0.237838 0.018204 0.409552 0.532728 0.325721 0.541243 0.117432 0.534374 0.815534 0.045895 0.361074 0.784776 0.448736 0.589310 0.322038 0.117442 0.806445 0.718727 0.637278 0.727081 0.072632 0.856906 0.149047 0.104498 0.156414 0.792269 0.871002 0.727469 0.150146 0.074729 0.334635 0.241243 0.791329 0.403314 0.014353 0.068448 0.458791 0.665178 0.393331 0.063186 0.620525 0.970881 0.031485 0.891948 0.800291 0.324434 0.544420 0.365222 0.033850 0.993836 0.543356 0.323381 0.292927 0.565909 0.257701 0.737890 0.463479 0.324551
0.458714 0.987831 0.509966 0.028017 0.479535 0.793198 0.401343 0.332845 0.215410 0.303160 0.666941 0.270861 0.841129 0.761440 0.405982 0.416476 0.907731 0.250168 0.538660 0.642111 0.752078 0.703930 0.565633 0.315768 0.747778 0.866858 0.260820 0.780449 0.995769 0.174118 0.616362 0.517856 0.070943 0.924889 0.166795 0.494273 0.656720 0.648006 0.895091 0.824929 0.779764 0.703729 0.674649 0.825464 0.115849 0.293044 0.593499 0.232544 0.481707 0.797079 0.493867 0.471539 0.376882 0.645190 0.198764 0.994596 0.654547 0.472201 0.064814 0.897709 0.994482 0.411042 0.511880 0.881901 0.062383 0.561764 0.920718 0.038938 0.258593 0.906853 0.306218 0.276539 0.189673 0.937067 0.508874 0.953652 0.263315 0.679124 0.776124 0.224554 0.439239 0.878207 0.058569 0.211234 0.832571 0.891577 0.729571 0.496300 0.283380 0.774137 0.120535 0.540622 0.206443 0.074034 0.909371 0.018387 0.845256 0.135533 0.753224 0.142399 0.441597 0.119646 0.726324 0.791702 0.902773 0.810935 0.885643 0.659300 0.831635 0.470988 0.388512 0.322654 0.093973 0.125579 0.445565 0.031890 0.501864 0.297007 0.324577 0.226956 0.972963 0.614927 0.679175 0.580941 0.205739 0.961617 0.343637 0.755337 0.794341 0.683085 0.344270 0.254552 0.420203 0.983431 0.802768 0.958221 0.064869 0.200939 0.356661 0.973593 0.119890 0.248724 0.707820 0.897525 0.285998 0.471999 0.613072 0.461850 0.480325 0.747416 0.787178 0.519060 0.585611 0.192719 0.583899 0.262583 0.429708 0.099120 0.866411 0.123214 0.970494 0.662771 0.987569 0.794540 0.565215 0.712139 0.364150 0.766341 0.345836 0.012009 0.796600 0.562043 0.792212 0.913485 0.850284 0.910600 0.159967 0.208664 0.096104 0.371829 0.688694 0.343701 0.912816 0.904713 0.631339 0.939904 0.930855 0.049143 0.021588 0.477287 0.860544 0.690159 0.784374 0.784956 0.891046 0.129593 0.869798 0.858352 0.467921 0.247928 0.025862 0.504419 0.793511 0.561431 0.838186 0.194657 0.738122 0.284838 0.039897 0.338834 0.683052 0.151727 0.126579 0.279414 0.088993 0.137292 0.958768 0.920831 0.725719 0.102343 0.578138 0.455467 0.470288 0.994218 0.435203 0.428245 0.363068 0.593368 0.943237 0.777335 0.883053 0.908476 0.934698 0.203542 0.191488 0.079729 0.396007 0.072667 0.480690 0.092221 0.503437 0.892387 0.521419 0.794228 0.113702 0.619455 0.553504 0.772674 0.005061 0.216486 0.537737 0.230328 0.941180 0.442670 0.034831 0.063009 0.158381 0.316986 0.923229 0.371667 0.725726 0.507153 0.717049 0.615241 0.156658 0.208841 0.759601 0.679296 0.358870 0.974848 0.318179 0.702159 0.639367 0.305577 0.421925 0.168962 0.341494 0.672976 0.772535 0.153463 0.423737 0.299780 0.250272 0.861157 0.477941 0.484568 0.785947 0.008014 0.703360 0.100179 0.457660 0.495700 0.539833 0.309122 0.768586 0.408244 0.556463 0.421099 0.021846 0.503747
0.073464 0.256913 0.771218 0.332223 0.947700 0.761673 0.138666 0.779882 0.351022 0.839061 0.360914 0.199950 0.247639 0.917321 0.853642 0.945868 0.722084 0.924771 0.167818 0.286495 0.554224 0.810487 0.320092 0.071943 0.701212 0.175730 0.643799 0.483516 0.013298 0.585962 0.054595 0.181587 0.319403 0.378913 0.383964 0.959630 0.579782 0.380742 0.758604 0.725823 0.429385 0.037527 0.020209 0.910181 0.381898 0.835112 0.132538 0.477652 0.087750 0.099244 0.105341 0.926132 0.562670 0.318942 0.186819 0.836781 0.095795 0.084090 0.915875 0.452491 0.323402 0.565011 0.810074 0.913333 0.383856 0.878359 0.057068 0.702752 0.078673 0.922159 0.814884 0.904382 0.189528 0.510177 0.716100 0.723095 0.305827 0.555350 0.666167 0.863208 0.968760 0.954754 0.654845 0.908048 0.964240 0.087719 0.018318 0.790906 0.509721 0.904017 0.416406 0.021112 0.819690 0.455416 0.089551 0.178231 0.484309 0.675446 0.913746 0.768000 0.909161 0.622882 0.109888 0.085972 0.388940 0.962228 0.352471 0.334771 0.792388 0.473284 0.008938 0.232912 0.217699 0.330530 0.355508 0.404642 0.533109 0.731616 0.631849 0.002121 0.044454 0.658562 0.111388 0.982964 0.203438 0.597382 0.948712 0.480412 0.662717 0.396588 0.219638 0.141420 0.866465 0.426493 0.603588 0.521320 0.445596 0.951858 0.623044 0.120732 0.118261 0.366485 0.104446 0.921873 0.880168 0.965421 0.610401 0.828824 0.123184 0.075463 0.244913 0.903563 0.381448 0.151071 0.818669 0.088096 0.680076 0.679467 0.688556 0.183387 0.074137 0.664289 0.555888 0.496504 0.810265 0.714650 0.551856 0.859953 0.302329 0.331897 0.265123 0.000071 0.503317 0.212159 0.233767 0.805790 0.938920 0.742230 0.961009 0.547465 0.624211 0.925128 0.480929 0.562272 0.021353 0.928321 0.514451 0.072193 0.863236 0.695752 0.746726 0.208372 0.590584 0.870728 0.890444 0.242658 0.427848 0.973784 0.347640 0.582328 0.054428 0.603996 0.300783 0.311009 0.339063 0.141168 0.517328 0.326178 0.771493 0.867040 0.993656 0.071319 0.121925 0.365910 0.596905 0.877580 0.794197 0.993980 0.138748 0.060604 0.060474 0.635570 0.149348 0.529370 0.371309 0.052816 0.569107 0.602365 0.827821 0.402846 0.275619 0.641660 0.187105 0.081674 0.232921 0.858946 0.376443 0.899342 0.254031 0.675951 0.561193 0.833300 0.418469 0.315376 0.606063 0.636327 0.110623 0.776485 0.569630 0.057728 0.696587 0.054019 0.242292 0.669958 0.954675 0.194690 0.639355 0.629375 0.660392 0.736281 0.630228 0.239016 0.728023 0.975250 0.746909 0.084010 0.830329 0.369015 0.671338 0.243636 0.207786 0.245042 0.752129 0.370493 0.808147 0.611391 0.158223 0.917522 0.877992 0.595492 0.813102 0.150089 0.674713 0.563711 0.512096 0.337543 0.461768 0.707984 0.372394 0.932406 0.385256 0.937720 0.071362 0.918968 0.093311 0.199455 0.264979 0.028630 0.944095 0.383973
0.909886 0.809048 0.383665 0.815110 0.441772 0.312248 0.695706 0.480135 0.141369 0.364050 0.526989 0.665221 0.501463 0.543199 0.741417 0.391036 0.511889 0.657696 0.971630 0.888452 0.286612 0.937223 0.974214 0.896866 0.651104 0.547884 0.837394 0.320245 0.770221 0.687505 0.724494 0.713030 0.569758 0.329063 0.226624 0.861704 0.971229 0.887154 0.722464 0.614668 0.766862 0.211192 0.153443 0.451731 0.464442 0.652464 0.940499 0.861235 0.591062 0.200954 0.436624 0.240144 0.665323 0.271966 0.539831 0.819162 0.153315 0.504644 0.630449 0.182635 0.671160 0.501075 0.320719 0.831342 0.431342 0.895861 0.398326 0.463297 0.677996 0.433056 0.018940 0.528498 0.367178 0.035003 0.638106 0.856293 0.404885 0.314867 0.493876 0.073109 0.244859 0.151341 0.256834 0.141969 0.764558 0.947385 0.765908 0.732433 0.264448 0.018190 0.504951 0.710340 0.364552 0.352590 0.497585 0.772557 0.438078 0.780721 0.856547 0.077056 0.338125 0.448776 0.275054 0.093415 0.260321 0.903354 0.555495 0.176494 0.382149 0.601708 0.689341 0.017068 0.042076 0.976293 0.874082 0.897774 0.294141 0.397067 0.438263 0.345427 0.848554 0.061176 0.975275 0.850943 0.993255 0.728235 0.958806 0.259856 0.918900 0.334573 0.120125 0.480927 0.254836 0.478754 0.689039 0.865093 0.091286 0.484355 0.108392 0.252475 0.043006 0.371165 0.718128 0.561170 0.436306 0.697049 0.727704 0.202472 0.327273 0.674015 0.027371 0.989328 0.971578 0.202439 0.099460 0.723385 0.208480 0.654371 0.886625 0.361901 0.289211 0.622228 0.952716 0.837344 0.101524 0.140047 0.479948 0.607030 0.669290 0.772887 0.296826 0.860635 0.722175 0.525493 0.793249 0.360543 0.644268 0.321220 0.045399 0.929554 0.230064 0.682881 0.851200 0.570580 0.008515 0.605738 0.807064 0.953414 0.033281 0.006518 0.281286 0.488154 0.299254 0.857138 0.142684 0.377567 0.683755 0.474707 0.086240 0.928854 0.969452 0.531215 0.880652 0.201883 0.535765 0.262969 0.351731 0.303300 0.004179 0.201568 0.333028 0.602670 0.653290 0.635554 0.617106 0.240506 0.939480 0.107513 0.233037 0.989608 0.020775 0.701136 0.947544 0.377899 0.152175 0.831841 0.203196 0.235594 0.581891 0.488245 0.560407 0.334863 0.342042 0.528840 0.251117 0.563140 0.481881 0.955575 0.218402 0.409558 0.398465 0.395233 0.282901 0.509999 0.415065 0.469803 0.977926 0.064815 0.493923 0.966626 0.816214 0.820705 0.494384 0.436954 0.658666 0.253288 0.833374 0.898341 0.049768 0.496042 0.715122 0.812282 0.777944 0.896854 0.389380 0.908005 0.336580 0.557159 0.203599 0.508926 0.011724 0.381489 0.040723 0.139246 0.589666 0.795632 0.490053 0.854559 0.707667 0.035862 0.522871 0.708344 0.573592 0.106696 0.359991 0.061689 0.296026 0.479015 0.466766 0.822648 0.824853 0.666080 0.082103 0.463164 0.735811 0.213367 0.730362 0.536093 0.511153 0.833673
0.333346 0.167102 0.981995 0.181370 0.687230 0.833979 0.131134 0.253465 0.873468 0.817371 0.717246 0.842484 0.954751 0.059397 0.173692 0.082414 0.505921 0.600082 0.669356 0.301619 0.009880 0.279064 0.129491 0.539861 0.061732 0.060218 0.182812 0.209290 0.592975 0.656966 0.389688 0.466417 0.827718 0.064693 0.235665 0.356440 0.967917 0.016094 0.067469 0.195964 0.352358 0.018684 0.866936 0.259059 0.187449 0.416111 0.286691 0.169557 0.507893 0.973137 0.297950 0.625474 0.733641 0.733955 0.603616 0.187503 0.828101 0.205157 0.428257 0.121645 0.832233 0.152452 0.444701 0.486763 0.304656 0.688063 0.512527 0.610199 0.722793 0.240979 0.599416 0.227841 0.626725 0.390577 0.003471 0.256569 0.919504 0.557642 0.410305 0.303476 0.093212 0.828593 0.889343 0.153660 0.519583 0.438893 0.291318 0.316112 0.490630 0.901386 0.555936 0.638347 0.681111 0.926594 0.575361 0.049340 0.012969 0.954836 0.748571 0.965192 0.456700 0.149288 0.871149 0.188785 0.812408 0.843888 0.935703 0.753560 0.434343 0.776663 0.879870 0.274538 0.835328 0.033348 0.657789 0.156083 0.765606 0.192145 0.629856 0.422956 0.855766 0.448233 0.590426 0.589557 0.676445 0.007663 0.990844 0.568900 0.050185 0.563756 0.778042 0.597686 0.429480 0.210243 0.583140 0.143264 0.952120 0.388678 0.231237 0.698107 0.729308 0.996736 0.426754 0.611317 0.146687 0.008651 0.662247 0.115183 0.429375 0.558865 0.422197 0.286611 0.168764 0.268954 0.147621 0.778144 0.046907 0.913539 0.147412 0.362743 0.446759 0.427656 0.833235 0.044423 0.431062 0.564994 0.081362 0.140006 0.594961 0.944608 0.183588 0.456990 0.975646 0.647719 0.580694 0.660296 0.346139 0.250481 0.481103 0.484169 0.729522 0.315223 0.108766 0.816310 0.327865 0.846151 0.741728 0.900313 0.657333 0.527516 0.893475 0.369124 0.416006 0.513381 0.803255 0.383596 0.106149 0.736380 0.902519 0.771102 0.909293 0.659603 0.697261 0.153345 0.922154 0.079980 0.457364 0.435728 0.664002 0.385636 0.737134 0.319745 0.323901 0.655995 0.064100 0.950124 0.515066 0.888658 0.851976 0.693288 0.540024 0.986678 0.082820 0.637719 0.965572 0.757209 0.483851 0.722731 0.555521 0.689391 0.401772 0.882589 0.384072 0.134327 0.992951 0.401911 0.086758 0.683713 0.611340 0.478791 0.832964 0.229233 0.424335 0.442432 0.290061 0.712297 0.953343 0.530886 0.328866 0.025047 0.000516 0.117702 0.261255 0.111999 0.210646 0.553286 0.219927 0.151249 0.987603 0.947216 0.756628 0.347035 0.412599 0.833628 0.883730 0.465678 0.627465 0.800736 0.823198 0.191832 0.044943 0.336975 0.489419 0.219707 0.962813 0.484532 0.882084 0.254007 0.069351 0.178625 0.679624 0.398101 0.410722 0.777418 0.488419 0.983316 0.016831 0.430208 0.782559 0.155128 0.870072 0.586870 0.376316 0.988048 0.114837 0.602688 0.871000 0.649028 0.587100 0.667822
0.859287 0.340263 0.239588 0.565798 0.849109 0.282037 0.188170 0.754756 0.519324 0.278679 0.349578 0.889694 0.695456 0.674018 0.918150 0.396093 0.361395 0.565652 0.207815 0.961115 0.600857 0.999736 0.529945 0.417869 0.872072 0.460154 0.279719 0.849244 0.544449 0.876695 0.148020 0.570200 0.794584 0.837843 0.158238 0.261867 0.086694 0.581282 0.492363 0.181204 0.313683 0.415453 0.864126 0.984913 0.819498 0.690657 0.491528 0.779678 0.699643 0.175245 0.988667 0.878812 0.335120 0.643642 0.851665 0.854895 0.049534 0.408371 0.989751 0.338221 0.257523 0.822688 0.064472 0.830451 0.381196 0.230058 0.015826 0.450584 0.884406 0.463658 0.905791 0.081764 0.254063 0.311865 0.444632 0.706617 0.465082 0.673720 0.819013 0.176947 0.964321 0.299475 0.858393 0.479764 0.699764 0.219859 0.822853 0.692546 0.470406 0.103140 0.502252 0.376831 0.328066 0.071628 0.796004 0.253749 0.954585 0.827123 0.656440 0.958562 0.266503 0.588212 0.171518 0.245622 0.348115 0.036296 0.642048 0.777130 0.238760 0.928144 0.807534 0.135873 0.355865 0.762015 0.286974 0.308316 0.591054 0.601387 0.282096 0.773406 0.285458 0.842220 0.296001 0.101266 0.027353 0.203673 0.648582 0.991401 0.745360 0.812189 0.591790 0.509711 0.104083 0.050094 0.056254 0.010329 0.189984 0.299803 0.950704 0.295221 0.809311 0.550882 0.681747 0.354596 0.119655 0.683752 0.719782 0.789262 0.728619 0.773638 0.608326 0.056390 0.314422 0.330584 0.361679 0.416808 0.917322 0.418402 0.796102 0.002394 0.356580 0.222905 0.020649 0.685649 0.649875 0.228358 0.785948 0.241684 0.944846 0.643714 0.266956 0.777325 0.216338 0.878952 0.202612 0.992435 0.028797 0.469713 0.622383 0.574140 0.727805 0.294579 0.439308 0.336422 0.832955 0.018341 0.439779 0.512029 0.898287 0.580706 0.729384 0.360680 0.538314 0.334974 0.789497 0.882502 0.924345 0.511573 0.725436 0.362559 0.000705 0.876353 0.259011 0.666422 0.355081 0.628658 0.007051 0.216448 0.862597 0.487472 0.756709 0.264915 0.171828 0.533591 0.299087 0.372472 0.897706 0.114007 0.112660 0.770198 0.321690 0.003866 0.127100 0.713341 0.930490 0.824478 0.351614 0.330633 0.909411 0.256591 0.668022 0.779481 0.601670 0.133448 0.038799 0.162931 0.339395 0.783099 0.391104 0.202136 0.305369 0.003600 0.144961 0.939432 0.667162 0.587537 0.186720 0.107518 0.501950 0.495799 0.765926 0.827136 0.578880 0.727055 0.531275 0.544435 0.803529 0.744427 0.376398 0.839996 0.240610 0.647001 0.148736 0.571980 0.475290 0.092163 0.051367 0.698529 0.708802 0.741265 0.545123 0.463191 0.591785 0.088906 0.038785 0.902545 0.081380 0.171909 0.996692 0.320014 0.524397 0.574190 0.423939 0.502625 0.828997 0.386988 0.490019 0.155732 0.336037 0.665977 0.500344 0.752978 0.522294 0.651453 0.713109 0.490707 0.351435 0.233765 0.755118 0.944305
0.399610 0.307477 0.994020 0.092388 0.596922 0.069021 0.561108 0.105617 0.769374 0.154310 0.218661 0.841191 0.584955 0.635460 0.019940 0.760072 0.080301 0.426758 0.453781 0.598887 0.219944 0.023376 0.841766 0.399408 0.457739 0.692596 0.920510 0.978377 0.044548 0.577279 0.212315 0.602346 0.309576 0.448375 0.365327 0.101271 0.687277 0.480154 0.811873 0.331120 0.563805 0.343021 0.859990 0.166821 0.957192 0.571064 0.116433 0.042963 0.292146 0.596488 0.648573 0.559068 0.546420 0.735852 0.854441 0.649257 0.256742 0.577880 0.405560 0.581216 0.669249 0.973800 0.802875 0.143303 0.703182 0.913399 0.912008 0.286599 0.103446 0.802907 0.908627 0.124182 0.864121 0.178901 0.697919 0.261323 0.284690 0.323310 0.950301 0.068637 0.143859 0.005276 0.306510 0.303108 0.143962 0.783634 0.567401 0.273769 0.754171 0.761950 0.925365 0.325279 0.695204 0.487143 0.615277 0.632731 0.549452 0.224773 0.195231 0.812067 0.023650 0.306412 0.583142 0.742747 0.455638 0.857081 0.870862 0.342500 0.331251 0.902698 0.237453 0.782032 0.313971 0.994305 0.427224 0.794414 0.740868 0.366058 0.835466 0.606538 0.610481 0.108452 0.420130 0.082620 0.902364 0.440486 0.408763 0.672343 0.973701 0.946109 0.580693 0.019689 0.967873 0.965293 0.758896 0.729404 0.761686 0.373454 0.844209 0.653003 0.300317 0.549359 0.437784 0.703542 0.020143 0.621009 0.053648 0.668236 0.236962 0.276169 0.870310 0.465947 0.444162 0.935212 0.265171 0.327718 0.030638 0.072643 0.263933 0.809434 0.212336 0.186008 0.464269 0.349215 0.487309 0.633487 0.321563 0.377181 0.807377 0.352477 0.874141 0.237681 0.325409 0.085516 0.141465 0.219509 0.380747 0.998790 0.992697 0.964716 0.798592 0.582745 0.914089 0.578415 0.905218 0.922529 0.855796 0.852267 0.830184 0.657946 0.736547 0.114001 0.532188 0.088464 0.732801 0.093454 0.080216 0.022424 0.705080 0.418694 0.957081 0.401370 0.038658 0.073784 0.566289 0.399377 0.396192 0.567260 0.387188 0.900466 0.607445 0.249479 0.439708 0.814304 0.579522 0.420086 0.637315 0.983441 0.106183 0.651240 0.707478 0.273832 0.826201 0.854994 0.283210 0.574205 0.342020 0.522834 0.628129 0.219873 0.838866 0.900101 0.919035 0.246514 0.103695 0.244687 0.487448 0.930805 0.887777 0.410690 0.838297 0.466183 0.319537 0.514736 0.543974 0.692395 0.348280 0.603306 0.901770 0.255584 0.181083 0.976559 0.409197 0.268758 0.066315 0.672319 0.560133 0.696024 0.232022 0.724822 0.816199 0.037612 0.989246 0.814471 0.983852 0.982029 0.704431 0.371207 0.745079 0.181434 0.244909 0.771067 0.349852 0.421928 0.291990 0.834748 0.845509 0.903153 0.129146 0.385484 0.044860 0.939732 0.797208 0.723685 0.765682 0.644196 0.521171 0.014108 0.157669 0.676255 0.817965 0.774634 0.609428 0.320548 0.191546 0.748164 0.963103 0.743210 0.160098 0.616804
0.256684 0.638350 0.720945 0.583677 0.391385 0.736404 0.502437 0.401907 0.506452 0.467838 0.008704 0.650770 0.499592 0.310494 0.584818 0.085101 0.899236 0.938946 0.509997 0.875824 0.482153 0.453994 0.841929 0.430369 0.195167 0.625732 0.901183 0.483387 0.940174 0.873668 0.479618 0.390175 0.097696 0.332611 0.454940 0.797401 0.158621 0.755004 0.998706 0.834020 0.548354 0.388108 0.016398 0.965647 0.323651 0.186878 0.926072 0.703383 0.727396 0.147436 0.996969 0.694055 0.430671 0.609317 0.931886 0.122206 0.172476 0.400295 0.568086 0.967452 0.565321 0.891061 0.740268 0.833805 0.697537 0.131469 0.523849 0.325106 0.646121 0.369069 0.399757 0.701944 0.924348 0.241376 0.519969 0.915260 0.117087 0.529227 0.033955 0.316324 0.247480 0.850300 0.574936 0.362865 0.169567 0.688308 0.098906 0.888796 0.142562 0.275705 0.913083 0.435326 0.051301 0.810356 0.069862 0.101438 0.638872 0.924646 0.594398 0.851277 0.296611 0.890999 0.201591 0.534011 0.433041 0.344736 0.045173 0.054856 0.230001 0.002415 0.159957 0.746929 0.204573 0.251188 0.280306 0.110131 0.578494 0.889895 0.473847 0.713766 0.220951 0.784367 0.032723 0.609322 0.462773 0.570586 0.838564 0.869907 0.702308 0.496416 0.943492 0.407017 0.411383 0.355425 0.067000 0.930243 0.147019 0.419541 0.289029 0.891481 0.730662 0.082462 0.967541 0.379563 0.432285 0.976190 0.927320 0.057302 0.446427 0.776802 0.825222 0.717861 0.323087 0.196291 0.183171 0.034633 0.010692 0.225624 0.939137 0.868631 0.264384 0.634353 0.233070 0.853611 0.673830 0.949157 0.880245 0.488873 0.779455 0.531313 0.873956 0.088454 0.120551 0.966767 0.174194 0.937986 0.396643 0.477488 0.978524 0.437665 0.746779 0.314847 0.706225 0.432180 0.229040 0.028145 0.760488 0.359223 0.197331 0.769759 0.681826 0.706980 0.121038 0.360877 0.485924 0.921087 0.653114 0.033868 0.492745 0.799866 0.611653 0.773032 0.718149 0.906399 0.048978 0.438918 0.928208 0.796320 0.570578 0.391948 0.513591 0.024342 0.079623 0.416202 0.661282 0.815456 0.623526 0.719069 0.744278 0.309978 0.198905 0.071158 0.700562 0.384840 0.792770 0.235208 0.169404 0.358443 0.316181 0.015416 0.690859 0.547607 0.795346 0.428745 0.331738 0.691734 0.091883 0.774795 0.966185 0.248411 0.176696 0.229236 0.423657 0.069651 0.478088 0.935300 0.787993 0.458709 0.603750 0.877635 0.207857 0.849992 0.825261 0.082555 0.469185 0.725942 0.069504 0.656913 0.885211 0.097170 0.286905 0.286566 0.220152 0.595521 0.795892 0.011815 0.284898 0.645728 0.618291 0.369467 0.806759 0.827023 0.842155 0.327374 0.343118 0.793859 0.737657 0.413906 0.823433 0.073622 0.497611 0.133156 0.139127 0.820483 0.035894 0.227666 0.180985 0.318978 0.326448 0.230119 0.511461 0.241020 0.213258 0.338158 0.839071 0.018216 0.145640 0.257150 0.860678 0.536778
0.270665 0.047666 0.098863 0.498033 0.923888 0.100621 0.960704 0.727924 0.182550 0.449475 0.938595 0.563475 0.232744 0.360334 0.480898 0.247305 0.184539 0.789143 0.651693 0.467551 0.236397 0.784981 0.912721 0.766585 0.865640 0.765765 0.586303 0.950119 0.936140 0.766444 0.408615 0.578127 0.105447 0.558794 0.530604 0.365744 0.375613 0.500125 0.680967 0.604606 0.562189 0.257104 0.851942 0.008814 0.332415 0.727265 0.304467 0.846388 0.340387 0.869065 0.911200 0.603635 0.649339 0.136036 0.924172 0.590406 0.365474 0.901519 0.155336 0.154720 0.737448 0.882945 0.421533 0.534964 0.486409 0.785145 0.887774 0.603024 0.795141 0.050531 0.084972 0.701594 0.609070 0.339528 0.130155 0.525905 0.861116 0.867026 0.245231 0.400863 0.553003 0.219486 0.810005 0.161866 0.880965 0.575391 0.092641 0.295995 0.165657 0.349468 0.601621 0.800042 0.116918 0.033942 0.464135 0.078736 0.054604 0.116910 0.672643 0.159491 0.582296 0.489923 0.510623 0.102716 0.214055 0.292591 0.896178 0.932603 0.571548 0.472058 0.783772 0.094372 0.822219 0.350175 0.992054 0.094360 0.387968 0.679415 0.171348 0.310409 0.461473 0.279430 0.092159 0.310717 0.668174 0.070102 0.828269 0.451562 0.762391 0.355144 0.357940 0.223387 0.497348 0.390972 0.327645 0.867209 0.264287 0.299217 0.143916 0.117893 0.293997 0.273720 0.381077 0.448797 0.827310 0.681468 0.399628 0.331881 0.018651 0.576755 0.246256 0.842227 0.125321 0.196351 0.609410 0.055505 0.736682 0.844837 0.708183 0.847541 0.947090 0.263913 0.877192 0.848400 0.909295 0.037059 0.070283 0.043288 0.572232 0.811281 0.207548 0.822967 0.456343 0.203326 0.491214 0.596582 0.802389 0.906889 0.228362 0.739573 0.811852 0.841867 0.940019 0.628211 0.160932 0.307427 0.048027 0.894019 0.607575 0.969006 0.510061 0.540772 0.201407 0.984387 0.162699 0.543614 0.104002 0.335969 0.674781 0.173175 0.682698 0.018654 0.461866 0.785582 0.497541 0.282942 0.644526 0.321510 0.403854 0.635582 0.336164 0.811890 0.916400 0.269860 0.121056 0.486069 0.494169 0.175417 0.694538 0.183133 0.308112 0.942355 0.317741 0.754694 0.999992 0.832621 0.968850 0.601405 0.532956 0.838448 0.293865 0.572805 0.527913 0.574042 0.878683 0.225593 0.543616 0.119088 0.025884 0.876372 0.468657 0.198346 0.502166 0.965187 0.858421 0.686737 0.675472 0.193806 0.016823 0.739860 0.672453 0.106978 0.477222 0.428252 0.868536 0.664000 0.003958 0.719700 0.780063 0.187043 0.932938 0.307076 0.002014 0.501559 0.072600 0.694883 0.177887 0.143509 0.997353 0.098466 0.368150 0.867147 0.089113 0.096268 0.010794 0.040200 0.367031 0.862837 0.631920 0.489904 0.996545 0.917662 0.051459 0.232002 0.877450 0.142865 0.801393 0.934080 0.090798 0.639202 0.523061 0.935427 0.077980 0.677847 0.880569 0.107930 0.769264 0.452302 0.938270 0.169497
0.056665 0.933022 0.149377 0.654967 0.174474 0.483030 0.175583 0.149064 0.809662 0.052618 0.838594 0.637532 0.762566 0.729633 0.541057 0.006129 0.760911 0.363102 0.009496 0.038563 0.124218 0.849475 0.050228 0.778400 0.848076 0.899295 0.692438 0.806148 0.183425 0.662312 0.254097 0.287066 0.185992 0.506541 0.886157 0.846492 0.617468 0.155626 0.608400 0.567622 0.510861 0.653048 0.610123 0.739677 0.360261 0.476839 0.029240 0.816661 0.008706 0.339446 0.891762 0.328701 0.343915 0.591277 0.889346 0.383469 0.202083 0.475502 0.911356 0.456996 0.979103 0.072743 0.315277 0.347995 0.323120 0.575576 0.696451 0.799912 0.758854 0.183706 0.600713 0.144350 0.620299 0.149293 0.691989 0.879843 0.365575 0.392799 0.161247 0.791784 0.794076 0.821756 0.034705 0.374434 0.481414 0.417611 0.013844 0.231346 0.220251 0.481368 0.733344 0.284071 0.543256 0.805126 0.167013 0.710049 0.847201 0.908040 0.441876 0.004741 0.369903 0.049500 0.527857 0.976861 0.846836 0.828755 0.342029 0.677374 0.592184 0.794368 0.669714 0.503323 0.809483 0.612700 0.193550 0.833455 0.228785 0.889614 0.397985 0.763520 0.247812 0.736330 0.458896 0.652085 0.119732 0.107920 0.581714 0.500094 0.838380 0.541252 0.683928 0.463193 0.347170 0.614167 0.976642 0.608997 0.636211 0.865028 0.059957 0.277433 0.547316 0.030679 0.672321 0.067625 0.613943 0.621564 0.997299 0.704149 0.486846 0.040282 0.936734 0.522379 0.581537 0.256532 0.129700 0.520211 0.600038 0.470159 0.690340 0.836408 0.537998 0.126402 0.552529 0.457244 0.393679 0.475589 0.772605 0.804529 0.019366 0.492301 0.089689 0.278427 0.725162 0.734078 0.666917 0.458112 0.104882 0.236608 0.373097 0.216706 0.536957 0.015993 0.983163 0.866131 0.900677 0.780802 0.862968 0.359125 0.607111 0.316856 0.615838 0.530243 0.647027 0.859454 0.843257 0.909025 0.313236 0.573683 0.741847 0.056639 0.872033 0.152634 0.941059 0.126829 0.656918 0.114772 0.182381 0.851795 0.536713 0.508707 0.791063 0.350730 0.114348 0.865491 0.674509 0.407391 0.658594 0.203572 0.518318 0.766159 0.329929 0.277145 0.148893 0.367085 0.643107 0.865181 0.661055 0.536836 0.267056 0.969115 0.106222 0.150190 0.325713 0.057019 0.951277 0.991742 0.853679 0.155729 0.532798 0.515023 0.851006 0.605888 0.975783 0.664605 0.246551 0.349347 0.019799 0.712168 0.333972 0.530106 0.827246 0.304469 0.700499 0.934104 0.639757 0.434502 0.893144 0.465049 0.079882 0.056046 0.204345 0.747881 0.040102 0.976746 0.277943 0.273188 0.819359 0.628386 0.719727 0.083623 0.547399 0.152836 0.674070 0.538573 0.160741 0.683647 0.044390 0.548982 0.098778 0.002323 0.774120 0.474843 0.331739 0.487889 0.150419 0.036935 0.764418 0.379373 0.021896 0.728226 0.455515 0.047054 0.577003 0.006971 0.198060 0.297233 0.479049 0.267354 0.508632 0.717998
0.152496 0.379897 0.132652 0.787250 0.726671 0.083013 0.134980 0.536843 0.817007 0.307891 0.115557 0.403887 0.001107 0.157548 0.588360 0.182894 0.704794 0.140713 0.739196 0.224684 0.354461 0.227545 0.149466 0.313328 0.332589 0.652820 0.282497 0.373674 0.785210 0.742884 0.382660 0.498827 0.594260 0.596431 0.093818 0.049718 0.131873 0.897257 0.975838 0.230477 0.154359 0.143336 0.041460 0.335267 0.089649 0.044075 0.024900 0.785481 0.975312 0.338235 0.093603 0.770534 0.933736 0.736433 0.136929 0.401972 0.708488 0.488578 0.007169 0.467782 0.140262 0.484283 0.730521 0.263070 0.386440 0.135357 0.045788 0.767608 0.188162 0.318061 0.809363 0.546106 0.280826 0.031558 0.461434 0.360762 0.077243 0.737723 0.775167 0.885019 0.993333 0.439523 0.059086 0.977685 0.093211 0.642672 0.764505 0.225769 0.671572 0.711338 0.889811 0.501502 0.158300 0.909539 0.752922 0.663317 0.715657 0.312391 0.249008 0.378381 0.167711 0.992917 0.977638 0.812459 0.406754 0.469305 0.060812 0.093541 0.221230 0.338966 0.685965 0.700787 0.659063 0.548879 0.015050 0.310252 0.160770 0.404539 0.016895 0.827292 0.861486 0.974520 0.704915 0.457353 0.582045 0.422600 0.682550 0.009219 0.765903 0.526240 0.240182 0.979121 0.908968 0.913566 0.587790 0.563464 0.614363 0.108711 0.654273 0.044358 0.220729 0.936891 0.210742 0.805886 0.665139 0.639989 0.756990 0.775438 0.788606 0.089711 0.617265 0.416848 0.465894 0.748448 0.984710 0.913821 0.552770 0.639220 0.429334 0.770673 0.815516 0.227133 0.168693 0.472395 0.778750 0.496854 0.350897 0.640255 0.957837 0.550597 0.528755 0.761746 0.494828 0.227496 0.831054 0.759866 0.904439 0.417921 0.198385 0.772120 0.738501 0.672010 0.660091 0.906262 0.311998 0.183541 0.037531 0.149246 0.426187 0.892468 0.551309 0.120379 0.546780 0.409749 0.782449 0.676093 0.445149 0.561879 0.795171 0.107597 0.308626 0.592912 0.561028 0.603287 0.317644 0.080235 0.313498 0.070152 0.713235 0.112722 0.346547 0.704647 0.860501 0.688756 0.855052 0.729376 0.267195 0.426048 0.552742 0.005194 0.117181 0.351369 0.864953 0.594156 0.400295 0.262439 0.730286 0.325075 0.822002 0.096983 0.032952 0.104323 0.796913 0.660141 0.445788 0.750353 0.043717 0.970211 0.802850 0.169139 0.713149 0.242987 0.175420 0.943977 0.332001 0.624508 0.530695 0.442244 0.606485 0.118893 0.781782 0.813050 0.638669 0.533981 0.704505 0.163131 0.598183 0.888780 0.302324 0.226113 0.700951 0.371276 0.047466 0.492681 0.295825 0.881895 0.963934 0.361256 0.186888 0.261647 0.254087 0.592740 0.151021 0.755094 0.255426 0.981233 0.840082 0.842574 0.162136 0.221259 0.141665 0.860840 0.465124 0.271016 0.260759 0.516502 0.546169 0.392151 0.615806 0.755544 0.037048 0.339630 0.056578 0.875005 0.947402 0.893591 0.203846 0.786132 0.104559 0.878055
0.973140 0.284350 0.613347 0.340215 0.371151 0.140419 0.660543 0.357289 0.117843 0.887043 0.573477 0.429739 0.982915 0.702404 0.279859 0.638016 0.785024 0.611391 0.295685 0.645813 0.856988 0.367464 0.639886 0.886989 0.241400 0.906936 0.410946 0.140757 0.072889 0.767153 0.604696 0.474703 0.871269 0.304551 0.736175 0.702016 0.206440 0.636357 0.178036 0.897592 0.377250 0.086893 0.652601 0.954528 0.189588 0.117188 0.671783 0.899761 0.905253 0.133007 0.737847 0.778246 0.346928 0.058026 0.234526 0.193383 0.204399 0.557749 0.261051 0.754478 0.458878 0.853091 0.913106 0.295557 0.488413 0.077081 0.057301 0.372676 0.160723 0.260582 0.287240 0.844363 0.920100 0.305720 0.096925 0.680237 0.992276 0.392615 0.833873 0.984017 0.785865 0.830438 0.878232 0.522001 0.689120 0.177343 0.934359 0.992481 0.670031 0.373403 0.544001 0.965662 0.686214 0.884770 0.491254 0.146749 0.620799 0.944512 0.840723 0.607584 0.538792 0.310869 0.674306 0.823771 0.297657 0.624430 0.672288 0.093475 0.406544 0.849016 0.783197 0.864371 0.895914 0.917053 0.085422 0.771486 0.729679 0.472922 0.204095 0.859639 0.731853 0.535606 0.887445 0.100280 0.622057 0.453831 0.723511 0.741268 0.560349 0.197303 0.434254 0.294110 0.823862 0.099319 0.158219 0.238918 0.881035 0.314321 0.254490 0.556945 0.525009 0.267251 0.863536 0.806350 0.585918 0.402530 0.749799 0.620400 0.637208 0.020994 0.210501 0.852174 0.822381 0.101566 0.873804 0.538498 0.263253 0.059945 0.470561 0.198287 0.207034 0.773782 0.338200 0.270092 0.423791 0.727388 0.850657 0.331887 0.886355 0.183965 0.149380 0.077273 0.806597 0.952220 0.545096 0.156877 0.352200 0.070972 0.240627 0.398707 0.308251 0.070447 0.302280 0.674363 0.395978 0.795022 0.983853 0.469234 0.285438 0.187136 0.882122 0.227340 0.453412 0.721931 0.479894 0.348848 0.573476 0.216287 0.875090 0.706711 0.077613 0.022595 0.057151 0.197803 0.892509 0.449826 0.535200 0.228075 0.509771 0.522316 0.072272 0.224589 0.523203 0.179019 0.060811 0.267128 0.287997 0.982723 0.098484 0.307959 0.482762 0.016440 0.518247 0.994571 0.481607 0.224470 0.935693 0.867211 0.586826 0.822966 0.523407 0.644326 0.390607 0.160067 0.075825 0.471718 0.595856 0.666555 0.564626 0.953303 0.777584 0.660411 0.018022 0.253493 0.089180 0.671067 0.189889 0.492523 0.407218 0.432367 0.558605 0.780239 0.794904 0.243536 0.429348 0.357746 0.599016 0.936934 0.282562 0.469382 0.317725 0.921264 0.332776 0.358059 0.709103 0.073527 0.969912 0.197896 0.287676 0.026735 0.402427 0.700226 0.311685 0.657092 0.445770 0.536060 0.816749 0.002040 0.667422 0.669184 0.025861 0.923047 0.424709 0.998903 0.754505 0.174392 0.055705 0.911361 0.093658 0.119183 0.945420 0.998421 0.992209 0.858523 0.679056 0.469537 0.719443 0.620540 0.616652 0.169488
0.882643 0.418338 0.500839 0.959343 0.950536 0.506593 0.337638 0.928999 0.586257 0.429879 0.488917 0.452847 0.863279 0.685218 0.553195 0.512621 0.943898 0.258973 0.495239 0.442092 0.943588 0.860875 0.344024 0.597921 0.082021 0.566986 0.070219 0.610609 0.338544 0.238971 0.153885 0.936781 0.443389 0.075316 0.639508 0.958244 0.806765 0.693450 0.359296 0.712406 0.663078 0.054620 0.047952 0.176292 0.919628 0.210465 0.053160 0.778886 0.721725 0.902572 0.600183 0.254593 0.706930 0.992403 0.670746 0.189201 0.578757 0.305200 0.296410 0.605981 0.493096 0.202362 0.626040 0.704449 0.473545 0.065176 0.425290 0.699859 0.994516 0.336452 0.161695 0.893688 0.103334 0.498951 0.458184 0.365355 0.721587 0.943790 0.985694 0.918087 0.254034 0.007473 0.617238 0.386571 0.968815 0.735990 0.660934 0.342675 0.090433 0.065250 0.052065 0.840632 0.783998 0.022302 0.995245 0.273457 0.757347 0.994562 0.240697 0.110613 0.293168 0.760084 0.582055 0.665340 0.402337 0.594051 0.561995 0.322173 0.871700 0.244727 0.344149 0.677718 0.408461 0.734503 0.680532 0.831867 0.295819 0.954035 0.467693 0.877086 0.422217 0.493313 0.010467 0.301299 0.535589 0.460784 0.494994 0.289492 0.509594 0.982057 0.643707 0.277584 0.640189 0.157559 0.620461 0.937191 0.183282 0.042434 0.995857 0.998851 0.060724 0.651478 0.021613 0.893743 0.401849 0.143955 0.866844 0.372821 0.355717 0.160764 0.407185 0.669932 0.053223 0.493119 0.498043 0.512846 0.782260 0.515940 0.900200 0.020323 0.477892 0.342556 0.771457 0.386423 0.962976 0.928769 0.951409 0.058824 0.031288 0.226686 0.188629 0.228551 0.935734 0.541244 0.895337 0.287210 0.800117 0.357257 0.686348 0.235828 0.515533 0.238231 0.336915 0.340382 0.544542 0.459280 0.883922 0.406428 0.129370 0.335217 0.541337 0.581869 0.789223 0.325999 0.796254 0.294296 0.033493 0.423668 0.000117 0.462468 0.113987 0.725025 0.964446 0.712978 0.177934 0.312155 0.731348 0.452462 0.203217 0.231242 0.006765 0.107566 0.070538 0.504822 0.986351 0.282434 0.751995 0.390141 0.049407 0.145616 0.290646 0.919828 0.129525 0.396836 0.630123 0.840516 0.594418 0.328101 0.311511 0.770473 0.586333 0.622878 0.011024 0.753156 0.603633 0.515881 0.462906 0.603107 0.968532 0.864215 0.734204 0.908479 0.677432 0.960593 0.263345 0.504780 0.703139 0.303373 0.198570 0.592239 0.173122 0.573723 0.497484 0.663240 0.562354 0.718337 0.803135 0.334750 0.809444 0.124895 0.194707 0.052259 0.732166 0.908677 0.053746 0.939300 0.637670 0.793448 0.764691 0.346888 0.506537 0.634154 0.767221 0.472085 0.491543 0.315100 0.687612 0.503003 0.065827 0.837688 0.919866 0.709501 0.326585 0.390018 0.785864 0.188837 0.357811 0.179474 0.973753 0.081017 0.939896 0.494283 0.214063 0.594097 0.089855 0.259264 0.218000 0.143806 0.214837 0.288977
0.373826 0.423095 0.699246 0.264607 0.363940 0.902344 0.166648 0.383354 0.671260 0.673015 0.247884 0.121749 0.155543 0.610802 0.331483 0.589462 0.128082 0.507131 0.419806 0.478636 0.704541 0.201952 0.133748 0.699506 0.080596 0.776092 0.643575 0.769861 0.097436 0.556744 0.110142 0.777284 0.600715 0.885439 0.260795 0.831676 0.183515 0.620437 0.344811 0.409534 0.608519 0.147959 0.935840 0.112712 0.592699 0.979976 0.089691 0.072222 0.754625 0.675011 0.945549 0.780979 0.936559 0.084963 0.819104 0.100774 0.696546 0.724189 0.420512 0.011686 0.776137 0.318619 0.943426 0.382870 0.359716 0.811571 0.549553 0.212452 0.339444 0.845343 0.738821 0.338585 0.766281 0.001470 0.112159 0.290951 0.302898 0.586216 0.704762 0.989331 0.421286 0.587101 0.492654 0.864132 0.297058 0.899487 0.201509 0.971240 0.729013 0.805777 0.067451 0.472366 0.838197 0.926109 0.987021 0.405409 0.030104 0.882363 0.709984 0.581293 0.115494 0.712691 0.114643 0.466950 0.792967 0.351196 0.900134 0.037855 0.450191 0.636641 0.135683 0.825339 0.994694 0.284178 0.159962 0.496038 0.373314 0.929878 0.109785 0.490318 0.375128 0.746490 0.873447 0.767656 0.955593 0.651353 0.917943 0.663755 0.617068 0.620310 0.400607 0.502940 0.267005 0.152428 0.432301 0.366222 0.889471 0.997138 0.461822 0.412163 0.234715 0.318431 0.567329 0.060710 0.812403 0.962638 0.329200 0.127412 0.238444 0.664635 0.733831 0.661517 0.852609 0.180107 0.221918 0.422341 0.468765 0.977527 0.141002 0.612300 0.861272 0.516506 0.705413 0.118591 0.843843 0.721830 0.417461 0.509002 0.764439 0.621469 0.525972 0.931742 0.089799 0.662177 0.093537 0.119351 0.039118 0.086506 0.514602 0.232867 0.920997 0.245749 0.771858 0.964151 0.835257 0.331669 0.282655 0.344054 0.599937 0.964147 0.591334 0.988720 0.398149 0.467312 0.803592 0.441544 0.706276 0.231908 0.780947 0.152031 0.749804 0.295076 0.763045 0.315949 0.255018 0.199513 0.952217 0.671481 0.945381 0.658512 0.680976 0.171523 0.374885 0.468607 0.832426 0.196960 0.509834 0.452766 0.151756 0.593474 0.765132 0.497606 0.363558 0.582259 0.065823 0.379170 0.774187 0.828040 0.020231 0.017732 0.149553 0.927300 0.438844 0.089228 0.253669 0.882557 0.683558 0.660009 0.050308 0.757108 0.043034 0.318291 0.353850 0.117679 0.471857 0.454726 0.731332 0.430447 0.500140 0.568933 0.957972 0.108367 0.425548 0.969161 0.883051 0.851178 0.520638 0.590000 0.138765 0.835876 0.223283 0.790334 0.044963 0.105953 0.650643 0.917602 0.864719 0.058250 0.257704 0.211195 0.109931 0.921151 0.645990 0.730021 0.328980 0.238600 0.149422 0.261627 0.755099 0.502313 0.005811 0.743860 0.174149 0.196215 0.213935 0.611487 0.198501 0.324363 0.066322 0.249047 0.208826 0.164944 0.721853 0.657620 0.013932 0.936422 0.371343 0.161903 0.849068 0.434407
0.522527 0.101222 0.899835 0.231045 0.432427 0.915541 0.248923 0.829701 0.881219 0.222628 0.513577 0.256168 0.849440 0.955577 0.197452 0.935509 0.262676 0.849826 0.713527 0.315131 0.646687 0.431800 0.152260 0.257887 0.950468 0.217923 0.278191 0.930279 0.168535 0.257010 0.504228 0.427139 0.569086 0.403285 0.822221 0.493321 0.146154 0.552862 0.395638 0.822824 0.148597 0.836745 0.326094 0.542660 0.616298 0.941449 0.462398 0.217878 0.922831 0.054645 0.465544 0.820409 0.774068 0.166630 0.395029 0.472720 0.394362 0.712661 0.891504 0.339282 0.958345 0.624165 0.557447 0.878462 0.266414 0.012620 0.685977 0.360563 0.370185 0.658288 0.641400 0.973870 0.823983 0.919703 0.681394 0.024001 0.814028 0.819193 0.964125 0.795000 0.894053 0.928335 0.888825 0.801208 0.886124 0.785943 0.621243 0.695661 0.135687 0.519647 0.053750 0.231919 0.923477 0.678436 0.638668 0.332774 0.139564 0.831309 0.314914 0.789823 0.891299 0.577673 0.018073 0.566300 0.692129 0.941348 0.601757 0.759033 0.498982 0.857788 0.734907 0.043964 0.469026 0.261758 0.527961 0.234346 0.745230 0.531436 0.647661 0.518630 0.052490 0.356534 0.881539 0.826254 0.744558 0.390712 0.561734 0.075153 0.070671 0.403770 0.110743 0.639352 0.950243 0.590995 0.586923 0.893505 0.157763 0.121178 0.256214 0.485254 0.331675 0.260454 0.918200 0.991869 0.232441 0.452014 0.683362 0.541077 0.229487 0.202126 0.347108 0.705879 0.736220 0.780422 0.268336 0.367429 0.978650 0.677041 0.840899 0.360111 0.277261 0.024023 0.218739 0.300742 0.034730 0.757142 0.383357 0.193472 0.335058 0.884311 0.554299 0.527109 0.895454 0.398906 0.084322 0.821439 0.696709 0.201410 0.341337 0.023975 0.925244 0.415130 0.041623 0.147902 0.714891 0.451203 0.040381 0.566624 0.526782 0.425648 0.931092 0.987860 0.196320 0.016093 0.298098 0.166870 0.779216 0.929182 0.109769 0.063301 0.135220 0.678034 0.891954 0.789952 0.514270 0.611766 0.673521 0.225236 0.117983 0.391922 0.475388 0.600189 0.586252 0.882665 0.096667 0.549016 0.812864 0.871646 0.244029 0.202483 0.879661 0.363029 0.180331 0.886940 0.309172 0.238394 0.509549 0.698682 0.752748 0.994930 0.641610 0.470936 0.038859 0.411548 0.656549 0.401261 0.725494 0.204250 0.140439 0.144221 0.438329 0.791793 0.000373 0.020003 0.148563 0.162150 0.922490 0.716122 0.312094 0.419025 0.455659 0.020782 0.540891 0.262121 0.216656 0.651305 0.184407 0.326543 0.775977 0.646941 0.744691 0.885790 0.423436 0.179854 0.805598 0.336739 0.086810 0.629492 0.775829 0.109734 0.259227 0.448861 0.569029 0.299294 0.675152 0.065308 0.825635 0.527940 0.013478 0.603985 0.970744 0.754003 0.308733 0.049609 0.923054 0.494570 0.292911 0.276205 0.441933 0.864332 0.489627 0.836273 0.037830 0.682925 0.442025 0.131597 0.958090 0.708129 0.892976 0.345659
0.377543 0.588300 0.673118 0.473643 0.825290 0.042646 0.533173 0.165941 0.659022 0.892767 0.337831 0.462945 0.579112 0.999322 0.838998 0.037040 0.057027 0.343260 0.267742 0.551556 0.342404 0.976039 0.854492 0.294608 0.318102 0.125222 0.523023 0.331723 0.517891 0.019430 0.734314 0.920019 0.878475 0.990717 0.110289 0.537245 0.200706 0.081398 0.540727 0.596360 0.968387 0.719348 0.699060 0.332621 0.782126 0.718864 0.289241 0.902770 0.263088 0.331009 0.283625 0.767589 0.065626 0.912839 0.850221 0.904709 0.804192 0.381582 0.253998 0.894930 0.063979 0.692943 0.391700 0.707899 0.789495 0.871445 0.706747 0.068473 0.706803 0.679791 0.532802 0.839149 0.053165 0.084823 0.672102 0.212668 0.602752 0.167739 0.940320 0.290602 0.352211 0.673815 0.129847 0.176404 0.058005 0.456823 0.237375 0.828548 0.798742 0.248633 0.121783 0.498068 0.232017 0.738988 0.666329 0.489702 0.657001 0.373607 0.674807 0.259173 0.660181 0.322433 0.071592 0.546637 0.405493 0.809296 0.212929 0.207138 0.686377 0.117032 0.680149 0.469315 0.542868 0.175601 0.197607 0.297540 0.043028 0.871205 0.678162 0.861214 0.104967 0.168545 0.609259 0.674522 0.145804 0.297746 0.004118 0.895283 0.370014 0.418338 0.834491 0.642896 0.534696 0.153866 0.504695 0.207448 0.998275 0.481056 0.903839 0.544459 0.390221 0.676715 0.028525 0.461974 0.432097 0.562608 0.307753 0.461058 0.359137 0.952223 0.437912 0.553879 0.019293 0.539509 0.230222 0.181239 0.802369 0.347296 0.196253 0.051379 0.220898 0.378778 0.363162 0.534736 0.349953 0.042202 0.821429 0.955838 0.725333 0.168010 0.846578 0.725215 0.372452 0.615625 0.909000 0.643322 0.833172 0.639916 0.096162 0.096738 0.059875 0.534984 0.043075 0.722571 0.900167 0.193160 0.910244 0.274783 0.081443 0.990674 0.853573 0.747810 0.348263 0.087370 0.305408 0.513168 0.926432 0.286258 0.181946 0.698275 0.293401 0.295286 0.143139 0.728341 0.978756 0.228080 0.544986 0.213215 0.402385 0.697530 0.468434 0.775335 0.587163 0.301709 0.639263 0.048459 0.425554 0.635339 0.571435 0.259963 0.978083 0.893302 0.085063 0.084263 0.850420 0.073487 0.342936 0.642332 0.247035 0.884207 0.884927 0.267056 0.349598 0.733472 0.209312 0.174637 0.859454 0.198195 0.037723 0.121003 0.131304 0.844321 0.379610 0.294357 0.313015 0.044393 0.958202 0.637826 0.202611 0.513559 0.004768 0.652369 0.330656 0.581372 0.052786 0.543790 0.102170 0.683520 0.584098 0.840709 0.156158 0.789061 0.798914 0.062340 0.859516 0.381185 0.699483 0.088186 0.421195 0.068380 0.363961 0.956100 0.036750 0.620117 0.683705 0.815014 0.383321 0.233500 0.846585 0.186347 0.398436 0.776067 0.988963 0.227542 0.050764 0.211044 0.377709 0.850700 0.046534 0.098998 0.743355 0.633891 0.599769 0.494475 0.243817 0.187711 0.290295 0.010564 0.208148 0.693156
0.946693 0.200113 0.322663 0.074653 0.528571 0.949219 0.110636 0.291464 0.262432 0.796802 0.815703 0.253623 0.009379 0.799729 0.397028 0.611868 0.820040 0.133765 0.737699 0.493681 0.896164 0.650549 0.093966 0.243645 0.177937 0.046241 0.088995 0.912081 0.515544 0.857364 0.868989 0.655182 0.625574 0.534603 0.752087 0.479442 0.456343 0.326495 0.809858 0.714406 0.629070 0.133894 0.143834 0.950846 0.306433 0.475201 0.791458 0.483477 0.365721 0.749299 0.341411 0.995981 0.681120 0.179054 0.190061 0.253126 0.183748 0.325711 0.820062 0.796227 0.628053 0.855859 0.270868 0.734321 0.052467 0.330236 0.152828 0.550577 0.718789 0.054413 0.520285 0.057729 0.993013 0.625525 0.417911 0.150542 0.430418 0.892752 0.194461 0.012848 0.608467 0.290804 0.639036 0.147955 0.663106 0.438268 0.834017 0.760192 0.699206 0.309188 0.341192 0.534636 0.417423 0.839257 0.595085 0.446578 0.679953 0.947184 0.987503 0.268688 0.301644 0.933690 0.090242 0.554911 0.454246 0.319630 0.435645 0.795101 0.587922 0.352197 0.159728 0.742544 0.979067 0.135594 0.601339 0.808939 0.815230 0.978951 0.293838 0.720628 0.418546 0.356573 0.059627 0.286534 0.876889 0.242106 0.789847 0.842696 0.338140 0.336967 0.559558 0.289526 0.999537 0.739168 0.015054 0.023891 0.128839 0.148122 0.731793 0.086447 0.538031 0.807844 0.539151 0.207652 0.101860 0.825084 0.234236 0.902517 0.252860 0.946308 0.218187 0.095169 0.239076 0.527518 0.698151 0.825090 0.093686 0.696933 0.924634 0.636619 0.182283 0.134146 0.727093 0.168211 0.922409 0.849854 0.033723 0.717913 0.294388 0.137553 0.058091 0.487844 0.899887 0.767688 0.642994 0.208186 0.009080 0.095277 0.112781 0.091667 0.107820 0.513559 0.475932 0.131241 0.476906 0.140031 0.553255 0.690404 0.153931 0.661530 0.320716 0.767892 0.196370 0.558119 0.664168 0.684246 0.361015 0.943741 0.042244 0.406607 0.970448 0.951658 0.735736 0.453044 0.606289 0.784106 0.047604 0.342398 0.790177 0.734436 0.199954 0.432497 0.258617 0.279484 0.727862 0.467516 0.605873 0.843101 0.531384 0.507795 0.067689 0.058658 0.183472 0.351161 0.334972 0.926979 0.189733 0.667567 0.774782 0.483741 0.041355 0.671602 0.955904 0.321563 0.428661 0.648576 0.355092 0.156408 0.306536 0.702353 0.504517 0.388088 0.646194 0.333757 0.483618 0.729596 0.828755 0.288033 0.874174 0.686085 0.695782 0.720835 0.605480 0.370673 0.827025 0.801999 0.390450 0.712389 0.235176 0.426457 0.776756 0.077015 0.071282 0.119002 0.370188 0.733335 0.690005 0.744660 0.937190 0.029383 0.543626 0.749006 0.167429 0.859611 0.071085 0.126496 0.535984 0.568724 0.824962 0.132164 0.697285 0.639182 0.582983 0.271112 0.851203 0.900807 0.771327 0.326309 0.074727 0.820557 0.903216 0.118367 0.812638 0.633140 0.192870 0.964816 0.448623 0.213980 0.903727 0.437646
0.045888 0.451396 0.918315 0.993636 0.697359 0.154468 0.224885 0.470581 0.268344 0.673863 0.220580 0.429620 0.306865 0.964336 0.824166 0.536814 0.541391 0.445348 0.347359 0.347354 0.493989 0.139553 0.488490 0.656107 0.294471 0.951845 0.773892 0.904968 0.664255 0.204915 0.688597 0.563910 0.348569 0.766931 0.797641 0.475972 0.883919 0.250839 0.705232 0.174420 0.165771 0.488176 0.503992 0.366938 0.182313 0.138271 0.599442 0.655635 0.062607 0.409726 0.259844 0.611404 0.095599 0.524361 0.366663 0.311824 0.226747 0.941963 0.831698 0.668776 0.411946 0.589316 0.561235 0.982700 0.374151 0.652797 0.751692 0.614685 0.966945 0.159822 0.622710 0.265170 0.640622 0.857402 0.959592 0.331009 0.512128 0.914611 0.487828 0.510980 0.092172 0.870686 0.824449 0.853237 0.202560 0.425418 0.831066 0.596251 0.277794 0.014384 0.293642 0.004530 0.564708 0.599665 0.956625 0.316105 0.279268 0.329085 0.702700 0.861342 0.774862 0.318446 0.951712 0.891895 0.966029 0.755256 0.188564 0.705196 0.664334 0.318723 0.858032 0.821372 0.400418 0.355077 0.133918 0.215314 0.753346 0.988598 0.771111 0.738502 0.389132 0.849372 0.519364 0.842787 0.640988 0.278031 0.192490 0.259514 0.715327 0.477088 0.606879 0.966149 0.976812 0.849521 0.303786 0.757776 0.675158 0.078646 0.574737 0.978244 0.780791 0.566200 0.373825 0.659553 0.068945 0.148219 0.688645 0.927206 0.597306 0.976400 0.135295 0.101440 0.396094 0.529155 0.212101 0.928421 0.614780 0.480733 0.569441 0.164423 0.773443 0.695737 0.614508 0.847584 0.432890 0.511381 0.684095 0.955001 0.479714 0.611717 0.740553 0.791520 0.708098 0.057747 0.343453 0.524692 0.239263 0.441647 0.364711 0.325628 0.764145 0.487586 0.044054 0.402873 0.178988 0.476976 0.338658 0.445712 0.178951 0.511555 0.869150 0.685936 0.187028 0.330190 0.722556 0.493215 0.147697 0.219222 0.881328 0.474487 0.718267 0.298502 0.817471 0.740069 0.637025 0.536770 0.909434 0.856153 0.991274 0.358299 0.774111 0.321748 0.256013 0.214797 0.726120 0.999463 0.497106 0.192732 0.877701 0.690315 0.765425 0.230940 0.963390 0.831936 0.608805 0.214937 0.270923 0.595918 0.596761 0.279371 0.564884 0.635644 0.854230 0.022893 0.943915 0.911683 0.095818 0.694289 0.604944 0.283001 0.494997 0.706992 0.160209 0.902296 0.174511 0.748718 0.112887 0.582703 0.003728 0.787208 0.045198 0.312600 0.619791 0.597519 0.868012 0.294671 0.927647 0.461835 0.468366 0.439160 0.077691 0.848933 0.544203 0.351082 0.021256 0.498770 0.806202 0.171502 0.017328 0.869354 0.875727 0.499416 0.397660 0.405467 0.557427 0.051734 0.684793 0.268618 0.317358 0.461023 0.744946 0.785639 0.956073 0.985177 0.593437 0.693032 0.093458 0.894614 0.575386 0.926709 0.082647 0.663382 0.215612 0.952779 0.637944 0.827853 0.554250 0.373524 0.566145 0.174192
0.049948 0.535430 0.913413 0.653556 0.455887 0.793916 0.109378 0.290133 0.111695 0.165241 0.574693 0.175885 0.858588 0.645803 0.604432 0.988827 0.357072 0.369530 0.703013 0.405113 0.555711 0.743779 0.065287 0.741522 0.190148 0.127179 0.912119 0.270420 0.181155 0.195040 0.867267 0.729383 0.740867 0.496376 0.088997 0.854353 0.184628 0.903959 0.794687 0.815463 0.194845 0.580985 0.703622 0.600531 0.911780 0.256453 0.825700 0.565133 0.264760 0.889089 0.683245 0.279770 0.869613 0.191090 0.309572 0.838574 0.673011 0.181095 0.742587 0.528087 0.727993 0.586231 0.891287 0.972212 0.649710 0.643943 0.646184 0.753450 0.207610 0.599893 0.656112 0.941420 0.116012 0.876525 0.205409 0.879546 0.919038 0.408419 0.716884 0.763665 0.267948 0.010889 0.683248 0.929083 0.900587 0.143241 0.669927 0.100533 0.720422 0.614350 0.790994 0.017841 0.039508 0.371119 0.798344 0.632846 0.974835 0.142447 0.558405 0.434673 0.813697 0.461332 0.542217 0.893383 0.993155 0.652693 0.290951 0.205321 0.156360 0.344298 0.865569 0.250735 0.346584 0.806376 0.912134 0.891611 0.920641 0.432802 0.069656 0.754970 0.053416 0.746684 0.046604 0.503112 0.983410 0.571559 0.898611 0.164290 0.532836 0.139603 0.983731 0.994844 0.321774 0.113783 0.849873 0.834642 0.318673 0.312306 0.800007 0.944368 0.168274 0.960881 0.877282 0.510415 0.496243 0.519903 0.221833 0.951317 0.130805 0.550563 0.151269 0.461438 0.703774 0.759053 0.851803 0.464017 0.211382 0.264629 0.569613 0.842895 0.101467 0.965638 0.419048 0.742412 0.122638 0.771659 0.814879 0.575821 0.027231 0.742622 0.794238 0.757792 0.243967 0.327697 0.984660 0.406556 0.589184 0.800803 0.301232 0.149209 0.112526 0.874034 0.919329 0.182232 0.224554 0.102771 0.045482 0.533729 0.189077 0.176057 0.368412 0.469472 0.670325 0.649224 0.904845 0.401636 0.599825 0.307648 0.100317 0.661509 0.498382 0.567909 0.651856 0.730679 0.867130 0.643588 0.591604 0.480093 0.486478 0.083074 0.306808 0.903609 0.603249 0.065008 0.501195 0.395329 0.020687 0.580350 0.985386 0.295099 0.990379 0.492782 0.694206 0.538011 0.556394 0.560076 0.778231 0.111347 0.294198 0.088961 0.525917 0.819243 0.512646 0.026512 0.196784 0.589597 0.112489 0.785611 0.944927 0.957335 0.476200 0.722010 0.498535 0.286249 0.825213 0.492040 0.883232 0.029603 0.292802 0.916894 0.508130 0.595118 0.846392 0.745265 0.783482 0.366507 0.990158 0.317885 0.368869 0.344930 0.384128 0.071867 0.973216 0.435635 0.949106 0.102775 0.487176 0.552294 0.262289 0.569402 0.814479 0.662790 0.079990 0.145982 0.345841 0.576672 0.720257 0.002296 0.330912 0.881291 0.358400 0.190025 0.350253 0.778254 0.208171 0.262880 0.024364 0.494930 0.976479 0.547551 0.189955 0.609818 0.730194 0.233265 0.423446 0.252328 0.654813 0.885571 0.356038 0.877092
0.757425 0.623588 0.453517 0.376200 0.986815 0.848903 0.056882 0.637555 0.467141 0.263989 0.592005 0.066585 0.155020 0.879051 0.785572 0.621792 0.658468 0.789173 0.390838 0.537787 0.869974 0.362208 0.837701 0.710858 0.534648 0.540730 0.991053 0.503664 0.097940 0.490105 0.279003 0.631880 0.541952 0.741780 0.201947 0.621126 0.933944 0.792757 0.594348 0.442434 0.770171 0.593174 0.630036 0.168922 0.405010 0.351528 0.154227 0.691362 0.500164 0.943150 0.282244 0.502063 0.769722 0.553449 0.316692 0.705518 0.565706 0.687619 0.334175 0.108715 0.905736 0.487440 0.561594 0.232680 0.063236 0.080403 0.021675 0.933731 0.477445 0.197627 0.754856 0.877249 0.165985 0.439286 0.327313 0.736981 0.311794 0.293678 0.957040 0.012141 0.001511 0.851147 0.591099 0.170328 0.160229 0.244801 0.530181 0.397535 0.770511 0.558207 0.267509 0.608188 0.492204 0.860962 0.929686 0.277437 0.034586 0.858078 0.180272 0.149499 0.500952 0.157281 0.723592 0.563318 0.817797 0.132366 0.352241 0.747068 0.010353 0.658539 0.380789 0.033159 0.985526 0.237956 0.506172 0.876568 0.066916 0.222331 0.008649 0.063496 0.350141 0.598189 0.788174 0.906387 0.775727 0.861646 0.857576 0.296456 0.662522 0.750963 0.553499 0.072527 0.056590 0.292099 0.157281 0.607850 0.350403 0.608826 0.709133 0.602243 0.359451 0.008870 0.394551 0.907240 0.495322 0.954090 0.229537 0.192888 0.109889 0.461568 0.935048 0.482263 0.747829 0.268540 0.959688 0.768356 0.417465 0.089911 0.868283 0.670303 0.977922 0.591987 0.993210 0.495307 0.691926 0.500564 0.065137 0.023712 0.764459 0.982376 0.637848 0.642199 0.300934 0.675191 0.230544 0.759154 0.989204 0.883793 0.014002 0.109528 0.651966 0.546169 0.985015 0.207753 0.637031 0.430720 0.833743 0.871485 0.710054 0.287993 0.772573 0.954766 0.281098 0.047412 0.337240 0.176472 0.401539 0.205237 0.821766 0.952282 0.727399 0.930364 0.755045 0.674470 0.033558 0.658364 0.167306 0.721064 0.325022 0.686582 0.032070 0.077127 0.110770 0.802811 0.086779 0.939824 0.508569 0.665261 0.002207 0.698738 0.666034 0.641753 0.191989 0.573059 0.820559 0.551862 0.181800 0.111083 0.801821 0.271692 0.707035 0.196557 0.599877 0.720225 0.329383 0.983096 0.046736 0.108538 0.228124 0.709286 0.155262 0.984603 0.909486 0.851954 0.567441 0.123540 0.572602 0.485165 0.728261 0.074110 0.325514 0.824831 0.184658 0.937690 0.134853 0.415427 0.104378 0.752418 0.977065 0.812993 0.235810 0.261009 0.743681 0.799426 0.304386 0.957752 0.548532 0.454059 0.638276 0.298641 0.092839 0.508321 0.431015 0.256297 0.517539 0.273601 0.547525 0.996247 0.295893 0.620178 0.062683 0.934910 0.683425 0.291151 0.356694 0.961955 0.041338 0.153694 0.204313 0.381792 0.507248 0.528703 0.413761 0.157386 0.803643 0.071214 0.352914 0.050398 0.169136 0.726112
0.267365 0.720492 0.173696 0.853595 0.809184 0.030140 0.741557 0.985836 0.471077 0.357140 0.715640 0.259041 0.912587 0.655234 0.965793 0.430703 0.956160 0.477500 0.484730 0.944816 0.774827 0.841851 0.728036 0.689676 0.125336 0.857363 0.234025 0.659507 0.515604 0.484339 0.501278 0.611979 0.289155 0.125926 0.463209 0.830143 0.259266 0.455972 0.608017 0.979037 0.011037 0.355344 0.984925 0.300254 0.559068 0.751878 0.021763 0.576360 0.325878 0.133897 0.910170 0.999959 0.816747 0.618735 0.100432 0.056220 0.957076 0.402888 0.923437 0.767036 0.500725 0.818299 0.960069 0.905593 0.187407 0.354040 0.312968 0.850491 0.451221 0.109312 0.830877 0.008093 0.183372 0.134357 0.470588 0.434098 0.729522 0.808958 0.417918 0.031437 0.588129 0.565851 0.177791 0.578399 0.149940 0.899038 0.399253 0.565397 0.691204 0.006839 0.734071 0.976585 0.509008 0.638059 0.226533 0.164739 0.716683 0.159316 0.077562 0.249349 0.950979 0.622908 0.948647 0.401956 0.159134 0.854391 0.315980 0.102572 0.193795 0.581274 0.252028 0.386324 0.867817 0.138969 0.348138 0.287379 0.881946 0.908600 0.672017 0.118624 0.249846 0.027724 0.986264 0.028825 0.685118 0.514426 0.051984 0.207771 0.336938 0.675735 0.021685 0.858034 0.945293 0.934815 0.760310 0.966116 0.334915 0.154681 0.133842 0.371787 0.504412 0.721403 0.212349 0.594352 0.447835 0.662351 0.250225 0.053710 0.852036 0.360019 0.162088 0.881257 0.710627 0.685005 0.928704 0.200066 0.643228 0.129555 0.543593 0.413868 0.087334 0.470458 0.438565 0.847313 0.727460 0.361693 0.737902 0.511269 0.760031 0.989435 0.974228 0.685773 0.478568 0.384390 0.475250 0.126706 0.684603 0.026707 0.911255 0.969500 0.534452 0.432602 0.338548 0.675237 0.819576 0.767099 0.077137 0.251992 0.843701 0.349660 0.820238 0.965804 0.262017 0.812024 0.303845 0.220303 0.031580 0.552816 0.172947 0.868017 0.006698 0.154581 0.198079 0.572737 0.441396 0.541157 0.514700 0.670020 0.348097 0.664307 0.703991 0.468922 0.672988 0.847581 0.637937 0.111522 0.983789 0.486709 0.936390 0.459742 0.311530 0.689077 0.657998 0.387190 0.781855 0.719492 0.842515 0.744869 0.123627 0.584499 0.704754 0.868936 0.673879 0.925065 0.777826 0.248457 0.603205 0.064858 0.281730 0.522513 0.379717 0.558356 0.525276 0.140946 0.018464 0.023420 0.139016 0.980162 0.700333 0.772270 0.109699 0.937096 0.541956 0.134069 0.329212 0.299071 0.234192 0.387252 0.700466 0.021355 0.204999 0.947003 0.037772 0.211008 0.968422 0.828256 0.129267 0.827089 0.263494 0.400425 0.861581 0.345993 0.498040 0.030680 0.034657 0.374442 0.845433 0.749171 0.524625 0.433388 0.082870 0.757349 0.383197 0.248284 0.974933 0.639779 0.074775 0.074102 0.330509 0.253377 0.413606 0.790315 0.476204 0.644519 0.138666 0.989561 0.277791 0.198608 0.456922 0.204500
0.448349 0.033619 0.181511 0.246247 0.834783 0.344528 0.864283 0.924401 0.688721 0.405145 0.412872 0.399881 0.518113 0.225076 0.569287 0.344064 0.625905 0.635307 0.659235 0.857611 0.565035 0.586016 0.595110 0.792593 0.771467 0.902068 0.252429 0.098951 0.387716 0.151830 0.916066 0.806820 0.089017 0.942549 0.992390 0.994628 0.909418 0.181402 0.384778 0.798268 0.365939 0.533323 0.919412 0.164340 0.270639 0.298009 0.188946 0.871391 0.177370 0.606655 0.481932 0.763048 0.317530 0.634108 0.530939 0.433576 0.113454 0.580831 0.975152 0.233683 0.240156 0.971947 0.213502 0.179848 0.452529 0.518030 0.917282 0.884668 0.288253 0.197499 0.422326 0.016201 0.585103 0.292745 0.899426 0.116592 0.282880 0.389793 0.575927 0.692417 0.917040 0.472903 0.740308 0.702604 0.616894 0.609471 0.005186 0.501735 0.185752 0.513379 0.640262 0.789684 0.424017 0.522246 0.619168 0.964970 0.996523 0.275831 0.014692 0.289304 0.532065 0.997055 0.458083 0.484393 0.030055 0.811594 0.530525 0.894481 0.159263 0.298145 0.339650 0.730269 0.817104 0.819281 0.546374 0.258887 0.752208 0.762404 0.307812 0.155520 0.114479 0.447926 0.478957 0.382336 0.437311 0.831262 0.179685 0.842061 0.723034 0.302770 0.046687 0.726689 0.553093 0.427757 0.593867 0.265412 0.955920 0.272858 0.908136 0.599342 0.369290 0.636371 0.988320 0.760818 0.415321 0.552175 0.775889 0.797602 0.154301 0.149043 0.469812 0.205598 0.567003 0.661905 0.281823 0.825666 0.731848 0.660333 0.282577 0.185766 0.153511 0.685936 0.918723 0.642930 0.778236 0.220835 0.164763 0.996029 0.986552 0.904372 0.799707 0.672554 0.580753 0.821441 0.792456 0.157780 0.320201 0.142554 0.762660 0.242320 0.105486 0.595092 0.145204 0.258613 0.220511 0.126094 0.615161 0.143151 0.585498 0.999213 0.310807 0.773154 0.367761 0.207158 0.549189 0.034268 0.169536 0.976779 0.918287 0.575549 0.394229 0.781629 0.796186 0.317909 0.034861 0.895976 0.756701 0.691446 0.577617 0.925370 0.469360 0.461716 0.022096 0.008025 0.107245 0.046054 0.800445 0.429349 0.487391 0.928473 0.616596 0.248696 0.053791 0.395198 0.070537 0.157386 0.135804 0.117484 0.771276 0.076648 0.617178 0.621760 0.051476 0.733570 0.625316 0.742711 0.140872 0.121886 0.121945 0.149911 0.092207 0.640980 0.333744 0.852918 0.127379 0.655481 0.383755 0.964365 0.044825 0.924349 0.388454 0.644990 0.653474 0.580711 0.103672 0.897554 0.607419 0.823205 0.950322 0.995049 0.979455 0.965903 0.640126 0.829155 0.575591 0.685123 0.562423 0.646865 0.376928 0.948735 0.092214 0.422990 0.546055 0.421557 0.325352 0.991977 0.863555 0.444258 0.663354 0.405506 0.896372 0.393993 0.949832 0.653999 0.625481 0.714899 0.939595 0.539392 0.160173 0.275463 0.983243 0.315993 0.380650 0.768262 0.474650 0.221640 0.625561 0.081235 0.868030 0.661998
0.787695 0.368454 0.144773 0.804366 0.193122 0.665616 0.969999 0.802942 0.714286 0.463657 0.098974 0.526954 0.512323 0.436184 0.462240 0.661976 0.907281 0.138315 0.859905 0.442360 0.956025 0.139199 0.083423 0.604348 0.842963 0.874145 0.913107 0.274508 0.173764 0.885184 0.227909 0.004536 0.590292 0.982186 0.212213 0.382873 0.712365 0.539061 0.456461 0.504205 0.329751 0.712771 0.952883 0.451051 0.252982 0.135763 0.691902 0.810937 0.732363 0.139926 0.280099 0.347430 0.581322 0.764363 0.018387 0.028367 0.454746 0.198114 0.281479 0.221133 0.378920 0.773318 0.503500 0.790282 0.153667 0.664128 0.620174 0.986465 0.836566 0.036170 0.700198 0.658017 0.457916 0.053225 0.209475 0.825759 0.170657 0.130817 0.816013 0.055877 0.341089 0.565441 0.110931 0.932382 0.121813 0.962242 0.762907 0.069313 0.062306 0.315009 0.523322 0.580187 0.662833 0.050422 0.859194 0.331213 0.962669 0.470338 0.679642 0.788122 0.370009 0.993656 0.970888 0.705451 0.190339 0.870885 0.294015 0.160099 0.520949 0.186700 0.923415 0.886034 0.824235 0.709452 0.796882 0.420873 0.200290 0.296113 0.573660 0.556909 0.562020 0.124765 0.333513 0.653471 0.383739 0.843564 0.470981 0.754361 0.961923 0.703179 0.474044 0.798655 0.656913 0.397270 0.667614 0.547492 0.116053 0.088280 0.535768 0.856581 0.956826 0.492392 0.958890 0.386245 0.649254 0.306401 0.772616 0.582929 0.152241 0.343566 0.404155 0.469167 0.793369 0.257539 0.543386 0.870449 0.079222 0.950267 0.700244 0.709747 0.005455 0.252619 0.380226 0.125746 0.417581 0.490874 0.918787 0.108260 0.539060 0.939896 0.857318 0.270324 0.946828 0.384399 0.968806 0.057137 0.232222 0.112634 0.264275 0.520344 0.415089 0.521926 0.575175 0.127554 0.987724 0.405675 0.215982 0.343934 0.033046 0.581594 0.759331 0.695205 0.189098 0.394291 0.482821 0.679638 0.473720 0.989053 0.512720 0.302200 0.467734 0.478184 0.180901 0.730390 0.619078 0.000003 0.220720 0.511073 0.834842 0.869093 0.135314 0.451905 0.808352 0.138763 0.403176 0.294998 0.996502 0.797732 0.831412 0.925946 0.054080 0.008494 0.496944 0.461553 0.882623 0.638461 0.556634 0.504542 0.860332 0.395592 0.022987 0.322537 0.125533 0.249123 0.408974 0.978020 0.188456 0.299921 0.941103 0.442349 0.288558 0.878577 0.786217 0.765035 0.746721 0.544721 0.680114 0.265591 0.311759 0.707295 0.449692 0.759918 0.964132 0.896149 0.066049 0.742190 0.131493 0.263900 0.723836 0.996106 0.496048 0.555396 0.861646 0.472450 0.744460 0.616263 0.175609 0.742938 0.231940 0.958674 0.089984 0.824658 0.616169 0.668915 0.288618 0.437396 0.897676 0.160248 0.604862 0.744944 0.895980 0.994898 0.447993 0.296483 0.472423 0.420139 0.286328 0.125862 0.285674 0.289707 0.224805 0.721745 0.894201 0.041691 0.926404 0.589340 0.872619 0.529936 0.222991 0.963647
0.306065 0.913878 0.591596 0.400033 0.107030 0.993686 0.363641 0.864623 0.641430 0.144942 0.795259 0.311586 0.688885 0.684196 0.399697 0.602167 0.080535 0.242969 0.201494 0.746104 0.706065 0.672496 0.521463 0.329737 0.562969 0.790573 0.175265 0.618066 0.691313 0.559637 0.632829 0.942965 0.594305 0.251109 0.254733 0.387582 0.552713 0.876904 0.787175 0.504152 0.529456 0.137706 0.285962 0.533631 0.462377 0.614269 0.435312 0.649790 0.814335 0.517105 0.657034 0.387270 0.167304 0.045585 0.299367 0.714503 0.796450 0.807764 0.573189 0.384829 0.288047 0.752041 0.206795 0.218506 0.568780 0.699938 0.688713 0.179235 0.728677 0.576803 0.325366 0.431521 0.966359 0.180414 0.552896 0.381739 0.243409 0.294454 0.434608 0.061361 0.164346 0.235028 0.869688 0.546630 0.923037 0.428273 0.998943 0.710762 0.957033 0.909173 0.075700 0.024897 0.980745 0.564390 0.776493 0.865521 0.989417 0.017917 0.613349 0.151579 0.857133 0.689325 0.831606 0.840723 0.705443 0.216570 0.841855 0.431312 0.785804 0.512643 0.543400 0.082501 0.642895 0.487484 0.103068 0.183779 0.289826 0.173315 0.819980 0.897274 0.552950 0.245884 0.299130 0.809248 0.984000 0.537268 0.946066 0.030607 0.745121 0.371707 0.916683 0.969367 0.820401 0.099260 0.419706 0.255175 0.945925 0.293811 0.884257 0.151004 0.234326 0.284350 0.014651 0.126477 0.403580 0.848066 0.546176 0.553241 0.262819 0.779231 0.740692 0.567092 0.535270 0.993052 0.425936 0.605737 0.095406 0.039038 0.994868 0.646730 0.601278 0.355108 0.332119 0.418576 0.335199 0.400231 0.566395 0.474362 0.825812 0.155654 0.549346 0.748017 0.452494 0.186732 0.912365 0.678292 0.065648 0.770993 0.415377 0.767124 0.926899 0.245928 0.278928 0.433603 0.342063 0.076872 0.309921 0.653495 0.460586 0.787188 0.206791 0.915765 0.213039 0.868041 0.048430 0.043513 0.911572 0.928643 0.672331 0.185305 0.778697 0.889539 0.385728 0.254516 0.053336 0.050344 0.048114 0.674166 0.936668 0.486301 0.747822 0.317451 0.111721 0.564380 0.086753 0.907958 0.418711 0.168556 0.451519 0.584346 0.366638 0.353956 0.814359 0.358850 0.643746 0.801597 0.387564 0.241660 0.018347 0.113993 0.218161 0.837300 0.851019 0.373275 0.280050 0.045074 0.436209 0.475890 0.956465 0.792971 0.478470 0.306628 0.003420 0.696584 0.326940 0.760132 0.495910 0.788570 0.444909 0.500570 0.018268 0.118664 0.649254 0.113544 0.227937 0.933818 0.269672 0.508253 0.957980 0.657565 0.927158 0.551402 0.371082 0.507045 0.004480 0.792223 0.147870 0.984960 0.050999 0.626767 0.132791 0.764502 0.913963 0.464790 0.208116 0.845502 0.317457 0.818014 0.778272 0.058377 0.137692 0.920703 0.409277 0.736307 0.429118 0.380430 0.947849 0.808506 0.232607 0.509224 0.560599 0.515843 0.141957 0.324223 0.550689 0.618169 0.081407 0.506101 0.862340 0.861118
0.961593 0.869025 0.558567 0.593908 0.822846 0.685857 0.522781 0.507798 0.497989 0.639294 0.484432 0.558089 0.009178 0.235102 0.988471 0.186183 0.816061 0.330466 0.481856 0.062970 0.118272 0.878158 0.406755 0.922575 0.321719 0.867646 0.535128 0.888883 0.639194 0.670972 0.948991 0.286572 0.629407 0.337520 0.538614 0.477114 0.244977 0.555249 0.741108 0.035604 0.020152 0.422048 0.336601 0.608894 0.436737 0.445989 0.048055 0.123282 0.487236 0.674051 0.807714 0.102446 0.984783 0.622338 0.731451 0.062765 0.418374 0.253024 0.913861 0.995204 0.421557 0.208874 0.601782 0.898503 0.026645 0.812300 0.696679 0.849582 0.499842 0.434810 0.073347 0.510982 0.574060 0.562393 0.705554 0.992130 0.764476 0.969074 0.772532 0.299134 0.071731 0.477205 0.847300 0.138725 0.355297 0.545576 0.044138 0.939584 0.196419 0.700687 0.089507 0.197395 0.264623 0.089858 0.393600 0.791685 0.610505 0.883994 0.868059 0.168329 0.806961 0.926662 0.151749 0.584517 0.605544 0.096174 0.506235 0.045060 0.597895 0.255462 0.232952 0.375434 0.636773 0.978406 0.185818 0.181263 0.478143 0.283280 0.132250 0.777695 0.138441 0.620511 0.314341 0.845474 0.954404 0.922562 0.974678 0.565010 0.775375 0.012043 0.925389 0.953986 0.144713 0.442864 0.613449 0.411763 0.445680 0.650034 0.586897 0.332969 0.146443 0.212715 0.353683 0.639834 0.891468 0.787338 0.812288 0.000866 0.030372 0.288557 0.189528 0.963221 0.830328 0.415363 0.050619 0.151114 0.724034 0.488179 0.570192 0.852487 0.337324 0.988296 0.118656 0.341930 0.544926 0.745414 0.361674 0.351621 0.575822 0.624364 0.144342 0.244596 0.660213 0.566348 0.580937 0.298814 0.584045 0.680070 0.420000 0.960348 0.358038 0.501853 0.656514 0.109245 0.886571 0.618522 0.125892 0.322641 0.693429 0.896922 0.195926 0.475899 0.582182 0.992740 0.309135 0.003563 0.227532 0.745587 0.824477 0.531480 0.309196 0.482906 0.046806 0.545441 0.846018 0.156743 0.010594 0.536555 0.402623 0.864048 0.684362 0.351403 0.511819 0.880869 0.074146 0.058573 0.738756 0.592853 0.040720 0.140807 0.031272 0.930162 0.239747 0.879573 0.217146 0.259897 0.767050 0.767194 0.381905 0.700468 0.799544 0.257957 0.806983 0.320919 0.073867 0.495948 0.508124 0.403512 0.246078 0.604853 0.408412 0.364976 0.116032 0.911957 0.748107 0.434804 0.167310 0.539895 0.538218 0.909268 0.481063 0.140123 0.902336 0.311350 0.695987 0.914662 0.665403 0.661538 0.160789 0.921027 0.396097 0.671251 0.711047 0.879053 0.467994 0.161073 0.699778 0.604187 0.006113 0.409364 0.270282 0.106496 0.390499 0.991179 0.919974 0.071144 0.690489 0.753749 0.935143 0.281227 0.943100 0.366120 0.644614 0.564791 0.271716 0.749305 0.676634 0.969657 0.135217 0.393775 0.964608 0.379412 0.478694 0.772358 0.874765 0.059341 0.986727 0.853347 0.252259 0.152415
0.434588 0.026750 0.505300 0.729474 0.736897 0.986036 0.211113 0.640198 0.329826 0.740959 0.458934 0.704775 0.400357 0.558870 0.509725 0.026712 0.191461 0.913596 0.376694 0.337386 0.564681 0.395288 0.399472 0.225203 0.287260 0.869103 0.871195 0.241462 0.679820 0.939289 0.281529 0.255916 0.492373 0.688312 0.352764 0.002490 0.128234 0.662399 0.109917 0.098505 0.683317 0.282437 0.090840 0.198940 0.128042 0.294550 0.228521 0.762974 0.476072 0.791390 0.892644 0.561496 0.149772 0.474094 0.763149 0.014609 0.845714 0.590578 0.995439 0.044363 0.447894 0.126806 0.452446 0.216146 0.909224 0.170584 0.355497 0.264382 0.555727 0.364733 0.877819 0.981962 0.803884 0.375892 0.521026 0.317314 0.464961 0.116592 0.985756 0.231981 0.408641 0.398661 0.328592 0.905965 0.929672 0.513804 0.725337 0.818165 0.430170 0.680618 0.291030 0.834140 0.840353 0.344214 0.697765 0.062174 0.934799 0.044933 0.385177 0.514660 0.149835 0.190532 0.759311 0.646814 0.280038 0.499654 0.195730 0.333508 0.635367 0.596281 0.257774 0.979360 0.918190 0.093689 0.573123 0.767067 0.774254 0.581746 0.742436 0.469296 0.628673 0.356615 0.659416 0.534468 0.884543 0.286373 0.100117 0.158075 0.316284 0.236256 0.898096 0.895261 0.411341 0.081936 0.641191 0.458709 0.387472 0.905276 0.351190 0.554086 0.788790 0.069679 0.974188 0.868455 0.451623 0.626286 0.044737 0.244102 0.652455 0.554031 0.147605 0.891710 0.120365 0.358365 0.807134 0.557958 0.686040 0.215904 0.095526 0.244248 0.800111 0.050801 0.233073 0.382030 0.688117 0.144221 0.748598 0.367439 0.567144 0.163022 0.355874 0.927974 0.924363 0.693158 0.371949 0.810588 0.762340 0.998376 0.888639 0.911622 0.679175 0.918465 0.642586 0.519694 0.319430 0.001908 0.103415 0.217348 0.605101 0.326322 0.217621 0.887223 0.026832 0.132865 0.999486 0.332180 0.902558 0.025545 0.065440 0.576080 0.605839 0.965412 0.003406 0.710754 0.031635 0.085751 0.957218 0.824352 0.842934 0.987752 0.109354 0.141457 0.090558 0.049985 0.442645 0.030845 0.523124 0.994339 0.702689 0.578186 0.357357 0.784901 0.604703 0.774644 0.309166 0.901912 0.754028 0.896268 0.520847 0.854683 0.801443 0.008041 0.476849 0.257115 0.229256 0.736812 0.061669 0.215639 0.554410 0.258417 0.611448 0.158062 0.575079 0.441456 0.224262 0.474605 0.648707 0.544675 0.088711 0.985358 0.393719 0.794560 0.124494 0.120067 0.673809 0.962703 0.783336 0.635451 0.423803 0.051112 0.628464 0.880105 0.891702 0.732277 0.106881 0.031137 0.510603 0.519460 0.381315 0.263034 0.148584 0.416256 0.895461 0.385530 0.709391 0.407349 0.765756 0.456936 0.072635 0.290083 0.452839 0.885752 0.487223 0.660403 0.457991 0.693109 0.611318 0.232350 0.024704 0.535024 0.462952 0.071538 0.865048 0.292314 0.527965 0.191087 0.395271 0.643285 0.827634 0.855105
0.451988 0.139353 0.096703 0.169148 0.969388 0.857171 0.270733 0.588146 0.701479 0.945532 0.734365 0.141031 0.205700 0.018045 0.638054 0.017461 0.544398 0.573660 0.659130 0.263883 0.451833 0.249326 0.851563 0.785070 0.344439 0.151644 0.532500 0.340654 0.312954 0.896223 0.829469 0.960043 0.361148 0.354850 0.698246 0.667761 0.275478 0.463093 0.731689 0.829076 0.517056 0.036499 0.067178 0.732145 0.829009 0.072151 0.889402 0.615738 0.994150 0.065355 0.198589 0.248356 0.415775 0.697441 0.159057 0.926223 0.013740 0.379623 0.484988 0.614124 0.082335 0.509576 0.834695 0.736839 0.100801 0.196087 0.611153 0.133981 0.290481 0.994308 0.127597 0.144597 0.269129 0.321828 0.158987 0.694317 0.460026 0.411169 0.398176 0.815304 0.453191 0.448399 0.912608 0.006976 0.137066 0.926683 0.043797 0.699811 0.296566 0.099988 0.867662 0.974621 0.099718 0.693138 0.648135 0.470265 0.984733 0.488493 0.435799 0.130796 0.359698 0.942128 0.942653 0.322760 0.384684 0.950599 0.187672 0.753560 0.891436 0.922745 0.267006 0.925357 0.007012 0.235108 0.524806 0.345430 0.457758 0.841925 0.098466 0.832975 0.327494 0.830587 0.918115 0.703775 0.963208 0.837827 0.395271 0.727420 0.101017 0.026726 0.040273 0.279967 0.177284 0.520463 0.111074 0.468129 0.046933 0.569107 0.847442 0.909733 0.122262 0.717863 0.216330 0.402114 0.723328 0.394137 0.365505 0.849251 0.609748 0.512275 0.373458 0.151289 0.343271 0.909907 0.241675 0.803666 0.325906 0.830528 0.123135 0.957777 0.217395 0.972585 0.819359 0.022031 0.540499 0.470368 0.201530 0.151046 0.151602 0.152103 0.042889 0.322752 0.921814 0.992139 0.251034 0.966704 0.061464 0.604742 0.202826 0.236359 0.214739 0.370399 0.766912 0.830875 0.218619 0.248036 0.900634 0.696999 0.024226 0.793727 0.064692 0.100084 0.096871 0.583042 0.520121 0.235755 0.435100 0.937678 0.734412 0.732979 0.658458 0.436791 0.773154 0.817601 0.798070 0.019587 0.808760 0.312940 0.022198 0.671418 0.563164 0.810304 0.303437 0.059795 0.722295 0.267924 0.237410 0.228500 0.172519 0.484472 0.455360 0.582128 0.340482 0.506211 0.068658 0.561543 0.823570 0.399820 0.451122 0.866431 0.531304 0.210619 0.267996 0.991824 0.837731 0.876751 0.718771 0.169428 0.014116 0.112484 0.171937 0.375890 0.935541 0.191929 0.472101 0.253728 0.772241 0.625942 0.849472 0.697564 0.916309 0.862101 0.471086 0.612283 0.914099 0.198561 0.354291 0.611842 0.165169 0.309929 0.505835 0.408773 0.175719 0.883201 0.465400 0.781116 0.481313 0.851405 0.786370 0.133517 0.556198 0.311763 0.260963 0.190297 0.710132 0.241593 0.875788 0.919213 0.710262 0.948549 0.170040 0.276279 0.171017 0.874046 0.115441 0.443504 0.350200 0.527071 0.471981 0.429746 0.070303 0.822603 0.035947 0.768208 0.032521 0.244690 0.412071 0.518022 0.831058 0.482154
0.146044 0.041077 0.282258 0.879310 0.008773 0.687024 0.382181 0.832270 0.573047 0.681599 0.762998 0.090832 0.295455 0.965710 0.666123 0.338529 0.975897 0.136368 0.248635 0.167774 0.553864 0.296147 0.751169 0.891391 0.232999 0.867949 0.367091 0.450958 0.719856 0.775136 0.724693 0.673341 0.507839 0.489770 0.493361 0.673192 0.775573 0.616316 0.389053 0.707497 0.093705 0.471986 0.000247 0.999983 0.302323 0.860093 0.853934 0.093927 0.428594 0.755264 0.988484 0.974524 0.741029 0.249167 0.064613 0.561089 0.382897 0.363917 0.001677 0.709067 0.465352 0.515920 0.975183 0.369415 0.041536 0.821837 0.227345 0.726397 0.971050 0.145431 0.968865 0.290430 0.998324 0.354159 0.042205 0.463628 0.999712 0.569423 0.956506 0.496428 0.813362 0.975603 0.312574 0.988856 0.232884 0.724471 0.028991 0.416563 0.748749 0.130576 0.419345 0.716996 0.409784 0.489713 0.617792 0.613127 0.962583 0.834050 0.761205 0.607076 0.237676 0.407271 0.984233 0.924512 0.320111 0.312466 0.114068 0.061919 0.208649 0.515315 0.918530 0.554198 0.413680 0.084548 0.951779 0.027686 0.623489 0.638515 0.583230 0.102518 0.498967 0.930356 0.462437 0.995502 0.928791 0.525725 0.229317 0.015316 0.392384 0.500815 0.775599 0.929551 0.788386 0.675013 0.884921 0.005652 0.427826 0.891839 0.294919 0.157844 0.459427 0.568104 0.103399 0.608202 0.447410 0.830749 0.026786 0.568582 0.520686 0.314080 0.861670 0.972212 0.017794 0.675649 0.185938 0.356882 0.484485 0.416414 0.748728 0.028449 0.974379 0.566287 0.926361 0.440187 0.933979 0.685439 0.969739 0.947279 0.936435 0.219102 0.452427 0.008717 0.227756 0.052139 0.737256 0.162025 0.798915 0.704817 0.650458 0.192651 0.517479 0.693183 0.655431 0.377968 0.435552 0.648091 0.811721 0.677111 0.706234 0.956951 0.455063 0.352481 0.012256 0.067931 0.975236 0.133967 0.626304 0.093816 0.786640 0.259852 0.273135 0.435672 0.225277 0.699901 0.849170 0.527951 0.444316 0.215309 0.616220 0.989967 0.536036 0.949037 0.316476 0.154467 0.685266 0.447485 0.154981 0.744057 0.256594 0.792106 0.328357 0.563980 0.750405 0.188671 0.157535 0.276090 0.017102 0.496482 0.923953 0.459065 0.769413 0.793582 0.771675 0.409200 0.336192 0.447059 0.496923 0.384937 0.714467 0.067242 0.099583 0.529012 0.302241 0.442977 0.734785 0.864305 0.297838 0.530756 0.871133 0.403532 0.071014 0.364388 0.718427 0.645127 0.776729 0.312480 0.045406 0.287926 0.791985 0.405861 0.901060 0.564228 0.312631 0.531597 0.935898 0.562760 0.137434 0.995578 0.962357 0.785037 0.435389 0.419088 0.964440 0.706868 0.000282 0.127136 0.191760 0.793426 0.623650 0.126043 0.673309 0.014124 0.665557 0.116270 0.932552 0.792625 0.383058 0.424614 0.834323 0.349629 0.046234 0.482856 0.403017 0.311175 0.335219 0.716089 0.386928 0.285470 0.575058 0.029421
0.517764 0.536755 0.542650 0.021496 0.343126 0.289364 0.781308 0.815033 0.954158 0.727899 0.830664 0.859209 0.779861 0.795568 0.994770 0.774226 0.274550 0.023656 0.027232 0.029023 0.675013 0.224815 0.291873 0.876450 0.407444 0.927479 0.083601 0.853155 0.349690 0.645021 0.847660 0.957156 0.756255 0.192189 0.377354 0.926340 0.095622 0.193108 0.127039 0.075678 0.828661 0.908207 0.894996 0.849761 0.598947 0.706639 0.234825 0.012307 0.559469 0.963917 0.813102 0.451566 0.143229 0.971977 0.353634 0.405560 0.173017 0.160860 0.052974 0.318545 0.375986 0.522347 0.084846 0.364811 0.408642 0.894617 0.039312 0.641436 0.985681 0.708005 0.890805 0.421067 0.341912 0.524428 0.554375 0.669609 0.665534 0.355544 0.468380 0.877577 0.812779 0.242361 0.004411 0.109104 0.494608 0.945131 0.375301 0.662894 0.272101 0.417171 0.211008 0.019742 0.754308 0.399981 0.189876 0.841863 0.167360 0.191457 0.760862 0.522584 0.053909 0.532252 0.985713 0.311837 0.772777 0.549992 0.446064 0.667834 0.771204 0.140865 0.577405 0.199515 0.380582 0.835788 0.655030 0.924242 0.618070 0.142102 0.305404 0.346235 0.238497 0.417751 0.745203 0.240384 0.750213 0.834134 0.900014 0.407417 0.845659 0.827696 0.616168 0.745933 0.323068 0.296878 0.958615 0.157456 0.873324 0.932428 0.495723 0.397238 0.301033 0.255839 0.622386 0.204799 0.887885 0.679944 0.239684 0.274343 0.069451 0.831776 0.100272 0.587499 0.554138 0.072972 0.175057 0.861606 0.992522 0.044962 0.863176 0.625710 0.460344 0.207948 0.599385 0.933872 0.397432 0.918461 0.466023 0.506282 0.468880 0.227448 0.735293 0.850985 0.158206 0.011444 0.468339 0.164754 0.013491 0.018536 0.372571 0.803550 0.755117 0.435737 0.651745 0.534317 0.225784 0.808078 0.283147 0.165451 0.832094 0.961277 0.451558 0.201035 0.258308 0.334553 0.813011 0.407990 0.968049 0.046854 0.139260 0.919255 0.807329 0.508842 0.777227 0.926720 0.963919 0.309115 0.857799 0.612022 0.704301 0.477343 0.643721 0.192477 0.659317 0.570286 0.230949 0.783888 0.939242 0.031571 0.702568 0.282294 0.005433 0.210498 0.608851 0.410267 0.455496 0.630179 0.321830 0.743971 0.969355 0.496731 0.888215 0.398824 0.046601 0.875975 0.283995 0.026994 0.735229 0.647742 0.341501 0.125864 0.584070 0.060910 0.918845 0.235065 0.440636 0.053753 0.201257 0.863496 0.735407 0.179682 0.704769 0.308544 0.394411 0.433042 0.933576 0.840644 0.485591 0.906750 0.868816 0.657218 0.025070 0.842082 0.635208 0.920629 0.449987 0.196242 0.981410 0.082918 0.546519 0.514413 0.651876 0.957151 0.321721 0.516542 0.956663 0.719307 0.935493 0.797946 0.383414 0.050190 0.256003 0.408475 0.657943 0.902102 0.243588 0.730903 0.477206 0.203378 0.369144 0.826294 0.640460 0.916763 0.509592 0.450716 0.769372 0.108708 0.537968 0.633085 0.581549 0.421523
0.605541 0.352907 0.922312 0.602892 0.517014 0.907426 0.614037 0.019993 0.757504 0.403903 0.066683 0.544965 0.527042 0.217718 0.686930 0.542784 0.341186 0.077288 0.786830 0.042323 0.782490 0.341091 0.005683 0.016003 0.385440 0.713868 0.681814 0.723867 0.702668 0.138450 0.436985 0.988464 0.027835 0.526311 0.764764 0.047609 0.000787 0.605725 0.277295 0.685175 0.891802 0.807994 0.361927 0.772530 0.142591 0.141038 0.580313 0.534666 0.101477 0.236412 0.607804 0.662285 0.843381 0.725613 0.571941 0.528972 0.994722 0.368408 0.592188 0.422970 0.016057 0.634070 0.417403 0.282597 0.768903 0.616880 0.904914 0.672139 0.135029 0.977297 0.133935 0.293568 0.691576 0.362410 0.216019 0.334745 0.915093 0.290607 0.859179 0.288197 0.742981 0.471672 0.275715 0.378175 0.888948 0.365917 0.668775 0.960856 0.644421 0.180755 0.133754 0.473547 0.956255 0.738962 0.739843 0.897650 0.360230 0.083178 0.843525 0.543252 0.938113 0.679901 0.287876 0.836294 0.148047 0.862520 0.214164 0.116878 0.087149 0.581324 0.458122 0.181048 0.877864 0.023373 0.152123 0.259093 0.054042 0.963314 0.744244 0.460329 0.015680 0.229458 0.392308 0.814110 0.235514 0.858407 0.423024 0.596216 0.364164 0.995813 0.188142 0.540191 0.489373 0.956399 0.940781 0.825999 0.024492 0.248662 0.836956 0.671516 0.068521 0.607349 0.096712 0.177244 0.335758 0.562558 0.536607 0.174524 0.424794 0.137163 0.276716 0.721555 0.240407 0.627642 0.862034 0.614956 0.566923 0.164133 0.825619 0.400583 0.890302 0.987083 0.830038 0.204475 0.630733 0.444556 0.498669 0.670988 0.210582 0.482335 0.647845 0.812493 0.432818 0.802642 0.620478 0.330058 0.524258 0.998262 0.430939 0.639759 0.732627 0.744696 0.227093 0.610320 0.243827 0.340078 0.995677 0.992718 0.975075 0.907701 0.804675 0.753493 0.750218 0.169160 0.989398 0.986095 0.644477 0.757746 0.765488 0.745262 0.543391 0.615743 0.448861 0.127497 0.987734 0.659725 0.338168 0.838189 0.477186 0.239394 0.373815 0.757740 0.543694 0.445036 0.233579 0.004642 0.648005 0.991030 0.736056 0.795297 0.398002 0.694229 0.940533 0.297678 0.512266 0.583894 0.279381 0.296562 0.091429 0.758779 0.551904 0.571635 0.411380 0.627463 0.587909 0.041967 0.273262 0.955679 0.828190 0.912610 0.861597 0.667781 0.372360 0.705945 0.667742 0.611372 0.254784 0.258655 0.234387 0.132253 0.452775 0.028240 0.409887 0.122658 0.745315 0.682487 0.002933 0.544352 0.666896 0.003280 0.221049 0.808599 0.576198 0.979648 0.407646 0.201144 0.298705 0.262984 0.740191 0.208389 0.732277 0.457713 0.496935 0.067513 0.226021 0.629218 0.447837 0.584972 0.761029 0.584048 0.464202 0.762225 0.168470 0.608191 0.801000 0.431730 0.826084 0.975937 0.968531 0.461251 0.278653 0.210975 0.139036 0.840818 0.001464 0.627039 0.568264 0.444037 0.265289 0.063821
0.174854 0.084036 0.744136 0.917826 0.614776 0.788697 0.423992 0.522291 0.227900 0.984199 0.368432 0.028246 0.963216 0.902422 0.506389 0.150519 0.407442 0.816779 0.745701 0.975266 0.755171 0.739401 0.734147 0.691439 0.946335 0.265497 0.720192 0.594089 0.558764 0.882423 0.563393 0.495659 0.514827 0.640508 0.299464 0.483329 0.979721 0.761653 0.404973 0.510164 0.603729 0.102592 0.153166 0.257157 0.515842 0.943232 0.052731 0.274674 0.613423 0.290393 0.581640 0.089713 0.521023 0.903685 0.890155 0.766714 0.113766 0.498643 0.232249 0.298553 0.837600 0.728977 0.110434 0.520553 0.802154 0.830361 0.375354 0.607286 0.883118 0.927710 0.996015 0.659402 0.871114 0.036068 0.349958 0.958947 0.410582 0.312241 0.760500 0.423651 0.193296 0.928406 0.228179 0.642078 0.921592 0.781763 0.676596 0.642065 0.526620 0.549021 0.122886 0.387405 0.009061 0.383431 0.223427 0.589095 0.991197 0.071139 0.622708 0.172194 0.286585 0.919179 0.687503 0.733437 0.263419 0.664389 0.736716 0.902094 0.098463 0.277095 0.249638 0.775789 0.916531 0.176223 0.051431 0.233654 0.175902 0.872273 0.852419 0.272822 0.015729 0.749169 0.316919 0.237953 0.243662 0.103505 0.487375 0.291819 0.658364 0.385572 0.994298 0.155414 0.508311 0.115823 0.695005 0.728872 0.099769 0.421902 0.586487 0.743872 0.349164 0.675412 0.152188 0.421895 0.990879 0.346443 0.460919 0.401574 0.945654 0.669560 0.739878 0.655870 0.593859 0.050282 0.709707 0.621577 0.419558 0.987663 0.503525 0.297626 0.303888 0.626260 0.920912 0.097289 0.369484 0.900412 0.875225 0.121306 0.200187 0.618268 0.115440 0.932902 0.425510 0.533350 0.264640 0.497178 0.809211 0.550520 0.085933 0.320954 0.263657 0.736373 0.503879 0.849710 0.211336 0.447800 0.661549 0.779091 0.731205 0.016984 0.043979 0.317744 0.052164 0.173431 0.565221 0.104727 0.843543 0.019815 0.241909 0.190182 0.359843 0.032970 0.198525 0.951840 0.901362 0.448873 0.894561 0.572304 0.748996 0.768542 0.060208 0.572602 0.937314 0.076883 0.060282 0.365899 0.362039 0.731992 0.802327 0.826364 0.443692 0.523136 0.662279 0.848666 0.261824 0.905427 0.654804 0.423268 0.435336 0.500600 0.191037 0.625205 0.041404 0.418294 0.564643 0.393389 0.395547 0.869155 0.014111 0.988111 0.517261 0.736340 0.760851 0.128215 0.853484 0.849309 0.586931 0.305162 0.264226 0.161955 0.182234 0.596735 0.555917 0.771347 0.603552 0.091230 0.541196 0.532401 0.596809 0.058181 0.141723 0.223824 0.365758 0.187986 0.224227 0.260628 0.871377 0.913076 0.950628 0.310438 0.082318 0.383062 0.482389 0.910172 0.479667 0.445514 0.026830 0.464337 0.098379 0.404592 0.886307 0.340472 0.614013 0.043434 0.104195 0.366452 0.057612 0.699214 0.204996 0.548212 0.502520 0.349409 0.012193 0.835965 0.346883 0.310720 0.751673 0.030111 0.097050 0.280475
0.177181 0.840093 0.563835 0.916421 0.272959 0.364589 0.819325 0.972039 0.654018 0.331753 0.272701 0.100231 0.413170 0.716205 0.449922 0.258100 0.296208 0.276990 0.877636 0.798365 0.913163 0.064047 0.581441 0.947784 0.812829 0.726875 0.720689 0.029471 0.473448 0.344706 0.565304 0.738212 0.961821 0.227926 0.535117 0.805580 0.439350 0.202739 0.833003 0.998623 0.823888 0.826088 0.749797 0.019522 0.097737 0.162023 0.275247 0.911369 0.288974 0.330953 0.090910 0.969167 0.283911 0.142769 0.410786 0.886095 0.708412 0.805202 0.833539 0.048621 0.214252 0.348034 0.057348 0.878121 0.838761 0.117961 0.010154 0.657017 0.155376 0.718623 0.707429 0.007269 0.325050 0.263619 0.531325 0.348719 0.175653 0.491926 0.154999 0.620372 0.173706 0.829341 0.327515 0.288765 0.345780 0.699566 0.957113 0.064710 0.633296 0.040910 0.247504 0.801978 0.387090 0.571588 0.880293 0.744050 0.363343 0.515210 0.736677 0.691912 0.468785 0.816746 0.290547 0.201847 0.364047 0.069228 0.930899 0.168393 0.690407 0.516179 0.881057 0.533971 0.827959 0.498100 0.710004 0.742254 0.237303 0.572823 0.581651 0.364681 0.069708 0.686680 0.588796 0.836528 0.034062 0.790676 0.251525 0.204482 0.024085 0.057473 0.264807 0.495607 0.692135 0.986486 0.887153 0.310259 0.092632 0.594147 0.236867 0.384851 0.631817 0.013852 0.336034 0.361984 0.240612 0.899513 0.680633 0.771034 0.936949 0.762908 0.691370 0.162473 0.892970 0.880146 0.341480 0.764083 0.963310 0.109932 0.303610 0.238273 0.756698 0.376632 0.097610 0.711000 0.521380 0.910659 0.689879 0.886877 0.011560 0.730916 0.665904 0.961840 0.166782 0.063523 0.939286 0.072122 0.794995 0.600232 0.681205 0.310014 0.054451 0.459238 0.883829 0.377947 0.434514 0.296127 0.251204 0.029737 0.807044 0.607244 0.778420 0.367585 0.127934 0.611378 0.487595 0.029328 0.948948 0.818178 0.643342 0.005522 0.048136 0.961026 0.309139 0.170755 0.719577 0.027894 0.356177 0.587826 0.007976 0.959523 0.137628 0.833724 0.479752 0.225372 0.319319 0.115744 0.198640 0.192156 0.295098 0.064531 0.293454 0.869190 0.054164 0.870522 0.506714 0.417556 0.873714 0.839295 0.571372 0.375929 0.829140 0.732562 0.360067 0.615323 0.574746 0.041932 0.506820 0.331982 0.206498 0.143183 0.583071 0.757274 0.165252 0.685272 0.420925 0.102612 0.656893 0.821718 0.264782 0.462190 0.989669 0.846846 0.525908 0.001679 0.921256 0.179915 0.019989 0.557297 0.489027 0.112469 0.787773 0.602885 0.745663 0.555798 0.503284 0.724841 0.257418 0.111960 0.871303 0.002964 0.444327 0.669355 0.633719 0.416971 0.924482 0.134722 0.167116 0.357553 0.167181 0.921088 0.763341 0.597497 0.482472 0.299800 0.808699 0.029816 0.573503 0.511402 0.533889 0.955880 0.079125 0.054530 0.155656 0.303183 0.410856 0.601312 0.639520 0.986136 0.859841 0.329810
0.459784 0.590172 0.478073 0.322215 0.158915 0.894783 0.353505 0.983674 0.583898 0.261199 0.925581 0.458095 0.331060 0.806507 0.940997 0.543378 0.562321 0.829215 0.136381 0.851674 0.187583 0.900855 0.077711 0.195486 0.045211 0.397271 0.589265 0.044013 0.281925 0.169275 0.064001 0.467264 0.719148 0.683214 0.836161 0.009960 0.099833 0.170375 0.181792 0.996091 0.191717 0.410182 0.719068 0.422712 0.074535 0.736516 0.396293 0.747326 0.968710 0.868032 0.310505 0.571445 0.431525 0.836428 0.454121 0.470213 0.630840 0.404052 0.637274 0.620164 0.989009 0.900587 0.367851 0.205002 0.288836 0.231921 0.736323 0.150687 0.941731 0.473045 0.596375 0.266217 0.811452 0.135957 0.443556 0.418745 0.355979 0.262919 0.792891 0.116760 0.721169 0.309175 0.961336 0.277311 0.786933 0.604279 0.691006 0.020931 0.444886 0.800885 0.382044 0.067111 0.160588 0.292922 0.451069 0.486996 0.851405 0.828324 0.215065 0.606170 0.099866 0.049956 0.819964 0.183942 0.096466 0.228916 0.264134 0.636076 0.531452 0.889066 0.392841 0.049170 0.208853 0.341368 0.542305 0.180942 0.894438 0.410203 0.302177 0.239378 0.310272 0.116534 0.765481 0.263226 0.645665 0.213901 0.184616 0.888192 0.288599 0.268584 0.372211 0.108295 0.365631 0.949284 0.005747 0.460206 0.268446 0.226089 0.945100 0.230498 0.707562 0.853040 0.811663 0.705526 0.848059 0.968808 0.765594 0.611493 0.412622 0.040219 0.290388 0.248377 0.967525 0.817431 0.563511 0.116188 0.552917 0.808648 0.851370 0.115326 0.399938 0.747365 0.815345 0.796567 0.474077 0.444423 0.956478 0.707396 0.441251 0.773033 0.576279 0.886774 0.748386 0.767748 0.813572 0.927653 0.709903 0.822108 0.166235 0.489755 0.342133 0.803150 0.828904 0.812800 0.143582 0.117255 0.184585 0.981599 0.813472 0.238224 0.022381 0.407487 0.840653 0.578698 0.603457 0.888847 0.733679 0.812790 0.563737 0.691256 0.863642 0.159257 0.747655 0.065203 0.177158 0.641538 0.344424 0.584450 0.265094 0.637869 0.296736 0.833045 0.203663 0.018329 0.616984 0.402613 0.795791 0.297650 0.329704 0.784785 0.649166 0.166796 0.246457 0.321629 0.089507 0.750297 0.704940 0.882464 0.834157 0.176610 0.549401 0.323326 0.688467 0.386871 0.444403 0.596015 0.524723 0.375082 0.278383 0.548729 0.251266 0.231221 0.237286 0.664702 0.977942 0.846833 0.260506 0.851493 0.675289 0.542578 0.563339 0.093718 0.412256 0.370591 0.623451 0.863926 0.646248 0.618542 0.471474 0.223851 0.723712 0.007335 0.081815 0.409244 0.401246 0.391009 0.708312 0.844239 0.512593 0.651971 0.524658 0.482592 0.439951 0.256935 0.761265 0.039210 0.491624 0.185498 0.176719 0.124402 0.950702 0.585475 0.973458 0.398539 0.760074 0.328744 0.242967 0.073958 0.664358 0.948074 0.777445 0.836781 0.538065 0.321918 0.416321 0.198865 0.070220 0.364252 0.043491 0.275954
0.670594 0.238089 0.453587 0.808995 0.739030 0.006483 0.998567 0.365496 0.294169 0.153233 0.596488 0.934171 0.887771 0.838996 0.671401 0.882861 0.602069 0.337646 0.272658 0.106338 0.395698 0.634115 0.959327 0.900833 0.121501 0.985808 0.868596 0.473938 0.438244 0.180624 0.495608 0.133753 0.210455 0.262507 0.440239 0.203296 0.234820 0.243559 0.795841 0.408926 0.943587 0.342744 0.904884 0.483331 0.677490 0.642674 0.245036 0.193154 0.837659 0.682962 0.380490 0.854078 0.898575 0.329020 0.730066 0.414826 0.942697 0.995199 0.692086 0.059604 0.687063 0.920653 0.019743 0.953491 0.577056 0.098455 0.246100 0.785638 0.674273 0.100741 0.472635 0.304553 0.342178 0.950113 0.350443 0.902153 0.707761 0.558781 0.358581 0.257230 0.922242 0.415319 0.853001 0.702719 0.603629 0.689548 0.909497 0.381376 0.065064 0.871783 0.060858 0.930282 0.778224 0.139278 0.781444 0.773421 0.613115 0.932388 0.353431 0.001422 0.113468 0.538249 0.088995 0.074843 0.392005 0.522334 0.825088 0.764540 0.544451 0.956650 0.552408 0.927899 0.527806 0.276935 0.352156 0.386364 0.022517 0.879485 0.398866 0.976156 0.684520 0.379158 0.313324 0.294504 0.755323 0.983087 0.451810 0.918347 0.757665 0.548158 0.703352 0.411187 0.949169 0.770140 0.627756 0.711206 0.889050 0.762066 0.356152 0.563774 0.700644 0.524951 0.798514 0.183519 0.508090 0.137728 0.721799 0.906577 0.619460 0.629490 0.819416 0.824285 0.181793 0.964747 0.184120 0.997695 0.683658 0.245911 0.919866 0.887526 0.240619 0.742353 0.593084 0.376598 0.386471 0.235681 0.336518 0.475987 0.824681 0.134623 0.865396 0.598351 0.744354 0.114111 0.167090 0.802777 0.205582 0.619288 0.281353 0.035574 0.162394 0.575281 0.504578 0.466206 0.997293 0.752178 0.420689 0.100140 0.696227 0.820329 0.642705 0.658436 0.861313 0.189505 0.714059 0.772630 0.727853 0.867854 0.470394 0.172268 0.732351 0.915536 0.964200 0.744887 0.471267 0.142419 0.704913 0.785258 0.501566 0.459531 0.945917 0.140420 0.826182 0.973572 0.192138 0.903218 0.370680 0.817324 0.370688 0.225122 0.558866 0.467077 0.308353 0.193681 0.390114 0.899266 0.505820 0.527849 0.408561 0.291638 0.296250 0.891303 0.553438 0.254467 0.784598 0.058963 0.862291 0.064072 0.195099 0.978601 0.224176 0.774252 0.024468 0.412742 0.129076 0.261769 0.635447 0.292477 0.421776 0.066684 0.145994 0.878537 0.909887 0.877939 0.178923 0.526786 0.020698 0.583839 0.012495 0.040386 0.089658 0.336041 0.514614 0.901578 0.899473 0.413188 0.428013 0.296062 0.434790 0.297936 0.548286 0.113998 0.249175 0.460378 0.644444 0.485464 0.636781 0.416693 0.422145 0.166351 0.586408 0.167837 0.323844 0.758237 0.622211 0.732981 0.681377 0.747207 0.935386 0.268782 0.926323 0.093585 0.844684 0.522629 0.695185 0.546045 0.606887 0.096746 0.992749 0.098419
0.979171 0.076656 0.450718 0.321028 0.318694 0.089370 0.509573 0.966036 0.789965 0.395046 0.992674 0.181307 0.687830 0.138203 0.029373 0.331506 0.456040 0.834437 0.827080 0.695508 0.577408 0.566346 0.264416 0.875466 0.886776 0.953017 0.287815 0.152077 0.295741 0.374931 0.659699 0.349215 0.737424 0.628938 0.983869 0.263581 0.065493 0.250003 0.775772 0.820566 0.484656 0.255501 0.430616 0.356937 0.513008 0.261588 0.703651 0.487765 0.066941 0.026280 0.054308 0.298526 0.322357 0.645053 0.879702 0.087508 0.817140 0.805133 0.936722 0.643356 0.155524 0.966421 0.481226 0.597013 0.001642 0.767282 0.740969 0.453387 0.690424 0.268616 0.884178 0.489195 0.106848 0.363372 0.845215 0.334356 0.252474 0.634138 0.206945 0.136746 0.969620 0.910071 0.025750 0.945893 0.612461 0.290416 0.832667 0.440059 0.955670 0.780871 0.077498 0.013045 0.477162 0.857349 0.296324 0.858086 0.462580 0.320519 0.960662 0.107996 0.877026 0.552967 0.875441 0.707276 0.539565 0.514700 0.960572 0.276496 0.456270 0.458768 0.466295 0.903506 0.178510 0.238421 0.343888 0.324345 0.817511 0.284785 0.282006 0.642737 0.421760 0.420425 0.262319 0.816424 0.319301 0.519381 0.233091 0.487663 0.587152 0.674806 0.967530 0.389491 0.913568 0.929946 0.308793 0.181248 0.692407 0.319438 0.385980 0.153233 0.782739 0.688035 0.232743 0.309734 0.840231 0.460732 0.123245 0.046477 0.247843 0.492858 0.336491 0.380328 0.007310 0.259259 0.714510 0.321469 0.494462 0.953740 0.103707 0.491384 0.012580 0.090775 0.041646 0.554903 0.058869 0.208358 0.835655 0.361993 0.911559 0.354469 0.717644 0.425318 0.084627 0.922749 0.056747 0.457419 0.313861 0.581979 0.215030 0.403650 0.980395 0.535713 0.062231 0.403266 0.995518 0.456467 0.795351 0.389402 0.240890 0.769651 0.985357 0.079400 0.454365 0.423208 0.229890 0.246451 0.862331 0.346613 0.463524 0.013813 0.114866 0.154845 0.086460 0.041327 0.673830 0.493132 0.331055 0.754554 0.963909 0.241742 0.959492 0.410731 0.780432 0.230673 0.869528 0.854969 0.402009 0.497716 0.641354 0.705962 0.144134 0.383073 0.175593 0.024512 0.165361 0.163879 0.174610 0.190588 0.147087 0.034082 0.321890 0.874565 0.742734 0.452543 0.250024 0.035245 0.393799 0.779954 0.390244 0.477170 0.894177 0.494133 0.235106 0.022548 0.234369 0.743074 0.623337 0.764098 0.801979 0.450373 0.376479 0.292262 0.756050 0.043127 0.463548 0.011027 0.405587 0.259025 0.813425 0.089670 0.733041 0.320937 0.860974 0.537463 0.680287 0.894051 0.256055 0.203510 0.144276 0.881378 0.698091 0.591988 0.506757 0.378046 0.399003 0.169548 0.214215 0.929299 0.517518 0.106643 0.935471 0.942880 0.492285 0.220546 0.199737 0.620620 0.753643 0.107809 0.743205 0.901749 0.640817 0.854457 0.362016 0.683973 0.150462 0.912564 0.394629 0.511198 0.178107 0.472809
0.868461 0.718943 0.127330 0.744157 0.677753 0.802102 0.853757 0.623296 0.559021 0.448442 0.661914 0.053063 0.111436 0.014884 0.268702 0.527449 0.505076 0.710651 0.886271 0.429816 0.133804 0.391803 0.802936 0.182181 0.736381 0.299509 0.518989 0.325445 0.360968 0.556560 0.063442 0.319804 0.188467 0.557889 0.831542 0.508190 0.805263 0.936016 0.951918 0.347435 0.468221 0.603250 0.119036 0.373135 0.515314 0.406044 0.409779 0.923739 0.236291 0.189119 0.687025 0.297291 0.755424 0.677680 0.999754 0.527287 0.024762 0.695033 0.555657 0.732460 0.442279 0.326593 0.445833 0.942305 0.354816 0.189385 0.097164 0.860808 0.178317 0.322246 0.840862 0.716680 0.921362 0.704276 0.429791 0.338628 0.927746 0.662692 0.206699 0.721478 0.823734 0.870188 0.018773 0.159715 0.026131 0.330840 0.928606 0.899299 0.766856 0.991489 0.617211 0.020864 0.577561 0.556870 0.045616 0.367187 0.388593 0.239864 0.833060 0.127907 0.295714 0.369790 0.157845 0.678205 0.917909 0.978872 0.478890 0.381453 0.283645 0.690483 0.349874 0.455601 0.713340 0.183987 0.018524 0.478224 0.928286 0.821222 0.532921 0.684163 0.420585 0.639671 0.446979 0.037176 0.957197 0.484133 0.309998 0.841504 0.422262 0.980810 0.540846 0.391435 0.990940 0.400009 0.798397 0.514826 0.734394 0.753059 0.976889 0.610299 0.020100 0.596210 0.588241 0.098158 0.875159 0.054474 0.103752 0.081067 0.867588 0.459268 0.913714 0.259987 0.035574 0.901741 0.284259 0.080908 0.894173 0.236980 0.393578 0.046266 0.541188 0.895600 0.735958 0.659237 0.823422 0.292336 0.937517 0.674646 0.410248 0.160119 0.496826 0.002197 0.748683 0.484352 0.227189 0.907539 0.948012 0.576083 0.718870 0.643996 0.765151 0.859392 0.854853 0.448959 0.081896 0.684625 0.261858 0.945464 0.660785 0.753781 0.340719 0.587365 0.842581 0.000055 0.810573 0.221767 0.727970 0.254538 0.109193 0.078689 0.134460 0.215980 0.500867 0.103801 0.863357 0.594270 0.333713 0.835234 0.578208 0.740495 0.487577 0.896445 0.625839 0.254719 0.887097 0.550314 0.304011 0.322728 0.393621 0.859285 0.424218 0.002408 0.880713 0.278620 0.235649 0.449513 0.074284 0.778635 0.434489 0.285484 0.356989 0.532835 0.623752 0.592779 0.239415 0.389324 0.568335 0.492915 0.295151 0.560083 0.311984 0.042448 0.781937 0.358282 0.431283 0.112085 0.898670 0.814322 0.076503 0.507093 0.956505 0.811367 0.589193 0.437044 0.807446 0.958257 0.194835 0.424361 0.708452 0.658694 0.591048 0.971952 0.690465 0.633401 0.546291 0.577917 0.361909 0.047360 0.882180 0.022928 0.790756 0.445275 0.093168 0.952847 0.670075 0.584823 0.139605 0.457760 0.893169 0.887791 0.765152 0.024868 0.341157 0.783814 0.288860 0.631030 0.255951 0.444851 0.091856 0.622789 0.525823 0.653704 0.491370 0.073826 0.277447 0.249273 0.384490 0.402754 0.994135 0.241732
0.054361 0.623441 0.092501 0.836740 0.185445 0.562741 0.342778 0.930094 0.584573 0.196193 0.523499 0.091016 0.831976 0.592126 0.348291 0.162739 0.835677 0.707033 0.666048 0.397740 0.288708 0.218321 0.704119 0.300075 0.609043 0.507793 0.644414 0.521148 0.162600 0.662658 0.682371 0.670251 0.772823 0.216251 0.407467 0.640064 0.818257 0.532644 0.205611 0.081247 0.318565 0.907229 0.706711 0.317200 0.875760 0.753843 0.182908 0.431096 0.105108 0.179942 0.332144 0.484776 0.346478 0.363915 0.232745 0.484889 0.709933 0.813942 0.173935 0.761617 0.690087 0.021936 0.929044 0.561519 0.692472 0.995233 0.369907 0.597907 0.485387 0.433066 0.191955 0.991996 0.516714 0.383674 0.931502 0.649022 0.205770 0.490072 0.320826 0.277092 0.076039 0.677613 0.001209 0.619183 0.563520 0.470926 0.298716 0.350712 0.616992 0.122513 0.580654 0.577476 0.301617 0.627301 0.027783 0.685108 0.689485 0.606617 0.056057 0.602122 0.835334 0.628615 0.923566 0.546298 0.540836 0.827927 0.237591 0.443578 0.645448 0.045272 0.842676 0.857389 0.979062 0.000178 0.005382 0.506858 0.620709 0.560075 0.641459 0.016623 0.759771 0.721052 0.760603 0.463363 0.014296 0.623158 0.316241 0.368439 0.842969 0.956723 0.047308 0.181104 0.892626 0.698063 0.605730 0.943211 0.278148 0.189614 0.632717 0.006731 0.431860 0.147264 0.539370 0.258597 0.291308 0.413430 0.255069 0.150485 0.635513 0.479778 0.908190 0.444576 0.681537 0.839767 0.835014 0.949215 0.843803 0.126726 0.849863 0.851022 0.145171 0.328808 0.731967 0.449103 0.030311 0.157666 0.218102 0.429534 0.680412 0.255719 0.388708 0.215824 0.875367 0.790445 0.719115 0.416744 0.672421 0.412570 0.882916 0.652963 0.839088 0.965865 0.875135 0.209490 0.308646 0.925908 0.107422 0.553534 0.551291 0.596951 0.152363 0.103727 0.032760 0.630923 0.446288 0.100716 0.652357 0.320725 0.462480 0.959876 0.730957 0.674715 0.261454 0.575372 0.535596 0.811981 0.058198 0.310101 0.841036 0.344759 0.639289 0.301983 0.057903 0.932182 0.978963 0.339839 0.294239 0.765344 0.964002 0.880644 0.776086 0.472692 0.056150 0.752071 0.825726 0.051207 0.423086 0.285084 0.217145 0.712430 0.482470 0.220255 0.739490 0.033898 0.251811 0.764695 0.118084 0.921261 0.773165 0.182592 0.767144 0.068556 0.844571 0.622579 0.974651 0.759860 0.444672 0.993131 0.099629 0.260045 0.863499 0.663067 0.126800 0.362541 0.278816 0.883987 0.869980 0.225735 0.196995 0.594563 0.930409 0.631839 0.459559 0.819030 0.669121 0.822627 0.926587 0.887550 0.652865 0.831677 0.400858 0.079018 0.396111 0.750264 0.964958 0.185120 0.205695 0.454879 0.291476 0.844915 0.968260 0.589497 0.788223 0.865712 0.564795 0.702986 0.663626 0.347674 0.890805 0.579639 0.377740 0.752900 0.562384 0.155551 0.517725 0.266971 0.405721 0.674882 0.468106 0.940344
0.846678 0.758823 0.354810 0.364431 0.425910 0.046123 0.579078 0.708191 0.736590 0.194404 0.407260 0.990402 0.199310 0.633117 0.439861 0.488213 0.842636 0.851183 0.839441 0.627723 0.052872 0.965865 0.758361 0.853814 0.364192 0.946060 0.836429 0.373521 0.561315 0.937897 0.238270 0.306439 0.591897 0.693136 0.560483 0.563333 0.254992 0.030129 0.109318 0.625456 0.662830 0.497742 0.747076 0.090489 0.788056 0.373140 0.339668 0.941370 0.950886 0.466073 0.725674 0.628977 0.949496 0.116864 0.147551 0.212253 0.031697 0.988657 0.697900 0.118648 0.049137 0.232551 0.795645 0.827363 0.111201 0.875277 0.610924 0.931868 0.025028 0.751873 0.403883 0.865782 0.634204 0.030526 0.119986 0.532782 0.839207 0.829850 0.289481 0.334698 0.250175 0.237601 0.781658 0.026460 0.715123 0.815678 0.483628 0.657549 0.758159 0.710889 0.875862 0.726575 0.115581 0.938882 0.043044 0.358286 0.491957 0.795633 0.202758 0.033986 0.067630 0.369816 0.306596 0.730957 0.845187 0.082617 0.926774 0.042323 0.316474 0.281897 0.418459 0.179223 0.495062 0.819654 0.572463 0.284768 0.817907 0.467354 0.299809 0.523086 0.298015 0.592245 0.614017 0.669350 0.778256 0.355659 0.193539 0.720317 0.105140 0.945559 0.482027 0.302675 0.480551 0.232438 0.151975 0.604072 0.875580 0.483271 0.092987 0.684087 0.580013 0.409569 0.936776 0.124516 0.571686 0.938317 0.670906 0.750868 0.161943 0.534571 0.600484 0.919476 0.919950 0.151280 0.936233 0.369883 0.211233 0.529060 0.618727 0.080292 0.417034 0.034637 0.924202 0.921319 0.612183 0.749380 0.283163 0.152739 0.691593 0.196399 0.408341 0.973246 0.469404 0.109751 0.901121 0.932365 0.293378 0.080474 0.020609 0.272114 0.971469 0.015596 0.252507 0.514772 0.449865 0.414707 0.744663 0.687149 0.866582 0.546090 0.116794 0.654804 0.280356 0.364767 0.714669 0.958759 0.255362 0.342799 0.097447 0.954029 0.823067 0.460332 0.624926 0.593474 0.334318 0.607704 0.852345 0.977756 0.506292 0.355549 0.132257 0.258054 0.772346 0.271274 0.586387 0.453628 0.399963 0.961320 0.309858 0.060647 0.062113 0.868486 0.258074 0.455599 0.966023 0.390937 0.473361 0.804022 0.070421 0.758041 0.723744 0.744382 0.871946 0.096672 0.665662 0.456820 0.932420 0.035428 0.300984 0.743922 0.511519 0.884843 0.297239 0.989167 0.302814 0.297099 0.894947 0.321830 0.088155 0.051170 0.097543 0.733073 0.821265 0.334563 0.178183 0.092028 0.254669 0.878696 0.824051 0.140674 0.518239 0.553174 0.482002 0.288467 0.139018 0.932010 0.805671 0.098125 0.982041 0.228348 0.433892 0.297840 0.567799 0.891695 0.321220 0.107778 0.475892 0.369668 0.787748 0.327308 0.357714 0.079063 0.670828 0.653848 0.019443 0.814233 0.914569 0.757005 0.177959 0.704860 0.074364 0.259115 0.498289 0.843808 0.723450 0.653450 0.381362 0.964716 0.070792 0.287553
0.797277 0.667094 0.260911 0.508654 0.524260 0.291919 0.348060 0.575774 0.910844 0.803057 0.151656 0.971720 0.488311 0.999084 0.947647 0.288826 0.258270 0.477251 0.388350 0.854521 0.312352 0.419312 0.170633 0.604333 0.267984 0.124869 0.453293 0.470657 0.156963 0.409051 0.922241 0.951837 0.028218 0.421141 0.724375 0.045672 0.800968 0.918158 0.071783 0.105813 0.261348 0.758762 0.159619 0.412095 0.719908 0.328366 0.220684 0.082770 0.974264 0.216606 0.638686 0.407999 0.135423 0.669608 0.754591 0.447023 0.304949 0.193903 0.174809 0.508637 0.485566 0.124720 0.831975 0.747387 0.952078 0.567198 0.688863 0.544704 0.399086 0.719789 0.854922 0.720235 0.330625 0.292519 0.428646 0.799294 0.227969 0.799913 0.560431 0.742456 0.016086 0.305528 0.403511 0.277048 0.703450 0.536123 0.162563 0.389277 0.105190 0.790866 0.103817 0.861554 0.702928 0.015051 0.964105 0.480874 0.755681 0.734819 0.598444 0.282671 0.207478 0.262911 0.793570 0.538573 0.102969 0.492640 0.002181 0.962511 0.084483 0.714375 0.008991 0.266827 0.048550 0.904247 0.807318 0.130982 0.670299 0.985999 0.888938 0.430670 0.161333 0.711323 0.786190 0.323547 0.632315 0.428287 0.017967 0.540258 0.575111 0.431170 0.143994 0.099940 0.199397 0.907615 0.098776 0.093473 0.554373 0.698557 0.792400 0.074587 0.200652 0.945870 0.870954 0.848005 0.328668 0.880967 0.068061 0.710402 0.113063 0.930824 0.123805 0.851032 0.023141 0.308711 0.138544 0.982037 0.768984 0.715311 0.548135 0.733256 0.889110 0.190026 0.307361 0.149257 0.439817 0.591571 0.485668 0.922573 0.560233 0.648116 0.991772 0.038038 0.978470 0.533590 0.341774 0.375654 0.541284 0.117509 0.364615 0.396867 0.852632 0.395184 0.767615 0.941419 0.183303 0.827364 0.572140 0.777032 0.230131 0.606282 0.122248 0.081122 0.026114 0.749370 0.054819 0.217414 0.319407 0.311683 0.643383 0.424287 0.426904 0.631587 0.449083 0.145074 0.472567 0.948390 0.408382 0.730283 0.785982 0.162459 0.667725 0.132117 0.318124 0.124390 0.439065 0.314404 0.630560 0.917126 0.226160 0.717459 0.701612 0.038646 0.948704 0.573539 0.915963 0.113518 0.773657 0.751102 0.498289 0.259438 0.280666 0.360860 0.496917 0.137607 0.323969 0.419591 0.891427 0.775895 0.214197 0.246775 0.466113 0.546295 0.011650 0.614929 0.700860 0.086926 0.931813 0.845169 0.436023 0.449848 0.857305 0.096522 0.786788 0.063891 0.566889 0.253547 0.525982 0.329253 0.069480 0.013670 0.603865 0.772060 0.645909 0.626336 0.834931 0.901463 0.471135 0.888045 0.839182 0.347780 0.220810 0.211327 0.264726 0.404796 0.996033 0.042437 0.953388 0.010288 0.087724 0.070806 0.499778 0.909851 0.915728 0.115785 0.527611 0.557473 0.660313 0.250545 0.835810 0.040898 0.557240 0.950241 0.565367 0.603820 0.217886 0.518841 0.062059 0.750746 0.447313 0.577094
0.670667 0.738646 0.311432 0.121178 0.427759 0.280855 0.031536 0.876771 0.613457 0.389119 0.210177 0.687309 0.775136 0.550399 0.485304 0.541533 0.635573 0.121884 0.270991 0.773953 0.068936 0.274788 0.064920 0.260716 0.493991 0.270529 0.559963 0.849906 0.164532 0.470227 0.828868 0.097784 0.939889 0.974736 0.678442 0.625415 0.917078 0.958320 0.188346 0.936260 0.372619 0.494194 0.530700 0.897552 0.195067 0.895921 0.534759 0.954046 0.160922 0.474675 0.935666 0.774817 0.231805 0.480356 0.386988 0.040213 0.192612 0.963170 0.290456 0.865521 0.886768 0.750870 0.484012 0.761284 0.995968 0.363949 0.722750 0.472724 0.078159 0.429621 0.020825 0.828391 0.699210 0.151731 0.890726 0.975720 0.358093 0.545974 0.573162 0.749804 0.683497 0.597005 0.913240 0.066243 0.505906 0.613622 0.477361 0.792997 0.488816 0.513956 0.051629 0.087659 0.480189 0.588781 0.098324 0.168351 0.590025 0.225642 0.062642 0.365510 0.062662 0.048483 0.390369 0.261959 0.937816 0.972414 0.574630 0.207644 0.867609 0.259084 0.601613 0.173566 0.449640 0.829645 0.912630 0.965650 0.263077 0.891396 0.182984 0.829360 0.413520 0.952324 0.648483 0.651071 0.708912 0.546091 0.729652 0.980028 0.398174 0.695336 0.342334 0.271087 0.820815 0.754468 0.629375 0.042026 0.171639 0.083688 0.530136 0.598868 0.534701 0.481760 0.802434 0.432613 0.532929 0.866873 0.546524 0.193803 0.695673 0.474926 0.786438 0.111217 0.842372 0.988900 0.732337 0.478923 0.311128 0.960151 0.552408 0.694592 0.494083 0.021637 0.934032 0.983909 0.239889 0.296204 0.810110 0.575936 0.783270 0.743642 0.415221 0.413253 0.106419 0.395914 0.676917 0.199967 0.536693 0.408253 0.242467 0.831108 0.595865 0.649197 0.985810 0.630756 0.878601 0.769364 0.503138 0.413828 0.392434 0.370132 0.812335 0.807007 0.740404 0.401685 0.642246 0.252494 0.231196 0.227387 0.817031 0.001665 0.507834 0.681955 0.659131 0.189125 0.795172 0.873732 0.935882 0.874047 0.036910 0.070012 0.500706 0.112918 0.014836 0.126386 0.347351 0.841120 0.665778 0.086011 0.134102 0.721374 0.750637 0.004984 0.941491 0.871101 0.308364 0.037088 0.677454 0.464436 0.352043 0.470489 0.457716 0.000453 0.659539 0.564368 0.149685 0.158747 0.746752 0.905839 0.061668 0.358491 0.888319 0.123319 0.291225 0.913678 0.046345 0.042494 0.500890 0.619670 0.052011 0.944014 0.203934 0.990570 0.586097 0.803849 0.106974 0.026081 0.770298 0.258433 0.763237 0.775517 0.724746 0.004380 0.005092 0.871789 0.950359 0.125814 0.354464 0.908308 0.211694 0.814197 0.724456 0.463111 0.770495 0.151679 0.743625 0.171157 0.110934 0.530892 0.852641 0.816047 0.461206 0.267430 0.045211 0.774072 0.928242 0.293978 0.188050 0.487798 0.965979 0.622216 0.998336 0.829006 0.891818 0.941493 0.389445 0.697979 0.558633 0.517397 0.955489 0.402016
0.760018 0.991119 0.973276 0.452586 0.951431 0.148118 0.114413 0.211481 0.724411 0.162539 0.036817 0.557730 0.708865 0.559365 0.538121 0.287891 0.440725 0.413612 0.696906 0.811350 0.016222 0.411708 0.732383 0.231337 0.049665 0.334036 0.978285 0.037969 0.423020 0.578851 0.600913 0.949786 0.704681 0.945496 0.514530 0.774724 0.621080 0.139358 0.780758 0.693704 0.945591 0.407028 0.414750 0.783339 0.592527 0.262512 0.222239 0.537432 0.447795 0.781829 0.713256 0.837089 0.423680 0.274421 0.610314 0.313577 0.976221 0.178846 0.109190 0.699871 0.925820 0.661333 0.924961 0.649594 0.039540 0.379488 0.743904 0.076842 0.540464 0.090489 0.207080 0.047787 0.841469 0.294839 0.095184 0.107833 0.037186 0.732845 0.106944 0.862236 0.914393 0.032445 0.659142 0.194345 0.092879 0.247174 0.482400 0.979987 0.988713 0.986969 0.547559 0.356343 0.351166 0.127413 0.154540 0.284223 0.693572 0.193035 0.429344 0.686640 0.519413 0.485914 0.362087 0.998542 0.306367 0.296058 0.100096 0.862219 0.995694 0.180306 0.678086 0.586004 0.789734 0.447325 0.919793 0.404489 0.836809 0.553375 0.133766 0.319232 0.860801 0.442487 0.139170 0.556448 0.871867 0.876162 0.247975 0.778002 0.141515 0.312555 0.291680 0.653920 0.277443 0.410572 0.717093 0.590369 0.626287 0.162532 0.571447 0.125823 0.900913 0.517762 0.467405 0.415270 0.135229 0.253217 0.761189 0.194193 0.641449 0.451180 0.406313 0.479251 0.041643 0.895091 0.796796 0.990365 0.947159 0.588610 0.560233 0.270624 0.213012 0.279651 0.198572 0.946999 0.536265 0.097677 0.449572 0.636437 0.623253 0.911775 0.825427 0.726041 0.479380 0.795092 0.169492 0.015838 0.789887 0.849114 0.164212 0.936800 0.871555 0.185116 0.958267 0.567406 0.184590 0.521626 0.800487 0.340990 0.531288 0.030548 0.636721 0.047737 0.744539 0.822265 0.014463 0.985246 0.515346 0.237129 0.766505 0.410312 0.527752 0.099035 0.913197 0.568655 0.172506 0.021260 0.029723 0.667341 0.782928 0.660639 0.266656 0.503450 0.165659 0.813577 0.310189 0.424125 0.614664 0.345207 0.804497 0.376037 0.271214 0.819434 0.181158 0.921241 0.536892 0.728938 0.629675 0.626046 0.268835 0.195324 0.753608 0.102624 0.367903 0.538351 0.217111 0.891720 0.722944 0.613045 0.754300 0.335080 0.334924 0.527515 0.401701 0.078671 0.938852 0.502254 0.560812 0.323584 0.895481 0.363529 0.275401 0.710892 0.083247 0.645508 0.758537 0.712636 0.939847 0.696877 0.284795 0.460852 0.886436 0.496504 0.362244 0.679711 0.676235 0.340682 0.913292 0.079785 0.940555 0.442883 0.611877 0.360572 0.716985 0.073004 0.524601 0.269577 0.246788 0.016010 0.426026 0.589505 0.322487 0.502550 0.591038 0.606632 0.061222 0.464778 0.807675 0.809702 0.319397 0.732685 0.414231 0.013416 0.909032 0.806794 0.542709 0.873818 0.220427 0.091284 0.491072 0.486332
0.045751 0.975912 0.903828 0.115999 0.803728 0.042284 0.818115 0.658181 0.984006 0.199214 0.556458 0.642203 0.060205 0.012712 0.940078 0.816573 0.262057 0.604378 0.611231 0.765880 0.055180 0.292152 0.325978 0.073009 0.113478 0.143458 0.562041 0.180977 0.503376 0.414937 0.130596 0.062033 0.705109 0.240317 0.487414 0.253680 0.843179 0.914733 0.573416 0.918346 0.234247 0.087640 0.516206 0.541579 0.821047 0.883242 0.192768 0.009607 0.596099 0.059884 0.020592 0.553877 0.007640 0.451816 0.822878 0.865083 0.635123 0.429944 0.641847 0.635534 0.644797 0.703815 0.476646 0.974154 0.607583 0.636791 0.829783 0.471378 0.485595 0.653375 0.168890 0.944834 0.760963 0.155869 0.125479 0.144754 0.047922 0.507837 0.629533 0.109855 0.721213 0.215850 0.311601 0.100081 0.066411 0.326214 0.873457 0.379289 0.068784 0.986707 0.713322 0.070217 0.271647 0.422101 0.985280 0.088964 0.479878 0.954904 0.108076 0.315473 0.061702 0.435623 0.333465 0.703012 0.695870 0.556475 0.897003 0.045831 0.345799 0.917839 0.291409 0.882460 0.199766 0.434238 0.297772 0.860318 0.319596 0.776590 0.111019 0.689612 0.634362 0.438314 0.681135 0.346069 0.300158 0.336515 0.540675 0.868122 0.486428 0.933688 0.363147 0.716676 0.181229 0.291690 0.310186 0.103821 0.439002 0.097814 0.328046 0.601673 0.478552 0.525520 0.854255 0.139450 0.592177 0.469768 0.003747 0.473714 0.070926 0.460605 0.999125 0.327401 0.317656 0.810238 0.171364 0.407381 0.251182 0.774744 0.527289 0.629919 0.929123 0.114483 0.293223 0.352953 0.409703 0.610025 0.004341 0.732047 0.080229 0.179923 0.995254 0.336031 0.567960 0.713087 0.646483 0.604142 0.198505 0.122615 0.681472 0.252505 0.131217 0.013827 0.960371 0.448314 0.523038 0.905977 0.213111 0.684731 0.622026 0.321304 0.759178 0.241585 0.530869 0.350574 0.832449 0.609778 0.867277 0.649439 0.343471 0.763290 0.371932 0.728246 0.736697 0.736997 0.237642 0.996749 0.408442 0.092665 0.152575 0.581160 0.568996 0.352319 0.787676 0.508572 0.855145 0.396260 0.613020 0.316027 0.033957 0.334900 0.047618 0.960935 0.927194 0.672384 0.925289 0.180394 0.964072 0.445809 0.251165 0.187025 0.579252 0.077964 0.269153 0.777077 0.898012 0.272827 0.282171 0.519262 0.934481 0.915526 0.043361 0.138925 0.931698 0.830444 0.592909 0.809676 0.973868 0.829095 0.501377 0.184852 0.240543 0.925884 0.024053 0.994947 0.386943 0.103930 0.649554 0.644966 0.451284 0.395904 0.165873 0.962368 0.624107 0.098496 0.532380 0.535500 0.939916 0.356690 0.295833 0.376025 0.665708 0.625458 0.176259 0.765824 0.253580 0.669825 0.256944 0.078713 0.657280 0.869698 0.775397 0.569390 0.894681 0.622525 0.362637 0.792716 0.727641 0.846048 0.274667 0.811624 0.865232 0.317041 0.068109 0.817152 0.167350 0.150229 0.385192 0.082380 0.593163 0.704261
0.879976 0.375391 0.893280 0.267095 0.020541 0.797820 0.574397 0.110265 0.045398 0.313490 0.580526 0.906859 0.687532 0.124569 0.877329 0.712540 0.071069 0.157582 0.646642 0.011891 0.911175 0.697204 0.716786 0.532994 0.034608 0.521672 0.797921 0.279455 0.381098 0.986406 0.455761 0.625900 0.212797 0.595109 0.869525 0.889277 0.068538 0.114140 0.668784 0.045090 0.833579 0.017987 0.920714 0.152338 0.051449 0.251028 0.312130 0.309854 0.238809 0.171887 0.585001 0.092055 0.459006 0.783912 0.957844 0.505529 0.646186 0.656658 0.351600 0.608031 0.009445 0.841736 0.396386 0.198116 0.870592 0.675719 0.457933 0.359610 0.144683 0.731465 0.323103 0.894223 0.579979 0.668855 0.234875 0.668569 0.397063 0.958256 0.812863 0.292314 0.675693 0.223086 0.457568 0.765884 0.983717 0.940452 0.863371 0.971519 0.952391 0.019302 0.637772 0.339290 0.222182 0.466063 0.332373 0.858723 0.799536 0.936731 0.139850 0.241090 0.866913 0.669087 0.217105 0.147049 0.156195 0.598741 0.654777 0.426882 0.450676 0.487704 0.787202 0.405700 0.932162 0.620913 0.276302 0.676186 0.815429 0.591547 0.297724 0.500911 0.005326 0.995902 0.868200 0.529755 0.621335 0.210957 0.955516 0.168413 0.897897 0.796857 0.558733 0.150291 0.139273 0.702809 0.962880 0.915421 0.391379 0.840298 0.545507 0.968563 0.733072 0.771686 0.151803 0.003887 0.476317 0.678942 0.155099 0.839069 0.415007 0.042159 0.545105 0.047557 0.247081 0.184074 0.640960 0.756577 0.611808 0.043694 0.254866 0.646315 0.638181 0.575802 0.310806 0.123056 0.577724 0.079415 0.299352 0.533379 0.498588 0.649206 0.194994 0.569624 0.568051 0.201321 0.273623 0.256795 0.072080 0.931074 0.639798 0.812934 0.431476 0.062538 0.486668 0.770326 0.321185 0.262691 0.171647 0.294915 0.674375 0.363100 0.438312 0.877419 0.265956 0.754678 0.975248 0.681850 0.982717 0.877977 0.904121 0.369886 0.438078 0.411658 0.181200 0.024553 0.299346 0.905857 0.366932 0.659353 0.789311 0.101968 0.879093 0.812328 0.103074 0.697875 0.318581 0.098923 0.194280 0.983798 0.179707 0.239672 0.633843 0.317056 0.524968 0.661189 0.685634 0.490493 0.754622 0.984532 0.718182 0.052176 0.430229 0.697307 0.333419 0.208720 0.845061 0.857512 0.823872 0.585920 0.100045 0.424130 0.160717 0.136475 0.479148 0.268968 0.245069 0.669988 0.646930 0.496692 0.027052 0.026892 0.624190 0.799624 0.206830 0.813267 0.250175 0.891662 0.104133 0.952526 0.523529 0.209571 0.222001 0.500715 0.412426 0.970465 0.375996 0.738835 0.973229 0.746606 0.422896 0.928568 0.422501 0.847002 0.690161 0.755833 0.878696 0.504309 0.298307 0.417930 0.003615 0.649714 0.221950 0.633108 0.765405 0.238952 0.877429 0.358898 0.354362 0.731142 0.010572 0.087103 0.374238 0.270012 0.776188 0.095435 0.660821 0.100149 0.368847 0.166178 0.693875 0.036052
0.389358 0.081112 0.478224 0.665431 0.166129 0.842537 0.483304 0.111088 0.498723 0.925559 0.616776 0.648099 0.087301 0.823887 0.410458 0.752285 0.408336 0.152964 0.230618 0.320988 0.756529 0.176236 0.535687 0.746772 0.408142 0.184086 0.998903 0.350742 0.718705 0.016483 0.426287 0.039010 0.571414 0.367311 0.937667 0.672555 0.022629 0.625587 0.688826 0.101686 0.197280 0.247117 0.269085 0.412323 0.966466 0.315513 0.185183 0.998647 0.000911 0.500755 0.609629 0.711263 0.277295 0.289332 0.655954 0.612234 0.200484 0.320948 0.669110 0.905302 0.007665 0.612985 0.121694 0.561966 0.534851 0.150836 0.476790 0.908852 0.252744 0.257939 0.236337 0.547492 0.619240 0.742820 0.945828 0.339524 0.137294 0.952076 0.340739 0.066608 0.949985 0.410088 0.388071 0.888481 0.930915 0.293376 0.658986 0.508613 0.768394 0.276943 0.497430 0.929441 0.976399 0.970957 0.463605 0.722730 0.027026 0.405238 0.961458 0.098524 0.971638 0.834719 0.474827 0.931895 0.430357 0.712094 0.187236 0.354343 0.002664 0.998825 0.375541 0.064271 0.198400 0.566227 0.955148 0.289259 0.370702 0.862577 0.137607 0.650884 0.232408 0.410226 0.238002 0.795203 0.944672 0.382319 0.693818 0.178251 0.828961 0.267092 0.964456 0.269374 0.148831 0.451572 0.398955 0.908373 0.428243 0.710964 0.558966 0.763957 0.139869 0.866181 0.020859 0.367031 0.728132 0.266169 0.946533 0.253532 0.457092 0.442903 0.728729 0.012393 0.460441 0.722414 0.004927 0.271549 0.981228 0.070087 0.998512 0.546708 0.265780 0.438717 0.651206 0.070167 0.878276 0.317090 0.293458 0.763579 0.688986 0.499561 0.152349 0.661479 0.547777 0.055052 0.183159 0.683841 0.855304 0.609177 0.422540 0.738498 0.033216 0.318493 0.419446 0.262413 0.901834 0.711638 0.231696 0.663635 0.905013 0.372889 0.162317 0.786080 0.900534 0.356892 0.684697 0.274220 0.732155 0.095470 0.288353 0.581947 0.577511 0.419723 0.312243 0.916746 0.585455 0.343679 0.589444 0.669357 0.616973 0.587549 0.084195 0.892990 0.826618 0.331740 0.444577 0.984497 0.184332 0.048563 0.130367 0.137036 0.951742 0.486062 0.324998 0.939295 0.000084 0.324515 0.601684 0.118813 0.299003 0.740620 0.982359 0.102443 0.999727 0.564030 0.623948 0.019848 0.043406 0.033345 0.366405 0.286334 0.720487 0.911440 0.460762 0.984939 0.204430 0.792245 0.118872 0.915205 0.544119 0.831655 0.434512 0.341979 0.685421 0.549202 0.514981 0.431354 0.639957 0.152003 0.229743 0.674671 0.873110 0.034863 0.694404 0.345156 0.258663 0.838003 0.634251 0.656566 0.754293 0.236929 0.920018 0.971005 0.145808 0.248477 0.914420 0.662712 0.527058 0.323164 0.795584 0.881542 0.934776 0.300936 0.054789 0.030484 0.399880 0.525375 0.132444 0.182679 0.530757 0.795271 0.699843 0.516457 0.362285 0.870028 0.719685 0.779842 0.402543 0.756619 0.801100 0.288688
0.902776 0.790573 0.184455 0.000708 0.996596 0.675209 0.507514 0.396892 0.865569 0.042894 0.625428 0.092029 0.887451 0.900111 0.595830 0.425871 0.417398 0.562239 0.567071 0.159265 0.213447 0.840901 0.437694 0.428355 0.260891 0.263455 0.229463 0.870964 0.365418 0.027610 0.709612 0.324110 0.018276 0.063235 0.518363 0.732500 0.511439 0.355111 0.470568 0.596109 0.344597 0.900739 0.858592 0.199245 0.107652 0.636468 0.463415 0.250566 0.738360 0.046594 0.455658 0.020536 0.122416 0.257441 0.283585 0.302731 0.693013 0.771496 0.035913 0.480041 0.350177 0.758581 0.058157 0.087370 0.713018 0.325643 0.709512 0.991096 0.589402 0.771935 0.830684 0.493937 0.453491 0.278419 0.235117 0.456400 0.327321 0.934535 0.127536 0.005999 0.107532 0.171260 0.054622 0.547765 0.299525 0.058728 0.155233 0.066898 0.108044 0.631991 0.640873 0.643605 0.867236 0.775647 0.401961 0.596147 0.742468 0.187964 0.895823 0.991889 0.239756 0.150332 0.509520 0.175484 0.816347 0.437398 0.816842 0.521669 0.328125 0.881711 0.853263 0.262777 0.313585 0.633551 0.055407 0.564908 0.024751 0.774729 0.987061 0.135356 0.672987 0.783025 0.576869 0.828531 0.617684 0.894344 0.386747 0.935361 0.538896 0.156527 0.896992 0.737323 0.916793 0.677221 0.846276 0.206807 0.622045 0.664803 0.173217 0.759604 0.885767 0.389282 0.967279 0.247953 0.420342 0.679769 0.359471 0.177696 0.686954 0.509855 0.455167 0.282782 0.335808 0.274362 0.109359 0.435844 0.811223 0.946767 0.422923 0.426187 0.439088 0.375502 0.835149 0.368215 0.516478 0.148625 0.287160 0.767977 0.588352 0.876116 0.256219 0.213042 0.258325 0.890434 0.588342 0.396490 0.370211 0.191762 0.520601 0.456116 0.589442 0.179783 0.738741 0.713524 0.698463 0.828134 0.032635 0.502213 0.367377 0.883452 0.414316 0.134776 0.189417 0.083579 0.715939 0.235539 0.137923 0.695729 0.645661 0.262636 0.733957 0.399771 0.645447 0.412265 0.692670 0.773560 0.499291 0.005315 0.169991 0.600066 0.306465 0.823444 0.753731 0.937773 0.879403 0.099258 0.760431 0.870148 0.929152 0.491881 0.836794 0.857491 0.213454 0.630834 0.703169 0.168056 0.986519 0.442175 0.159997 0.174789 0.398791 0.615761 0.275069 0.152612 0.274796 0.700827 0.984105 0.535229 0.152846 0.521842 0.814795 0.496418 0.427565 0.350234 0.216224 0.791814 0.562378 0.062971 0.427956 0.081753 0.386283 0.162181 0.816192 0.073538 0.701998 0.868322 0.345623 0.765213 0.844806 0.678508 0.543028 0.864446 0.197757 0.419987 0.894720 0.097659 0.606427 0.237506 0.389792 0.143182 0.781450 0.489902 0.478464 0.155282 0.180627 0.467367 0.084371 0.798812 0.265399 0.097964 0.867729 0.837978 0.523261 0.676991 0.007508 0.453437 0.188632 0.838979 0.409553 0.429611 0.434997 0.801273 0.632039 0.228110 0.997531 0.717630 0.964627 0.160375 0.073954 0.345337
0.543165 0.415373 0.509487 0.315780 0.199636 0.574275 0.392374 0.699396 0.788992 0.153552 0.727231 0.415270 0.360067 0.843230 0.597933 0.566305 0.141175 0.753986 0.788018 0.095813 0.290292 0.353032 0.360132 0.387614 0.005135 0.002043 0.186313 0.410640 0.398294 0.833464 0.046025 0.183410 0.406785 0.935674 0.649284 0.226165 0.908918 0.694413 0.526048 0.211785 0.759312 0.025574 0.437251 0.114917 0.885946 0.453279 0.345244 0.099378 0.909336 0.504253 0.073528 0.834107 0.077512 0.358061 0.404427 0.362106 0.631898 0.188763 0.665959 0.798742 0.436255 0.946963 0.781226 0.736429 0.869305 0.712515 0.318365 0.432682 0.839540 0.204264 0.801868 0.162578 0.435154 0.213669 0.106028 0.983743 0.479460 0.386084 0.055841 0.756909 0.944619 0.375817 0.853728 0.640466 0.031350 0.309604 0.167422 0.885746 0.594239 0.477094 0.873510 0.165610 0.161606 0.932408 0.597743 0.567666 0.987472 0.119575 0.747991 0.034366 0.503172 0.797369 0.667749 0.102862 0.718462 0.376928 0.125471 0.453122 0.709249 0.687060 0.672661 0.812282 0.331549 0.499047 0.283169 0.073370 0.854588 0.498666 0.136189 0.840725 0.317734 0.735357 0.077148 0.738793 0.914738 0.168616 0.903837 0.701852 0.724486 0.940112 0.222243 0.005837 0.857660 0.622646 0.469841 0.356396 0.684402 0.978680 0.221597 0.242337 0.525635 0.941857 0.984151 0.456515 0.889717 0.193179 0.120693 0.469568 0.456098 0.031378 0.829825 0.195020 0.810231 0.383844 0.766416 0.493789 0.706793 0.322907 0.225880 0.743329 0.821824 0.169644 0.563187 0.133319 0.653274 0.536073 0.225158 0.528485 0.555488 0.212650 0.214289 0.211568 0.598798 0.054871 0.156129 0.091997 0.477262 0.948393 0.950144 0.438213 0.298878 0.108726 0.538713 0.399922 0.533911 0.087438 0.243585 0.043827 0.074204 0.499984 0.692377 0.110363 0.485144 0.123615 0.259916 0.676744 0.465335 0.864538 0.032093 0.943368 0.039015 0.956803 0.576588 0.933239 0.819431 0.623535 0.870997 0.350354 0.431231 0.006986 0.868910 0.768022 0.215107 0.039755 0.078286 0.807735 0.973551 0.781380 0.737373 0.735461 0.833919 0.402533 0.840792 0.188425 0.424631 0.857681 0.138901 0.350265 0.271713 0.086173 0.547252 0.596227 0.168883 0.281107 0.859405 0.057485 0.935802 0.511752 0.420338 0.766669 0.064345 0.656120 0.470083 0.870830 0.566786 0.117531 0.944092 0.373465 0.932700 0.672200 0.038139 0.994738 0.092600 0.853065 0.549724 0.822509 0.462772 0.257768 0.113534 0.036806 0.782254 0.055811 0.820702 0.556902 0.770387 0.687143 0.965546 0.609447 0.607885 0.907312 0.208550 0.017596 0.327245 0.908054 0.157072 0.439520 0.142912 0.260075 0.806282 0.455212 0.185321 0.976242 0.649763 0.368468 0.580550 0.889439 0.365595 0.910683 0.400461 0.301553 0.887257 0.166133 0.404214 0.805697 0.380938 0.518318 0.425434 0.879134 0.114400 0.058203
0.230157 0.226725 0.657760 0.871230 0.204848 0.447145 0.989657 0.737659 0.123611 0.727373 0.200355 0.665613 0.897354 0.013165 0.805968 0.386052 0.730498 0.103701 0.251287 0.998684 0.021002 0.413249 0.070231 0.212960 0.344197 0.581365 0.686734 0.938252 0.387726 0.887914 0.171494 0.072418 0.694133 0.575258 0.896453 0.948393 0.395098 0.665990 0.592122 0.150840 0.936055 0.899991 0.491761 0.231349 0.546489 0.140856 0.926165 0.425991 0.649344 0.580216 0.312767 0.381622 0.610536 0.534727 0.521120 0.865063 0.306150 0.154577 0.936927 0.171467 0.404224 0.378644 0.276390 0.313564 0.845036 0.490535 0.129561 0.756635 0.511817 0.441192 0.177775 0.735897 0.708437 0.567476 0.635434 0.653545 0.341656 0.027425 0.050742 0.526910 0.677137 0.706016 0.632521 0.918504 0.865498 0.458688 0.945585 0.127413 0.366872 0.341104 0.345394 0.516102 0.239621 0.773364 0.699653 0.900709 0.020832 0.802039 0.846298 0.013564 0.037402 0.879047 0.910509 0.567325 0.644342 0.055181 0.020572 0.451575 0.988761 0.144157 0.026589 0.490897 0.319180 0.487879 0.123264 0.528650 0.942592 0.937696 0.457276 0.744257 0.172156 0.433742 0.772733 0.767035 0.558204 0.683067 0.441727 0.126607 0.105877 0.551386 0.215651 0.015348 0.526208 0.494396 0.873790 0.774721 0.252924 0.926627 0.938881 0.748718 0.842726 0.954428 0.765865 0.484376 0.093669 0.118873 0.077040 0.549492 0.688372 0.314652 0.390144 0.629095 0.457946 0.414167 0.361671 0.363812 0.892468 0.493431 0.777021 0.313217 0.294354 0.995904 0.544345 0.177458 0.840325 0.653762 0.246291 0.495042 0.596931 0.346015 0.282155 0.777084 0.794291 0.508718 0.812257 0.750936 0.035146 0.939403 0.522979 0.250937 0.018769 0.650259 0.618238 0.614621 0.857682 0.201699 0.045501 0.749618 0.415358 0.148253 0.309940 0.278682 0.963594 0.059407 0.633817 0.195420 0.284015 0.459223 0.695073 0.369478 0.749596 0.853317 0.631339 0.797373 0.591839 0.180496 0.996323 0.438357 0.567341 0.516449 0.340453 0.632258 0.461968 0.918124 0.997004 0.196219 0.027947 0.516887 0.165358 0.659467 0.578639 0.020380 0.664657 0.960544 0.069290 0.558546 0.655278 0.565075 0.700506 0.092414 0.707496 0.715358 0.275764 0.662363 0.498921 0.841093 0.906883 0.596790 0.347307 0.329963 0.123177 0.190219 0.844605 0.974696 0.522242 0.805070 0.845515 0.986872 0.421728 0.973511 0.545932 0.931203 0.154439 0.626661 0.167071 0.752644 0.320600 0.176446 0.421128 0.929095 0.398513 0.252472 0.610118 0.620060 0.952569 0.333215 0.395338 0.139693 0.384444 0.853542 0.181890 0.844992 0.783015 0.331509 0.135487 0.988419 0.610810 0.873001 0.098815 0.440209 0.898396 0.854476 0.852752 0.322001 0.210213 0.575671 0.617565 0.739579 0.077824 0.054449 0.210772 0.848764 0.637198 0.514711 0.712521 0.050021 0.609279 0.681964 0.310314 0.809150
0.997543 0.081095 0.205569 0.904134 0.882009 0.238659 0.122161 0.969689 0.060946 0.320570 0.132220 0.942233 0.337672 0.511442 0.285789 0.258401 0.515265 0.106433 0.743520 0.299362 0.421258 0.572999 0.028682 0.091700 0.224651 0.864364 0.126352 0.237991 0.565953 0.774743 0.800145 0.503286 0.285538 0.612837 0.256076 0.211629 0.589019 0.536604 0.009136 0.553492 0.800853 0.813391 0.827979 0.081557 0.442881 0.050846 0.852325 0.859332 0.215146 0.824269 0.261733 0.291956 0.973480 0.465756 0.774342 0.039710 0.846598 0.645257 0.371695 0.589014 0.086671 0.505415 0.019059 0.472371 0.881988 0.593366 0.222810 0.274462 0.337999 0.251033 0.595853 0.337039 0.632624 0.214287 0.338729 0.967740 0.374285 0.311703 0.018719 0.383868 0.212939 0.864832 0.106961 0.456114 0.253265 0.624508 0.500374 0.257000 0.154140 0.599082 0.058558 0.710442 0.085482 0.069094 0.977737 0.267381 0.972697 0.103835 0.635058 0.056842 0.324921 0.520632 0.827094 0.604143 0.477797 0.733651 0.443895 0.317549 0.554344 0.487662 0.495612 0.774568 0.501801 0.454393 0.754539 0.646775 0.036602 0.177982 0.174856 0.460260 0.648943 0.782754 0.306065 0.194345 0.509945 0.272168 0.572879 0.808030 0.166126 0.125514 0.552633 0.504825 0.457420 0.067552 0.313767 0.047428 0.945835 0.129552 0.301781 0.822356 0.575300 0.116447 0.630190 0.692917 0.585650 0.904990 0.860084 0.994197 0.918447 0.261318 0.261175 0.021079 0.883089 0.180706 0.091969 0.062760 0.512874 0.195498 0.816506 0.544910 0.379158 0.675835 0.502494 0.373676 0.725044 0.202810 0.059538 0.415310 0.956190 0.065648 0.256899 0.480389 0.316608 0.929088 0.646072 0.511901 0.015563 0.943192 0.171842 0.060723 0.422630 0.674263 0.374066 0.312032 0.697393 0.074583 0.459862 0.381105 0.822447 0.804825 0.167363 0.319752 0.612831 0.353396 0.478114 0.657610 0.335404 0.931739 0.784666 0.466796 0.531724 0.725693 0.687488 0.421226 0.890231 0.482634 0.515680 0.920648 0.550291 0.862659 0.315440 0.857664 0.898560 0.003230 0.121518 0.964725 0.793215 0.445298 0.650068 0.142644 0.836938 0.826783 0.676704 0.727399 0.007577 0.941059 0.527539 0.070886 0.885986 0.915790 0.003739 0.734104 0.221013 0.932707 0.445048 0.700557 0.071587 0.112951 0.800973 0.570918 0.452856 0.100565 0.459257 0.184566 0.315868 0.163360 0.804683 0.754376 0.196631 0.833245 0.793541 0.587848 0.345888 0.820580 0.776215 0.885249 0.826956 0.794237 0.291113 0.808751 0.870773 0.337688 0.026063 0.301611 0.344857 0.034629 0.216388 0.985490 0.418054 0.921716 0.195025 0.699571 0.990648 0.449272 0.064439 0.570707 0.704766 0.171784 0.219685 0.199137 0.258630 0.470272 0.562143 0.838540 0.825809 0.450964 0.168294 0.034336 0.420436 0.448159 0.094951 0.603393 0.640129 0.308982 0.706144 0.773615 0.163100 0.763781 0.845269 0.419810
0.151617 0.408349 0.264321 0.046565 0.999325 0.902127 0.673152 0.097977 0.672334 0.692356 0.982000 0.356904 0.207153 0.054460 0.673914 0.785903 0.829269 0.148356 0.854627 0.844346 0.403849 0.031089 0.523418 0.796239 0.978179 0.074766 0.964274 0.466669 0.634113 0.881076 0.245017 0.720207 0.106658 0.848716 0.728270 0.082250 0.517235 0.480630 0.379195 0.080240 0.412676 0.634486 0.329735 0.735765 0.398294 0.866291 0.249335 0.660624 0.653802 0.217254 0.423559 0.588135 0.056321 0.515513 0.284434 0.195466 0.363639 0.090653 0.582246 0.462913 0.452935 0.197064 0.583531 0.546548 0.357969 0.335672 0.453505 0.587581 0.088523 0.552643 0.598687 0.568626 0.439153 0.854142 0.553979 0.082145 0.927668 0.161853 0.128477 0.561204 0.284470 0.662787 0.501475 0.403755 0.581790 0.832040 0.129959 0.136129 0.830189 0.801004 0.475607 0.696382 0.809643 0.138463 0.117293 0.136176 0.936030 0.052914 0.902721 0.001489 0.511924 0.092491 0.355956 0.184517 0.462089 0.345413 0.997855 0.452879 0.070126 0.193428 0.521216 0.769544 0.204448 0.162223 0.266926 0.211812 0.717759 0.847690 0.691490 0.671142 0.920824 0.087833 0.485815 0.171006 0.475407 0.758550 0.979206 0.066224 0.054808 0.136845 0.090129 0.168157 0.849435 0.137783 0.241603 0.666777 0.279553 0.068115 0.700053 0.357088 0.672792 0.896270 0.298241 0.463735 0.552114 0.876198 0.172788 0.004958 0.497081 0.547523 0.168680 0.077094 0.165404 0.788736 0.844078 0.935003 0.426967 0.986077 0.718595 0.118986 0.225053 0.161791 0.080790 0.061732 0.782095 0.120176 0.826423 0.018237 0.426119 0.460284 0.834208 0.627945 0.296145 0.902175 0.741184 0.378553 0.972870 0.005358 0.510644 0.120936 0.427505 0.827139 0.930818 0.051814 0.344843 0.219440 0.548315 0.551988 0.502116 0.816269 0.605042 0.374074 0.381499 0.858658 0.221201 0.732438 0.798750 0.433524 0.584871 0.760819 0.352671 0.409255 0.929296 0.024481 0.459272 0.715829 0.635174 0.296964 0.296387 0.722773 0.880733 0.347785 0.535954 0.623473 0.731468 0.242446 0.066800 0.693885 0.844748 0.054333 0.285832 0.702488 0.375600 0.339882 0.766771 0.067610 0.404322 0.298900 0.353286 0.884067 0.716841 0.111304 0.783744 0.714937 0.855585 0.726664 0.027385 0.465844 0.055691 0.637223 0.911416 0.788382 0.522816 0.419864 0.002401 0.107889 0.260410 0.767108 0.706904 0.970100 0.568854 0.724586 0.556936 0.369122 0.816425 0.330438 0.135089 0.987896 0.842367 0.863260 0.387646 0.265886 0.920326 0.230884 0.215349 0.655228 0.009277 0.598177 0.297219 0.081298 0.198163 0.825892 0.302057 0.659665 0.774752 0.734681 0.797717 0.341835 0.179386 0.966775 0.747338 0.665604 0.307683 0.748562 0.830957 0.336027 0.765221 0.770708 0.694668 0.333334 0.287964 0.168327 0.498309 0.517212 0.402558 0.257971 0.363258 0.150633 0.682127 0.480329
0.715179 0.787879 0.642539 0.680339 0.345400 0.693369 0.142953 0.462838 0.232949 0.737558 0.319562 0.426382 0.636388 0.006625 0.915073 0.372635 0.172957 0.794799 0.919202 0.671576 0.038571 0.332302 0.682680 0.818224 0.505726 0.028367 0.818733 0.557803 0.832380 0.285077 0.511598 0.030958 0.306379 0.074208 0.421905 0.289264 0.573963 0.604357 0.543384 0.611962 0.186236 0.906737 0.535223 0.371987 0.140024 0.777372 0.030589 0.757301 0.392839 0.956817 0.200773 0.320370 0.602172 0.541124 0.873581 0.390117 0.466545 0.428778 0.916908 0.034555 0.309488 0.140270 0.573939 0.954907 0.859830 0.504260 0.413330 0.753346 0.084733 0.279302 0.453008 0.210804 0.573321 0.985639 0.796863 0.397025 0.786087 0.071564 0.719923 0.088998 0.342472 0.859780 0.562324 0.336310 0.943255 0.449004 0.437961 0.479023 0.338712 0.699170 0.522444 0.438672 0.343657 0.107092 0.396143 0.600718 0.668259 0.024981 0.182655 0.839093 0.516922 0.377549 0.337712 0.458008 0.811161 0.471876 0.321698 0.892698 0.120227 0.315291 0.886230 0.342034 0.490414 0.023474 0.289811 0.995914 0.230129 0.608854 0.335908 0.542510 0.017114 0.889755 0.228031 0.409577 0.229286 0.013476 0.094162 0.308854 0.160005 0.651104 0.734766 0.561593 0.689786 0.745406 0.499601 0.920194 0.967497 0.254286 0.571355 0.338548 0.063813 0.465843 0.748062 0.218361 0.312405 0.635654 0.417795 0.608044 0.093839 0.579772 0.163965 0.091116 0.714755 0.064477 0.769318 0.827091 0.270410 0.552675 0.575200 0.109680 0.103602 0.227185 0.527597 0.475927 0.959102 0.696822 0.716694 0.574879 0.275318 0.703542 0.874049 0.472429 0.987684 0.378524 0.680633 0.620451 0.085876 0.629593 0.845699 0.259401 0.236431 0.564560 0.266981 0.439186 0.875721 0.655973 0.429500 0.704228 0.943088 0.046329 0.818198 0.146926 0.071234 0.671952 0.972119 0.678503 0.675989 0.142699 0.160015 0.372824 0.529252 0.616948 0.716392 0.602542 0.895867 0.863494 0.915048 0.724668 0.999198 0.489517 0.367623 0.598185 0.443479 0.939351 0.899140 0.332825 0.445771 0.098834 0.053766 0.292892 0.486442 0.281993 0.701585 0.710022 0.996605 0.975635 0.253258 0.664421 0.483416 0.716091 0.116110 0.110954 0.996374 0.705487 0.191707 0.947479 0.020032 0.588906 0.709654 0.972523 0.950215 0.942079 0.367124 0.350782 0.951396 0.513581 0.524059 0.294741 0.222063 0.846912 0.791693 0.538414 0.475796 0.441860 0.903963 0.644676 0.782777 0.579687 0.006787 0.186695 0.838797 0.325467 0.401235 0.578597 0.089965 0.598260 0.203756 0.119179 0.619260 0.742834 0.428011 0.464544 0.140362 0.879160 0.252263 0.128313 0.801946 0.673245 0.478733 0.676939 0.066299 0.586189 0.796582 0.373308 0.192849 0.358204 0.672652 0.537064 0.980326 0.041542 0.439509 0.335699 0.713953 0.577359 0.388828 0.911518 0.714754 0.272736 0.000830 0.015570
0.806706 0.428857 0.531870 0.669281 0.898935 0.354230 0.552705 0.072826 0.478083 0.905533 0.467585 0.699373 0.734255 0.648780 0.724852 0.538478 0.678334 0.078775 0.537492 0.416337 0.662194 0.895693 0.884873 0.255174 0.232469 0.586800 0.698466 0.546145 0.206881 0.008979 0.113683 0.264304 0.632519 0.154863 0.041420 0.958996 0.764913 0.181553 0.521646 0.234480 0.256344 0.407030 0.150930 0.025040 0.387320 0.915703 0.696769 0.567644 0.993927 0.552112 0.842565 0.144022 0.583561 0.164722 0.113782 0.363539 0.454111 0.022734 0.539606 0.486369 0.792214 0.140773 0.144284 0.184633 0.105463 0.569080 0.524883 0.521215 0.382049 0.408025 0.180205 0.843929 0.875210 0.282912 0.010028 0.555732 0.969026 0.217887 0.997488 0.634578 0.303556 0.576444 0.015806 0.400623 0.475282 0.850831 0.101389 0.575488 0.137641 0.149145 0.300712 0.337922 0.774042 0.711755 0.056473 0.526981 0.078579 0.608907 0.906543 0.827422 0.052288 0.318607 0.321786 0.334461 0.885532 0.649481 0.578905 0.957435 0.947889 0.561433 0.856027 0.187550 0.600093 0.183189 0.506132 0.858655 0.037147 0.299335 0.613279 0.937370 0.426439 0.752703 0.556944 0.616390 0.726558 0.487298 0.014027 0.917283 0.587073 0.101716 0.832730 0.151147 0.742477 0.078071 0.021294 0.379406 0.040609 0.799789 0.601516 0.919672 0.984968 0.245185 0.226412 0.717330 0.550863 0.408151 0.663732 0.484217 0.622473 0.072890 0.263865 0.923068 0.896174 0.935242 0.690757 0.163652 0.701213 0.359052 0.476899 0.942104 0.457815 0.498921 0.689101 0.113995 0.740856 0.992634 0.657463 0.767728 0.647222 0.163741 0.050422 0.399382 0.136168 0.159742 0.649091 0.002700 0.649292 0.672036 0.999671 0.275584 0.209097 0.486838 0.051633 0.587525 0.818229 0.500272 0.998774 0.771926 0.298354 0.654139 0.470292 0.715245 0.837582 0.958531 0.644099 0.912790 0.333541 0.929413 0.222213 0.272849 0.500954 0.849335 0.220268 0.678199 0.797231 0.066974 0.498581 0.807704 0.591872 0.858636 0.284916 0.072131 0.291268 0.414376 0.941536 0.683319 0.918067 0.829967 0.486734 0.623328 0.557705 0.982309 0.431450 0.311087 0.784650 0.856706 0.035785 0.014318 0.887842 0.928102 0.700333 0.079185 0.730413 0.923545 0.234321 0.581845 0.688912 0.630507 0.404546 0.331268 0.377508 0.248669 0.876706 0.334232 0.373693 0.523420 0.546300 0.225215 0.556508 0.358888 0.405627 0.651620 0.454718 0.359596 0.725917 0.605492 0.407259 0.706159 0.334352 0.209625 0.306312 0.842499 0.556275 0.463399 0.517323 0.532506 0.176103 0.327111 0.833590 0.539497 0.347435 0.139615 0.732262 0.258260 0.499287 0.247979 0.501603 0.674531 0.176446 0.752854 0.842356 0.386141 0.228948 0.936199 0.332973 0.776609 0.588528 0.473891 0.640942 0.733880 0.678726 0.337506 0.102382 0.700379 0.574905 0.752165 0.766927 0.899805 0.063634 0.343306
0.747097 0.653925 0.315020 0.359093 0.640954 0.795387 0.986273 0.808984 0.685576 0.969012 0.913861 0.929959 0.438586 0.739991 0.043708 0.069397 0.814186 0.490424 0.065046 0.773632 0.801520 0.635196 0.030236 0.235345 0.926480 0.474697 0.246036 0.183658 0.341832 0.282726 0.653063 0.954748 0.194107 0.614009 0.311834 0.332508 0.227966 0.285472 0.380105 0.184234 0.305891 0.610637 0.590717 0.396398 0.852546 0.345749 0.269654 0.753860 0.173554 0.003493 0.955928 0.127540 0.452693 0.785224 0.583014 0.774128 0.954432 0.196736 0.318193 0.242109 0.652105 0.643371 0.497381 0.065963 0.182709 0.906633 0.593126 0.741211 0.172947 0.657517 0.319496 0.497436 0.215675 0.149933 0.751963 0.471444 0.746891 0.527491 0.810391 0.780250 0.903448 0.005067 0.966119 0.609339 0.674657 0.385753 0.617811 0.129768 0.259984 0.872208 0.129659 0.491230 0.746975 0.412909 0.718164 0.729215 0.006997 0.307852 0.455637 0.572160 0.681764 0.269414 0.732035 0.045639 0.080560 0.611044 0.986764 0.433109 0.445057 0.578601 0.537335 0.970842 0.907573 0.380137 0.685995 0.595904 0.614012 0.660954 0.663714 0.151811 0.279487 0.702138 0.663215 0.884366 0.320884 0.530759 0.384795 0.802956 0.688624 0.188325 0.101120 0.133015 0.602530 0.560027 0.404285 0.467666 0.063923 0.122994 0.794285 0.418479 0.716458 0.753914 0.492345 0.987428 0.008816 0.183171 0.213171 0.747983 0.685011 0.969033 0.993213 0.863465 0.262494 0.441468 0.125117 0.166558 0.078370 0.970890 0.417637 0.895968 0.741319 0.586058 0.854044 0.469897 0.316362 0.568935 0.945776 0.314493 0.717502 0.082310 0.818763 0.038722 0.603153 0.376454 0.344825 0.549416 0.722271 0.708837 0.914261 0.251561 0.027114 0.936285 0.764062 0.461408 0.375836 0.842543 0.885569 0.130376 0.954383 0.282984 0.671237 0.654489 0.949979 0.252565 0.226941 0.101244 0.198730 0.726606 0.469454 0.618605 0.761282 0.685416 0.122387 0.685203 0.900862 0.040530 0.202303 0.684757 0.305423 0.008240 0.907680 0.337978 0.937550 0.357818 0.800956 0.571598 0.919071 0.255610 0.330907 0.420057 0.164162 0.663128 0.560310 0.126239 0.175044 0.968895 0.675180 0.766306 0.079731 0.487027 0.441588 0.522001 0.438777 0.285039 0.114667 0.348521 0.898348 0.825127 0.194944 0.930680 0.795781 0.401405 0.245851 0.772372 0.024213 0.482453 0.236904 0.236911 0.814016 0.223639 0.905619 0.784130 0.265696 0.463897 0.569699 0.568216 0.936022 0.139533 0.635104 0.374691 0.074123 0.893967 0.988622 0.601788 0.098319 0.741990 0.092267 0.262343 0.118456 0.413224 0.086286 0.637854 0.500782 0.117070 0.181798 0.588890 0.722209 0.042866 0.683349 0.711027 0.147870 0.046675 0.938951 0.694183 0.269007 0.715872 0.025505 0.608641 0.614781 0.871154 0.440481 0.957328 0.770442 0.803052 0.404576 0.179960 0.811565 0.836540 0.568260 0.271366
0.167545 0.897720 0.755254 0.938087 0.719630 0.689185 0.415196 0.487866 0.088082 0.324239 0.883538 0.142454 0.239602 0.855773 0.125815 0.112009 0.035368 0.985164 0.189622 0.983020 0.926075 0.601179 0.232483 0.814136 0.530780 0.147549 0.166936 0.826849 0.922394 0.045960 0.959810 0.804604 0.250717 0.451633 0.513902 0.589756 0.824302 0.428495 0.156930 0.173365 0.974612 0.682489 0.309522 0.534960 0.931256 0.613254 0.293133 0.494784 0.821753 0.112738 0.049074 0.731953 0.807630 0.569917 0.728712 0.685162 0.005574 0.456524 0.438264 0.158516 0.370752 0.567665 0.759784 0.048528 0.564379 0.775647 0.130679 0.378306 0.087864 0.573264 0.788225 0.753313 0.119724 0.267957 0.281393 0.138386 0.386539 0.389510 0.119160 0.636231 0.536949 0.032709 0.524439 0.389984 0.799703 0.568531 0.589519 0.949215 0.261859 0.657736 0.907952 0.039959 0.445254 0.868160 0.853502 0.445133 0.290221 0.944739 0.546074 0.433430 0.252076 0.045714 0.387327 0.994372 0.115396 0.257691 0.798342 0.845689 0.024040 0.597900 0.610881 0.375145 0.068549 0.660385 0.838046 0.776276 0.873140 0.757470 0.517099 0.140514 0.543240 0.296586 0.007788 0.428731 0.638661 0.230985 0.846510 0.105974 0.638537 0.000596 0.598106 0.757348 0.385090 0.980353 0.194879 0.399107 0.754071 0.659123 0.217347 0.047336 0.039904 0.992870 0.463458 0.059352 0.129608 0.705964 0.487483 0.319510 0.417883 0.734210 0.852827 0.301773 0.188459 0.991523 0.135191 0.491736 0.439736 0.613131 0.468155 0.240245 0.651894 0.296294 0.212338 0.250002 0.775128 0.097261 0.888842 0.014876 0.777337 0.398878 0.559541 0.232625 0.674065 0.070127 0.075344 0.672472 0.621979 0.035417 0.264998 0.677490 0.146508 0.094611 0.700846 0.556229 0.531590 0.981233 0.887122 0.613631 0.463123 0.468167 0.536357 0.081251 0.522895 0.554405 0.555826 0.575600 0.276076 0.118488 0.030467 0.123450 0.875794 0.881374 0.209038 0.879886 0.621177 0.902117 0.262263 0.455323 0.177564 0.108296 0.924917 0.714352 0.530072 0.651750 0.548159 0.940741 0.977358 0.041084 0.869958 0.675817 0.459456 0.446921 0.538938 0.560257 0.090444 0.754620 0.310898 0.625310 0.411244 0.203213 0.280910 0.397189 0.730852 0.850829 0.542052 0.230335 0.292986 0.633705 0.582652 0.262613 0.528333 0.730334 0.872304 0.474738 0.610062 0.533316 0.450543 0.793438 0.076617 0.433696 0.165955 0.175375 0.959411 0.684112 0.916889 0.105906 0.844680 0.103009 0.682379 0.746608 0.527025 0.431289 0.120823 0.329530 0.809175 0.485634 0.600661 0.960291 0.078188 0.074936 0.846717 0.817734 0.321852 0.506943 0.798674 0.035523 0.282709 0.309641 0.417161 0.653413 0.230218 0.984070 0.225965 0.821506 0.526779 0.139410 0.416703 0.039143 0.808779 0.814375 0.062987 0.178319 0.186545 0.897430 0.652506 0.077312 0.184345 0.569562 0.733256 0.712218
0.130013 0.570432 0.063227 0.527338 0.726365 0.627161 0.576521 0.719032 0.807398 0.491010 0.482737 0.059159 0.527763 0.285170 0.599184 0.209008 0.085202 0.504298 0.934355 0.815327 0.544035 0.182554 0.475331 0.012410 0.627565 0.600817 0.471072 0.598326 0.423649 0.452084 0.675469 0.642155 0.853991 0.020098 0.764575 0.333947 0.473451 0.504805 0.847131 0.462119 0.343269 0.887288 0.227719 0.797928 0.907263 0.623444 0.755452 0.520980 0.566930 0.192385 0.568092 0.956411 0.603265 0.767826 0.783009 0.462407 0.480319 0.278513 0.433581 0.969188 0.548695 0.415217 0.227217 0.945949 0.667391 0.059853 0.457983 0.672216 0.175477 0.793377 0.621924 0.208339 0.274284 0.805060 0.482520 0.611417 0.251534 0.118411 0.777722 0.191130 0.641907 0.185212 0.967993 0.244127 0.672895 0.731899 0.534199 0.379232 0.575090 0.333864 0.071679 0.056697 0.352825 0.393641 0.156759 0.496986 0.076836 0.682590 0.822953 0.457050 0.751313 0.730456 0.531881 0.028194 0.087895 0.107388 0.140468 0.533427 0.262615 0.787876 0.424631 0.328743 0.617161 0.106354 0.464791 0.486851 0.139745 0.435805 0.149758 0.946207 0.406816 0.363749 0.169620 0.225731 0.760904 0.247586 0.260488 0.849216 0.361593 0.872785 0.702396 0.842857 0.790768 0.506987 0.229435 0.380370 0.181213 0.824349 0.748687 0.634066 0.347633 0.352143 0.083505 0.425779 0.711640 0.209740 0.692115 0.571141 0.058370 0.996288 0.710280 0.206316 0.530610 0.939563 0.184551 0.518017 0.596135 0.167692 0.034207 0.334022 0.888044 0.538141 0.691277 0.390855 0.656240 0.801474 0.478775 0.290933 0.252836 0.805055 0.005899 0.503149 0.332642 0.254034 0.247441 0.057225 0.904908 0.463283 0.646113 0.717162 0.473878 0.544558 0.242858 0.593627 0.532583 0.601393 0.995543 0.312575 0.642577 0.881528 0.428855 0.797276 0.711609 0.244653 0.740392 0.193445 0.529257 0.528769 0.472799 0.865801 0.120606 0.004326 0.928637 0.989738 0.145535 0.232634 0.007111 0.185862 0.394451 0.778096 0.119371 0.099496 0.154746 0.213944 0.915512 0.291847 0.155207 0.198387 0.531196 0.624461 0.361576 0.634106 0.110673 0.179173 0.731175 0.249340 0.522105 0.364490 0.063576 0.987378 0.698928 0.677232 0.284168 0.717912 0.761384 0.857118 0.748913 0.761405 0.580847 0.772555 0.641024 0.676832 0.351077 0.629361 0.156660 0.885349 0.716032 0.353291 0.143846 0.378021 0.575894 0.433539 0.753508 0.332346 0.548416 0.471254 0.193296 0.827434 0.742533 0.888580 0.120520 0.790002 0.218275 0.781555 0.961609 0.891935 0.849573 0.711474 0.281153 0.306006 0.692600 0.430708 0.987032 0.014982 0.172568 0.005608 0.594838 0.847463 0.132176 0.428209 0.199838 0.320296 0.391273 0.828197 0.607970 0.197578 0.009494 0.350093 0.077259 0.290182 0.172282 0.886299 0.516479 0.377205 0.071066 0.362343 0.410503 0.870353 0.504825 0.607267
0.884460 0.892115 0.165814 0.084754 0.404409 0.452830 0.918590 0.197124 0.729465 0.526389 0.457110 0.437899 0.934827 0.876197 0.092389 0.132585 0.246715 0.880043 0.782638 0.621876 0.771992 0.387203 0.230917 0.546885 0.654080 0.349925 0.883573 0.408486 0.763553 0.376513 0.924663 0.402473 0.403473 0.683071 0.979817 0.665353 0.078670 0.746673 0.948471 0.914385 0.775267 0.803158 0.245396 0.690756 0.244928 0.566107 0.388586 0.378861 0.273435 0.057095 0.643388 0.353576 0.183809 0.410288 0.380687 0.013252 0.986161 0.147408 0.736118 0.806775 0.961273 0.517499 0.022556 0.097914 0.058138 0.345283 0.390920 0.123545 0.796965 0.626551 0.462212 0.419272 0.240816 0.408956 0.937004 0.342819 0.395924 0.090850 0.966804 0.985872 0.692182 0.531033 0.841333 0.991672 0.875272 0.452130 0.538034 0.826658 0.388132 0.198356 0.833439 0.466628 0.901755 0.049649 0.406606 0.944636 0.096013 0.496529 0.038251 0.558813 0.016014 0.100968 0.939078 0.131521 0.564928 0.515259 0.720071 0.379483 0.587749 0.110455 0.480724 0.642614 0.736539 0.668210 0.591323 0.780769 0.375073 0.124569 0.049492 0.823340 0.250031 0.305761 0.065424 0.465799 0.002863 0.548223 0.220161 0.761109 0.576004 0.913413 0.190647 0.777859 0.363957 0.834276 0.685607 0.336203 0.687298 0.413641 0.869876 0.134628 0.747354 0.769282 0.771742 0.324680 0.950329 0.822616 0.141106 0.670069 0.821005 0.891667 0.604884 0.640818 0.070834 0.099531 0.333489 0.080027 0.974099 0.781114 0.765913 0.563591 0.740315 0.348667 0.473304 0.415381 0.041663 0.250036 0.377081 0.912366 0.054008 0.792257 0.475238 0.129206 0.246727 0.629530 0.219606 0.190535 0.625894 0.029688 0.223273 0.582986 0.281873 0.257074 0.913556 0.675168 0.198150 0.319674 0.078424 0.320399 0.708562 0.737022 0.505521 0.354425 0.789511 0.782685 0.641047 0.624485 0.702673 0.069048 0.975991 0.503318 0.297455 0.287633 0.322056 0.649906 0.618584 0.224997 0.156583 0.304059 0.569371 0.352126 0.284956 0.065141 0.976474 0.880580 0.331639 0.066516 0.356123 0.284119 0.893720 0.476218 0.071665 0.878780 0.919460 0.427798 0.710603 0.646181 0.537782 0.638862 0.103684 0.971665 0.677007 0.684232 0.090888 0.266350 0.010369 0.507829 0.507145 0.921712 0.440634 0.348712 0.374893 0.128092 0.538337 0.275906 0.393002 0.450241 0.437393 0.133381 0.431196 0.037984 0.952746 0.831594 0.743815 0.779200 0.866347 0.019711 0.636847 0.753034 0.897398 0.248987 0.445245 0.382482 0.554480 0.431447 0.035401 0.078184 0.873633 0.215617 0.789927 0.102229 0.214664 0.359224 0.109919 0.883886 0.637824 0.529321 0.235376 0.628534 0.055875 0.850819 0.376254 0.736123 0.604709 0.939123 0.208552 0.890707 0.095370 0.396739 0.647638 0.108161 0.886196 0.960310 0.388614 0.287809 0.981951 0.813428 0.359357 0.418083 0.602795 0.510249
0.830079 0.713651 0.452025 0.367564 0.234542 0.560215 0.384199 0.810790 0.384891 0.740465 0.898041 0.890394 0.396769 0.173824 0.837964 0.039954 0.771797 0.823387 0.777679 0.433843 0.792329 0.632145 0.312378 0.947712 0.622529 0.422987 0.205402 0.162565 0.857956 0.996418 0.317155 0.044441 0.493757 0.372750 0.009965 0.534842 0.424349 0.318037 0.570133 0.692871 0.102620 0.964756 0.916891 0.587152 0.062406 0.270564 0.672301 0.137205 0.865771 0.216458 0.215786 0.815168 0.328485 0.506660 0.184417 0.739967 0.932490 0.984206 0.876678 0.691909 0.518408 0.874104 0.428221 0.839083 0.337975 0.577606 0.059152 0.339159 0.962536 0.597846 0.684704 0.138219 0.503481 0.084921 0.585557 0.001095 0.084174 0.157022 0.952539 0.164722 0.759305 0.351347 0.874503 0.493563 0.653345 0.094179 0.857082 0.770535 0.447731 0.858723 0.333449 0.513895 0.538971 0.005562 0.148285 0.341973 0.369592 0.730919 0.599768 0.843754 0.426538 0.187488 0.071535 0.952807 0.037569 0.631376 0.070991 0.619054 0.598187 0.072502 0.486021 0.186138 0.976308 0.103637 0.170183 0.280770 0.683064 0.422965 0.031873 0.021717 0.620157 0.227643 0.740798 0.966956 0.464252 0.949421 0.677927 0.916182 0.246192 0.856875 0.373447 0.099552 0.616131 0.110445 0.935366 0.955189 0.414160 0.837324 0.800493 0.452008 0.378238 0.908723 0.166707 0.174267 0.550049 0.560738 0.188574 0.363402 0.738152 0.627299 0.967065 0.747041 0.877548 0.888200 0.782654 0.532448 0.288499 0.466766 0.923122 0.347821 0.920312 0.243231 0.957479 0.059208 0.220083 0.325231 0.201203 0.462175 0.413801 0.997118 0.724939 0.158821 0.334253 0.430813 0.797521 0.819162 0.123060 0.861431 0.802230 0.494264 0.129431 0.690857 0.583221 0.965196 0.469193 0.539504 0.393918 0.952353 0.169293 0.678358 0.392135 0.637361 0.950363 0.960400 0.205538 0.540420 0.108643 0.832635 0.430073 0.203613 0.233048 0.198062 0.313330 0.168336 0.208206 0.706169 0.079514 0.393909 0.495416 0.631043 0.849536 0.149896 0.259533 0.110183 0.617191 0.259632 0.671115 0.361165 0.102977 0.331938 0.512089 0.852866 0.645844 0.308065 0.363947 0.496672 0.915340 0.416033 0.000627 0.733137 0.888072 0.987747 0.594345 0.258742 0.156215 0.930708 0.105803 0.133752 0.153281 0.132070 0.987866 0.717298 0.663013 0.790137 0.658353 0.626875 0.398416 0.038817 0.915515 0.199289 0.635091 0.892686 0.165891 0.288572 0.332404 0.904663 0.005188 0.257105 0.716695 0.272006 0.820777 0.509391 0.129854 0.256885 0.332795 0.942710 0.947762 0.359270 0.764355 0.006152 0.197453 0.922091 0.631671 0.094138 0.650908 0.647852 0.836079 0.157918 0.757593 0.811284 0.463665 0.296005 0.221926 0.973060 0.667844 0.510605 0.058363 0.095010 0.638858 0.344668 0.939417 0.350978 0.243854 0.999923 0.989180 0.830464 0.399676 0.102909 0.980390 0.466496
0.746261 0.908700 0.275387 0.049035 0.010906 0.429649 0.764011 0.882361 0.627909 0.601929 0.561993 0.748897 0.141730 0.493542 0.982618 0.528092 0.816257 0.115459 0.331757 0.746669 0.033604 0.883155 0.412364 0.766545 0.616724 0.917363 0.695702 0.976604 0.609557 0.670285 0.043093 0.428810 0.873307 0.485546 0.076633 0.341973 0.433658 0.080456 0.114654 0.592425 0.538468 0.673585 0.679072 0.197375 0.925055 0.568084 0.758383 0.389706 0.473841 0.108363 0.184799 0.286848 0.131634 0.748908 0.503105 0.286419 0.643960 0.230959 0.288138 0.267094 0.856871 0.419039 0.556307 0.496149 0.455387 0.832564 0.945044 0.943481 0.045997 0.554491 0.269418 0.951236 0.331045 0.235945 0.216618 0.650693 0.047145 0.483678 0.564202 0.596824 0.100762 0.268915 0.790114 0.050455 0.737544 0.106207 0.243807 0.010893 0.631174 0.724988 0.760666 0.738562 0.693262 0.480494 0.384874 0.901551 0.711624 0.197551 0.513464 0.659950 0.127903 0.922189 0.205796 0.199371 0.500761 0.867558 0.500492 0.047037 0.707195 0.059936 0.546905 0.154749 0.093831 0.936050 0.109028 0.661726 0.889420 0.200462 0.008748 0.025624 0.420244 0.929930 0.579653 0.880730 0.332724 0.902327 0.033750 0.839175 0.444758 0.648462 0.260115 0.410561 0.220127 0.899415 0.428126 0.640413 0.459245 0.296256 0.843538 0.227406 0.103779 0.476241 0.970781 0.769451 0.217371 0.074750 0.848091 0.266936 0.200398 0.732742 0.928080 0.056289 0.042907 0.025636 0.831842 0.973887 0.822553 0.634320 0.940436 0.618952 0.048828 0.663727 0.790838 0.429295 0.706369 0.340199 0.636893 0.976967 0.868015 0.230659 0.012267 0.924509 0.117124 0.996331 0.572920 0.422613 0.739565 0.861446 0.017198 0.974298 0.815443 0.566787 0.634275 0.788551 0.802364 0.684000 0.229709 0.565357 0.405458 0.157968 0.986442 0.539752 0.796137 0.543515 0.340649 0.999167 0.205106 0.615887 0.191959 0.700722 0.812263 0.118687 0.487511 0.155899 0.543546 0.621031 0.937881 0.790449 0.267468 0.743411 0.066065 0.050002 0.013308 0.247880 0.395251 0.244013 0.913830 0.332207 0.576295 0.871571 0.366110 0.364940 0.427795 0.345729 0.419821 0.345058 0.565734 0.017840 0.491168 0.518105 0.332511 0.245963 0.344579 0.776307 0.619938 0.961650 0.883240 0.597109 0.020664 0.543246 0.036973 0.245565 0.455807 0.364959 0.289930 0.344793 0.722533 0.665738 0.678077 0.913083 0.388817 0.720356 0.434231 0.382468 0.110328 0.941252 0.611267 0.266369 0.470239 0.739086 0.362719 0.701875 0.724391 0.907742 0.428039 0.772600 0.113735 0.272840 0.092771 0.531457 0.207778 0.515961 0.991207 0.733462 0.717849 0.671809 0.401952 0.354519 0.680376 0.734776 0.938557 0.267031 0.967047 0.230721 0.647192 0.991773 0.047524 0.224408 0.132669 0.218539 0.499821 0.633194 0.821325 0.763007 0.123334 0.296047 0.887179 0.932426 0.814488 0.829775
0.414346 0.443316 0.124243 0.838346 0.498104 0.865976 0.723879 0.472475 0.818504 0.183338 0.489219 0.157146 0.044342 0.629436 0.283303 0.376163 0.775145 0.304035 0.339030 0.829440 0.047153 0.038948 0.137845 0.691130 0.666831 0.589495 0.547834 0.365720 0.501995 0.218138 0.374410 0.620028 0.078581 0.696619 0.217475 0.881204 0.658400 0.153232 0.697628 0.752322 0.438447 0.858966 0.297819 0.577108 0.802579 0.421038 0.905520 0.265213 0.361148 0.358537 0.236161 0.202353 0.459489 0.266411 0.050863 0.872919 0.999488 0.958306 0.379583 0.190281 0.030939 0.864041 0.032636 0.733993 0.697617 0.481226 0.552557 0.258022 0.020940 0.985819 0.123007 0.537078 0.143837 0.436184 0.163144 0.142291 0.400069 0.349365 0.162456 0.315396 0.571432 0.804667 0.225169 0.570298 0.972429 0.225708 0.354974 0.650524 0.572693 0.720120 0.374533 0.891257 0.199681 0.881830 0.168527 0.177113 0.576924 0.744481 0.988448 0.128511 0.684847 0.202918 0.783230 0.848633 0.473781 0.695978 0.801519 0.314768 0.257238 0.873645 0.637381 0.710557 0.149576 0.641872 0.334452 0.242574 0.027375 0.925594 0.838758 0.850244 0.769065 0.378248 0.308221 0.450610 0.479441 0.621827 0.489329 0.434435 0.817445 0.839236 0.342386 0.734413 0.296735 0.630582 0.340706 0.482315 0.787033 0.716776 0.742805 0.565389 0.669611 0.794887 0.314207 0.647967 0.966558 0.259071 0.255154 0.889980 0.907472 0.751609 0.063656 0.561259 0.998474 0.792236 0.615338 0.130600 0.734365 0.877638 0.334354 0.565210 0.665561 0.075353 0.902688 0.828787 0.135725 0.481603 0.346820 0.229311 0.868142 0.673466 0.614318 0.740816 0.221654 0.332355 0.946351 0.009708 0.897717 0.754024 0.075068 0.136016 0.655204 0.211252 0.380690 0.967198 0.019234 0.611589 0.216441 0.119190 0.955079 0.558723 0.652405 0.531322 0.802460 0.059289 0.136408 0.304240 0.504020 0.741936 0.238450 0.869416 0.281264 0.703263 0.986544 0.829531 0.251473 0.098709 0.091235 0.938474 0.643458 0.606304 0.484509 0.436127 0.688147 0.745877 0.569598 0.877649 0.393612 0.316862 0.516992 0.019700 0.858037 0.184185 0.234856 0.902033 0.741362 0.630993 0.741875 0.380272 0.693526 0.437159 0.549615 0.743086 0.241405 0.300271 0.704386 0.593377 0.114439 0.094161 0.103445 0.389944 0.451830 0.674527 0.852831 0.317888 0.095988 0.518366 0.163290 0.783942 0.022751 0.647362 0.746204 0.359338 0.227653 0.832775 0.038211 0.417407 0.055372 0.234107 0.595905 0.633697 0.971103 0.582487 0.955736 0.523068 0.296312 0.678689 0.979133 0.979791 0.851015 0.665235 0.594477 0.596870 0.000164 0.845542 0.821178 0.278592 0.287689 0.613708 0.703053 0.805600 0.754224 0.998454 0.800262 0.810996 0.244731 0.612361 0.712295 0.950344 0.725339 0.262114 0.988406 0.849273 0.676075 0.730565 0.663712 0.233837 0.368443 0.297532 0.511053 0.998276
0.443072 0.548833 0.689485 0.982986 0.472735 0.299468 0.839423 0.819641 0.093393 0.657783 0.662714 0.080554 0.897808 0.779645 0.786546 0.859776 0.350308 0.366688 0.847068 0.337468 0.269985 0.173823 0.415132 0.319952 0.727096 0.755639 0.644597 0.908620 0.202662 0.353035 0.714180 0.661056 0.037002 0.423173 0.298258 0.312329 0.007040 0.619771 0.928688 0.059401 0.115409 0.847681 0.444179 0.777973 0.586184 0.255390 0.053935 0.728498 0.473543 0.854337 0.571457 0.118920 0.077943 0.236823 0.046997 0.814550 0.883459 0.846595 0.811623 0.081319 0.173188 0.577460 0.271726 0.160480 0.351856 0.979803 0.083601 0.822909 0.030856 0.219025 0.866331 0.149537 0.159728 0.562263 0.104190 0.753864 0.071099 0.726038 0.248618 0.410844 0.947986 0.711415 0.161961 0.329183 0.768846 0.826909 0.096053 0.304169 0.716832 0.840333 0.091790 0.391485 0.722404 0.650347 0.510661 0.652914 0.970469 0.056448 0.442600 0.553639 0.153879 0.827323 0.880696 0.813448 0.682081 0.622616 0.109422 0.814096 0.497632 0.233340 0.115441 0.737546 0.782945 0.044315 0.151042 0.117394 0.273517 0.771458 0.260346 0.116690 0.918366 0.264177 0.997392 0.446110 0.130582 0.706221 0.005699 0.599226 0.180476 0.984882 0.481043 0.440845 0.919973 0.768020 0.560961 0.853228 0.203434 0.577544 0.816434 0.125810 0.155174 0.748122 0.784127 0.533352 0.472993 0.414290 0.130310 0.164641 0.032982 0.478911 0.600054 0.892209 0.798560 0.088670 0.969612 0.078121 0.683392 0.586284 0.406083 0.332175 0.433560 0.303346 0.140102 0.236835 0.603057 0.182315 0.030649 0.341617 0.264062 0.256899 0.067455 0.380305 0.491000 0.249392 0.714032 0.883138 0.695203 0.291748 0.656376 0.182206 0.527466 0.799768 0.954817 0.823537 0.575258 0.391055 0.586455 0.554720 0.444208 0.706005 0.312793 0.447964 0.699463 0.811590 0.171056 0.060536 0.276032 0.360384 0.267284 0.410817 0.430977 0.713832 0.290984 0.419015 0.285440 0.062313 0.900927 0.635669 0.625282 0.228040 0.504999 0.972508 0.262870 0.872536 0.153871 0.274728 0.464295 0.085810 0.585081 0.266101 0.034317 0.600439 0.772251 0.221140 0.015969 0.124905 0.304653 0.861704 0.309243 0.906784 0.563916 0.078993 0.320895 0.487621 0.408794 0.982271 0.899447 0.784972 0.602001 0.620105 0.216794 0.377600 0.772694 0.464239 0.471944 0.803250 0.787576 0.443561 0.288830 0.308273 0.829661 0.757954 0.302484 0.533525 0.540193 0.633364 0.746687 0.883712 0.991272 0.680871 0.012365 0.266275 0.492536 0.275511 0.113242 0.064843 0.155869 0.078863 0.400363 0.213982 0.800427 0.520751 0.856614 0.014273 0.668008 0.605138 0.958852 0.868617 0.853543 0.376937 0.800357 0.110791 0.990276 0.652361 0.127209 0.352501 0.546266 0.679345 0.534186 0.669403 0.057076 0.514814 0.451235 0.980540 0.592779 0.320115 0.307199 0.044400 0.989461 0.981259
0.534443 0.576897 0.608233 0.708052 0.833998 0.372905 0.540413 0.225625 0.993075 0.078357 0.987375 0.799189 0.079108 0.312888 0.584309 0.846510 0.491538 0.456031 0.005367 0.753435 0.193893 0.047997 0.391684 0.243686 0.408742 0.868953 0.815184 0.347897 0.802522 0.240096 0.304193 0.536913 0.670410 0.307455 0.715713 0.490450 0.874671 0.883145 0.136313 0.353268 0.057528 0.005535 0.327404 0.866460 0.584916 0.424430 0.748063 0.001350 0.383830 0.565006 0.900213 0.686802 0.870290 0.341275 0.255670 0.694553 0.645646 0.431888 0.755069 0.063517 0.814140 0.040702 0.465305 0.909504 0.082364 0.638255 0.529597 0.211910 0.741141 0.048056 0.177877 0.160042 0.121654 0.173641 0.869061 0.148737 0.027863 0.734824 0.379086 0.951751 0.801114 0.233125 0.974562 0.513190 0.612824 0.623650 0.907892 0.503764 0.639389 0.236503 0.455449 0.898703 0.175171 0.812821 0.125467 0.984343 0.091257 0.124180 0.436893 0.343251 0.982707 0.103696 0.183167 0.762082 0.257772 0.293817 0.625778 0.428871 0.261983 0.387763 0.318083 0.951864 0.590931 0.914332 0.216922 0.951803 0.241056 0.942411 0.552462 0.148826 0.829263 0.551258 0.602244 0.916544 0.521088 0.674667 0.462798 0.188371 0.352817 0.902357 0.301444 0.885811 0.623016 0.468629 0.314656 0.373024 0.418345 0.938607 0.466201 0.978928 0.877275 0.031996 0.774170 0.049485 0.942923 0.193527 0.870503 0.196925 0.065634 0.533015 0.983078 0.953955 0.822280 0.291386 0.094780 0.547086 0.558862 0.496806 0.343281 0.044193 0.708830 0.528550 0.965563 0.675472 0.745075 0.016335 0.898696 0.861151 0.617496 0.314526 0.242171 0.778698 0.091598 0.340408 0.876658 0.742190 0.274693 0.444378 0.994273 0.327249 0.787665 0.637017 0.549796 0.972975 0.754833 0.758322 0.828596 0.388126 0.435608 0.065137 0.632653 0.255559 0.482903 0.729378 0.285073 0.924123 0.620013 0.509464 0.107205 0.452348 0.623942 0.017903 0.677145 0.155955 0.247226 0.838936 0.440020 0.920152 0.938144 0.501489 0.077658 0.755405 0.062380 0.781137 0.361401 0.183778 0.058397 0.688359 0.650544 0.645534 0.035525 0.832919 0.863979 0.414740 0.176451 0.877943 0.723537 0.727871 0.592025 0.518217 0.825997 0.869791 0.237577 0.933619 0.377969 0.993391 0.793560 0.344410 0.343199 0.817767 0.488496 0.204350 0.275909 0.101855 0.870872 0.455220 0.950939 0.068667 0.516693 0.124230 0.219516 0.874413 0.071621 0.155894 0.594125 0.983565 0.018624 0.016986 0.633418 0.499988 0.885964 0.191263 0.375657 0.879531 0.323865 0.411467 0.786697 0.410596 0.878515 0.523963 0.853963 0.903302 0.518779 0.370482 0.337373 0.407836 0.146010 0.825085 0.544469 0.642863 0.654017 0.645758 0.019889 0.843214 0.493646 0.369649 0.284035 0.202656 0.084146 0.973441 0.817663 0.884601 0.929895 0.459269 0.525685 0.075385 0.159244 0.309223 0.436351 0.719893
0.334653 0.741777 0.294164 0.567476 0.329856 0.669218 0.751701 0.668060 0.696691 0.929235 0.335333 0.643183 0.908729 0.376691 0.108982 0.005626 0.726925 0.692023 0.307521 0.497445 0.951539 0.059229 0.372799 0.004913 0.695193 0.534845 0.981347 0.118241 0.647335 0.300535 0.879799 0.646356 0.377332 0.229884 0.315325 0.536581 0.882048 0.024972 0.479450 0.391120 0.980235 0.799248 0.519227 0.465952 0.778630 0.099980 0.080832 0.541541 0.586578 0.136770 0.257337 0.450100 0.869897 0.432567 0.482902 0.689650 0.330492 0.082028 0.923796 0.736247 0.215257 0.879342 0.312397 0.034076 0.864650 0.775623 0.747457 0.473727 0.503569 0.021454 0.182585 0.482164 0.498352 0.760978 0.989150 0.800175 0.099203 0.131633 0.901260 0.131794 0.685423 0.281253 0.743657 0.900162 0.581369 0.086955 0.056689 0.095845 0.850812 0.200901 0.277179 0.464588 0.446536 0.993288 0.623191 0.672876 0.666865 0.321956 0.248239 0.236883 0.288314 0.771311 0.323388 0.779372 0.441397 0.145185 0.626484 0.840197 0.621823 0.348487 0.045845 0.307061 0.696044 0.106065 0.658979 0.182533 0.950961 0.269474 0.055791 0.415747 0.514173 0.239946 0.861614 0.354045 0.929447 0.163091 0.169736 0.135681 0.034269 0.340914 0.576820 0.940517 0.199509 0.396127 0.057066 0.576847 0.549145 0.450521 0.684426 0.508960 0.370147 0.224648 0.224133 0.790554 0.559811 0.425876 0.476762 0.918128 0.988095 0.267524 0.311716 0.220962 0.651250 0.684271 0.427395 0.684593 0.933019 0.719968 0.316740 0.339776 0.780129 0.569387 0.737174 0.333733 0.379121 0.432285 0.553857 0.226827 0.238544 0.631125 0.184137 0.712028 0.777642 0.961269 0.702384 0.228786 0.607074 0.973176 0.903823 0.141621 0.626220 0.559255 0.009648 0.390520 0.047527 0.591767 0.845880 0.101513 0.622936 0.304500 0.484159 0.063666 0.451820 0.855652 0.121723 0.307838 0.257576 0.567691 0.401609 0.362971 0.365479 0.673118 0.518757 0.173236 0.429742 0.828128 0.184185 0.282198 0.750235 0.531435 0.915116 0.371237 0.012404 0.138215 0.822130 0.184796 0.841404 0.752115 0.450094 0.122608 0.980199 0.357099 0.332465 0.085544 0.709128 0.104905 0.537416 0.039808 0.219755 0.199289 0.981087 0.461133 0.587191 0.680580 0.673808 0.200954 0.293652 0.987123 0.544359 0.539432 0.754614 0.881134 0.233038 0.528439 0.755950 0.083629 0.282336 0.306367 0.738885 0.600808 0.638733 0.356550 0.409117 0.819041 0.240814 0.601185 0.709661 0.953337 0.880040 0.086155 0.892187 0.721228 0.880071 0.635232 0.320755 0.856225 0.408431 0.379708 0.766155 0.265198 0.089759 0.284321 0.333671 0.625967 0.156427 0.440612 0.082196 0.960121 0.576308 0.708282 0.721343 0.635060 0.224331 0.805886 0.490806 0.854493 0.124019 0.059103 0.269856 0.263119 0.671822 0.035780 0.320792 0.150468 0.049515 0.836435 0.729243 0.276796 0.427910 0.469280
0.229815 0.535584 0.822043 0.561096 0.468743 0.060504 0.813494 0.308756 0.687854 0.684782 0.476830 0.024745 0.603559 0.252756 0.862794 0.620893 0.157251 0.705422 0.586453 0.265496 0.504833 0.548805 0.907089 0.487787 0.976896 0.875865 0.331195 0.930227 0.655541 0.190559 0.361452 0.381023 0.769264 0.686273 0.048011 0.394344 0.009364 0.626129 0.076350 0.918140 0.970671 0.792388 0.084688 0.041326 0.061260 0.326399 0.975880 0.085788 0.821248 0.276985 0.203968 0.481257 0.102305 0.619024 0.461265 0.896682 0.250718 0.666021 0.608103 0.770018 0.413165 0.767874 0.874928 0.994511 0.224170 0.652465 0.259472 0.449172 0.676566 0.509777 0.134053 0.416916 0.044040 0.533576 0.413075 0.571511 0.798544 0.187941 0.496287 0.909029 0.537459 0.550417 0.500310 0.765732 0.622125 0.298286 0.509367 0.131684 0.856982 0.904397 0.270339 0.665068 0.445641 0.167731 0.595803 0.990999 0.171286 0.819306 0.119236 0.383552 0.437716 0.848726 0.278203 0.086398 0.826746 0.711698 0.262384 0.833545 0.656382 0.978974 0.029092 0.486262 0.940965 0.688161 0.435071 0.029232 0.740674 0.484092 0.267347 0.045171 0.580563 0.754487 0.138491 0.275607 0.457919 0.995824 0.864422 0.971580 0.949425 0.345335 0.773789 0.130353 0.051958 0.817150 0.272393 0.229947 0.737634 0.853841 0.870915 0.965599 0.044124 0.682337 0.628646 0.150966 0.171802 0.772298 0.790522 0.618267 0.275591 0.537871 0.094817 0.833645 0.005791 0.474529 0.025678 0.211719 0.433605 0.838299 0.730715 0.483699 0.375474 0.597379 0.713078 0.991131 0.542289 0.410128 0.625496 0.556783 0.894689 0.721219 0.673404 0.029408 0.430127 0.818088 0.232884 0.902687 0.291061 0.174133 0.454400 0.778386 0.653806 0.329952 0.948084 0.686214 0.455646 0.127829 0.776135 0.709945 0.567656 0.556231 0.174507 0.206868 0.366109 0.096025 0.882284 0.777017 0.116978 0.120870 0.896037 0.669287 0.894109 0.488112 0.992942 0.779791 0.281815 0.556551 0.817419 0.974847 0.160731 0.549545 0.774606 0.646684 0.883621 0.736945 0.453476 0.378424 0.881995 0.130543 0.923790 0.216598 0.307453 0.634733 0.604096 0.484081 0.529605 0.551684 0.848421 0.790238 0.056956 0.271699 0.114243 0.611117 0.623913 0.774616 0.469280 0.111824 0.942665 0.585466 0.431640 0.886601 0.689005 0.127472 0.303921 0.709777 0.293109 0.544787 0.995872 0.059546 0.134135 0.616255 0.476221 0.829759 0.684149 0.869921 0.294120 0.909149 0.579974 0.526384 0.212315 0.323924 0.707365 0.287824 0.331877 0.580925 0.221368 0.181924 0.379724 0.189095 0.540160 0.208462 0.082697 0.523401 0.007365 0.336337 0.299924 0.597407 0.443778 0.223784 0.843874 0.568519 0.862595 0.043797 0.180367 0.083404 0.594982 0.985145 0.425136 0.503272 0.048297 0.170251 0.511573 0.072436 0.374958 0.496934 0.350988 0.776535 0.192035 0.108018 0.569294 0.577677
0.609670 0.748347 0.387049 0.142192 0.934843 0.419455 0.059941 0.574094 0.242851 0.846812 0.471805 0.085274 0.968862 0.687315 0.739642 0.128130 0.874655 0.078906 0.094381 0.924601 0.885435 0.648101 0.596852 0.086019 0.268099 0.720854 0.631760 0.586630 0.952701 0.666206 0.784472 0.586748 0.702196 0.374020 0.117297 0.704695 0.638027 0.885715 0.387219 0.726794 0.198020 0.404545 0.231395 0.017433 0.929408 0.893979 0.622381 0.918810 0.367665 0.967338 0.702164 0.307096 0.981009 0.632949 0.229697 0.458284 0.116649 0.519437 0.134164 0.184397 0.663746 0.470184 0.068689 0.021822 0.028359 0.784508 0.333675 0.381667 0.850124 0.274591 0.306442 0.059926 0.824270 0.414809 0.959010 0.247369 0.725651 0.260954 0.271823 0.466666 0.881454 0.588112 0.559859 0.087434 0.390248 0.792283 0.326774 0.316740 0.590265 0.566853 0.928823 0.013774 0.104752 0.157831 0.860748 0.359435 0.846699 0.518598 0.392622 0.452348 0.296627 0.687089 0.133954 0.383980 0.871548 0.976859 0.733003 0.164728 0.178304 0.642334 0.325508 0.217310 0.980902 0.906903 0.759799 0.395540 0.163049 0.383270 0.302119 0.683325 0.862077 0.695334 0.712224 0.118620 0.980934 0.294821 0.838122 0.972779 0.731098 0.035825 0.552708 0.142503 0.667480 0.487576 0.157883 0.599463 0.176384 0.820304 0.449471 0.415016 0.067658 0.620188 0.439856 0.036029 0.021935 0.489645 0.350690 0.417116 0.598554 0.580726 0.774588 0.300997 0.287592 0.148974 0.829666 0.287189 0.141399 0.640825 0.932535 0.373317 0.573489 0.374772 0.475292 0.267844 0.508625 0.609115 0.403123 0.082664 0.037151 0.511860 0.008534 0.368634 0.524989 0.519056 0.347806 0.633497 0.209506 0.529948 0.686729 0.383891 0.942761 0.230087 0.668863 0.317787 0.280302 0.916774 0.613204 0.854802 0.329705 0.853572 0.560357 0.914396 0.564883 0.064463 0.279584 0.491737 0.606234 0.881809 0.646209 0.205630 0.329151 0.083136 0.046208 0.235184 0.082461 0.885092 0.769977 0.670791 0.626136 0.053432 0.847191 0.505433 0.087138 0.223863 0.323201 0.623712 0.820994 0.878798 0.393798 0.283157 0.592890 0.582986 0.067583 0.061778 0.101853 0.542634 0.125771 0.374128 0.422643 0.125648 0.688024 0.529862 0.832467 0.511076 0.378272 0.801824 0.596957 0.441324 0.375109 0.868172 0.727899 0.041585 0.271525 0.115536 0.835890 0.773376 0.963904 0.021755 0.388791 0.626261 0.711923 0.394288 0.263368 0.427530 0.485014 0.514723 0.663364 0.512070 0.301247 0.980891 0.788646 0.866787 0.681082 0.850314 0.721597 0.840742 0.263479 0.339264 0.476572 0.705285 0.981478 0.430431 0.318266 0.833884 0.518774 0.398792 0.603937 0.549830 0.318482 0.682868 0.708489 0.343428 0.014149 0.400863 0.674191 0.137773 0.000348 0.830859 0.268793 0.004928 0.624440 0.823816 0.176559 0.316467 0.454875 0.809289 0.661834 0.785331 0.079588 0.945952
0.837766 0.457674 0.859017 0.061982 0.691190 0.186491 0.401124 0.299554 0.748860 0.717496 0.638340 0.710951 0.244111 0.487424 0.732623 0.086688 0.273616 0.287237 0.581217 0.457891 0.167568 0.486824 0.100916 0.000502 0.904863 0.077317 0.434852 0.241491 0.647859 0.353387 0.068893 0.761978 0.217196 0.571422 0.962273 0.252253 0.332783 0.278242 0.614034 0.829936 0.167847 0.744939 0.060058 0.570058 0.193279 0.176396 0.222501 0.434590 0.467254 0.170103 0.358955 0.132153 0.890520 0.330708 0.051205 0.249749 0.035964 0.283987 0.186020 0.891355 0.377387 0.616269 0.638953 0.735661 0.214339 0.196546 0.261853 0.862355 0.938855 0.356704 0.371024 0.697181 0.988056 0.542739 0.546182 0.448922 0.810477 0.154591 0.557441 0.465908 0.010161 0.540406 0.565311 0.409144 0.182009 0.723925 0.660158 0.524600 0.483607 0.389137 0.101857 0.280869 0.148776 0.641674 0.244333 0.208468 0.687591 0.246762 0.623475 0.590869 0.426510 0.524438 0.476776 0.832529 0.819071 0.723763 0.161459 0.395913 0.122559 0.084984 0.774605 0.781692 0.547513 0.065128 0.018922 0.290645 0.662968 0.067049 0.096853 0.043371 0.386879 0.311173 0.730905 0.981460 0.297546 0.196949 0.414478 0.258974 0.510692 0.201326 0.810055 0.480713 0.053078 0.926969 0.233012 0.835438 0.920655 0.013380 0.799209 0.657374 0.187389 0.912172 0.170463 0.639656 0.041538 0.470844 0.993474 0.960926 0.589948 0.464018 0.217594 0.966294 0.151757 0.804424 0.581544 0.185819 0.615526 0.903815 0.788733 0.653407 0.688849 0.041569 0.205795 0.176666 0.649039 0.059289 0.337956 0.400378 0.686595 0.151547 0.157482 0.574977 0.560239 0.661500 0.269326 0.818911 0.063196 0.164854 0.372960 0.262523 0.661943 0.515749 0.869291 0.368319 0.320263 0.070776 0.110844 0.221283 0.536016 0.871181 0.319769 0.309200 0.177084 0.070331 0.413746 0.454146 0.437552 0.859841 0.849783 0.805844 0.066586 0.412127 0.792104 0.706537 0.070650 0.642927 0.521866 0.509805 0.682684 0.829949 0.411934 0.167321 0.665324 0.233662 0.186342 0.740716 0.070891 0.241740 0.154511 0.137703 0.904821 0.355390 0.845535 0.065083 0.538877 0.161911 0.583545 0.127812 0.825703 0.047019 0.132655 0.057584 0.171722 0.309703 0.569034 0.150674 0.593550 0.149701 0.062108 0.132280 0.994480 0.936439 0.550769 0.371425 0.771636 0.369889 0.058848 0.360107 0.515067 0.408097 0.042945 0.551524 0.020645 0.250564 0.602886 0.535755 0.517188 0.947222 0.631197 0.140147 0.399163 0.110765 0.562668 0.049640 0.722165 0.846934 0.022194 0.205735 0.825765 0.444290 0.183986 0.990492 0.222827 0.816236 0.641406 0.056435 0.357619 0.359961 0.584062 0.623216 0.981863 0.751262 0.160765 0.353611 0.821431 0.609721 0.924690 0.983775 0.926125 0.520119 0.774883 0.266500 0.823865 0.233866 0.897896 0.593241 0.617184 0.117937 0.792505 0.106127
0.533277 0.129081 0.851500 0.460030 0.548399 0.764127 0.496555 0.717254 0.869729 0.722040 0.857904 0.056406 0.707010 0.577118 0.785091 0.563298 0.106831 0.382348 0.345211 0.435954 0.031494 0.424430 0.510161 0.195923 0.380950 0.129178 0.102682 0.317515 0.708330 0.081961 0.421649 0.572732 0.618815 0.215789 0.279121 0.967474 0.816689 0.262157 0.142456 0.456851 0.779927 0.462805 0.471974 0.720375 0.479194 0.530147 0.665325 0.819901 0.535402 0.574501 0.261636 0.913367 0.611372 0.326836 0.898455 0.214845 0.011850 0.220575 0.560205 0.221235 0.916886 0.443887 0.929988 0.958749 0.258228 0.269344 0.425988 0.379302 0.059899 0.130366 0.219940 0.452027 0.183966 0.378745 0.526220 0.462821 0.715701 0.893566 0.239033 0.536310 0.876835 0.942641 0.442214 0.226575 0.845381 0.514425 0.852348 0.352572 0.521938 0.455113 0.209775 0.432442 0.172401 0.795885 0.035399 0.783317 0.864336 0.312889 0.164478 0.441935 0.378021 0.445596 0.979727 0.305747 0.506505 0.994614 0.607477 0.845452 0.085035 0.568161 0.679367 0.659189 0.729549 0.731248 0.411792 0.138760 0.009363 0.769802 0.878852 0.810864 0.951820 0.740026 0.329581 0.536998 0.851262 0.141164 0.578628 0.097588 0.646115 0.180144 0.810825 0.789387 0.498839 0.115377 0.496308 0.759953 0.301709 0.697918 0.656207 0.535646 0.869356 0.462074 0.361412 0.415474 0.309822 0.049515 0.781654 0.920650 0.665004 0.277038 0.995231 0.308231 0.208214 0.923827 0.761351 0.457826 0.631518 0.683915 0.927112 0.169999 0.701104 0.815900 0.615494 0.506691 0.750264 0.681148 0.224301 0.612146 0.109472 0.212489 0.278281 0.018085 0.829806 0.619397 0.531811 0.323635 0.425358 0.890861 0.533118 0.916070 0.802824 0.742253 0.565754 0.122017 0.635196 0.637265 0.704648 0.267607 0.087626 0.348299 0.890836 0.783587 0.233835 0.231784 0.021114 0.030350 0.328943 0.808051 0.344479 0.565446 0.072110 0.354304 0.766963 0.240110 0.824941 0.071633 0.218120 0.932885 0.762762 0.634719 0.831882 0.276402 0.990509 0.725366 0.028576 0.904005 0.215500 0.927868 0.650467 0.767767 0.083972 0.036059 0.605932 0.550183 0.876479 0.724300 0.971465 0.476610 0.808655 0.694438 0.776143 0.683036 0.611411 0.893686 0.501411 0.731181 0.153132 0.359233 0.669326 0.482629 0.309396 0.632185 0.900152 0.958514 0.394267 0.411912 0.830791 0.066050 0.111491 0.444340 0.548798 0.242830 0.567431 0.577686 0.238045 0.491395 0.093964 0.199031 0.457980 0.184117 0.481232 0.863573 0.593340 0.956228 0.791159 0.945305 0.962272 0.294400 0.790578 0.003311 0.148827 0.216385 0.561792 0.501393 0.886628 0.285629 0.529867 0.826730 0.650917 0.606819 0.783486 0.750493 0.449583 0.507382 0.463434 0.860162 0.473865 0.289632 0.979326 0.465070 0.373755 0.939087 0.326745 0.310529 0.813636 0.342491 0.511617 0.885526 0.594108 0.727840
0.811233 0.482951 0.740483 0.552216 0.962958 0.860275 0.521064 0.901484 0.205743 0.868319 0.579020 0.167702 0.150259 0.292253 0.471720 0.663354 0.029471 0.121535 0.691635 0.970610 0.371966 0.823723 0.259508 0.783423 0.832705 0.807963 0.227535 0.265525 0.175219 0.351384 0.358097 0.466091 0.020482 0.912942 0.499334 0.471422 0.894707 0.490709 0.383274 0.902604 0.710027 0.229700 0.195718 0.605650 0.767224 0.290668 0.411001 0.781253 0.306976 0.863111 0.930679 0.269633 0.932016 0.266330 0.826736 0.252277 0.223011 0.079370 0.550089 0.466933 0.186638 0.722274 0.124390 0.699497 0.367838 0.327556 0.250423 0.405953 0.579922 0.012761 0.932819 0.452947 0.169837 0.611098 0.422156 0.212316 0.856762 0.407230 0.080280 0.794430 0.137696 0.352694 0.215541 0.412729 0.532221 0.162655 0.765151 0.386823 0.966456 0.966983 0.635094 0.795169 0.005595 0.412141 0.114970 0.034136 0.930625 0.475630 0.401284 0.616484 0.668527 0.953000 0.643627 0.662739 0.184002 0.835993 0.393086 0.582223 0.602799 0.123309 0.698337 0.458606 0.524831 0.603485 0.051213 0.015403 0.171147 0.535347 0.674953 0.310767 0.298092 0.055148 0.303541 0.075774 0.697508 0.222028 0.569392 0.937963 0.646449 0.205701 0.078021 0.306635 0.575592 0.022291 0.343304 0.416876 0.670959 0.264646 0.487121 0.746145 0.867978 0.651147 0.688205 0.069665 0.874551 0.166190 0.350671 0.523434 0.512960 0.748710 0.455314 0.850877 0.712613 0.777398 0.451385 0.157250 0.244720 0.943404 0.272054 0.295168 0.393709 0.556767 0.620493 0.712554 0.563474 0.715292 0.606733 0.788912 0.640252 0.029840 0.897861 0.723404 0.347231 0.887123 0.741378 0.674075 0.822909 0.859724 0.251156 0.295240 0.909684 0.692585 0.421303 0.220658 0.070735 0.670287 0.879490 0.109083 0.086591 0.831125 0.309277 0.253633 0.964995 0.434565 0.083534 0.933665 0.798735 0.926821 0.273931 0.929094 0.515380 0.510698 0.744879 0.301965 0.986127 0.281643 0.745003 0.465985 0.292860 0.982441 0.559797 0.054175 0.490518 0.769860 0.155139 0.406745 0.201775 0.418327 0.934202 0.364816 0.003592 0.073464 0.538523 0.708488 0.736649 0.352010 0.158820 0.226761 0.629104 0.490032 0.029942 0.584384 0.106343 0.280597 0.491827 0.291720 0.209131 0.325261 0.330303 0.386065 0.462775 0.456209 0.163272 0.389490 0.230813 0.311371 0.164055 0.847072 0.187575 0.360255 0.795721 0.082607 0.061773 0.524849 0.045483 0.773757 0.132968 0.513099 0.474976 0.886158 0.220410 0.031495 0.506400 0.250401 0.102577 0.167049 0.674552 0.151044 0.125283 0.798886 0.182632 0.016703 0.195388 0.299794 0.162780 0.171870 0.321355 0.114309 0.466013 0.476348 0.352160 0.624027 0.631870 0.763463 0.099226 0.944534 0.800118 0.845046 0.666573 0.538005 0.029516 0.821173 0.798800 0.165497 0.623574 0.798822 0.682530 0.308562 0.233984 0.618533
0.727327 0.227825 0.148736 0.080028 0.994766 0.582384 0.702363 0.577197 0.632716 0.176013 0.433445 0.653212 0.016997 0.772172 0.582545 0.758001 0.104999 0.744455 0.429493 0.070496 0.403160 0.434765 0.311303 0.684018 0.660583 0.095897 0.220762 0.706869 0.530653 0.468194 0.119049 0.770589 0.457434 0.372984 0.277879 0.985935 0.308905 0.636460 0.483275 0.536271 0.219461 0.459480 0.690924 0.084016 0.785473 0.483504 0.333030 0.592413 0.952560 0.056489 0.637313 0.870823 0.430998 0.451600 0.191163 0.778725 0.549947 0.938462 0.281866 0.348825 0.685780 0.667681 0.540243 0.194711 0.070908 0.632127 0.291986 0.135687 0.939314 0.415610 0.473755 0.590707 0.513514 0.850618 0.084193 0.237336 0.664684 0.943234 0.384055 0.350495 0.694594 0.154443 0.375041 0.741586 0.184172 0.017435 0.027312 0.629459 0.346781 0.999130 0.882768 0.064405 0.196865 0.042116 0.562926 0.977186 0.674888 0.555839 0.646373 0.052511 0.507890 0.911040 0.895622 0.994777 0.902729 0.736425 0.311225 0.672427 0.551157 0.305926 0.630401 0.697104 0.015523 0.350285 0.785007 0.304704 0.538545 0.443343 0.556415 0.185860 0.111615 0.115946 0.057547 0.762202 0.978275 0.360482 0.677199 0.800700 0.097915 0.369539 0.518049 0.709686 0.647463 0.164115 0.660283 0.027657 0.878458 0.247909 0.634737 0.071868 0.099141 0.318870 0.603042 0.194256 0.880227 0.809300 0.529076 0.323272 0.804203 0.801610 0.337673 0.526325 0.647709 0.840670 0.762031 0.715589 0.040851 0.837320 0.000386 0.263758 0.380430 0.131405 0.987856 0.711655 0.543059 0.474058 0.776907 0.611948 0.051244 0.815378 0.574259 0.704979 0.209712 0.539619 0.431025 0.229063 0.848865 0.787408 0.003667 0.507270 0.572985 0.944071 0.864543 0.454469 0.374190 0.777503 0.696131 0.684723 0.265113 0.869332 0.841176 0.918983 0.003011 0.693268 0.651508 0.057194 0.320194 0.860412 0.492924 0.420988 0.012673 0.388103 0.426012 0.701290 0.708170 0.178118 0.884428 0.329326 0.144247 0.731561 0.757731 0.398265 0.195016 0.093785 0.090871 0.723445 0.412796 0.672120 0.296559 0.928498 0.840914 0.205945 0.069427 0.766253 0.879023 0.302405 0.160793 0.941501 0.526573 0.823323 0.280477 0.572654 0.728358 0.392665 0.027475 0.305071 0.538066 0.167943 0.463474 0.950387 0.974208 0.883564 0.997014 0.773878 0.671323 0.318897 0.669690 0.633328 0.282706 0.442160 0.648702 0.362100 0.620413 0.310183 0.605792 0.648890 0.576798 0.127560 0.554783 0.363617 0.193899 0.684136 0.487632 0.563704 0.189237 0.567814 0.396098 0.761753 0.345759 0.921366 0.814095 0.047656 0.464054 0.786500 0.321162 0.457826 0.907135 0.739944 0.234684 0.806976 0.700872 0.567001 0.765225 0.819910 0.494830 0.411670 0.690536 0.273818 0.195993 0.273438 0.942765 0.642764 0.339771 0.733502 0.054592 0.122741 0.167083 0.454328 0.310143 0.017571
0.266857 0.741355 0.571272 0.566353 0.051470 0.018296 0.410549 0.945825 0.885403 0.050357 0.334605 0.018099 0.885895 0.383608 0.362987 0.288653 0.411772 0.337188 0.380661 0.636850 0.522554 0.418202 0.500125 0.200557 0.740555 0.015301 0.543927 0.191261 0.460148 0.928693 0.378626 0.678556 0.599740 0.558654 0.511877 0.474720 0.169395 0.523381 0.010954 0.713783 0.470343 0.686662 0.097004 0.210693 0.016414 0.254506 0.092468 0.589996 0.464700 0.013116 0.036308 0.615940 0.971294 0.627674 0.323539 0.239227 0.800846 0.906636 0.527289 0.740302 0.030780 0.560963 0.243023 0.756208 0.605151 0.721052 0.462105 0.952554 0.370059 0.424257 0.949130 0.779258 0.241934 0.823734 0.100393 0.032008 0.444033 0.109528 0.675399 0.327793 0.115392 0.510999 0.615180 0.943821 0.115187 0.265527 0.619779 0.636269 0.462610 0.530692 0.449198 0.858499 0.887244 0.907304 0.938118 0.082410 0.223366 0.667715 0.135906 0.448415 0.893615 0.519157 0.020954 0.696800 0.546224 0.921663 0.794720 0.476475 0.361418 0.691919 0.635006 0.003080 0.435602 0.456546 0.159360 0.560130 0.365172 0.031755 0.849226 0.011044 0.077700 0.120279 0.117842 0.980421 0.873468 0.284217 0.714395 0.874844 0.942290 0.313627 0.844160 0.660417 0.436348 0.442316 0.275836 0.634510 0.597172 0.169488 0.302413 0.686767 0.954420 0.371219 0.328749 0.276688 0.218330 0.554842 0.040998 0.617689 0.841920 0.229810 0.730534 0.512654 0.139330 0.053282 0.113185 0.770750 0.368531 0.693060 0.723601 0.539251 0.791781 0.756628 0.354177 0.432406 0.622753 0.220298 0.014286 0.606676 0.367594 0.924128 0.751830 0.649033 0.841752 0.578915 0.754541 0.581530 0.180410 0.156513 0.863939 0.984581 0.847927 0.267236 0.386518 0.294627 0.226326 0.709409 0.971424 0.721005 0.308399 0.976546 0.859827 0.060829 0.527182 0.768484 0.958815 0.408236 0.748277 0.530659 0.837865 0.422721 0.976463 0.887512 0.978594 0.160679 0.748889 0.077587 0.534195 0.912501 0.061046 0.926362 0.605816 0.860431 0.579963 0.404342 0.595784 0.842185 0.690220 0.190779 0.597886 0.360513 0.740994 0.332588 0.238588 0.187764 0.000195 0.841895 0.005809 0.995958 0.823636 0.143220 0.945529 0.723147 0.064871 0.824313 0.750516 0.349770 0.695666 0.777710 0.361465 0.228744 0.388808 0.278992 0.137457 0.130335 0.394864 0.785753 0.062792 0.191845 0.943291 0.805750 0.552499 0.827952 0.055820 0.480761 0.418127 0.807945 0.953748 0.731496 0.777444 0.257441 0.623722 0.411098 0.531599 0.877774 0.413005 0.154578 0.960098 0.627445 0.588186 0.751384 0.908668 0.676039 0.007537 0.113228 0.494124 0.815685 0.626933 0.977631 0.246737 0.666296 0.995365 0.214457 0.079590 0.140818 0.767099 0.293611 0.030137 0.945543 0.469952 0.360474 0.011335 0.393573 0.652950 0.359423 0.875971 0.642444 0.873485 0.236140 0.584558 0.038255
0.818396 0.387684 0.377354 0.304064 0.937061 0.331120 0.986634 0.248241 0.674762 0.160056 0.658298 0.262529 0.615312 0.058269 0.973889 0.171853 0.438654 0.767036 0.881332 0.514011 0.040184 0.727732 0.761592 0.595648 0.780858 0.850287 0.269679 0.304767 0.565523 0.999848 0.408456 0.668060 0.146251 0.721821 0.343224 0.760558 0.699842 0.673801 0.543423 0.035261 0.329442 0.029469 0.088792 0.648407 0.433521 0.973294 0.702764 0.867405 0.644470 0.698439 0.534829 0.474890 0.624782 0.053219 0.549596 0.859771 0.980837 0.292878 0.408854 0.076258 0.840004 0.345995 0.310370 0.823295 0.722948 0.026862 0.600116 0.002868 0.148987 0.974891 0.156425 0.678843 0.057227 0.265417 0.603189 0.069283 0.532417 0.324838 0.834914 0.103459 0.651071 0.123523 0.577367 0.843635 0.447611 0.249817 0.393196 0.067137 0.366694 0.348295 0.521837 0.143269 0.411589 0.182640 0.895393 0.644625 0.128530 0.515602 0.961754 0.746956 0.959579 0.320220 0.361516 0.793706 0.215686 0.897978 0.169850 0.018386 0.359191 0.711271 0.207037 0.363707 0.291413 0.966328 0.918284 0.584800 0.179140 0.394206 0.447720 0.566573 0.510026 0.417823 0.781858 0.759703 0.178188 0.449830 0.507160 0.099202 0.051690 0.079067 0.476319 0.169731 0.948544 0.776032 0.500784 0.909707 0.662125 0.845062 0.437838 0.193787 0.806159 0.098270 0.178062 0.756716 0.055756 0.491725 0.340236 0.118835 0.216951 0.413717 0.815881 0.487669 0.645633 0.431875 0.787628 0.099452 0.635245 0.412610 0.495350 0.810521 0.842538 0.947687 0.428931 0.612933 0.385238 0.298395 0.373471 0.748092 0.889384 0.112461 0.768825 0.846389 0.596684 0.478220 0.602064 0.368138 0.277624 0.145224 0.540859 0.944246 0.821876 0.523878 0.503103 0.021835 0.758379 0.411734 0.947656 0.245727 0.750812 0.042903 0.064324 0.619096 0.887694 0.588622 0.732656 0.367581 0.455393 0.592752 0.517026 0.284110 0.679463 0.819036 0.020372 0.411863 0.814121 0.110096 0.178269 0.290792 0.685861 0.969237 0.506754 0.671221 0.444281 0.013996 0.828002 0.884524 0.700753 0.875472 0.943517 0.172655 0.307763 0.267588 0.955193 0.104770 0.819788 0.871172 0.461085 0.225170 0.893598 0.723935 0.486103 0.796836 0.401202 0.978850 0.019715 0.573681 0.859211 0.492829 0.416820 0.530507 0.546812 0.487773 0.147420 0.043859 0.476528 0.560261 0.745128 0.807492 0.090309 0.881856 0.262112 0.870928 0.946086 0.160002 0.313286 0.481627 0.008646 0.502015 0.512511 0.542156 0.023547 0.816950 0.749459 0.979514 0.451958 0.487321 0.989912 0.291397 0.834144 0.768567 0.347996 0.794846 0.704595 0.073203 0.783929 0.345922 0.213064 0.130698 0.705885 0.341542 0.134133 0.377013 0.658591 0.993748 0.992424 0.268633 0.398096 0.229724 0.761328 0.950153 0.687529 0.998922 0.811226 0.181338 0.814894 0.361055 0.396027 0.475788 0.019070 0.960451
0.017286 0.877515 0.313910 0.586948 0.171354 0.315704 0.717919 0.760045 0.634259 0.845396 0.863371 0.260434 0.455719 0.999706 0.846839 0.728448 0.533946 0.851585 0.304943 0.727630 0.400116 0.108542 0.139658 0.276599 0.435375 0.468931 0.872930 0.332257 0.249595 0.191618 0.423529 0.809359 0.279785 0.432594 0.727162 0.607947 0.187403 0.694475 0.950727 0.850319 0.964081 0.735473 0.682424 0.303563 0.031208 0.351804 0.385639 0.615525 0.927695 0.881201 0.126959 0.224316 0.850098 0.173220 0.703282 0.712075 0.308782 0.338917 0.525178 0.118933 0.235740 0.412296 0.872510 0.528435 0.975600 0.171071 0.507326 0.753343 0.781029 0.560930 0.814725 0.573739 0.097702 0.448220 0.292124 0.330481 0.984294 0.108080 0.579546 0.826190 0.425676 0.395979 0.955029 0.382626 0.020284 0.761253 0.745098 0.084257 0.469041 0.657134 0.560979 0.200980 0.667350 0.610042 0.474222 0.715220 0.339168 0.222325 0.474277 0.997022 0.746687 0.655483 0.648967 0.894968 0.685374 0.820917 0.081710 0.758012 0.241220 0.764220 0.002661 0.992818 0.109877 0.849910 0.285870 0.386304 0.150211 0.185999 0.000154 0.315116 0.333268 0.981295 0.063805 0.664906 0.301939 0.284769 0.323596 0.473968 0.420505 0.746220 0.993984 0.364231 0.430563 0.327827 0.498422 0.716709 0.021879 0.253002 0.928469 0.854671 0.058247 0.382113 0.456034 0.933911 0.804359 0.750228 0.372672 0.506304 0.599014 0.259209 0.806953 0.862204 0.168985 0.507335 0.574323 0.323036 0.542044 0.688117 0.810107 0.992779 0.317835 0.023677 0.533656 0.731491 0.303853 0.041773 0.715014 0.675392 0.467319 0.964268 0.064963 0.883333 0.595550 0.944435 0.288558 0.393226 0.255605 0.707765 0.675724 0.067236 0.915615 0.412927 0.385223 0.919574 0.683552 0.932735 0.498781 0.679630 0.674487 0.734303 0.999027 0.802301 0.533086 0.835818 0.296542 0.973442 0.727885 0.123810 0.360786 0.662812 0.446468 0.218241 0.504965 0.824365 0.647308 0.464555 0.667939 0.224594 0.579428 0.409898 0.176713 0.888986 0.346364 0.858677 0.530156 0.467428 0.564882 0.175315 0.426848 0.240655 0.042656 0.803734 0.353509 0.395795 0.758362 0.322243 0.411306 0.957489 0.288986 0.838699 0.372615 0.597587 0.166794 0.448365 0.808769 0.996259 0.579713 0.656086 0.872382 0.427900 0.710961 0.242265 0.407545 0.760613 0.407769 0.630678 0.048639 0.485662 0.617345 0.663413 0.657300 0.643149 0.152943 0.265078 0.948516 0.738981 0.977936 0.827539 0.613251 0.238514 0.396602 0.470284 0.125067 0.313790 0.421342 0.730081 0.037038 0.767998 0.320154 0.196367 0.443655 0.180946 0.942318 0.677889 0.300260 0.127045 0.986812 0.390506 0.341280 0.078157 0.011016 0.061498 0.021626 0.996601 0.711198 0.262037 0.316814 0.097764 0.770519 0.094413 0.008582 0.282887 0.248188 0.115870 0.235215 0.930697 0.784584 0.259828 0.285149 0.494881
0.174665 0.344085 0.488670 0.985934 0.726824 0.790086 0.616350 0.766260 0.597720 0.415702 0.981231 0.323348 0.149080 0.098918 0.753481 0.168570 0.786956 0.154766 0.165786 0.510979 0.621494 0.209270 0.179333 0.076042 0.110344 0.064475 0.548818 0.204800 0.004949 0.962664 0.740552 0.695637 0.549858 0.265437 0.656506 0.231632 0.116675 0.445652 0.561290 0.193386 0.676596 0.095992 0.169412 0.988830 0.551405 0.183070 0.111201 0.329385 0.304154 0.693314 0.234640 0.893358 0.341015 0.315565 0.773298 0.185811 0.270747 0.106867 0.470475 0.171997 0.576486 0.618074 0.538130 0.311075 0.244465 0.433469 0.135935 0.872459 0.766822 0.954190 0.238708 0.558922 0.597745 0.010075 0.327361 0.676141 0.035788 0.383428 0.200745 0.120488 0.578666 0.059114 0.990241 0.672496 0.248792 0.621206 0.341694 0.351370 0.880532 0.251496 0.443141 0.138273 0.696249 0.753352 0.254426 0.663465 0.889550 0.151471 0.831702 0.298128 0.028419 0.190003 0.263897 0.864279 0.386565 0.927199 0.275780 0.206251 0.103200 0.817096 0.777639 0.352342 0.732652 0.330270 0.421003 0.257921 0.157869 0.426702 0.756993 0.826542 0.197139 0.225384 0.438245 0.370794 0.341800 0.010402 0.830362 0.444133 0.264341 0.593740 0.807502 0.921022 0.995694 0.421630 0.922714 0.073018 0.314943 0.212173 0.042686 0.415307 0.021840 0.383790 0.348890 0.291584 0.746949 0.166672 0.485206 0.534563 0.938215 0.318555 0.032300 0.011849 0.979665 0.452180 0.249348 0.152199 0.780523 0.645466 0.197657 0.957342 0.976925 0.942029 0.699277 0.830797 0.571747 0.799812 0.428894 0.480823 0.371357 0.239127 0.681812 0.022481 0.615144 0.014300 0.475279 0.873532 0.558772 0.014581 0.083136 0.636523 0.215420 0.321508 0.904149 0.038434 0.450761 0.035674 0.145829 0.444279 0.290679 0.512210 0.021179 0.768835 0.425502 0.759977 0.437963 0.809269 0.983532 0.730174 0.119460 0.747648 0.051175 0.913357 0.681655 0.003494 0.910659 0.867796 0.155827 0.969343 0.281811 0.552789 0.197462 0.703603 0.461818 0.077082 0.701914 0.581889 0.238789 0.978962 0.509657 0.319990 0.430177 0.402977 0.903090 0.089281 0.836487 0.533201 0.681754 0.545657 0.825714 0.559187 0.802810 0.208918 0.372865 0.544615 0.371761 0.960688 0.349768 0.694436 0.650320 0.863911 0.331391 0.375312 0.311362 0.987085 0.181788 0.588859 0.640363 0.418230 0.851125 0.031592 0.253563 0.498721 0.781062 0.825108 0.734207 0.346857 0.019087 0.011744 0.386204 0.215121 0.565931 0.958426 0.225709 0.349424 0.403499 0.782836 0.811924 0.463676 0.572770 0.616404 0.606960 0.151772 0.777627 0.898162 0.868278 0.045043 0.296211 0.727823 0.694915 0.309968 0.971453 0.660295 0.691084 0.548684 0.274918 0.649239 0.068936 0.803137 0.444717 0.303198 0.152769 0.395564 0.633413 0.066913 0.486100 0.209241 0.647012 0.684970 0.957694 0.119559
0.170319 0.529132 0.628095 0.708149 0.261520 0.810214 0.526747 0.563725 0.622314 0.669336 0.822813 0.003061 0.774653 0.557975 0.360380 0.816605 0.258171 0.816318 0.079736 0.544227 0.934462 0.335474 0.686208 0.429318 0.805753 0.451750 0.534023 0.208272 0.076206 0.747096 0.900799 0.888778 0.253563 0.812028 0.759339 0.290437 0.501783 0.466667 0.676431 0.610908 0.128442 0.436600 0.531883 0.907598 0.324339 0.089148 0.386074 0.445919 0.454558 0.273816 0.055239 0.482642 0.278665 0.087592 0.557833 0.552539 0.283632 0.180837 0.455421 0.483330 0.415880 0.319187 0.659852 0.486820 0.641257 0.961541 0.575416 0.596694 0.626150 0.613870 0.166593 0.834935 0.084099 0.190748 0.581364 0.441107 0.913683 0.520225 0.573130 0.611848 0.960658 0.134361 0.530645 0.690990 0.488277 0.112053 0.356595 0.319275 0.639100 0.098552 0.116164 0.364343 0.960399 0.993337 0.416933 0.673237 0.858565 0.149829 0.364197 0.070782 0.095511 0.270342 0.373878 0.344010 0.739091 0.361455 0.543237 0.135416 0.656684 0.880446 0.677026 0.207490 0.062737 0.178953 0.686893 0.950402 0.964452 0.548400 0.473534 0.601214 0.890973 0.321870 0.307972 0.056103 0.850899 0.067823 0.433512 0.120838 0.260839 0.564340 0.785148 0.025424 0.065828 0.847918 0.408545 0.586724 0.348177 0.086468 0.551517 0.638422 0.948343 0.878870 0.183217 0.109882 0.582448 0.311089 0.912239 0.836674 0.150480 0.834349 0.490024 0.112913 0.188298 0.175285 0.741091 0.307792 0.845369 0.629400 0.510373 0.103862 0.511979 0.210959 0.488749 0.544523 0.370151 0.900535 0.527080 0.202590 0.725612 0.109309 0.742052 0.932659 0.443625 0.768789 0.302648 0.897570 0.754084 0.905515 0.154223 0.724363 0.173300 0.943060 0.267650 0.846026 0.032559 0.502750 0.541011 0.434504 0.064414 0.575869 0.748662 0.751814 0.391202 0.269192 0.785978 0.324727 0.649610 0.573641 0.515197 0.364261 0.386616 0.597564 0.294132 0.148723 0.751766 0.259257 0.472314 0.039239 0.363721 0.758549 0.503759 0.503665 0.850957 0.255174 0.579617 0.224303 0.629599 0.875245 0.167068 0.817183 0.939073 0.510768 0.085969 0.103098 0.524286 0.787010 0.110604 0.046626 0.312322 0.639458 0.157879 0.779180 0.293214 0.257988 0.814529 0.232164 0.900448 0.196931 0.475290 0.384340 0.810257 0.511340 0.081051 0.782336 0.909317 0.523510 0.533743 0.856211 0.657054 0.484309 0.609226 0.321646 0.062999 0.914490 0.678314 0.295003 0.764239 0.107964 0.878212 0.026896 0.341053 0.177665 0.872757 0.047796 0.120925 0.331761 0.556759 0.065710 0.317089 0.448722 0.396415 0.401411 0.395738 0.200688 0.638613 0.484252 0.616820 0.825398 0.465412 0.135888 0.833663 0.624070 0.206301 0.446199 0.222507 0.966386 0.994919 0.437892 0.599429 0.435604 0.015423 0.298214 0.392966 0.455876 0.972640 0.452478 0.336047 0.288249 0.446429 0.593042
0.033187 0.252757 0.536961 0.507683 0.528488 0.824587 0.308463 0.580913 0.880375 0.838331 0.234345 0.319054 0.802485 0.315354 0.017846 0.636346 0.161577 0.775655 0.416918 0.423073 0.968877 0.310466 0.004313 0.892586 0.668471 0.155050 0.447282 0.820287 0.734445 0.104857 0.911385 0.812383 0.713092 0.575001 0.160484 0.415742 0.881391 0.416853 0.592528 0.176672 0.466513 0.772793 0.467968 0.894692 0.190519 0.429923 0.629363 0.853523 0.554000 0.028816 0.602611 0.599432 0.985240 0.871762 0.991505 0.750729 0.134175 0.042723 0.437758 0.712329 0.277623 0.704170 0.364994 0.019045 0.024043 0.000880 0.529776 0.020049 0.109366 0.672890 0.975713 0.834954 0.858351 0.511249 0.848134 0.588971 0.205978 0.942527 0.174101 0.363353 0.126504 0.421041 0.634485 0.509277 0.807035 0.605804 0.940157 0.036101 0.402281 0.736888 0.107063 0.943635 0.017357 0.754353 0.692170 0.824056 0.608674 0.059030 0.870992 0.750859 0.534872 0.561110 0.012441 0.970587 0.579122 0.294268 0.829625 0.704544 0.419232 0.140148 0.461640 0.423464 0.688404 0.608033 0.529636 0.135432 0.111613 0.587221 0.596572 0.214202 0.479172 0.125575 0.286112 0.377986 0.855426 0.812581 0.296126 0.910623 0.288246 0.876880 0.666271 0.202997 0.204512 0.591208 0.756671 0.807844 0.564754 0.550128 0.878298 0.685277 0.512713 0.900899 0.618718 0.625451 0.461939 0.583187 0.195158 0.510869 0.932057 0.693093 0.732671 0.471848 0.178094 0.206734 0.112223 0.034762 0.035493 0.659999 0.838704 0.932101 0.987812 0.089574 0.278827 0.116046 0.106678 0.500904 0.572380 0.568942 0.977053 0.494031 0.292123 0.271710 0.965957 0.124703 0.842427 0.585231 0.358909 0.352180 0.469112 0.808511 0.530171 0.131891 0.079275 0.460212 0.614160 0.312997 0.725508 0.078257 0.422641 0.485282 0.648429 0.439521 0.023236 0.616083 0.718800 0.973980 0.768522 0.628947 0.321418 0.495003 0.323814 0.482114 0.512002 0.668325 0.284125 0.861385 0.541406 0.430749 0.658832 0.793891 0.923636 0.543761 0.880555 0.846999 0.579416 0.716710 0.497698 0.380594 0.268115 0.301656 0.437357 0.863556 0.982747 0.893706 0.371374 0.878329 0.101645 0.714835 0.489484 0.838769 0.312588 0.118644 0.322649 0.058653 0.293863 0.862002 0.044058 0.599271 0.535477 0.898066 0.356228 0.753293 0.060952 0.686275 0.483858 0.694161 0.524760 0.230543 0.036976 0.879987 0.806448 0.315286 0.872796 0.380481 0.731764 0.889509 0.463594 0.336946 0.532371 0.430471 0.061416 0.644815 0.434681 0.761403 0.267848 0.331604 0.813403 0.930316 0.164238 0.728139 0.977242 0.502033 0.335425 0.310580 0.251668 0.975496 0.027847 0.115558 0.162384 0.650406 0.749125 0.156894 0.401125 0.651319 0.681935 0.640816 0.784409 0.810940 0.825200 0.581629 0.654177 0.733693 0.947665 0.512467 0.908741 0.870902 0.676692 0.643376 0.237996 0.811285
0.695295 0.462399 0.905812 0.940934 0.047959 0.956468 0.937205 0.107194 0.806604 0.778873 0.873655 0.267469 0.778560 0.918542 0.876291 0.616966 0.660724 0.270256 0.190518 0.521071 0.358719 0.922742 0.133586 0.120753 0.062734 0.704539 0.591847 0.204480 0.624031 0.087527 0.942473 0.536024 0.745677 0.187448 0.450595 0.466940 0.661591 0.369929 0.328589 0.888634 0.956403 0.577062 0.641289 0.417653 0.238385 0.279652 0.584147 0.245678 0.478200 0.809842 0.808678 0.085969 0.149194 0.410981 0.545466 0.023872 0.026640 0.443516 0.366261 0.615259 0.022035 0.648583 0.919654 0.065093 0.998280 0.662803 0.557492 0.281600 0.884973 0.326371 0.258367 0.499717 0.236198 0.427389 0.601587 0.831271 0.907045 0.005077 0.770949 0.070973 0.144304 0.611817 0.228474 0.673957 0.208173 0.820413 0.799349 0.231883 0.512647 0.439693 0.204637 0.193531 0.011479 0.508583 0.397595 0.599241 0.903566 0.821602 0.986403 0.561748 0.696662 0.691530 0.644291 0.658656 0.090016 0.152438 0.300871 0.750559 0.141713 0.574346 0.735089 0.740915 0.023021 0.342775 0.860812 0.409859 0.644334 0.596098 0.699964 0.426337 0.201963 0.946713 0.473490 0.988778 0.706641 0.112090 0.174254 0.594807 0.264645 0.391534 0.322218 0.179912 0.443381 0.830364 0.477438 0.547563 0.060222 0.766364 0.665063 0.455561 0.107791 0.489101 0.401225 0.235678 0.752082 0.488261 0.202228 0.076809 0.060461 0.711296 0.676207 0.466879 0.284892 0.650170 0.262200 0.089718 0.195743 0.162779 0.317612 0.958850 0.434112 0.632908 0.440540 0.074380 0.517592 0.716625 0.384411 0.827384 0.738451 0.024663 0.577925 0.091130 0.828109 0.065564 0.479144 0.743853 0.012957 0.179752 0.961756 0.045982 0.357063 0.799676 0.252827 0.611091 0.238896 0.675561 0.504575 0.223895 0.684484 0.141411 0.481012 0.872062 0.308912 0.668891 0.377986 0.196303 0.777646 0.891397 0.979127 0.085366 0.030915 0.143968 0.098690 0.516873 0.223777 0.046684 0.288962 0.517564 0.998205 0.973761 0.737136 0.770643 0.414520 0.665815 0.200818 0.118211 0.484286 0.917520 0.549635 0.061930 0.692787 0.561672 0.869518 0.515049 0.216268 0.144441 0.289730 0.059313 0.531865 0.235906 0.307015 0.435653 0.974281 0.834891 0.225998 0.173126 0.110665 0.461864 0.232814 0.010736 0.237662 0.842858 0.615132 0.352783 0.856879 0.452729 0.302691 0.658000 0.236579 0.970782 0.220792 0.136407 0.494624 0.400781 0.486379 0.128723 0.050169 0.128615 0.976081 0.512811 0.310190 0.608196 0.189726 0.816107 0.325721 0.505359 0.208754 0.996492 0.635997 0.629551 0.275657 0.793356 0.905918 0.851053 0.160767 0.567281 0.150345 0.960112 0.928009 0.942858 0.835569 0.151069 0.679252 0.460823 0.266958 0.116228 0.564261 0.386932 0.725483 0.270941 0.560395 0.850151 0.648125 0.924921 0.184159 0.093840 0.578021 0.288697 0.934405 0.720992
0.670650 0.950722 0.051451 0.682453 0.219519 0.339936 0.615271 0.330243 0.691435 0.066341 0.702188 0.233280 0.801814 0.685768 0.882464 0.338898 0.585446 0.833329 0.093253 0.337880 0.973785 0.962269 0.045433 0.938780 0.193214 0.102064 0.706960 0.012683 0.469549 0.930876 0.914457 0.067758 0.120381 0.592995 0.389328 0.475585 0.810029 0.349766 0.913332 0.670941 0.426663 0.663275 0.556008 0.896657 0.987172 0.239317 0.278854 0.366956 0.974881 0.105520 0.870785 0.627736 0.167783 0.250429 0.169151 0.297669 0.732455 0.448747 0.086612 0.032735 0.482684 0.078299 0.844068 0.781983 0.591736 0.899905 0.978278 0.541232 0.824519 0.099499 0.560922 0.924146 0.634442 0.036114 0.375624 0.418577 0.955487 0.790687 0.619966 0.532026 0.370271 0.075697 0.280335 0.584786 0.989647 0.260744 0.186116 0.017976 0.648466 0.645119 0.218288 0.767765 0.974903 0.032353 0.202765 0.138117 0.089253 0.074536 0.180713 0.460997 0.849635 0.020242 0.993230 0.645224 0.311404 0.437370 0.066197 0.280706 0.887896 0.255063 0.803072 0.771229 0.898367 0.483157 0.014026 0.064521 0.670995 0.512325 0.317518 0.097476 0.437613 0.882047 0.543924 0.468960 0.912735 0.850781 0.709617 0.303487 0.795905 0.770766 0.599033 0.944560 0.578887 0.231459 0.597589 0.159469 0.762484 0.350923 0.506121 0.934817 0.304092 0.813508 0.562650 0.393491 0.897467 0.338484 0.651221 0.853135 0.085318 0.223060 0.872480 0.308770 0.338010 0.090373 0.947419 0.618983 0.380845 0.403446 0.384610 0.681876 0.591575 0.099179 0.300987 0.829674 0.356287 0.141727 0.918827 0.437085 0.468479 0.674823 0.172791 0.923381 0.916642 0.043589 0.547992 0.988306 0.444930 0.480021 0.179070 0.163455 0.799291 0.945213 0.091799 0.834728 0.450243 0.101739 0.969979 0.609389 0.375512 0.262072 0.338128 0.841078 0.373510 0.259245 0.436952 0.077853 0.614654 0.248733 0.833698 0.871549 0.596081 0.518627 0.448056 0.124537 0.312204 0.154851 0.826376 0.127481 0.899132 0.872895 0.942216 0.581091 0.948467 0.670783 0.248058 0.163525 0.893329 0.263060 0.853436 0.674577 0.767699 0.468865 0.389674 0.269346 0.984857 0.953274 0.631232 0.113497 0.473516 0.488843 0.577943 0.554367 0.508842 0.518268 0.403556 0.137188 0.942727 0.046754 0.295121 0.244504 0.155817 0.671752 0.988591 0.646200 0.856492 0.339506 0.851830 0.563263 0.032593 0.723174 0.499413 0.067921 0.722837 0.167553 0.706944 0.378042 0.152114 0.354775 0.857066 0.273461 0.239108 0.267184 0.150193 0.969141 0.072623 0.564019 0.797164 0.368226 0.235643 0.204190 0.384645 0.975441 0.462925 0.786956 0.620420 0.393308 0.023035 0.756443 0.466976 0.321607 0.097718 0.540097 0.149659 0.185245 0.131823 0.373568 0.045614 0.383824 0.125003 0.463527 0.793091 0.650517 0.491933 0.169928 0.726279 0.266560 0.401524 0.970982 0.750841 0.960143
0.242578 0.605586 0.754956 0.699438 0.467951 0.332327 0.136079 0.964950 0.614902 0.373841 0.783770 0.815532 0.298639 0.931888 0.490716 0.050514 0.665937 0.747105 0.383496 0.453441 0.272111 0.365780 0.881136 0.078677 0.692552 0.957196 0.939389 0.566402 0.262082 0.076851 0.789954 0.433022 0.083057 0.956395 0.001909 0.316909 0.830964 0.133229 0.997884 0.887935 0.824337 0.866661 0.947360 0.891428 0.908341 0.313289 0.159433 0.774136 0.366807 0.116190 0.854820 0.613403 0.666670 0.173930 0.591874 0.165920 0.125503 0.796122 0.864367 0.824459 0.643489 0.621843 0.808235 0.791496 0.302129 0.405841 0.776626 0.302468 0.095125 0.931972 0.252571 0.589195 0.193553 0.126258 0.854230 0.201199 0.145457 0.880088 0.843212 0.430609 0.669446 0.171356 0.604431 0.319187 0.367686 0.268586 0.183672 0.128579 0.367474 0.800460 0.708130 0.494703 0.729303 0.116083 0.409455 0.935142 0.561455 0.787533 0.168149 0.413887 0.882697 0.874673 0.242311 0.904622 0.210770 0.819293 0.787129 0.282384 0.622281 0.368988 0.406729 0.337914 0.888311 0.224132 0.239217 0.705771 0.107629 0.889012 0.160673 0.527280 0.314748 0.459822 0.189591 0.333912 0.152443 0.449704 0.474297 0.383974 0.435642 0.550042 0.790126 0.982682 0.946967 0.993244 0.875852 0.461574 0.969689 0.970349 0.012085 0.056802 0.044219 0.876002 0.910650 0.902084 0.517298 0.954093 0.772234 0.172388 0.197036 0.823185 0.590690 0.663398 0.166638 0.709897 0.693918 0.782416 0.215300 0.052016 0.454436 0.492126 0.935389 0.714262 0.500151 0.157782 0.142986 0.747483 0.746215 0.946425 0.222262 0.960789 0.261450 0.606653 0.821627 0.189938 0.221619 0.139400 0.995580 0.890283 0.796743 0.716339 0.110706 0.809323 0.431845 0.378088 0.146318 0.242086 0.235603 0.766722 0.805377 0.365573 0.621917 0.012285 0.149161 0.321941 0.952098 0.436314 0.840852 0.255453 0.545526 0.158476 0.899779 0.632765 0.257417 0.462128 0.988697 0.774097 0.977149 0.799075 0.034070 0.731145 0.611660 0.963594 0.590540 0.959484 0.352882 0.838062 0.894490 0.847587 0.841796 0.628708 0.222024 0.302014 0.699608 0.677691 0.491716 0.374578 0.815522 0.596270 0.340733 0.444908 0.073243 0.570700 0.645561 0.294695 0.556589 0.015667 0.412608 0.678170 0.694845 0.539262 0.308279 0.833622 0.087342 0.000394 0.029073 0.179515 0.246096 0.348642 0.807613 0.117772 0.697823 0.758992 0.007734 0.688422 0.532692 0.413539 0.741515 0.098840 0.604126 0.757986 0.324231 0.673183 0.234288 0.438980 0.489436 0.972092 0.848128 0.694916 0.311589 0.069501 0.562573 0.966543 0.713888 0.622160 0.439325 0.368545 0.989299 0.887549 0.990047 0.224644 0.692062 0.171936 0.628646 0.136426 0.095756 0.229876 0.643795 0.010018 0.649575 0.790838 0.936066 0.974794 0.936627 0.814295 0.515884 0.050815 0.107700 0.656465 0.584388 0.596725
0.440084 0.936286 0.404732 0.759586 0.383165 0.158582 0.777641 0.084952 0.696435 0.780900 0.053039 0.607206 0.126160 0.123164 0.119440 0.987872 0.086990 0.827074 0.909807 0.504457 0.659142 0.700965 0.636793 0.070651 0.427892 0.371241 0.154189 0.504497 0.904131 0.551284 0.194721 0.635783 0.943119 0.834640 0.928092 0.829582 0.578995 0.050493 0.815976 0.628157 0.187960 0.576247 0.564635 0.803197 0.466963 0.007128 0.509371 0.120866 0.812751 0.631283 0.428743 0.635728 0.540841 0.521624 0.904366 0.343719 0.365763 0.428581 0.770011 0.274082 0.518529 0.946977 0.048379 0.279625 0.798292 0.304421 0.289448 0.659719 0.290210 0.402761 0.913021 0.372188 0.282785 0.990243 0.921786 0.237222 0.549369 0.726382 0.910595 0.110806 0.974396 0.530512 0.484944 0.301112 0.231303 0.525768 0.008007 0.025018 0.773502 0.567832 0.646730 0.449666 0.014195 0.015972 0.941876 0.071004 0.475702 0.421925 0.869094 0.373341 0.068726 0.897112 0.523524 0.593395 0.342962 0.200313 0.194852 0.533239 0.295920 0.810027 0.453786 0.012890 0.936154 0.835337 0.989558 0.070493 0.369391 0.806812 0.735950 0.160633 0.371873 0.952784 0.196174 0.375596 0.451778 0.917901 0.254855 0.791686 0.653023 0.705161 0.224885 0.497172 0.388758 0.179791 0.828685 0.678325 0.355738 0.754575 0.895124 0.728104 0.536909 0.381922 0.186780 0.388796 0.080027 0.646761 0.228352 0.474211 0.072490 0.261398 0.311986 0.504225 0.218252 0.098105 0.568506 0.839161 0.293473 0.154402 0.956117 0.910568 0.704243 0.281615 0.028708 0.073994 0.918829 0.575891 0.768237 0.105823 0.438986 0.917282 0.535373 0.641411 0.339258 0.545650 0.588331 0.503509 0.356559 0.062247 0.804686 0.562699 0.264267 0.418549 0.555779 0.135399 0.694620 0.463248 0.611319 0.699861 0.205525 0.406792 0.634193 0.580223 0.376296 0.196775 0.634207 0.539339 0.078849 0.398662 0.397824 0.746757 0.453355 0.063560 0.501294 0.984030 0.289509 0.346047 0.308726 0.604601 0.605968 0.068262 0.484333 0.967421 0.123805 0.298198 0.333492 0.367000 0.476353 0.374286 0.210853 0.357995 0.021614 0.671469 0.652327 0.800249 0.678347 0.953240 0.033771 0.611772 0.946060 0.909214 0.917455 0.437360 0.139771 0.310326 0.243292 0.386072 0.365474 0.729194 0.423924 0.260068 0.222237 0.493625 0.340044 0.187314 0.673233 0.000111 0.576404 0.116247 0.188627 0.084860 0.938935 0.143758 0.642256 0.717763 0.035565 0.999528 0.291722 0.816469 0.875455 0.874907 0.013235 0.652431 0.050652 0.219677 0.720184 0.777203 0.797541 0.647339 0.124839 0.825742 0.674190 0.945051 0.689136 0.841657 0.737693 0.891221 0.309566 0.824828 0.117159 0.859530 0.138731 0.278043 0.472833 0.036438 0.800077 0.765773 0.178359 0.268836 0.197290 0.747683 0.011621 0.475130 0.556097 0.197144 0.442609 0.072993 0.280570 0.580620 0.933028 0.272738
0.478710 0.980020 0.756860 0.731466 0.869962 0.182137 0.838287 0.633596 0.304476 0.818809 0.931855 0.672059 0.895700 0.413451 0.497799 0.413698 0.795719 0.589855 0.883265 0.398865 0.542748 0.604139 0.718663 0.787522 0.950471 0.312599 0.455419 0.489212 0.573841 0.419923 0.990958 0.544893 0.211620 0.346474 0.080369 0.960291 0.643381 0.087397 0.349120 0.602913 0.832618 0.827141 0.943242 0.256553 0.128300 0.410039 0.589372 0.937824 0.638108 0.048245 0.058104 0.648159 0.054592 0.281832 0.410953 0.755611 0.032792 0.311978 0.401284 0.941601 0.923621 0.360589 0.509870 0.888304 0.649011 0.140043 0.855826 0.714167 0.440449 0.484024 0.017320 0.699990 0.277624 0.861743 0.817744 0.538715 0.403672 0.602378 0.989734 0.700304 0.824931 0.910130 0.501940 0.808000 0.561944 0.985654 0.786499 0.248301 0.280524 0.994235 0.440901 0.176219 0.700652 0.473465 0.207568 0.610063 0.866222 0.181331 0.608807 0.696501 0.016259 0.766952 0.824134 0.675231 0.315479 0.641212 0.803181 0.046725 0.270753 0.149470 0.512077 0.483419 0.187124 0.185662 0.423378 0.242610 0.612394 0.916412 0.624627 0.419940 0.217768 0.199274 0.076475 0.502202 0.973594 0.002591 0.035055 0.138159 0.882814 0.914207 0.378861 0.878544 0.225355 0.722531 0.261207 0.417734 0.611141 0.504162 0.159375 0.005414 0.231525 0.054116 0.000531 0.499375 0.367196 0.734173 0.795547 0.381237 0.408648 0.307486 0.640590 0.423246 0.249020 0.321634 0.148429 0.007932 0.786509 0.611415 0.860857 0.670980 0.778641 0.178719 0.017527 0.347329 0.490718 0.588038 0.058508 0.318747 0.737919 0.702754 0.662679 0.272384 0.427587 0.175141 0.061014 0.667053 0.618950 0.163876 0.050058 0.071613 0.301908 0.380168 0.184946 0.506059 0.160198 0.119295 0.496182 0.278217 0.776232 0.631237 0.609570 0.677820 0.554173 0.271473 0.108011 0.873907 0.843925 0.790049 0.446591 0.437941 0.150506 0.023142 0.372680 0.817528 0.835153 0.922415 0.321993 0.895839 0.025311 0.165811 0.862789 0.053569 0.963919 0.150723 0.561226 0.287309 0.555729 0.205165 0.581544 0.771104 0.378403 0.579248 0.339817 0.662025 0.083820 0.263337 0.550752 0.926705 0.882645 0.106521 0.543963 0.270097 0.487259 0.678753 0.472491 0.655321 0.243983 0.499616 0.547951 0.465781 0.505413 0.240871 0.481443 0.963139 0.548729 0.723084 0.423791 0.826043 0.191866 0.156375 0.384033 0.551905 0.346899 0.115892 0.694425 0.651215 0.285371 0.977186 0.484702 0.849647 0.532421 0.877575 0.832834 0.236031 0.167178 0.962564 0.437404 0.542788 0.172325 0.783460 0.271080 0.801326 0.968344 0.990790 0.983492 0.505305 0.074044 0.644679 0.104022 0.197513 0.703986 0.575403 0.474041 0.818731 0.551293 0.903067 0.881710 0.517472 0.392255 0.434434 0.439698 0.193575 0.134099 0.055610 0.647025 0.376226 0.105004 0.260128 0.338376 0.083671
0.100609 0.153849 0.414907 0.366629 0.768839 0.281382 0.230186 0.758339 0.322081 0.149115 0.061360 0.126791 0.673699 0.461332 0.145777 0.222025 0.594949 0.834915 0.510968 0.271852 0.423958 0.795694 0.459908 0.153966 0.491622 0.430330 0.605429 0.101297 0.969227 0.394326 0.423318 0.565243 0.501655 0.634784 0.220971 0.224584 0.759772 0.678352 0.525474 0.000250 0.390062 0.201832 0.216936 0.603369 0.914168 0.417832 0.046618 0.962979 0.211437 0.532080 0.121263 0.117703 0.497524 0.291082 0.348012 0.097866 0.406121 0.026071 0.657709 0.670818 0.360167 0.950522 0.426345 0.225111 0.541136 0.261222 0.126694 0.762721 0.452854 0.982207 0.786911 0.943724 0.382142 0.022989 0.057899 0.162587 0.292820 0.824257 0.858811 0.694046 0.096577 0.683717 0.062531 0.542460 0.520233 0.914092 0.257687 0.206342 0.161864 0.563252 0.756438 0.577317 0.474191 0.410731 0.338174 0.704524 0.970307 0.196838 0.192933 0.172654 0.081860 0.895368 0.998082 0.159868 0.689165 0.100698 0.291643 0.629571 0.313925 0.515272 0.909526 0.739462 0.159872 0.526369 0.074759 0.748289 0.234912 0.074799 0.583788 0.873537 0.104832 0.993791 0.687352 0.775363 0.647189 0.353134 0.051910 0.494103 0.167617 0.318407 0.793229 0.883039 0.642834 0.234577 0.702542 0.461508 0.709013 0.905698 0.627513 0.240633 0.128327 0.028819 0.365189 0.430177 0.098797 0.192359 0.702528 0.829817 0.968784 0.018434 0.382827 0.178619 0.681883 0.849287 0.659411 0.815669 0.544314 0.359454 0.088313 0.578854 0.973822 0.077068 0.517508 0.872519 0.099559 0.889208 0.474391 0.572020 0.553677 0.880721 0.642745 0.537438 0.433092 0.828303 0.478142 0.111758 0.791016 0.123350 0.093883 0.309784 0.727883 0.128219 0.254122 0.637793 0.270344 0.440596 0.198015 0.055591 0.796281 0.162134 0.697234 0.402370 0.020306 0.757325 0.372707 0.499930 0.926741 0.795351 0.348666 0.634794 0.886142 0.690755 0.839820 0.107586 0.452584 0.517932 0.994467 0.666376 0.108508 0.754066 0.763349 0.319972 0.327902 0.146485 0.961291 0.782243 0.641526 0.334992 0.849495 0.515021 0.718822 0.357120 0.512306 0.359326 0.007227 0.544522 0.543020 0.579077 0.829150 0.976808 0.477943 0.767043 0.453470 0.673192 0.217284 0.707434 0.175283 0.052558 0.620350 0.091276 0.518336 0.237113 0.174563 0.937864 0.209180 0.499528 0.757655 0.360735 0.478539 0.155206 0.779922 0.492311 0.424759 0.284372 0.224910 0.562188 0.328593 0.420430 0.419190 0.864254 0.693191 0.980048 0.558881 0.324131 0.737281 0.130091 0.883338 0.839886 0.131407 0.331676 0.395626 0.616032 0.304044 0.324791 0.696179 0.849812 0.702561 0.400814 0.651446 0.005080 0.824657 0.384199 0.344857 0.708359 0.224746 0.654008 0.423537 0.075632 0.394015 0.761588 0.426094 0.948219 0.528232 0.891896 0.847676 0.055280 0.602853 0.456875 0.032037 0.438747
0.867589 0.051067 0.420216 0.078870 0.199403 0.700176 0.691527 0.300685 0.280710 0.073088 0.394670 0.089336 0.359181 0.550462 0.665317 0.089679 0.067995 0.054866 0.488110 0.394978 0.111401 0.409953 0.576579 0.251688 0.949565 0.055613 0.036283 0.614500 0.677532 0.356138 0.788403 0.403495 0.474729 0.963409 0.038752 0.681017 0.071611 0.553827 0.109264 0.946708 0.973462 0.206460 0.637877 0.259633 0.356723 0.851844 0.492365 0.227258 0.231498 0.172591 0.388380 0.193441 0.509426 0.613137 0.616648 0.109642 0.243472 0.959095 0.009237 0.640142 0.692860 0.206937 0.582546 0.648632 0.933752 0.676493 0.069826 0.974544 0.390011 0.447285 0.816989 0.696860 0.434213 0.603552 0.220834 0.519304 0.915141 0.791050 0.583028 0.503299 0.244310 0.318534 0.619371 0.780692 0.445669 0.162206 0.581797 0.630495 0.479865 0.675384 0.230518 0.332400 0.755299 0.562439 0.148364 0.249908 0.556773 0.116134 0.969602 0.520903 0.260438 0.095952 0.182365 0.517933 0.160726 0.521267 0.076541 0.274460 0.684443 0.797683 0.520864 0.186726 0.242801 0.041961 0.458890 0.582015 0.222966 0.214558 0.998308 0.215262 0.308336 0.591695 0.257154 0.135368 0.761835 0.659314 0.270347 0.238817 0.073791 0.789710 0.828609 0.405758 0.911385 0.646185 0.763524 0.117065 0.016997 0.279614 0.131323 0.543173 0.480589 0.837229 0.786412 0.828799 0.880335 0.924156 0.959423 0.072472 0.031220 0.369385 0.089623 0.024924 0.422166 0.395134 0.561785 0.682351 0.434625 0.849939 0.573289 0.646741 0.120537 0.692873 0.642354 0.760028 0.893657 0.272421 0.296867 0.971814 0.900714 0.894565 0.977039 0.587874 0.259233 0.148554 0.746694 0.678037 0.153803 0.929717 0.008567 0.795822 0.908928 0.265830 0.562402 0.006117 0.400883 0.733834 0.058988 0.764829 0.281256 0.869054 0.919991 0.615413 0.261996 0.444206 0.068527 0.575492 0.511201 0.859159 0.200615 0.307610 0.759727 0.206524 0.503667 0.933777 0.217943 0.396472 0.362704 0.690515 0.962179 0.131079 0.301468 0.371810 0.707892 0.018369 0.550125 0.695199 0.843630 0.253455 0.041073 0.438943 0.538694 0.296320 0.126999 0.036366 0.504223 0.686357 0.609603 0.108674 0.475642 0.356717 0.666433 0.231337 0.334017 0.860642 0.497887 0.346960 0.721064 0.455115 0.775204 0.641746 0.898445 0.142720 0.610474 0.321239 0.381291 0.977935 0.575286 0.157811 0.986164 0.054727 0.891474 0.680506 0.275968 0.360094 0.521767 0.544471 0.800732 0.074536 0.545415 0.194510 0.233028 0.361890 0.412177 0.078491 0.947353 0.149178 0.600005 0.097632 0.643305 0.458255 0.445587 0.307731 0.677271 0.778413 0.951082 0.740442 0.058794 0.864927 0.951510 0.810995 0.459344 0.668636 0.295170 0.302144 0.766086 0.499712 0.990474 0.409602 0.090963 0.713282 0.862744 0.297163 0.817860 0.330589 0.258342 0.957113 0.592060 0.357647 0.834111 0.999570
0.008887 0.700023 0.006431 0.367093 0.492349 0.037191 0.332483 0.462753 0.990857 0.396981 0.014074 0.167858 0.464029 0.762290 0.521280 0.599806 0.066324 0.082648 0.778002 0.016576 0.874935 0.970783 0.055023 0.993841 0.877262 0.810224 0.289231 0.993025 0.337443 0.474978 0.190731 0.772427 0.491970 0.568356 0.075634 0.284698 0.645310 0.155450 0.947431 0.565780 0.825305 0.085307 0.049351 0.755269 0.330581 0.194284 0.345535 0.251685 0.156657 0.501281 0.784950 0.267449 0.082531 0.226849 0.676389 0.951298 0.903441 0.555071 0.871051 0.766240 0.348154 0.210281 0.831070 0.234229 0.756869 0.038513 0.645004 0.608835 0.128161 0.391138 0.716065 0.481256 0.425076 0.348648 0.698343 0.588109 0.629615 0.371823 0.782127 0.645283 0.119008 0.705358 0.930533 0.613873 0.758195 0.230123 0.674224 0.486804 0.301148 0.440523 0.676786 0.186173 0.177630 0.889227 0.330114 0.688663 0.678662 0.888289 0.923217 0.674064 0.847461 0.660756 0.275753 0.969385 0.409538 0.968773 0.267259 0.956011 0.483457 0.413037 0.324460 0.378328 0.753938 0.376071 0.234820 0.177999 0.024182 0.033445 0.162879 0.042273 0.717407 0.202001 0.640800 0.618865 0.077078 0.859191 0.099789 0.825687 0.988971 0.676411 0.919309 0.829623 0.485589 0.989416 0.396796 0.095053 0.941125 0.551280 0.847544 0.547743 0.215722 0.007942 0.778630 0.921576 0.206953 0.096570 0.490323 0.762720 0.035971 0.376012 0.008414 0.389218 0.308539 0.573509 0.941170 0.627653 0.807834 0.383093 0.473872 0.611858 0.799884 0.395820 0.884605 0.919529 0.290354 0.322646 0.631186 0.122417 0.880671 0.113549 0.623259 0.192044 0.562307 0.122084 0.400612 0.536147 0.761658 0.206280 0.821324 0.754436 0.441347 0.501322 0.991844 0.798580 0.658754 0.724732 0.403903 0.586277 0.513355 0.432512 0.952514 0.047683 0.348963 0.304831 0.802227 0.443643 0.127205 0.369890 0.167178 0.679816 0.226487 0.340795 0.671095 0.626197 0.000559 0.795069 0.705877 0.073587 0.934385 0.618746 0.749294 0.921442 0.083723 0.944032 0.021368 0.277070 0.028234 0.806099 0.977186 0.521645 0.459639 0.185413 0.660391 0.152966 0.906738 0.289344 0.558596 0.985926 0.593761 0.134634 0.459739 0.856170 0.588171 0.692204 0.263448 0.864965 0.277284 0.018204 0.155356 0.585369 0.346009 0.229734 0.844308 0.002666 0.856863 0.740648 0.439787 0.602857 0.552796 0.467841 0.459910 0.191820 0.145030 0.178201 0.689635 0.679427 0.705042 0.030887 0.273550 0.727586 0.478534 0.188958 0.944324 0.939834 0.658705 0.133788 0.949234 0.973745 0.926668 0.859972 0.781842 0.596918 0.538484 0.464520 0.644823 0.859597 0.126360 0.590585 0.742292 0.242458 0.694805 0.574766 0.273569 0.647332 0.765111 0.772680 0.625497 0.104392 0.108667 0.450122 0.426603 0.041995 0.287855 0.742181 0.942607 0.133309 0.300715 0.992542 0.605849 0.214158
0.027401 0.837369 0.937506 0.056629 0.291294 0.008410 0.291776 0.331814 0.428988 0.837393 0.896262 0.576302 0.564273 0.708906 0.113357 0.493475 0.054775 0.568219 0.956308 0.850913 0.660661 0.292915 0.868657 0.573892 0.494472 0.543539 0.548447 0.706831 0.309049 0.276082 0.400864 0.126646 0.707400 0.457399 0.923948 0.765886 0.950386 0.317190 0.810713 0.325236 0.969504 0.815715 0.181249 0.687112 0.707058 0.819838 0.329737 0.995268 0.892442 0.612665 0.368209 0.652585 0.745934 0.887552 0.173463 0.704262 0.011961 0.217844 0.915720 0.012086 0.076167 0.477177 0.095802 0.752807 0.151604 0.941872 0.080293 0.533428 0.367007 0.492509 0.962644 0.440174 0.555276 0.685049 0.334904 0.025903 0.601826 0.175255 0.369960 0.946134 0.695869 0.782430 0.986361 0.634993 0.373789 0.318676 0.788346 0.987274 0.052494 0.415586 0.673126 0.743355 0.866029 0.678886 0.104720 0.049277 0.039395 0.481734 0.764297 0.769784 0.769483 0.898017 0.267426 0.445990 0.698972 0.511872 0.206543 0.820339 0.125200 0.091687 0.229935 0.394733 0.309540 0.506308 0.188364 0.138402 0.299183 0.902381 0.830494 0.415784 0.171589 0.117918 0.269878 0.516913 0.194462 0.361647 0.244657 0.591216 0.202078 0.112885 0.126130 0.250386 0.202887 0.515962 0.754886 0.071262 0.648740 0.811204 0.505169 0.255251 0.054317 0.150418 0.927874 0.617336 0.924137 0.158419 0.944622 0.790034 0.590624 0.402703 0.080949 0.521677 0.059521 0.815794 0.459170 0.175074 0.661591 0.342620 0.616792 0.131137 0.600794 0.398095 0.776352 0.415469 0.066074 0.758844 0.298578 0.309603 0.180455 0.338967 0.236799 0.152953 0.587576 0.199583 0.285036 0.863077 0.803880 0.595299 0.456180 0.529066 0.639356 0.137209 0.710657 0.060785 0.936207 0.754812 0.914765 0.743156 0.284311 0.823107 0.280353 0.727413 0.197020 0.651684 0.339300 0.359650 0.721938 0.011879 0.790013 0.432794 0.740923 0.686640 0.118186 0.675669 0.399352 0.209927 0.694941 0.309059 0.819336 0.732236 0.577563 0.015071 0.663529 0.689773 0.218346 0.522059 0.254545 0.362188 0.600828 0.294349 0.709499 0.154274 0.834126 0.375107 0.979199 0.505088 0.860680 0.036292 0.872373 0.352444 0.269856 0.856163 0.348662 0.725559 0.400780 0.523701 0.015892 0.105687 0.640540 0.841212 0.630715 0.264046 0.959923 0.555700 0.884230 0.168424 0.729763 0.986468 0.959939 0.002725 0.886788 0.270837 0.053905 0.490115 0.189032 0.320348 0.841941 0.070891 0.622319 0.697335 0.782561 0.420621 0.913956 0.954027 0.515338 0.687785 0.507826 0.955863 0.189177 0.245314 0.133010 0.789292 0.832639 0.400778 0.698434 0.252805 0.752556 0.802477 0.353309 0.508940 0.760039 0.183317 0.552900 0.495185 0.949289 0.353437 0.587851 0.841957 0.384929 0.782442 0.568320 0.514068 0.550234 0.877835 0.979110 0.625442 0.136819 0.859933 0.562015 0.855690
0.319379 0.210671 0.306634 0.616249 0.513078 0.831701 0.945301 0.066514 0.128162 0.729257 0.781190 0.710938 0.739698 0.211954 0.966535 0.980852 0.710380 0.207059 0.615971 0.828141 0.523382 0.145961 0.232568 0.233769 0.365853 0.401910 0.224808 0.373338 0.704306 0.514936 0.715636 0.037718 0.892452 0.684347 0.386527 0.005141 0.775215 0.099493 0.403551 0.258529 0.171600 0.016886 0.836959 0.288977 0.771448 0.113787 0.194280 0.850490 0.372072 0.571179 0.304996 0.053142 0.534889 0.158461 0.718061 0.767192 0.582776 0.254073 0.227176 0.886895 0.428526 0.616353 0.046999 0.491309 0.783259 0.306255 0.909365 0.504752 0.554834 0.931863 0.620247 0.897942 0.574647 0.212865 0.165919 0.769010 0.949319 0.464042 0.605633 0.899314 0.090712 0.271236 0.614110 0.993045 0.302513 0.882722 0.078674 0.808719 0.180997 0.791979 0.543277 0.156367 0.261998 0.356797 0.723896 0.800436 0.231899 0.049011 0.205208 0.470808 0.457450 0.126983 0.213222 0.652143 0.044707 0.104549 0.096682 0.063541 0.826609 0.796119 0.337118 0.609945 0.015170 0.590427 0.127878 0.721664 0.596454 0.417271 0.860515 0.305726 0.909168 0.150630 0.537648 0.485307 0.986383 0.639357 0.523587 0.881461 0.357259 0.172912 0.877348 0.208047 0.323824 0.707060 0.444596 0.469242 0.270396 0.372869 0.786388 0.005093 0.476210 0.421510 0.566432 0.909744 0.685290 0.529920 0.636271 0.198972 0.992801 0.063070 0.254001 0.549124 0.262197 0.262669 0.384640 0.730709 0.932730 0.926078 0.726132 0.500720 0.782185 0.760557 0.123201 0.456290 0.069718 0.879706 0.070897 0.518202 0.759756 0.784965 0.837186 0.815792 0.053846 0.065087 0.473036 0.972740 0.400182 0.405743 0.258483 0.544953 0.922879 0.579379 0.742139 0.270254 0.148239 0.469733 0.128398 0.648095 0.736447 0.357568 0.313244 0.008681 0.635555 0.797123 0.930634 0.355465 0.345758 0.801489 0.570640 0.589901 0.984233 0.960622 0.971825 0.308760 0.800332 0.042088 0.842436 0.972525 0.648535 0.060832 0.218046 0.735826 0.224786 0.531680 0.897511 0.480435 0.501402 0.911374 0.940473 0.124711 0.168067 0.485211 0.002447 0.724823 0.811041 0.489512 0.282078 0.833141 0.475009 0.246716 0.987851 0.954765 0.830629 0.625003 0.224238 0.623530 0.248568 0.056278 0.999417 0.633932 0.265301 0.211846 0.319451 0.806050 0.636008 0.017578 0.068226 0.522632 0.536328 0.632781 0.164615 0.199206 0.400830 0.956099 0.255500 0.887339 0.852822 0.059637 0.837707 0.050805 0.958549 0.480449 0.493195 0.673431 0.749634 0.929017 0.141827 0.890580 0.057114 0.051338 0.928492 0.592604 0.048679 0.247039 0.645339 0.705757 0.132359 0.357484 0.755160 0.366563 0.561783 0.956818 0.860510 0.715436 0.957782 0.400607 0.018940 0.635536 0.992061 0.790450 0.189479 0.225946 0.306186 0.077629 0.466658 0.111567 0.315064 0.585067 0.857977 0.015815
0.619367 0.487831 0.829784 0.901832 0.125574 0.901214 0.922357 0.758599 0.313170 0.714236 0.179616 0.384895 0.967904 0.533694 0.893859 0.911431 0.332293 0.803380 0.265195 0.820268 0.610004 0.363048 0.299243 0.557503 0.848365 0.832857 0.439212 0.325053 0.833237 0.263925 0.229184 0.885735 0.287111 0.290999 0.935892 0.512000 0.683938 0.662435 0.377944 0.376196 0.019263 0.842359 0.323869 0.683295 0.684045 0.937103 0.447581 0.054896 0.402479 0.273211 0.149376 0.198579 0.113137 0.132113 0.228709 0.122225 0.187472 0.743535 0.139363 0.170600 0.967832 0.075525 0.992707 0.306468 0.658976 0.243743 0.505212 0.592425 0.029174 0.523443 0.407009 0.969035 0.441544 0.732392 0.833780 0.138887 0.253371 0.602699 0.534892 0.955495 0.566099 0.085504 0.756808 0.965660 0.507652 0.670926 0.785039 0.402649 0.645641 0.288183 0.815081 0.071240 0.028447 0.818196 0.192811 0.418523 0.173440 0.970853 0.039107 0.514156 0.142341 0.244924 0.103413 0.037373 0.196164 0.362010 0.585041 0.145982 0.858961 0.807572 0.099132 0.458393 0.361726 0.294318 0.616793 0.811123 0.155980 0.547428 0.044029 0.856555 0.357946 0.812339 0.135378 0.035387 0.239129 0.890966 0.559308 0.083437 0.609701 0.652504 0.142975 0.829140 0.833906 0.153752 0.245790 0.967463 0.012839 0.855757 0.468174 0.622742 0.831378 0.448763 0.537805 0.895117 0.737311 0.195458 0.913581 0.336451 0.741979 0.908933 0.206362 0.226326 0.070944 0.138663 0.586660 0.500936 0.664064 0.498722 0.092293 0.097387 0.593436 0.717101 0.736262 0.092747 0.243641 0.557626 0.848900 0.096204 0.861240 0.861467 0.954768 0.735049 0.420208 0.122227 0.944973 0.163700 0.136714 0.784135 0.371518 0.904895 0.558094 0.322787 0.009675 0.134857 0.108699 0.023263 0.145708 0.949836 0.883381 0.244220 0.856464 0.197982 0.303688 0.482481 0.853470 0.676218 0.420759 0.833533 0.511521 0.081104 0.925071 0.557043 0.710623 0.348227 0.271626 0.887262 0.823956 0.241221 0.234511 0.058092 0.741387 0.204520 0.410941 0.708309 0.795237 0.001780 0.343557 0.077308 0.280829 0.552032 0.529711 0.057735 0.343420 0.976287 0.662233 0.474691 0.029720 0.045885 0.429640 0.088203 0.183243 0.731251 0.103373 0.296809 0.822539 0.403644 0.025546 0.062782 0.030457 0.308911 0.040258 0.648399 0.197284 0.453240 0.598561 0.434938 0.991676 0.938089 0.712613 0.164457 0.191096 0.500912 0.738775 0.036857 0.859958 0.699314 0.326757 0.805592 0.706438 0.615309 0.127044 0.636600 0.618863 0.394387 0.605308 0.441728 0.561805 0.666090 0.811598 0.682279 0.863040 0.755778 0.725656 0.362707 0.421101 0.238156 0.611250 0.172805 0.761711 0.215878 0.756312 0.661733 0.631063 0.390203 0.019838 0.005808 0.065611 0.518674 0.455572 0.531372 0.786329 0.953917 0.113091 0.731262 0.228815 0.519781 0.346740 0.206047 0.509464 0.683091
0.005927 0.611471 0.380437 0.603644 0.818882 0.154703 0.197348 0.305380 0.555062 0.667021 0.488825 0.021107 0.756135 0.241640 0.549430 0.969180 0.178535 0.876713 0.619137 0.773290 0.936049 0.915156 0.670155 0.886198 0.411091 0.834403 0.027166 0.447062 0.809950 0.129232 0.190137 0.910509 0.654036 0.090893 0.271725 0.555110 0.406277 0.506067 0.099116 0.777679 0.317861 0.080540 0.830525 0.382397 0.245036 0.176560 0.462922 0.343517 0.688852 0.741366 0.371130 0.747081 0.647806 0.311876 0.526206 0.995756 0.352736 0.576250 0.237137 0.938287 0.893386 0.117665 0.107214 0.659408 0.285980 0.955481 0.479555 0.925805 0.991509 0.424204 0.593484 0.662333 0.801263 0.229536 0.450723 0.621931 0.052125 0.027940 0.042828 0.318918 0.843882 0.050804 0.532023 0.067428 0.669110 0.678095 0.043413 0.000075 0.547944 0.959819 0.426309 0.027960 0.098982 0.785480 0.900453 0.131081 0.172178 0.483539 0.745629 0.523228 0.882018 0.082219 0.651122 0.832931 0.640696 0.210988 0.064270 0.489656 0.641110 0.818761 0.906520 0.408929 0.225159 0.429192 0.266086 0.989161 0.436693 0.848929 0.731790 0.563360 0.777716 0.599665 0.928765 0.690283 0.353241 0.200905 0.914687 0.427032 0.511404 0.655509 0.864956 0.643793 0.261462 0.013255 0.345415 0.559168 0.670203 0.966799 0.110303 0.484291 0.001477 0.820011 0.799852 0.148647 0.049920 0.650628 0.088315 0.592310 0.514743 0.417395 0.437360 0.528695 0.680951 0.414919 0.049908 0.017673 0.182924 0.681149 0.471275 0.242452 0.681412 0.244739 0.297116 0.378892 0.578752 0.206728 0.045570 0.145699 0.294629 0.461197 0.123187 0.908745 0.096562 0.287512 0.179508 0.647122 0.725951 0.601718 0.201661 0.839370 0.932614 0.337116 0.098459 0.712081 0.353986 0.243209 0.365087 0.439029 0.135419 0.140010 0.201114 0.944919 0.054895 0.622448 0.798406 0.972321 0.776255 0.850828 0.958169 0.349971 0.957883 0.621637 0.380608 0.141518 0.105879 0.051539 0.414426 0.802129 0.533121 0.509582 0.436165 0.893788 0.043980 0.099075 0.969570 0.652669 0.877333 0.536512 0.572683 0.174087 0.369111 0.941618 0.298854 0.984267 0.124421 0.487305 0.356766 0.192587 0.707865 0.743051 0.184328 0.609549 0.517989 0.729732 0.373937 0.013536 0.577403 0.173228 0.475229 0.098776 0.917159 0.588509 0.726439 0.764444 0.925250 0.083212 0.288049 0.974269 0.300135 0.385643 0.798045 0.727150 0.747959 0.328857 0.091968 0.713431 0.496926 0.173843 0.053511 0.885107 0.289835 0.617746 0.933635 0.869275 0.619154 0.645187 0.128396 0.025014 0.689832 0.399352 0.949379 0.920710 0.543023 0.766948 0.321028 0.029877 0.916798 0.166729 0.071886 0.373243 0.796741 0.828935 0.112463 0.074443 0.004272 0.959726 0.692408 0.868621 0.667117 0.976592 0.711009 0.883534 0.411343 0.499312 0.083878 0.323768 0.412770 0.673949 0.219543 0.430870
0.179841 0.111794 0.640715 0.774138 0.126244 0.125630 0.354575 0.907023 0.809349 0.587130 0.878802 0.875507 0.458563 0.072650 0.279748 0.694685 0.815245 0.640714 0.989700 0.313550 0.927597 0.123015 0.242524 0.627955 0.416813 0.078580 0.219031 0.925996 0.071711 0.369182 0.826532 0.789948 0.043606 0.939208 0.296929 0.177640 0.802278 0.906422 0.213465 0.902285 0.298612 0.388948 0.023473 0.371130 0.482296 0.857404 0.604591 0.478158 0.281048 0.620011 0.559137 0.516022 0.926629 0.147967 0.064740 0.954293 0.369082 0.979977 0.578145 0.072618 0.285236 0.636398 0.680004 0.758364 0.743127 0.286928 0.871647 0.976564 0.315411 0.667945 0.407608 0.962968 0.468341 0.557922 0.356606 0.869606 0.066683 0.997762 0.323542 0.039194 0.057146 0.607343 0.262207 0.870689 0.110253 0.767217 0.913392 0.217145 0.044373 0.664769 0.759131 0.475037 0.937680 0.182434 0.900379 0.262715 0.975487 0.139013 0.883416 0.630528 0.732312 0.701259 0.750417 0.883373 0.417701 0.582564 0.023395 0.335459 0.916042 0.648548 0.330398 0.510697 0.740841 0.155438 0.734627 0.672298 0.453460 0.536954 0.097230 0.142603 0.445076 0.484970 0.155137 0.244386 0.487578 0.794847 0.055914 0.086052 0.526236 0.079331 0.236176 0.585963 0.290297 0.062716 0.520849 0.321951 0.948237 0.459959 0.720679 0.422360 0.248482 0.100908 0.800492 0.213154 0.893216 0.662976 0.959977 0.920507 0.982558 0.411668 0.916796 0.679453 0.053104 0.017568 0.503159 0.440831 0.055681 0.093221 0.389285 0.399872 0.918470 0.580470 0.236946 0.554260 0.057792 0.194599 0.035451 0.897598 0.382108 0.488973 0.175996 0.127920 0.791518 0.068154 0.220047 0.235248 0.214999 0.789672 0.169591 0.218078 0.621144 0.632533 0.054467 0.701785 0.903457 0.782920 0.719810 0.110986 0.251709 0.664146 0.199166 0.214698 0.423185 0.143672 0.228067 0.280947 0.490256 0.087883 0.435772 0.519758 0.365753 0.678070 0.063356 0.664984 0.675301 0.447776 0.645610 0.694982 0.805819 0.430988 0.455547 0.072818 0.563036 0.433412 0.783720 0.479521 0.651399 0.738232 0.010141 0.529404 0.188487 0.427316 0.990971 0.109212 0.555378 0.391089 0.751916 0.607985 0.269438 0.667448 0.856106 0.956590 0.610698 0.236711 0.991725 0.539220 0.786817 0.893823 0.065088 0.512228 0.078606 0.483421 0.061578 0.078027 0.772086 0.092367 0.662282 0.748231 0.946623 0.996999 0.436448 0.466784 0.179838 0.497795 0.939599 0.066330 0.340153 0.222791 0.960847 0.418562 0.396721 0.034802 0.896211 0.558697 0.318852 0.628700 0.446993 0.386427 0.415284 0.161279 0.550052 0.921122 0.431687 0.774492 0.106449 0.454686 0.667917 0.996797 0.389273 0.282714 0.978822 0.391160 0.142763 0.945190 0.886645 0.077248 0.743566 0.484606 0.289278 0.579304 0.744149 0.606352 0.341295 0.914278 0.243355 0.768261 0.624896 0.704009 0.003281 0.686015
0.341186 0.977683 0.045532 0.311742 0.211440 0.851438 0.555589 0.612810 0.392167 0.556651 0.164154 0.208421 0.044774 0.751487 0.301052 0.424247 0.596514 0.015765 0.561862 0.141270 0.924379 0.980042 0.464192 0.544414 0.567253 0.131663 0.267582 0.700883 0.691835 0.595680 0.295657 0.438360 0.942234 0.311776 0.637780 0.918090 0.608104 0.957323 0.454597 0.671251 0.272947 0.603491 0.661563 0.943541 0.333802 0.341379 0.188416 0.912506 0.023218 0.862957 0.685559 0.909565 0.843919 0.698658 0.265512 0.955644 0.539346 0.975072 0.861234 0.871135 0.133847 0.987868 0.435522 0.086786 0.179777 0.117975 0.552846 0.899735 0.125429 0.878164 0.696230 0.425843 0.180892 0.518769 0.968425 0.431430 0.092585 0.078218 0.856160 0.750194 0.890952 0.921913 0.089591 0.062328 0.126828 0.624959 0.690449 0.077981 0.739684 0.490611 0.426597 0.053093 0.361626 0.914876 0.884569 0.268336 0.312605 0.617966 0.612322 0.676872 0.720839 0.005545 0.386872 0.953646 0.331887 0.406970 0.883677 0.584697 0.506771 0.798148 0.334995 0.189576 0.714383 0.631387 0.049927 0.802816 0.267450 0.811408 0.523929 0.761154 0.672047 0.931111 0.412355 0.227898 0.984581 0.231394 0.410628 0.562730 0.629241 0.831912 0.610960 0.653003 0.699346 0.535860 0.519854 0.972995 0.935553 0.857613 0.433805 0.024709 0.526050 0.485296 0.063469 0.021567 0.710586 0.061786 0.722871 0.527361 0.754570 0.223278 0.735013 0.441285 0.598912 0.454877 0.732300 0.030596 0.375519 0.870693 0.929663 0.632285 0.905669 0.330416 0.443546 0.963253 0.766014 0.951180 0.071744 0.976614 0.298316 0.900151 0.254261 0.252618 0.928325 0.571438 0.659309 0.850413 0.702432 0.128173 0.863404 0.538463 0.531583 0.431327 0.904331 0.021723 0.704711 0.344362 0.757860 0.255497 0.720088 0.473522 0.452782 0.823426 0.720986 0.632016 0.572056 0.927596 0.494858 0.813933 0.844978 0.415804 0.627022 0.555574 0.570866 0.917689 0.766458 0.942115 0.220284 0.846973 0.150219 0.344007 0.434064 0.809457 0.287333 0.184219 0.799692 0.324996 0.709644 0.932251 0.114415 0.007737 0.551810 0.257838 0.503036 0.657448 0.723244 0.299568 0.976567 0.079537 0.832970 0.524472 0.676464 0.245453 0.930443 0.783745 0.560841 0.275895 0.866752 0.903527 0.772184 0.151190 0.474014 0.485267 0.659881 0.200884 0.236890 0.150412 0.157779 0.688241 0.113582 0.211887 0.563929 0.152934 0.472535 0.571730 0.284945 0.856581 0.096387 0.121531 0.133066 0.005151 0.602097 0.086278 0.351576 0.268187 0.983542 0.009541 0.734352 0.393720 0.079795 0.690048 0.793168 0.139087 0.417543 0.622612 0.290681 0.977023 0.167071 0.020880 0.064427 0.635849 0.054171 0.210367 0.050482 0.266241 0.682574 0.193762 0.354506 0.805988 0.033565 0.072218 0.700534 0.580150 0.384578 0.407099 0.315553 0.921967 0.651450 0.813876 0.893973 0.636304
0.966784 0.512848 0.644706 0.701911 0.073830 0.918027 0.061954 0.729012 0.899040 0.969749 0.148643 0.217484 0.370797 0.923843 0.243589 0.617902 0.760696 0.085661 0.416459 0.516371 0.364927 0.305432 0.944078 0.578431 0.983729 0.673647 0.555719 0.111266 0.526230 0.057520 0.642023 0.609002 0.984513 0.752059 0.569735 0.941986 0.901893 0.341831 0.887646 0.969230 0.310240 0.246052 0.707905 0.798148 0.901890 0.855026 0.227461 0.021567 0.988540 0.803938 0.874710 0.433816 0.032114 0.679084 0.134299 0.250274 0.267775 0.494726 0.345285 0.488586 0.696358 0.971513 0.501823 0.114352 0.173122 0.461880 0.857447 0.010219 0.654497 0.702482 0.352779 0.692483 0.476527 0.340618 0.788452 0.442295 0.289056 0.593528 0.214552 0.839002 0.397204 0.867090 0.053370 0.561324 0.309949 0.164161 0.229658 0.479433 0.452090 0.289058 0.576240 0.810244 0.408744 0.418431 0.791811 0.840768 0.096764 0.805728 0.114055 0.130205 0.903079 0.283302 0.811333 0.168193 0.398439 0.180742 0.097141 0.981388 0.021361 0.293961 0.144954 0.275063 0.153421 0.989696 0.111035 0.709401 0.234079 0.686169 0.038395 0.913095 0.585904 0.035601 0.617908 0.471484 0.830243 0.601370 0.348313 0.995748 0.167833 0.921276 0.868397 0.476343 0.821090 0.977071 0.923625 0.869017 0.241454 0.436540 0.792545 0.584128 0.914589 0.780457 0.386388 0.791513 0.021640 0.652350 0.681426 0.382498 0.551537 0.834094 0.054345 0.747665 0.700913 0.474083 0.084262 0.546961 0.797788 0.667171 0.870056 0.709798 0.894695 0.605637 0.093043 0.672277 0.504891 0.451670 0.921326 0.217680 0.292158 0.805061 0.824550 0.370600 0.124099 0.700284 0.851924 0.795312 0.355982 0.971705 0.810552 0.558970 0.956941 0.245169 0.219193 0.396647 0.504089 0.617041 0.168121 0.322554 0.832072 0.239273 0.086346 0.535135 0.138399 0.537802 0.295095 0.489171 0.554564 0.023013 0.604344 0.968425 0.933685 0.866618 0.792504 0.347228 0.537079 0.166194 0.128366 0.451642 0.919625 0.436846 0.703683 0.633795 0.810809 0.238651 0.325172 0.031857 0.950801 0.699860 0.334671 0.140852 0.467825 0.281261 0.507758 0.864081 0.689176 0.683340 0.245830 0.394729 0.320664 0.635712 0.340901 0.966326 0.492472 0.500335 0.442656 0.676264 0.803492 0.526421 0.968618 0.189541 0.753510 0.033496 0.612042 0.700867 0.287126 0.284844 0.551367 0.564273 0.009244 0.686778 0.081025 0.222503 0.780557 0.671569 0.616238 0.101640 0.524681 0.984184 0.784894 0.957861 0.666238 0.807659 0.242529 0.654971 0.768442 0.286279 0.298308 0.543131 0.913544 0.669806 0.434133 0.429230 0.564052 0.586826 0.440867 0.113017 0.547670 0.254635 0.578090 0.543292 0.356654 0.893387 0.978453 0.972678 0.950596 0.788350 0.635321 0.118145 0.900824 0.232248 0.924286 0.858448 0.939957 0.489805 0.634387 0.097270 0.232638 0.246233 0.490927 0.283418
0.460661 0.886148 0.502716 0.062898 0.502646 0.415054 0.807693 0.441185 0.044248 0.078349 0.375467 0.814490 0.351246 0.802548 0.901938 0.193736 0.331897 0.103091 0.701489 0.070182 0.065422 0.116197 0.567603 0.417071 0.117082 0.980267 0.482022 0.164356 0.694289 0.659985 0.355178 0.599773 0.269790 0.313327 0.987430 0.933144 0.925987 0.238313 0.571174 0.833640 0.499017 0.479202 0.306556 0.772035 0.744589 0.340694 0.238426 0.539121 0.309137 0.002285 0.553761 0.778700 0.540400 0.941813 0.402854 0.247285 0.425672 0.387375 0.305790 0.661218 0.581697 0.015596 0.427334 0.639945 0.046452 0.469613 0.582333 0.112011 0.408684 0.881252 0.119032 0.195478 0.915300 0.251727 0.152343 0.517797 0.036851 0.217631 0.530441 0.422154 0.853575 0.067655 0.080839 0.504271 0.679483 0.606625 0.476091 0.482589 0.280587 0.367743 0.008689 0.979036 0.247560 0.915280 0.645689 0.493456 0.547266 0.447756 0.081347 0.921001 0.974446 0.729305 0.833664 0.833621 0.713440 0.803322 0.377952 0.945553 0.947526 0.087311 0.673637 0.424521 0.563898 0.723442 0.749724 0.349898 0.958530 0.272104 0.639346 0.148544 0.975642 0.628341 0.052735 0.600788 0.510294 0.362392 0.855053 0.113794 0.259622 0.398572 0.919585 0.795816 0.401184 0.859878 0.323750 0.631103 0.130208 0.553197 0.782158 0.989136 0.088998 0.713304 0.860546 0.374696 0.758133 0.576170 0.476232 0.525806 0.558021 0.658014 0.694037 0.971785 0.172054 0.765891 0.181839 0.625206 0.594416 0.926031 0.812910 0.052802 0.182333 0.160093 0.688686 0.363691 0.485590 0.892457 0.452261 0.112440 0.611149 0.159148 0.389876 0.603162 0.565033 0.883378 0.032125 0.053938 0.532376 0.052496 0.056894 0.892095 0.319114 0.780771 0.559349 0.934967 0.859756 0.180090 0.669778 0.351700 0.279324 0.432000 0.419510 0.200545 0.881434 0.814473 0.510617 0.258164 0.830582 0.028447 0.040133 0.369380 0.311312 0.553376 0.009255 0.054163 0.158729 0.479889 0.863050 0.846065 0.926987 0.041459 0.512504 0.263742 0.980968 0.094378 0.802030 0.246016 0.300459 0.330719 0.696502 0.188415 0.259582 0.123423 0.507992 0.112131 0.062147 0.371776 0.078230 0.878069 0.887881 0.431541 0.630733 0.159747 0.573637 0.651856 0.033727 0.713563 0.458256 0.792062 0.012434 0.089041 0.593621 0.540976 0.297966 0.980188 0.554382 0.114771 0.500003 0.139740 0.362202 0.159757 0.523806 0.973478 0.547251 0.979356 0.320717 0.857402 0.131020 0.861912 0.941276 0.751802 0.344217 0.069267 0.552593 0.080733 0.049794 0.857336 0.868248 0.497141 0.151544 0.589212 0.895354 0.706158 0.258396 0.214698 0.659179 0.007364 0.816354 0.728036 0.399850 0.020659 0.261512 0.442850 0.685620 0.778411 0.199853 0.089291 0.045133 0.183212 0.908763 0.506965 0.194991 0.036233 0.420122 0.600758 0.364701 0.634131 0.689863 0.144117 0.090295 0.711411
0.282336 0.339164 0.140020 0.684107 0.096085 0.992142 0.020700 0.040438 0.963900 0.927425 0.640425 0.461994 0.993214 0.550222 0.921878 0.775522 0.816966 0.298449 0.227336 0.265809 0.238989 0.730517 0.096226 0.429200 0.659091 0.442114 0.721477 0.004915 0.351286 0.215489 0.495624 0.670938 0.326247 0.870756 0.579070 0.085900 0.168933 0.298496 0.131176 0.717746 0.334989 0.810916 0.671821 0.927613 0.517110 0.901797 0.971630 0.886331 0.152856 0.024882 0.648775 0.020228 0.601196 0.449309 0.550300 0.708172 0.191641 0.407227 0.537759 0.228785 0.413582 0.301474 0.244253 0.514623 0.568322 0.092541 0.422263 0.872219 0.311139 0.615141 0.850143 0.188501 0.891462 0.459377 0.097929 0.219001 0.878174 0.912814 0.643014 0.334316 0.887443 0.211399 0.013468 0.486672 0.994232 0.469438 0.085826 0.079789 0.662668 0.160105 0.487701 0.491490 0.149576 0.717519 0.940026 0.433107 0.506419 0.551258 0.283641 0.374510 0.991623 0.838743 0.192252 0.120074 0.598996 0.601043 0.008538 0.314306 0.037697 0.888611 0.204062 0.240384 0.171220 0.131851 0.737934 0.168968 0.599173 0.449158 0.484449 0.492935 0.342986 0.410196 0.608355 0.964769 0.938232 0.663717 0.062002 0.077030 0.414863 0.638136 0.349153 0.371229 0.561034 0.922927 0.557039 0.677244 0.620244 0.410194 0.214178 0.350967 0.174123 0.722017 0.682795 0.072659 0.437267 0.227364 0.411395 0.188429 0.586957 0.290881 0.927363 0.902855 0.801742 0.016304 0.666563 0.064196 0.906929 0.913029 0.737525 0.064666 0.499168 0.922026 0.142719 0.896056 0.685135 0.100227 0.938003 0.725285 0.083394 0.960669 0.928102 0.358580 0.492296 0.674211 0.585724 0.003847 0.242070 0.323708 0.447274 0.749308 0.689325 0.190210 0.136118 0.823072 0.450115 0.954897 0.678021 0.503476 0.119135 0.083381 0.557361 0.738594 0.125109 0.962759 0.544658 0.182379 0.637916 0.709897 0.124383 0.857871 0.521723 0.863581 0.772215 0.373435 0.934846 0.074906 0.801375 0.375483 0.444748 0.399460 0.800641 0.652020 0.229310 0.145396 0.677978 0.450272 0.963077 0.788354 0.665432 0.830385 0.469409 0.820839 0.772980 0.887381 0.554571 0.548023 0.552829 0.970827 0.523139 0.444015 0.557431 0.545053 0.964235 0.212390 0.477244 0.563060 0.501166 0.274343 0.351947 0.672317 0.248227 0.788790 0.971194 0.735977 0.156938 0.061504 0.655822 0.866527 0.478333 0.102501 0.429198 0.893638 0.450618 0.560489 0.565795 0.697356 0.077292 0.370111 0.488637 0.313568 0.403702 0.173284 0.119564 0.420397 0.616719 0.737451 0.467312 0.593299 0.210082 0.511897 0.612558 0.884468 0.666845 0.026371 0.350693 0.584157 0.165403 0.185191 0.002066 0.833804 0.140930 0.764611 0.170010 0.234921 0.715694 0.983731 0.086704 0.466227 0.505766 0.753861 0.688845 0.460136 0.625666 0.046055 0.494587 0.220257 0.288051 0.386734 0.108824 0.888966
0.139612 0.327694 0.785974 0.613826 0.004453 0.413865 0.932514 0.116212 0.767074 0.306486 0.340414 0.629116 0.839094 0.381895 0.375135 0.762705 0.929443 0.476634 0.339103 0.126817 0.989368 0.247649 0.849848 0.508188 0.752362 0.810803 0.838042 0.776502 0.501498 0.164627 0.007323 0.024533 0.128154 0.091261 0.550898 0.844335 0.105684 0.711637 0.246028 0.340982 0.761917 0.381591 0.181390 0.781760 0.353162 0.561633 0.460405 0.005564 0.708993 0.767927 0.952367 0.590668 0.789033 0.870062 0.706988 0.571360 0.444203 0.849934 0.272662 0.310631 0.822383 0.508432 0.535948 0.376633 0.083091 0.150673 0.645543 0.367729 0.179158 0.631054 0.679688 0.619526 0.526376 0.037425 0.724790 0.303708 0.327408 0.722614 0.806750 0.684780 0.342245 0.969463 0.703399 0.273359 0.472163 0.672268 0.767034 0.749162 0.298327 0.533591 0.853433 0.596442 0.843376 0.773442 0.087980 0.717003 0.719184 0.321157 0.571637 0.987983 0.994212 0.726768 0.040310 0.689638 0.275717 0.172667 0.392183 0.466380 0.450668 0.311913 0.596484 0.922476 0.758142 0.348997 0.821275 0.593093 0.318868 0.441080 0.104548 0.531577 0.252662 0.726271 0.972338 0.899328 0.832758 0.691976 0.012834 0.888980 0.616597 0.186203 0.798529 0.487845 0.903860 0.079316 0.828753 0.865877 0.737382 0.985594 0.873023 0.222813 0.190328 0.805556 0.140048 0.294447 0.751380 0.921749 0.669103 0.348813 0.643281 0.520674 0.465385 0.736307 0.775886 0.037483 0.346405 0.881776 0.093370 0.726987 0.348402 0.254892 0.965166 0.850221 0.191358 0.031567 0.589392 0.010476 0.425584 0.857009 0.179354 0.791774 0.112809 0.759086 0.114846 0.014096 0.510580 0.891107 0.361624 0.755133 0.170910 0.239484 0.835273 0.498588 0.485200 0.413703 0.957920 0.800470 0.000643 0.882492 0.234960 0.385241 0.349388 0.292617 0.346028 0.369800 0.550279 0.851418 0.682231 0.182940 0.010765 0.405962 0.442058 0.468963 0.433619 0.776018 0.808802 0.588033 0.200837 0.297112 0.327155 0.355265 0.660311 0.363977 0.271741 0.629449 0.865717 0.647599 0.378405 0.457495 0.306124 0.946426 0.459942 0.864561 0.159336 0.195048 0.617487 0.669192 0.614761 0.978855 0.025742 0.145140 0.749520 0.830963 0.233358 0.038485 0.520344 0.669790 0.774923 0.162492 0.620676 0.873840 0.078771 0.184581 0.063355 0.035385 0.431782 0.899000 0.854652 0.625392 0.588138 0.269309 0.634278 0.816083 0.037756 0.779257 0.653642 0.504415 0.174112 0.242896 0.852610 0.123683 0.762466 0.939915 0.837698 0.326575 0.307944 0.551607 0.641454 0.827770 0.600863 0.020798 0.270215 0.835837 0.066431 0.144884 0.543677 0.812648 0.562509 0.153503 0.159708 0.047384 0.691625 0.943576 0.759421 0.455421 0.426672 0.538402 0.633648 0.906578 0.778512 0.614138 0.080505 0.031229 0.067785 0.466286 0.473907 0.815018 0.941296 0.742591 0.381090 0.358766
0.842051 0.380379 0.380583 0.999067 0.530232 0.221511 0.582877 0.305093 0.692262 0.986946 0.995026 0.889969 0.948914 0.087041 0.651167 0.220942 0.698383 0.624882 0.743403 0.868788 0.769880 0.529339 0.722286 0.289383 0.938285 0.813970 0.627511 0.511477 0.551073 0.744100 0.434864 0.632467 0.957778 0.386596 0.181396 0.137328 0.636320 0.385999 0.989422 0.287773 0.514656 0.160127 0.102254 0.902689 0.000858 0.591664 0.997184 0.234119 0.751090 0.728390 0.191369 0.956715 0.072727 0.730144 0.112167 0.335690 0.958322 0.726662 0.363011 0.180287 0.542834 0.414642 0.137264 0.177000 0.098215 0.431722 0.558528 0.509620 0.822246 0.551139 0.599017 0.329772 0.621987 0.787487 0.722898 0.530010 0.556661 0.436336 0.227088 0.845768 0.919096 0.428834 0.408680 0.308200 0.809034 0.060121 0.912060 0.688803 0.366926 0.788905 0.622421 0.134417 0.099554 0.215385 0.080718 0.044725 0.891099 0.674427 0.340020 0.207532 0.805930 0.353803 0.808269 0.844296 0.770690 0.989473 0.674108 0.974083 0.284167 0.239067 0.750924 0.941082 0.208249 0.384095 0.284761 0.858227 0.342478 0.844952 0.201903 0.878544 0.532891 0.724001 0.961554 0.900500 0.695975 0.932355 0.666004 0.091523 0.555282 0.986834 0.674731 0.216115 0.781858 0.222172 0.794840 0.072048 0.963222 0.085972 0.588566 0.859070 0.115741 0.329544 0.245324 0.165151 0.326745 0.064151 0.591605 0.943889 0.245259 0.188420 0.608273 0.575161 0.463145 0.788660 0.716997 0.808678 0.798012 0.719929 0.441410 0.370115 0.599324 0.930649 0.957595 0.949701 0.641857 0.006078 0.588441 0.612870 0.748355 0.662456 0.063565 0.814331 0.752505 0.316450 0.302656 0.373214 0.190364 0.414098 0.858785 0.336064 0.744557 0.897599 0.184865 0.589717 0.983383 0.065521 0.695975 0.698398 0.206848 0.557926 0.889840 0.431404 0.491779 0.880974 0.335533 0.597750 0.997359 0.241458 0.597228 0.325610 0.471821 0.059500 0.941312 0.086865 0.874579 0.289343 0.910382 0.719936 0.061208 0.737797 0.230046 0.150402 0.642211 0.622309 0.635164 0.247084 0.026230 0.470262 0.235228 0.124424 0.247527 0.450803 0.445901 0.046399 0.897672 0.624292 0.505375 0.273563 0.062619 0.057599 0.713529 0.051051 0.284702 0.735390 0.143317 0.964036 0.904514 0.956989 0.511946 0.781224 0.494484 0.365123 0.858536 0.752288 0.862652 0.926379 0.210690 0.643839 0.970081 0.000889 0.747226 0.483487 0.931373 0.640314 0.812183 0.937068 0.014059 0.916252 0.428552 0.849291 0.079894 0.890879 0.504355 0.968744 0.795433 0.774065 0.712479 0.153223 0.918251 0.637731 0.790143 0.771086 0.191871 0.060931 0.250038 0.121238 0.948870 0.825936 0.382235 0.276676 0.257084 0.237002 0.225038 0.781669 0.910118 0.814817 0.293714 0.390199 0.326341 0.796457 0.093594 0.534925 0.362437 0.963532 0.333143 0.523963 0.834140 0.994110 0.519215 0.489864
0.262181 0.319179 0.322431 0.262879 0.153474 0.513378 0.210075 0.403882 0.141796 0.090031 0.299149 0.672153 0.240320 0.061225 0.122853 0.743141 0.871352 0.161363 0.217565 0.835022 0.966709 0.237770 0.001443 0.420361 0.174375 0.652020 0.965936 0.732729 0.852721 0.922210 0.914280 0.937696 0.484093 0.673783 0.108483 0.099588 0.093956 0.720645 0.579274 0.303924 0.909500 0.808708 0.368331 0.069622 0.672203 0.882385 0.736575 0.681381 0.659462 0.139785 0.933484 0.305546 0.271603 0.813050 0.142151 0.834580 0.930695 0.032157 0.627253 0.571759 0.171721 0.498171 0.140111 0.996771 0.113975 0.902270 0.660175 0.284211 0.316295 0.633926 0.084822 0.873220 0.895084 0.474878 0.624861 0.890944 0.105676 0.235088 0.818794 0.774072 0.162809 0.241122 0.203390 0.961819 0.221356 0.738089 0.137632 0.840708 0.915274 0.766573 0.002863 0.368574 0.226736 0.327522 0.576513 0.528451 0.098578 0.178832 0.150705 0.014820 0.909701 0.872513 0.516672 0.111537 0.607859 0.250303 0.029944 0.408410 0.472291 0.609751 0.564182 0.285077 0.732402 0.458996 0.241650 0.976305 0.283680 0.049661 0.054813 0.984830 0.452151 0.768722 0.071790 0.714616 0.474846 0.733583 0.043406 0.203446 0.419046 0.388418 0.478404 0.553979 0.270024 0.261043 0.180619 0.739296 0.789107 0.511077 0.698446 0.533580 0.212015 0.118826 0.182674 0.930195 0.122542 0.303407 0.274340 0.685508 0.126229 0.121090 0.900505 0.122908 0.073634 0.729954 0.620764 0.044511 0.243932 0.643609 0.446409 0.645581 0.051556 0.036273 0.485958 0.678397 0.544457 0.365418 0.019963 0.788506 0.465791 0.242137 0.206004 0.475794 0.750939 0.234463 0.291762 0.026606 0.828516 0.004864 0.704780 0.479112 0.956911 0.595416 0.360397 0.546655 0.955562 0.230182 0.199171 0.575531 0.614489 0.566490 0.503683 0.244970 0.825346 0.267124 0.966123 0.261869 0.389883 0.377724 0.695636 0.810753 0.008536 0.484960 0.973099 0.921803 0.858190 0.308052 0.829110 0.690968 0.235413 0.001125 0.156767 0.016566 0.230925 0.300102 0.842831 0.310919 0.755321 0.605026 0.666766 0.652396 0.281768 0.838134 0.604030 0.563950 0.448135 0.813727 0.304376 0.093261 0.727704 0.460409 0.459055 0.051129 0.529481 0.619737 0.659626 0.644629 0.968160 0.796761 0.387087 0.728816 0.966889 0.368536 0.852725 0.372118 0.145498 0.696326 0.585877 0.205402 0.520442 0.458435 0.465814 0.084889 0.883220 0.484110 0.362760 0.008496 0.759010 0.827015 0.222365 0.159287 0.916654 0.148922 0.837079 0.945623 0.368296 0.711115 0.557171 0.658895 0.376101 0.602745 0.743064 0.970583 0.599052 0.463301 0.202106 0.368025 0.516218 0.501375 0.334096 0.647789 0.518457 0.923191 0.776583 0.308652 0.225203 0.706970 0.129770 0.886380 0.788757 0.587127 0.112849 0.791585 0.274259 0.720417 0.599822 0.705364 0.326645 0.093898 0.835391 0.059958
0.652783 0.208922 0.828403 0.370477 0.431555 0.559139 0.828592 0.966342 0.531536 0.988747 0.982245 0.282314 0.297638 0.775868 0.771267 0.171951 0.083145 0.695065 0.919202 0.388401 0.964035 0.207065 0.649479 0.206140 0.461922 0.786008 0.807725 0.719466 0.074172 0.102429 0.605219 0.489883 0.692944 0.283720 0.504464 0.973929 0.168718 0.236437 0.010627 0.216733 0.443453 0.049468 0.476285 0.796327 0.852517 0.381894 0.926755 0.159218 0.707084 0.543064 0.205051 0.662805 0.884885 0.302795 0.425145 0.384502 0.795493 0.182260 0.417035 0.354652 0.066957 0.365371 0.993293 0.295077 0.868479 0.399095 0.013594 0.618148 0.499654 0.535978 0.752543 0.593392 0.782712 0.584201 0.469781 0.906386 0.912125 0.721185 0.237775 0.574252 0.611921 0.887180 0.310528 0.364049 0.987994 0.788280 0.229676 0.833134 0.320491 0.832000 0.132600 0.093553 0.140588 0.095372 0.533512 0.204063 0.721572 0.697348 0.258274 0.463791 0.495530 0.410339 0.672612 0.120479 0.886902 0.718596 0.469801 0.275366 0.585807 0.777095 0.455925 0.796903 0.797438 0.582282 0.340086 0.078436 0.025853 0.505268 0.275598 0.110081 0.904595 0.596842 0.518518 0.028352 0.692354 0.737393 0.356561 0.260449 0.077271 0.431703 0.438305 0.409583 0.860095 0.648078 0.731081 0.003912 0.200677 0.502748 0.823519 0.616084 0.234742 0.127325 0.928730 0.207976 0.273142 0.845836 0.740463 0.484858 0.960882 0.502556 0.075518 0.604625 0.850024 0.322798 0.494525 0.430371 0.681613 0.893161 0.595136 0.067262 0.930349 0.015360 0.844056 0.790639 0.334477 0.596040 0.014053 0.860247 0.774421 0.718985 0.802157 0.588909 0.395413 0.211866 0.100297 0.318592 0.929759 0.979326 0.568185 0.490382 0.567022 0.021363 0.520192 0.270719 0.740042 0.810527 0.514271 0.634349 0.768414 0.477419 0.420036 0.875565 0.369812 0.888017 0.656185 0.677648 0.279186 0.842373 0.493988 0.119354 0.625026 0.177924 0.623513 0.121798 0.255926 0.323076 0.060653 0.848391 0.782493 0.041608 0.665851 0.426259 0.768038 0.622871 0.808220 0.608649 0.564744 0.040721 0.423393 0.792340 0.830174 0.555245 0.302961 0.730860 0.508583 0.451334 0.686317 0.237048 0.515427 0.271568 0.160240 0.744084 0.320924 0.642674 0.803224 0.279743 0.913069 0.149357 0.431078 0.858730 0.253974 0.905026 0.426354 0.432732 0.564364 0.949465 0.650964 0.300435 0.565123 0.557527 0.345667 0.675556 0.374475 0.473527 0.294074 0.338377 0.524865 0.953696 0.851937 0.019503 0.098528 0.095468 0.834518 0.039170 0.649745 0.069706 0.712194 0.542407 0.543351 0.418444 0.629375 0.556696 0.212456 0.766565 0.281552 0.636596 0.058937 0.957329 0.904007 0.927091 0.411987 0.801442 0.568566 0.070247 0.697820 0.695087 0.875525 0.469591 0.778653 0.172730 0.250699 0.242808 0.558173 0.022900 0.777096 0.570967 0.685003 0.010305 0.507417 0.849226
0.021240 0.726485 0.022717 0.438312 0.361407 0.137544 0.500167 0.330606 0.433230 0.922288 0.067734 0.113297 0.403766 0.167530 0.585665 0.238553 0.620025 0.198600 0.098328 0.507716 0.802987 0.584632 0.200704 0.883045 0.084590 0.815830 0.595338 0.182810 0.310601 0.928324 0.657866 0.201452 0.170023 0.218861 0.205598 0.032191 0.234860 0.251879 0.624388 0.035696 0.605937 0.048506 0.848169 0.468346 0.195515 0.545842 0.159021 0.801650 0.386237 0.617122 0.017972 0.679917 0.867659 0.105302 0.499041 0.526288 0.918846 0.845762 0.715960 0.943719 0.746630 0.741416 0.008508 0.859679 0.140448 0.056208 0.882386 0.852294 0.372904 0.680948 0.012898 0.299411 0.571458 0.940968 0.446819 0.590265 0.730834 0.007931 0.133095 0.323560 0.223100 0.986987 0.689707 0.600228 0.560244 0.384234 0.145685 0.925405 0.090178 0.922472 0.296122 0.133383 0.170652 0.346221 0.142578 0.508105 0.317985 0.625988 0.859916 0.959940 0.379120 0.139519 0.181551 0.756440 0.541655 0.794809 0.515200 0.314711 0.967879 0.739482 0.660450 0.470302 0.132028 0.380059 0.894692 0.052210 0.248031 0.608134 0.475003 0.997638 0.119019 0.921344 0.903368 0.812626 0.249433 0.838989 0.985586 0.580738 0.951953 0.178053 0.826899 0.265929 0.210834 0.842633 0.742639 0.373074 0.557556 0.580499 0.799955 0.957399 0.961148 0.882687 0.598869 0.850396 0.078031 0.170522 0.085215 0.900182 0.110697 0.612358 0.932632 0.329297 0.657811 0.540551 0.410886 0.720741 0.468438 0.139232 0.985991 0.674596 0.145241 0.750555 0.359905 0.060145 0.972223 0.963842 0.299410 0.851397 0.521973 0.291664 0.177514 0.804150 0.666569 0.487518 0.591253 0.924790 0.853178 0.082681 0.947770 0.139008 0.098151 0.713901 0.627471 0.705523 0.565081 0.493219 0.802705 0.471951 0.229921 0.142759 0.427862 0.673591 0.054665 0.216367 0.373718 0.815162 0.469452 0.600744 0.463281 0.556894 0.413788 0.722743 0.106442 0.436581 0.777116 0.650980 0.811992 0.946170 0.267821 0.502814 0.698236 0.192092 0.157849 0.098878 0.089218 0.098856 0.193376 0.539190 0.363809 0.278374 0.406675 0.672876 0.511881 0.203723 0.682220 0.826960 0.164527 0.245089 0.362590 0.177307 0.590508 0.817121 0.629373 0.598747 0.826810 0.914055 0.346672 0.080013 0.139009 0.925968 0.684584 0.423897 0.967250 0.422331 0.296041 0.698679 0.930705 0.455339 0.273499 0.351485 0.817506 0.906254 0.893106 0.816065 0.121275 0.933764 0.625367 0.790912 0.416849 0.516330 0.012169 0.409238 0.821276 0.851089 0.925481 0.110294 0.540101 0.631279 0.931599 0.790231 0.604515 0.615655 0.592272 0.042985 0.961597 0.207021 0.461315 0.438911 0.985480 0.661125 0.627678 0.991656 0.963987 0.616223 0.328736 0.666379 0.512356 0.661818 0.269775 0.697943 0.032742 0.959187 0.136710 0.153084 0.973922 0.429057 0.082476 0.545089 0.141996 0.477952
0.894178 0.479908 0.982397 0.649018 0.074501 0.204919 0.672543 0.634064 0.694992 0.934023 0.672712 0.906205 0.910815 0.579240 0.033805 0.736995 0.739582 0.930243 0.615821 0.693687 0.885055 0.319001 0.954074 0.400746 0.647868 0.072110 0.100723 0.894861 0.898233 0.483824 0.760134 0.807137 0.418649 0.771259 0.282815 0.782195 0.458482 0.502960 0.314109 0.528546 0.750744 0.896763 0.521813 0.522817 0.320454 0.737434 0.440596 0.778611 0.525018 0.794808 0.133687 0.083525 0.062342 0.794023 0.644480 0.272113 0.473904 0.755979 0.942975 0.722162 0.992646 0.065059 0.685505 0.047881 0.195614 0.474979 0.576984 0.677639 0.658069 0.968459 0.124530 0.860683 0.629867 0.629053 0.318594 0.049013 0.261541 0.603465 0.442729 0.367190 0.622055 0.380927 0.994774 0.888731 0.999347 0.453286 0.844609 0.613053 0.641393 0.838152 0.999111 0.810955 0.667980 0.575143 0.867063 0.212499 0.462884 0.088828 0.548853 0.028469 0.393716 0.393736 0.096187 0.978233 0.859385 0.708231 0.920902 0.995981 0.538571 0.568221 0.527144 0.332050 0.543557 0.388564 0.889742 0.897343 0.181596 0.753720 0.786860 0.581026 0.015924 0.848664 0.862417 0.589469 0.713564 0.458111 0.733801 0.723427 0.474505 0.347671 0.018495 0.779176 0.513217 0.038312 0.625309 0.753432 0.306802 0.841171 0.263758 0.097172 0.966414 0.124590 0.601706 0.961678 0.273435 0.252235 0.426179 0.209942 0.777367 0.369438 0.382959 0.898230 0.681922 0.009618 0.393032 0.605882 0.963968 0.191264 0.711469 0.065119 0.440864 0.921273 0.816140 0.297548 0.318107 0.597450 0.829282 0.374747 0.234928 0.596134 0.154096 0.688507 0.810296 0.762983 0.700939 0.853305 0.870578 0.819722 0.320530 0.751715 0.677001 0.793548 0.931704 0.243003 0.684929 0.637728 0.305073 0.895387 0.973673 0.726597 0.154630 0.313293 0.799529 0.488383 0.850717 0.251402 0.282139 0.594817 0.008494 0.383480 0.147058 0.820897 0.976837 0.424345 0.350325 0.575641 0.772558 0.277154 0.965543 0.213389 0.973917 0.132025 0.302893 0.404240 0.608273 0.826703 0.259272 0.866987 0.249034 0.615806 0.404718 0.765001 0.573467 0.133932 0.297825 0.937798 0.273190 0.454627 0.700295 0.453833 0.672303 0.127828 0.550404 0.678506 0.149597 0.163828 0.345624 0.957185 0.466166 0.758246 0.278447 0.437465 0.853067 0.330576 0.866723 0.950609 0.068995 0.836735 0.424423 0.508895 0.328294 0.646331 0.544608 0.686404 0.316012 0.284861 0.377409 0.264515 0.622605 0.616533 0.608692 0.452302 0.511429 0.501430 0.073638 0.966732 0.894992 0.243826 0.156698 0.328240 0.459276 0.369419 0.430677 0.951213 0.421862 0.052514 0.924531 0.187097 0.771648 0.903353 0.203208 0.292223 0.766637 0.137754 0.388330 0.978026 0.785413 0.862007 0.677988 0.421032 0.589253 0.449152 0.597169 0.962415 0.789506 0.568612 0.099934 0.996108 0.781140 0.651272
0.999554 0.757100 0.340972 0.622464 0.147091 0.418141 0.544168 0.586212 0.495337 0.766298 0.212391 0.885400 0.133626 0.698890 0.604048 0.238292 0.578379 0.919106 0.420710 0.777835 0.936185 0.725957 0.145175 0.536801 0.145052 0.965642 0.376862 0.437696 0.236065 0.904913 0.115863 0.053681 0.047394 0.271745 0.259783 0.198539 0.089594 0.553863 0.453530 0.281408 0.056114 0.033940 0.121179 0.528833 0.938725 0.362104 0.273193 0.175520 0.747289 0.066341 0.103630 0.658502 0.104682 0.903665 0.589663 0.149282 0.360281 0.222901 0.498776 0.543668 0.327569 0.564879 0.007901 0.218532 0.193778 0.646087 0.509004 0.048356 0.563256 0.274444 0.711799 0.135404 0.659263 0.262797 0.030857 0.423621 0.205281 0.765418 0.135218 0.692294 0.295109 0.311504 0.681800 0.617802 0.278891 0.324764 0.322410 0.187316 0.234620 0.637483 0.057283 0.399952 0.450092 0.062574 0.129683 0.729555 0.518994 0.867619 0.310400 0.051199 0.745847 0.335625 0.501684 0.669585 0.010883 0.551307 0.217092 0.734596 0.659148 0.994008 0.959244 0.475091 0.514106 0.888299 0.540910 0.612188 0.749653 0.380895 0.870256 0.264433 0.180529 0.406749 0.754612 0.130729 0.893194 0.045455 0.740686 0.405936 0.264265 0.537358 0.500785 0.833724 0.941503 0.143482 0.095561 0.964278 0.139069 0.595926 0.658035 0.713091 0.725655 0.656279 0.941717 0.303882 0.627877 0.861589 0.046402 0.679583 0.995685 0.662631 0.340990 0.969858 0.861110 0.154365 0.873500 0.477549 0.899966 0.621592 0.375342 0.013468 0.698432 0.552181 0.657724 0.102126 0.387975 0.488855 0.782875 0.370852 0.684793 0.307629 0.145389 0.626938 0.848869 0.996642 0.841701 0.750535 0.725408 0.918649 0.408054 0.086016 0.912340 0.948069 0.864617 0.741699 0.694226 0.207360 0.138825 0.297572 0.268507 0.648958 0.638057 0.344317 0.139940 0.850473 0.133196 0.640131 0.637154 0.304332 0.487525 0.256644 0.519646 0.935785 0.560634 0.134756 0.582103 0.627896 0.941181 0.486605 0.258489 0.320388 0.680765 0.668987 0.723261 0.075617 0.732695 0.478445 0.183414 0.667072 0.446279 0.718449 0.758904 0.706981 0.329854 0.781770 0.533498 0.667578 0.391333 0.819712 0.841323 0.605818 0.783296 0.259028 0.904086 0.586054 0.594125 0.383408 0.064605 0.177834 0.816989 0.273447 0.151864 0.676999 0.677260 0.399607 0.978969 0.255917 0.352579 0.032164 0.481354 0.637022 0.478939 0.111667 0.585502 0.918586 0.094535 0.545815 0.090334 0.308763 0.188427 0.542713 0.195578 0.970280 0.265856 0.401652 0.629616 0.319404 0.164534 0.186294 0.851232 0.903558 0.024273 0.911668 0.349922 0.290923 0.670258 0.036614 0.654227 0.034242 0.383124 0.024444 0.217231 0.514261 0.787262 0.832642 0.330425 0.489948 0.824023 0.524073 0.939891 0.546646 0.318569 0.547196 0.495528 0.983819 0.895826 0.565255 0.398643 0.807071 0.289597 0.940069
0.288615 0.499048 0.166655 0.575548 0.517265 0.282544 0.843034 0.805227 0.046605 0.738317 0.437523 0.289872 0.285173 0.088421 0.007121 0.880221 0.880392 0.374332 0.672372 0.953961 0.194524 0.859640 0.366111 0.711009 0.442767 0.171581 0.844848 0.143830 0.486416 0.686558 0.035466 0.310768 0.027016 0.609250 0.316605 0.580913 0.920830 0.574169 0.550423 0.652430 0.904767 0.738542 0.132640 0.755379 0.351930 0.977948 0.042916 0.175371 0.631245 0.698839 0.126043 0.492825 0.130559 0.988744 0.444885 0.529240 0.025477 0.255714 0.727849 0.645497 0.626765 0.420664 0.213634 0.202885 0.712982 0.553182 0.374966 0.474300 0.721999 0.973472 0.458945 0.824496 0.585532 0.479355 0.443528 0.958421 0.594322 0.482975 0.035855 0.329994 0.599070 0.779080 0.749949 0.420102 0.289184 0.641602 0.429914 0.930284 0.154622 0.982492 0.378919 0.699400 0.767670 0.900270 0.426530 0.207131 0.518067 0.632742 0.374555 0.298863 0.918191 0.851324 0.757828 0.313570 0.492010 0.718116 0.745211 0.398077 0.386466 0.637899 0.610636 0.800671 0.088662 0.899278 0.520012 0.436901 0.572420 0.790268 0.436339 0.253484 0.702717 0.025378 0.787754 0.892749 0.437582 0.322668 0.408088 0.092947 0.600399 0.570891 0.826716 0.447982 0.531779 0.070736 0.682542 0.975015 0.723674 0.723996 0.549785 0.166369 0.810683 0.499973 0.210149 0.219160 0.321763 0.852077 0.077243 0.906461 0.238104 0.184445 0.893755 0.040126 0.231185 0.308873 0.296021 0.574752 0.196952 0.379901 0.258909 0.937206 0.553683 0.162888 0.926689 0.994277 0.732978 0.902900 0.448649 0.628423 0.523762 0.447282 0.418672 0.957657 0.621014 0.558481 0.444227 0.900176 0.846909 0.757145 0.522462 0.275824 0.287448 0.653719 0.113713 0.305839 0.597906 0.079506 0.909365 0.423050 0.289253 0.741663 0.284217 0.681385 0.199378 0.136613 0.784835 0.065214 0.762857 0.794407 0.236557 0.058479 0.538545 0.384292 0.917937 0.293345 0.197638 0.337497 0.878891 0.997377 0.657949 0.643321 0.467739 0.485207 0.421770 0.300197 0.182040 0.333858 0.053896 0.606407 0.770633 0.458209 0.615669 0.035386 0.274503 0.115906 0.160412 0.512787 0.373128 0.354184 0.634230 0.104114 0.462340 0.717736 0.387972 0.738611 0.125617 0.032758 0.810998 0.166773 0.902444 0.677445 0.568555 0.026535 0.537734 0.132203 0.025889 0.202047 0.557996 0.416493 0.949196 0.437661 0.906146 0.397579 0.059532 0.013230 0.106301 0.335921 0.446987 0.787813 0.349115 0.024067 0.138946 0.081481 0.762140 0.322021 0.735237 0.125821 0.182051 0.899848 0.666681 0.892897 0.973919 0.861867 0.166490 0.168718 0.090059 0.824489 0.880177 0.868631 0.034670 0.137008 0.476024 0.705703 0.434719 0.082534 0.338072 0.166275 0.250420 0.301811 0.330056 0.256973 0.613583 0.385180 0.288969 0.967106 0.730492 0.970898 0.511549 0.679975 0.851114 0.542120
0.903230 0.179541 0.155814 0.005876 0.614770 0.443704 0.506396 0.944599 0.112615 0.827840 0.265007 0.150454 0.231671 0.996127 0.505535 0.443608 0.657989 0.401108 0.097548 0.728295 0.113561 0.745851 0.288174 0.816653 0.934762 0.426455 0.364260 0.464998 0.778699 0.168874 0.244933 0.864496 0.101083 0.643290 0.329018 0.124144 0.767961 0.412856 0.562182 0.351139 0.510382 0.887375 0.797776 0.863858 0.130435 0.622673 0.110675 0.696171 0.683973 0.360349 0.207312 0.325470 0.389740 0.568040 0.540950 0.932464 0.242506 0.904800 0.434793 0.870222 0.298460 0.114286 0.064071 0.828880 0.412509 0.003040 0.362092 0.143678 0.317563 0.505940 0.412649 0.962070 0.178263 0.800770 0.188089 0.068916 0.105181 0.320007 0.427042 0.939339 0.411343 0.303547 0.160968 0.071934 0.536895 0.267634 0.522987 0.173455 0.383577 0.145039 0.151807 0.573007 0.833497 0.553060 0.078901 0.573290 0.525995 0.239755 0.866859 0.933129 0.811933 0.476069 0.553004 0.263454 0.179442 0.751310 0.662278 0.172363 0.110405 0.940009 0.389226 0.021750 0.733204 0.378396 0.051516 0.882386 0.942895 0.133302 0.048237 0.212995 0.224221 0.792492 0.406296 0.601789 0.100368 0.498617 0.567835 0.492449 0.123999 0.778140 0.322204 0.358716 0.195277 0.595570 0.475249 0.986505 0.879095 0.546402 0.928660 0.358105 0.177387 0.019721 0.002904 0.766233 0.773237 0.985743 0.640878 0.085873 0.537203 0.923966 0.762409 0.987593 0.184430 0.108075 0.046065 0.093339 0.703283 0.201154 0.683593 0.839359 0.762368 0.079583 0.940597 0.831995 0.597713 0.432757 0.917142 0.355706 0.480336 0.419942 0.080113 0.342669 0.276394 0.685410 0.114929 0.705962 0.569670 0.883687 0.495646 0.586732 0.347918 0.134595 0.403719 0.702446 0.294442 0.509763 0.418226 0.929162 0.859717 0.024810 0.539902 0.665226 0.819821 0.090666 0.789327 0.725206 0.639359 0.836667 0.906876 0.891948 0.851156 0.701908 0.781241 0.819353 0.714162 0.685097 0.966815 0.042531 0.644966 0.305617 0.356857 0.002100 0.885572 0.601949 0.991758 0.057489 0.140314 0.350147 0.961627 0.334341 0.389921 0.402396 0.797994 0.839224 0.479135 0.370331 0.602362 0.768054 0.431214 0.021835 0.448613 0.907327 0.357612 0.279158 0.707580 0.108973 0.850071 0.471953 0.728660 0.032021 0.436410 0.733097 0.385815 0.285126 0.839193 0.605931 0.921311 0.346978 0.838246 0.318023 0.744714 0.536819 0.004281 0.589237 0.342783 0.093455 0.452300 0.394251 0.893658 0.260646 0.552340 0.031758 0.749125 0.160528 0.688819 0.015188 0.439629 0.497737 0.428179 0.712924 0.122566 0.894499 0.500532 0.946575 0.214168 0.940121 0.844249 0.047020 0.848795 0.461927 0.930451 0.594441 0.745483 0.262056 0.231080 0.453044 0.177179 0.612145 0.563896 0.093159 0.845139 0.902585 0.462391 0.844064 0.971881 0.192571 0.233815 0.523610 0.870091 0.190075
0.485636 0.207933 0.389230 0.766175 0.710028 0.587512 0.119727 0.075188 0.625336 0.065559 0.466525 0.998612 0.335675 0.277073 0.405630 0.614135 0.684746 0.463096 0.043000 0.224623 0.642624 0.733435 0.926950 0.233709 0.147990 0.759297 0.398399 0.331669 0.683017 0.765300 0.209419 0.807724 0.220668 0.759933 0.536611 0.941735 0.572961 0.431639 0.162418 0.698084 0.001897 0.545046 0.759677 0.511967 0.025441 0.559507 0.901273 0.265153 0.021156 0.061599 0.459484 0.020809 0.481249 0.469895 0.459135 0.553111 0.013054 0.081386 0.505003 0.088064 0.499268 0.846735 0.269236 0.989360 0.000147 0.214783 0.614352 0.831319 0.134267 0.652131 0.875352 0.182955 0.254781 0.329121 0.314604 0.411086 0.737237 0.179741 0.416941 0.608197 0.417009 0.047317 0.944773 0.552943 0.102999 0.378890 0.564808 0.899735 0.627394 0.225032 0.400995 0.559067 0.779004 0.887333 0.937824 0.988551 0.548606 0.254189 0.878976 0.102335 0.758721 0.311636 0.711227 0.521767 0.024389 0.601389 0.786516 0.055966 0.816027 0.793443 0.624837 0.753946 0.215951 0.232963 0.479085 0.038449 0.184433 0.416672 0.931636 0.410388 0.518098 0.144708 0.610842 0.025231 0.842827 0.052410 0.605606 0.310005 0.566585 0.745605 0.004717 0.337454 0.189691 0.705090 0.573083 0.893379 0.569616 0.403554 0.097751 0.650147 0.233767 0.209028 0.489545 0.597801 0.607927 0.187329 0.521116 0.418841 0.065439 0.237692 0.080350 0.072249 0.201487 0.024600 0.598547 0.603220 0.843829 0.013356 0.590380 0.477025 0.411481 0.262347 0.942967 0.840371 0.045989 0.518570 0.844434 0.557547 0.086909 0.416329 0.837341 0.609655 0.544483 0.772748 0.569417 0.368481 0.246539 0.775781 0.694719 0.282537 0.930039 0.669322 0.393487 0.189101 0.175313 0.271953 0.004452 0.387831 0.009332 0.474090 0.430849 0.786178 0.598195 0.865322 0.137746 0.253139 0.900956 0.993134 0.838974 0.287088 0.746588 0.890936 0.904992 0.337804 0.014216 0.799468 0.257443 0.183899 0.998616 0.907882 0.421695 0.107168 0.338117 0.640303 0.048522 0.008386 0.473999 0.882029 0.038376 0.120844 0.693361 0.915425 0.581062 0.672129 0.302757 0.660715 0.579830 0.975125 0.145360 0.409185 0.031860 0.436543 0.067260 0.384443 0.230355 0.190620 0.756919 0.275661 0.195089 0.810310 0.690598 0.376710 0.897327 0.836728 0.366642 0.492392 0.272308 0.800838 0.403292 0.580964 0.647583 0.851187 0.351046 0.846560 0.749526 0.653800 0.518868 0.786449 0.491442 0.246903 0.198223 0.060620 0.090519 0.276453 0.908684 0.071901 0.569928 0.455348 0.710501 0.441886 0.668291 0.769483 0.356587 0.640187 0.550850 0.478019 0.456401 0.723529 0.082312 0.077528 0.107544 0.583542 0.637440 0.259870 0.168157 0.358658 0.587896 0.857058 0.177208 0.430401 0.722415 0.881214 0.367520 0.633466 0.063888 0.680022 0.401611 0.141429 0.830801 0.595686
0.185387 0.996392 0.287835 0.792163 0.210581 0.364435 0.785991 0.581342 0.638950 0.326079 0.435087 0.018605 0.637610 0.993281 0.712000 0.185664 0.594460 0.042023 0.945754 0.156570 0.888529 0.326117 0.753016 0.631114 0.491635 0.555294 0.609140 0.302873 0.067988 0.150295 0.475941 0.737460 0.972647 0.690461 0.156824 0.146472 0.805754 0.967967 0.016491 0.439291 0.531614 0.946168 0.654732 0.037051 0.515153 0.516203 0.207293 0.982982 0.086415 0.319118 0.159109 0.401910 0.057120 0.217933 0.296372 0.191952 0.769939 0.518325 0.533621 0.967990 0.860457 0.577484 0.993857 0.997765 0.215714 0.225673 0.721770 0.875302 0.120981 0.968497 0.144077 0.254910 0.478900 0.394512 0.245557 0.714201 0.247004 0.312071 0.700724 0.960646 0.448198 0.775858 0.308323 0.385715 0.138313 0.798588 0.096085 0.055825 0.673116 0.022213 0.146469 0.702567 0.043870 0.084670 0.461675 0.800777 0.957615 0.712551 0.288379 0.874740 0.279648 0.154732 0.327148 0.755191 0.878800 0.992062 0.577327 0.631968 0.932088 0.534392 0.951483 0.398191 0.138278 0.389910 0.011868 0.762931 0.474402 0.880144 0.743660 0.995688 0.742112 0.427732 0.883277 0.076291 0.937899 0.452868 0.340408 0.198848 0.276792 0.000475 0.275920 0.902425 0.599460 0.746782 0.965929 0.529965 0.642323 0.453170 0.589958 0.711717 0.495800 0.372775 0.280581 0.664216 0.283130 0.356027 0.959877 0.211061 0.163635 0.710495 0.989322 0.015551 0.115461 0.626978 0.835704 0.338103 0.510119 0.396169 0.698773 0.125724 0.318105 0.216235 0.169400 0.253392 0.601608 0.807712 0.502445 0.982791 0.623415 0.311977 0.087331 0.393710 0.771004 0.868184 0.004059 0.477445 0.064371 0.942435 0.388565 0.790143 0.592159 0.938646 0.853248 0.288788 0.298237 0.327220 0.847070 0.393541 0.893230 0.957785 0.634457 0.413242 0.481537 0.625229 0.906187 0.091475 0.227886 0.133831 0.062406 0.941231 0.629758 0.780947 0.685377 0.779726 0.656457 0.419391 0.110709 0.491934 0.481346 0.748639 0.076065 0.855975 0.696404 0.830244 0.449911 0.447789 0.914595 0.801082 0.448381 0.727287 0.383790 0.145723 0.105007 0.576753 0.346481 0.808402 0.400594 0.305418 0.892010 0.381409 0.087197 0.970332 0.840142 0.817100 0.277754 0.025461 0.574601 0.129465 0.063060 0.016227 0.103704 0.190772 0.531132 0.873495 0.447953 0.888579 0.503516 0.720086 0.179694 0.487770 0.129278 0.176495 0.109608 0.037782 0.431452 0.094652 0.994680 0.168679 0.770890 0.988653 0.113428 0.494008 0.878380 0.428075 0.420049 0.399958 0.171033 0.871532 0.903131 0.573864 0.508028 0.485816 0.950400 0.259781 0.433727 0.405052 0.360439 0.628083 0.521112 0.276254 0.063325 0.514928 0.870520 0.890007 0.468923 0.322070 0.073091 0.946852 0.887059 0.271686 0.880119 0.054074 0.662965 0.412787 0.731247 0.195969 0.541017 0.452549 0.421454 0.438638
0.156295 0.942551 0.266602 0.365314 0.669159 0.541737 0.332632 0.231703 0.428984 0.625131 0.389452 0.208701 0.756481 0.236139 0.562337 0.291042 0.019707 0.140757 0.396107 0.952948 0.146064 0.610416 0.170916 0.093204 0.033279 0.149304 0.395306 0.714054 0.303258 0.881605 0.791632 0.003657 0.051608 0.459321 0.096360 0.243627 0.122758 0.848991 0.314558 0.806311 0.030474 0.496038 0.281913 0.850324 0.452327 0.859268 0.082120 0.350599 0.634913 0.494047 0.222952 0.589980 0.092424 0.530163 0.983724 0.127978 0.498212 0.238146 0.318783 0.238551 0.076667 0.126438 0.244278 0.186865 0.101356 0.176671 0.944100 0.273244 0.634548 0.457117 0.446089 0.534104 0.866769 0.055592 0.936296 0.509797 0.852155 0.313627 0.979669 0.987445 0.604294 0.055224 0.702805 0.862231 0.752973 0.128423 0.952934 0.300692 0.153542 0.474924 0.541636 0.214359 0.089013 0.157718 0.349340 0.821816 0.829668 0.834335 0.837741 0.140539 0.803992 0.778762 0.592970 0.051222 0.078151 0.164959 0.530142 0.406298 0.774726 0.986858 0.362668 0.987379 0.954922 0.088818 0.093885 0.400981 0.199819 0.373077 0.113168 0.478227 0.202836 0.640326 0.302526 0.128953 0.206670 0.410784 0.272450 0.525208 0.826280 0.130443 0.842749 0.588353 0.063182 0.763894 0.984561 0.615726 0.679090 0.613076 0.286373 0.196549 0.507228 0.055392 0.157396 0.838328 0.889032 0.345510 0.467147 0.071818 0.704119 0.833808 0.815976 0.209488 0.358984 0.160459 0.753219 0.301519 0.084415 0.273768 0.028394 0.354063 0.413716 0.746596 0.277774 0.895657 0.257317 0.241727 0.640156 0.507681 0.299165 0.553794 0.745730 0.154834 0.952865 0.133541 0.504931 0.100060 0.231225 0.887107 0.331496 0.129160 0.729690 0.315024 0.260238 0.489710 0.598158 0.029044 0.814618 0.696740 0.529385 0.351225 0.221543 0.626829 0.202615 0.996609 0.219226 0.976773 0.939483 0.188988 0.799667 0.866413 0.723576 0.999299 0.986536 0.385932 0.438913 0.085281 0.593327 0.353509 0.934761 0.296381 0.727020 0.119720 0.499966 0.459107 0.119967 0.118789 0.902872 0.862376 0.136419 0.344473 0.343374 0.157989 0.931553 0.687528 0.322897 0.411565 0.293920 0.873119 0.921149 0.882395 0.996417 0.417896 0.710642 0.887984 0.743014 0.727503 0.069593 0.453528 0.619124 0.702626 0.563954 0.410502 0.287778 0.512187 0.298838 0.382402 0.102411 0.841352 0.772538 0.342282 0.409092 0.910455 0.702299 0.449596 0.942191 0.098781 0.937678 0.081274 0.934708 0.811510 0.563844 0.106377 0.903396 0.596153 0.921527 0.735505 0.318842 0.618108 0.246618 0.318639 0.296028 0.859876 0.585163 0.659789 0.135033 0.960178 0.610613 0.107479 0.095755 0.279993 0.155050 0.471908 0.065729 0.021075 0.846007 0.350685 0.507469 0.709946 0.490322 0.529130 0.686764 0.151240 0.226602 0.916349 0.272375 0.501925 0.237913 0.425332 0.537797 0.233854
0.357970 0.437392 0.342439 0.887539 0.098124 0.393615 0.638607 0.005216 0.355529 0.702840 0.740110 0.633610 0.049910 0.315130 0.461890 0.207165 0.057735 0.028777 0.236031 0.192665 0.805613 0.042035 0.820883 0.537665 0.672210 0.269965 0.272707 0.041227 0.103087 0.365202 0.264201 0.867742 0.698889 0.070437 0.586300 0.940505 0.684076 0.801828 0.326744 0.449573 0.084923 0.999913 0.944620 0.137950 0.473239 0.222996 0.812398 0.474836 0.332546 0.238609 0.603386 0.788000 0.846172 0.588473 0.362754 0.450449 0.487441 0.074340 0.418891 0.839481 0.527788 0.177478 0.184067 0.653060 0.520803 0.093400 0.460210 0.404245 0.763499 0.384458 0.972441 0.172854 0.740640 0.935921 0.564212 0.015866 0.625140 0.454261 0.629163 0.516936 0.193901 0.360037 0.263588 0.554415 0.163219 0.668967 0.506079 0.261360 0.941084 0.353769 0.599680 0.775739 0.852859 0.640019 0.994180 0.216786 0.090452 0.293441 0.343160 0.518392 0.135267 0.824639 0.846860 0.333455 0.896267 0.119696 0.546206 0.800746 0.389853 0.396765 0.789415 0.092504 0.699756 0.596729 0.445959 0.562691 0.281091 0.580333 0.962882 0.305909 0.132870 0.646210 0.132318 0.438691 0.279692 0.086597 0.913714 0.474665 0.506834 0.309309 0.375318 0.972907 0.585915 0.251810 0.258558 0.444070 0.530607 0.159915 0.673574 0.324193 0.749134 0.133129 0.841341 0.768882 0.130965 0.343703 0.787688 0.892987 0.978055 0.148164 0.373188 0.075700 0.027586 0.431903 0.583087 0.168244 0.508130 0.015080 0.366117 0.471238 0.741975 0.498037 0.873614 0.323364 0.244227 0.709998 0.801251 0.300822 0.588095 0.800742 0.908683 0.660976 0.090238 0.884038 0.030327 0.848555 0.335601 0.997819 0.840911 0.335554 0.653485 0.159603 0.294742 0.824782 0.357959 0.679526 0.426658 0.298092 0.539310 0.086987 0.944587 0.448229 0.268343 0.267902 0.407230 0.703985 0.252343 0.936215 0.781734 0.786017 0.563681 0.999900 0.385914 0.501026 0.873987 0.018400 0.412585 0.818618 0.623676 0.254244 0.591268 0.287837 0.292253 0.212336 0.875015 0.739550 0.011253 0.411949 0.919047 0.739571 0.109863 0.132767 0.863126 0.681398 0.384699 0.579104 0.865130 0.305577 0.711709 0.115051 0.028491 0.929397 0.594439 0.329007 0.655193 0.264184 0.520148 0.651744 0.804449 0.206594 0.653532 0.512891 0.223315 0.691415 0.179667 0.955942 0.206356 0.641843 0.795596 0.780654 0.290694 0.292076 0.172683 0.892838 0.918754 0.502696 0.174314 0.488694 0.451463 0.603865 0.684665 0.545977 0.449461 0.283194 0.163413 0.485772 0.329527 0.118954 0.595923 0.854496 0.742651 0.460990 0.250885 0.190207 0.287007 0.140155 0.305552 0.827408 0.269271 0.205343 0.554402 0.178173 0.922354 0.362542 0.082279 0.215296 0.060251 0.162958 0.423254 0.202048 0.743538 0.175661 0.952763 0.289659 0.205151 0.357330 0.627009 0.780054 0.356841 0.205602
0.528130 0.495611 0.231924 0.157517 0.525467 0.883154 0.704140 0.476797 0.369172 0.695231 0.163393 0.705678 0.236489 0.636550 0.089903 0.895318 0.968784 0.867928 0.898145 0.295281 0.849008 0.238128 0.717400 0.895411 0.530621 0.263944 0.922596 0.049832 0.788270 0.965242 0.059034 0.482899 0.076692 0.889911 0.332787 0.286870 0.749004 0.789426 0.063133 0.176607 0.932022 0.814401 0.490371 0.770660 0.838316 0.366555 0.090958 0.298586 0.357152 0.294699 0.364401 0.095348 0.663642 0.712878 0.961260 0.065370 0.148054 0.772224 0.371305 0.008616 0.355070 0.640918 0.963995 0.198088 0.352752 0.877415 0.997090 0.905281 0.464187 0.245092 0.061225 0.807181 0.303063 0.389248 0.369779 0.858998 0.787084 0.669741 0.757609 0.086315 0.450480 0.318057 0.768915 0.095310 0.611289 0.096794 0.494076 0.813081 0.371206 0.758042 0.443996 0.855888 0.344771 0.147946 0.642906 0.118555 0.018758 0.109887 0.381569 0.475337 0.865344 0.340728 0.770267 0.210629 0.576693 0.548445 0.373502 0.985767 0.150725 0.320158 0.357210 0.605769 0.273800 0.930453 0.215483 0.009486 0.989760 0.642417 0.350307 0.221257 0.346259 0.307787 0.917425 0.087362 0.564266 0.267692 0.585042 0.449256 0.129295 0.087906 0.350707 0.118419 0.400965 0.864200 0.520116 0.550672 0.899323 0.217698 0.466935 0.018907 0.141502 0.518724 0.688821 0.985444 0.193251 0.760742 0.130847 0.593448 0.456726 0.572324 0.872521 0.003719 0.863282 0.842953 0.741649 0.715315 0.717885 0.605004 0.082326 0.516728 0.304909 0.141452 0.973852 0.347056 0.565745 0.078560 0.770562 0.934237 0.633042 0.818381 0.119093 0.477066 0.133598 0.550429 0.116356 0.849174 0.408169 0.893363 0.924947 0.693414 0.769381 0.849008 0.206480 0.539233 0.863786 0.746767 0.104133 0.843218 0.810308 0.885245 0.682087 0.281600 0.113046 0.106234 0.436064 0.517106 0.696323 0.498910 0.799655 0.078216 0.384871 0.388405 0.145917 0.203000 0.568680 0.890362 0.063559 0.271752 0.243022 0.065038 0.944059 0.267492 0.919452 0.918219 0.366252 0.070148 0.274438 0.656946 0.836376 0.084294 0.852796 0.329716 0.409513 0.108922 0.798714 0.570568 0.577102 0.247388 0.856184 0.314136 0.817982 0.435764 0.246132 0.923518 0.746654 0.308883 0.836929 0.920182 0.894076 0.303073 0.257793 0.769991 0.830922 0.832774 0.536693 0.539255 0.460784 0.424259 0.892431 0.545702 0.340675 0.380928 0.524068 0.945039 0.776526 0.452672 0.196530 0.784863 0.197654 0.465076 0.389845 0.893846 0.573543 0.930964 0.854164 0.167775 0.618461 0.626646 0.431498 0.426325 0.439544 0.158230 0.154948 0.010221 0.701160 0.664861 0.596771 0.059037 0.981574 0.188228 0.446630 0.566497 0.547859 0.028883 0.175406 0.205135 0.013068 0.635785 0.875014 0.179119 0.265067 0.432547 0.123225 0.421968 0.388818 0.321719 0.130278 0.787859 0.214513 0.420872
0.399000 0.808298 0.913291 0.055361 0.628205 0.047961 0.736825 0.546137 0.921188 0.424509 0.626665 0.197097 0.646735 0.901124 0.255254 0.451307 0.025357 0.441420 0.909015 0.654533 0.511933 0.868661 0.453008 0.300192 0.053519 0.475468 0.432870 0.059676 0.224405 0.625520 0.333083 0.804568 0.004995 0.755315 0.044945 0.363506 0.366435 0.824077 0.623658 0.973266 0.686857 0.382585 0.517431 0.148727 0.388645 0.786806 0.352247 0.460645 0.302261 0.374930 0.548902 0.773346 0.994528 0.841994 0.203682 0.937398 0.999852 0.403200 0.939906 0.595901 0.559850 0.834980 0.464286 0.118249 0.263417 0.079050 0.928034 0.543922 0.065779 0.254665 0.898501 0.838142 0.181408 0.759594 0.866087 0.606294 0.149090 0.298178 0.721147 0.850910 0.664421 0.107545 0.453889 0.534631 0.515836 0.502650 0.641422 0.465797 0.402293 0.392622 0.117897 0.226699 0.841453 0.070169 0.340973 0.499100 0.798437 0.540976 0.839271 0.531671 0.041941 0.199372 0.316295 0.918626 0.608532 0.473683 0.011368 0.887315 0.881200 0.596777 0.646245 0.959632 0.382632 0.666250 0.624693 0.753661 0.159474 0.641563 0.434783 0.274501 0.651858 0.346691 0.486267 0.235064 0.954781 0.227027 0.042248 0.264581 0.643758 0.806224 0.783735 0.466998 0.533705 0.056152 0.438870 0.458869 0.852450 0.601181 0.149269 0.454861 0.735639 0.834714 0.985489 0.412609 0.639231 0.044817 0.457662 0.417733 0.374968 0.962729 0.608395 0.421824 0.746793 0.028514 0.749213 0.210828 0.534540 0.356245 0.627112 0.621137 0.101988 0.216531 0.414908 0.571758 0.122224 0.891344 0.168875 0.842291 0.611471 0.761973 0.271087 0.382972 0.114101 0.530159 0.093383 0.294453 0.186130 0.543560 0.954065 0.692064 0.140330 0.639736 0.580562 0.155670 0.694070 0.212855 0.767619 0.320217 0.209708 0.454524 0.822496 0.571062 0.667472 0.274209 0.127289 0.909008 0.522025 0.236234 0.223224 0.682978 0.222047 0.274886 0.845591 0.027499 0.168173 0.786243 0.274136 0.916621 0.709784 0.465558 0.610322 0.391418 0.554172 0.692976 0.612469 0.174290 0.482807 0.295840 0.459247 0.600666 0.369979 0.377540 0.240294 0.072707 0.900161 0.077626 0.984207 0.768591 0.999181 0.514354 0.434763 0.312145 0.827118 0.888085 0.005329 0.840075 0.878584 0.538713 0.386340 0.720893 0.633019 0.456698 0.844825 0.392052 0.057659 0.636307 0.144333 0.689761 0.415588 0.300912 0.571867 0.636489 0.202665 0.250702 0.188588 0.651594 0.227853 0.210796 0.136790 0.771518 0.050271 0.399369 0.091909 0.888770 0.774178 0.390727 0.459704 0.228757 0.383917 0.747383 0.476009 0.945706 0.366394 0.598367 0.749857 0.821292 0.612339 0.645687 0.771480 0.239295 0.797545 0.472877 0.417866 0.148204 0.040246 0.610265 0.389482 0.692304 0.433628 0.809673 0.550931 0.886904 0.781404 0.617268 0.751728 0.717138 0.410498 0.555080 0.836023 0.065971
0.442260 0.471159 0.018328 0.338870 0.090615 0.568169 0.186309 0.130489 0.700726 0.692837 0.994205 0.960409 0.554877 0.245083 0.173315 0.168375 0.838088 0.886353 0.386667 0.487380 0.483542 0.572846 0.004411 0.474698 0.728179 0.070893 0.136965 0.720702 0.100610 0.208017 0.351821 0.848724 0.653455 0.042514 0.839669 0.651457 0.703361 0.310289 0.442835 0.086027 0.373737 0.334068 0.810453 0.367533 0.551595 0.041894 0.100125 0.518750 0.117324 0.141956 0.301835 0.920834 0.615762 0.342866 0.011320 0.162879 0.107773 0.331410 0.038925 0.457186 0.512874 0.828025 0.977487 0.031380 0.034773 0.697329 0.867805 0.702160 0.606227 0.045997 0.888121 0.726972 0.335602 0.615184 0.660619 0.184797 0.279496 0.052867 0.871053 0.422800 0.226050 0.310679 0.246813 0.847908 0.554710 0.813342 0.174771 0.113100 0.597393 0.168159 0.848574 0.275897 0.930670 0.583085 0.894733 0.164206 0.440981 0.340378 0.895181 0.169757 0.655298 0.405851 0.485075 0.712128 0.224200 0.764139 0.873462 0.568402 0.156693 0.879946 0.794085 0.762708 0.642999 0.392500 0.832944 0.506996 0.530508 0.773756 0.573018 0.243004 0.153246 0.865065 0.599664 0.837055 0.577764 0.785219 0.407787 0.847422 0.561228 0.072974 0.876287 0.278905 0.337719 0.022478 0.854206 0.782441 0.644008 0.222788 0.482991 0.556313 0.960329 0.868747 0.674808 0.608796 0.090854 0.538876 0.747184 0.273029 0.175135 0.059696 0.347930 0.856326 0.715589 0.877449 0.916307 0.061970 0.605914 0.503398 0.952453 0.166855 0.645558 0.482848 0.054090 0.525339 0.417659 0.168123 0.023075 0.406297 0.358365 0.135332 0.839233 0.123329 0.317129 0.678254 0.322174 0.936639 0.154238 0.084382 0.477333 0.583369 0.503572 0.261841 0.960182 0.687446 0.304189 0.679318 0.006550 0.546350 0.395467 0.319033 0.836825 0.011294 0.631429 0.366617 0.994390 0.816888 0.056009 0.515327 0.070231 0.017245 0.790849 0.052922 0.540612 0.656877 0.320496 0.383333 0.537217 0.527594 0.954248 0.450387 0.657235 0.934680 0.783856 0.738273 0.977195 0.744147 0.461316 0.595973 0.404866 0.511868 0.840839 0.136983 0.054720 0.570587 0.065827 0.017901 0.357992 0.656477 0.567175 0.104514 0.992656 0.597634 0.323673 0.190411 0.326372 0.884119 0.952252 0.015896 0.728655 0.835698 0.354688 0.225480 0.765371 0.904935 0.589494 0.957683 0.181762 0.349273 0.382866 0.913980 0.240500 0.208377 0.361811 0.109606 0.943789 0.034972 0.767834 0.781025 0.726610 0.623356 0.951359 0.975060 0.644118 0.971085 0.800395 0.112800 0.006967 0.924902 0.075251 0.096384 0.111885 0.878725 0.849459 0.684085 0.474311 0.531969 0.800687 0.860934 0.151145 0.514365 0.590982 0.615452 0.281035 0.355972 0.718496 0.629516 0.020963 0.013711 0.932036 0.585034 0.782517 0.415945 0.444290 0.287066 0.140585 0.559809 0.234097 0.384365 0.595289 0.063021
0.514799 0.304882 0.142213 0.148919 0.325054 0.357887 0.445369 0.279556 0.904478 0.621281 0.255251 0.941479 0.059044 0.469583 0.014934 0.275690 0.917283 0.566817 0.520612 0.837021 0.553621 0.281786 0.672613 0.711215 0.832235 0.217673 0.413913 0.550950 0.081692 0.625002 0.901396 0.002000 0.054537 0.633734 0.836710 0.769451 0.805851 0.564372 0.954391 0.476789 0.917429 0.385771 0.939387 0.765819 0.581501 0.727448 0.419709 0.440325 0.900298 0.930468 0.795770 0.860583 0.286434 0.546550 0.271107 0.816382 0.393264 0.013543 0.437323 0.753394 0.560834 0.439261 0.170320 0.219680 0.339487 0.255151 0.817065 0.665295 0.874747 0.787130 0.661200 0.504051 0.697332 0.254211 0.524024 0.312064 0.041631 0.966230 0.183617 0.568983 0.978157 0.925844 0.224554 0.552073 0.640624 0.508545 0.850567 0.504998 0.623847 0.660856 0.239006 0.212361 0.367836 0.749050 0.699653 0.515905 0.353923 0.568231 0.612623 0.749196 0.214649 0.537469 0.476668 0.423306 0.659729 0.528627 0.341087 0.048223 0.487556 0.295587 0.969383 0.390490 0.168771 0.507403 0.435259 0.156751 0.615696 0.483612 0.242335 0.357684 0.389189 0.907060 0.079503 0.755087 0.428746 0.515910 0.794504 0.527076 0.410908 0.048386 0.204200 0.540282 0.300781 0.871488 0.597046 0.188904 0.299322 0.804210 0.588772 0.049147 0.985003 0.344524 0.684704 0.013913 0.692484 0.616715 0.200126 0.399833 0.004560 0.668463 0.523893 0.817965 0.445664 0.461242 0.451232 0.145968 0.288110 0.324470 0.773873 0.719801 0.555366 0.292499 0.087545 0.890883 0.924488 0.697366 0.285947 0.103958 0.652407 0.533242 0.873656 0.968378 0.746746 0.044926 0.054490 0.066841 0.924225 0.586907 0.553988 0.759515 0.349617 0.684032 0.120564 0.918657 0.872372 0.898016 0.325854 0.471052 0.346313 0.830364 0.610196 0.114792 0.948203 0.261828 0.579826 0.521192 0.557702 0.422052 0.040263 0.946605 0.051311 0.498425 0.358764 0.090168 0.815004 0.286740 0.511107 0.525665 0.367103 0.970744 0.270280 0.416143 0.782941 0.187089 0.427705 0.979510 0.439123 0.190793 0.235456 0.593782 0.698515 0.628998 0.830093 0.190148 0.529938 0.549987 0.422211 0.579008 0.725614 0.753541 0.557023 0.408453 0.450143 0.476940 0.152956 0.783598 0.177712 0.735578 0.756620 0.527238 0.857895 0.760933 0.041197 0.867458 0.905956 0.778663 0.640212 0.811534 0.252304 0.256769 0.920626 0.758573 0.656740 0.787765 0.944278 0.678698 0.838711 0.314480 0.062707 0.603656 0.504882 0.927169 0.666934 0.384447 0.067427 0.714763 0.682546 0.401953 0.140955 0.029031 0.661743 0.198735 0.293275 0.557862 0.185930 0.991968 0.257524 0.935555 0.633923 0.377840 0.228297 0.573720 0.731514 0.244011 0.194543 0.280410 0.592467 0.074250 0.965988 0.370290 0.157891 0.763092 0.765639 0.001254 0.762191 0.246819 0.963633 0.310321 0.057428 0.775922
0.216973 0.288852 0.026538 0.399256 0.728913 0.588573 0.673575 0.067339 0.081525 0.571122 0.659834 0.403866 0.628614 0.979249 0.691705 0.424764 0.192221 0.460380 0.055521 0.926682 0.160659 0.928792 0.046622 0.496213 0.826869 0.394169 0.983903 0.591194 0.210999 0.691135 0.877240 0.227393 0.781681 0.747814 0.464795 0.804680 0.605275 0.247880 0.201374 0.126067 0.585365 0.030848 0.235625 0.893379 0.110365 0.087657 0.601279 0.747083 0.841901 0.724943 0.505356 0.881829 0.508976 0.480005 0.581081 0.040573 0.449685 0.718401 0.991655 0.210265 0.274630 0.427828 0.632700 0.009145 0.819735 0.391862 0.343412 0.429795 0.833071 0.330499 0.222057 0.735118 0.440066 0.106551 0.597648 0.192573 0.093036 0.481089 0.857074 0.130186 0.078108 0.726020 0.836992 0.150732 0.086783 0.376550 0.495751 0.080860 0.176733 0.727946 0.254939 0.018970 0.537481 0.750283 0.315701 0.688975 0.519008 0.766234 0.287120 0.805305 0.773804 0.604377 0.668452 0.481179 0.416558 0.101247 0.612282 0.077425 0.509952 0.334448 0.729553 0.188188 0.479023 0.047637 0.134986 0.382915 0.350301 0.089256 0.663493 0.165827 0.119578 0.100181 0.951153 0.081113 0.696885 0.447411 0.231822 0.993123 0.505461 0.413875 0.405151 0.940277 0.489026 0.633185 0.819269 0.829032 0.880579 0.203922 0.794608 0.106520 0.000437 0.149027 0.331064 0.824122 0.762590 0.203510 0.433337 0.334367 0.934400 0.736530 0.285537 0.380569 0.301270 0.544053 0.593955 0.997619 0.996007 0.829691 0.188108 0.312636 0.844337 0.860968 0.971993 0.016393 0.883106 0.837038 0.670922 0.643680 0.755488 0.064563 0.437665 0.514577 0.220303 0.570387 0.523798 0.727507 0.070823 0.805548 0.405250 0.023286 0.678453 0.451735 0.984533 0.402564 0.696239 0.011313 0.077980 0.850357 0.498243 0.515644 0.245783 0.809934 0.730888 0.378613 0.493029 0.519869 0.581973 0.046520 0.847824 0.802477 0.255426 0.505207 0.252076 0.958564 0.429434 0.007304 0.330318 0.084975 0.146989 0.497749 0.818078 0.769854 0.803636 0.352979 0.427491 0.972873 0.389545 0.553503 0.517881 0.406536 0.636990 0.712189 0.306863 0.875307 0.590978 0.103766 0.178265 0.496407 0.211230 0.905026 0.937928 0.765102 0.941755 0.490122 0.017747 0.339294 0.780988 0.026957 0.873103 0.988357 0.186853 0.694974 0.541784 0.245753 0.948742 0.935043 0.617541 0.556679 0.480019 0.891916 0.053218 0.061415 0.130579 0.040452 0.131110 0.337621 0.755227 0.990358 0.857540 0.230582 0.933444 0.569392 0.223410 0.100019 0.718109 0.096014 0.424944 0.390394 0.077055 0.348337 0.422911 0.181034 0.366182 0.251686 0.517586 0.375204 0.594622 0.969144 0.494325 0.494969 0.621737 0.429736 0.362961 0.459207 0.806379 0.699031 0.990971 0.703166 0.819752 0.267910 0.602996 0.517056 0.051941 0.207032 0.853815 0.090008 0.293336 0.944729 0.572398 0.687628
0.392967 0.394959 0.211982 0.280561 0.102697 0.935708 0.502691 0.963913 0.361483 0.721133 0.100115 0.524040 0.020156 0.127800 0.500612 0.801410 0.776404 0.455340 0.766078 0.306726 0.054139 0.953057 0.762294 0.157767 0.685971 0.628118 0.879987 0.352734 0.145142 0.063270 0.536191 0.979794 0.863478 0.476469 0.727342 0.032196 0.798762 0.795473 0.429465 0.118484 0.473524 0.062623 0.740526 0.169503 0.729065 0.782469 0.799379 0.444999 0.316943 0.043868 0.803489 0.978366 0.092587 0.336385 0.072756 0.133986 0.332502 0.945640 0.773426 0.061516 0.319262 0.159073 0.910500 0.909327 0.354890 0.460009 0.987339 0.308681 0.895797 0.098266 0.980445 0.605354 0.918774 0.242371 0.729659 0.023000 0.677398 0.745881 0.022215 0.401511 0.616222 0.453656 0.165559 0.683906 0.879820 0.942141 0.464639 0.494257 0.955823 0.151942 0.030876 0.171550 0.523674 0.627037 0.104878 0.831027 0.383989 0.289922 0.206367 0.527637 0.368200 0.733208 0.674159 0.494850 0.123647 0.312548 0.128905 0.558428 0.215370 0.710895 0.188066 0.184593 0.971256 0.617048 0.741368 0.504394 0.379336 0.545233 0.415473 0.050682 0.720102 0.766323 0.440993 0.588980 0.412736 0.244894 0.488270 0.523394 0.827063 0.021130 0.982688 0.306406 0.690417 0.922862 0.863983 0.089201 0.355153 0.948011 0.706089 0.998522 0.996207 0.458389 0.606051 0.792762 0.030722 0.083796 0.732857 0.324415 0.107957 0.245197 0.123178 0.078994 0.927979 0.001182 0.453170 0.125284 0.540782 0.154115 0.643675 0.997102 0.751586 0.209178 0.111024 0.212196 0.627619 0.253020 0.997242 0.483139 0.417300 0.412795 0.592478 0.503473 0.689258 0.217807 0.640073 0.688691 0.071421 0.882686 0.520378 0.919913 0.659122 0.011700 0.657826 0.543141 0.163805 0.988349 0.041470 0.370710 0.669587 0.055562 0.938664 0.049719 0.291399 0.703488 0.389728 0.321800 0.861557 0.049994 0.438022 0.338726 0.400577 0.246039 0.069034 0.351455 0.212834 0.829567 0.835438 0.869332 0.223456 0.243784 0.577031 0.505310 0.701948 0.217806 0.866655 0.989683 0.490404 0.129483 0.545107 0.740386 0.641523 0.699295 0.664566 0.113612 0.765346 0.775022 0.961622 0.948522 0.665681 0.545733 0.657890 0.751925 0.937449 0.678350 0.785775 0.605041 0.057354 0.174570 0.765597 0.388167 0.678636 0.746300 0.371816 0.220809 0.890867 0.324500 0.814484 0.080634 0.369337 0.684602 0.598285 0.216065 0.774110 0.473132 0.191476 0.362910 0.593284 0.498951 0.664863 0.901566 0.986967 0.630977 0.258488 0.647088 0.017049 0.396978 0.754039 0.629242 0.097424 0.747131 0.183193 0.342617 0.337791 0.734637 0.451791 0.542691 0.020176 0.570796 0.126775 0.003742 0.208804 0.661979 0.554102 0.244634 0.297629 0.684561 0.281846 0.833976 0.507141 0.196205 0.904040 0.375300 0.376034 0.041373 0.623394 0.830383 0.203979 0.932704 0.304878 0.076393
0.331123 0.528955 0.206842 0.497009 0.484156 0.693177 0.935698 0.035934 0.461527 0.084762 0.791809 0.599437 0.055718 0.971498 0.760527 0.688396 0.226439 0.357690 0.798663 0.154112 0.813500 0.231802 0.115923 0.484874 0.314457 0.835850 0.459093 0.165971 0.130014 0.686247 0.031296 0.528657 0.730402 0.998405 0.046890 0.359119 0.563170 0.665086 0.554038 0.699873 0.198718 0.265435 0.894564 0.387357 0.897273 0.159094 0.449106 0.634337 0.793596 0.053382 0.461041 0.330736 0.292643 0.173094 0.292825 0.236490 0.009562 0.310622 0.938086 0.077127 0.289796 0.243616 0.693041 0.731136 0.285302 0.647768 0.658434 0.295558 0.458864 0.091077 0.679715 0.046992 0.917433 0.673318 0.779213 0.077634 0.222096 0.558801 0.911265 0.371773 0.853524 0.051321 0.111679 0.357328 0.629397 0.672412 0.195300 0.889865 0.157389 0.660249 0.753103 0.233319 0.354451 0.003655 0.587486 0.177002 0.796564 0.438656 0.029141 0.607487 0.403207 0.084759 0.365899 0.834695 0.421212 0.099316 0.870692 0.351549 0.654913 0.394566 0.249045 0.275061 0.839361 0.210529 0.953085 0.815331 0.345183 0.293770 0.876320 0.063683 0.947710 0.679060 0.775518 0.044113 0.394507 0.893538 0.856799 0.886099 0.231364 0.159617 0.625172 0.526812 0.984436 0.286495 0.985635 0.678895 0.499722 0.829153 0.173750 0.430251 0.321347 0.932199 0.930792 0.156010 0.485811 0.320442 0.170428 0.393668 0.171552 0.023582 0.050994 0.866105 0.073721 0.838163 0.033613 0.338986 0.639557 0.190327 0.192635 0.472786 0.491629 0.747250 0.554337 0.890897 0.188773 0.533238 0.688930 0.078205 0.776403 0.194360 0.725186 0.055696 0.036938 0.128053 0.163717 0.362328 0.045620 0.383576 0.186924 0.821771 0.163429 0.835923 0.042486 0.245077 0.418457 0.147742 0.256069 0.958692 0.187341 0.065758 0.875408 0.872762 0.893176 0.112540 0.298911 0.684701 0.583866 0.844862 0.502185 0.256598 0.117975 0.843966 0.784276 0.667575 0.818570 0.361204 0.123504 0.150399 0.292965 0.023558 0.073011 0.039620 0.326279 0.854760 0.134117 0.507501 0.534099 0.958873 0.811627 0.822273 0.744018 0.894612 0.868347 0.260114 0.145757 0.463794 0.158775 0.966152 0.065076 0.671056 0.676070 0.042651 0.427019 0.471202 0.623415 0.574880 0.455533 0.477719 0.946238 0.307515 0.313678 0.033432 0.237289 0.820781 0.060552 0.542469 0.866030 0.843331 0.635853 0.369080 0.988726 0.881805 0.307942 0.315753 0.159110 0.572702 0.183360 0.175427 0.093243 0.131848 0.833654 0.703487 0.508513 0.139990 0.419842 0.816553 0.033320 0.458539 0.910599 0.729927 0.777437 0.031637 0.813399 0.216772 0.600374 0.314975 0.464175 0.356619 0.060910 0.101687 0.542839 0.010275 0.286581 0.824376 0.168507 0.568767 0.706314 0.597367 0.814522 0.224240 0.160034 0.466121 0.834909 0.523643 0.545728 0.021871 0.145835 0.181310 0.155020 0.161377
0.149704 0.245588 0.992439 0.993922 0.948803 0.085300 0.938980 0.718521 0.396679 0.164286 0.331333 0.895614 0.929825 0.347234 0.642805 0.947551 0.327163 0.080243 0.021064 0.257379 0.882653 0.386779 0.936971 0.508991 0.289748 0.723415 0.223730 0.003328 0.326239 0.281937 0.862039 0.792884 0.735763 0.136545 0.537853 0.892195 0.480006 0.697191 0.436476 0.429168 0.699658 0.305330 0.772914 0.584496 0.000856 0.252865 0.245171 0.148681 0.246152 0.951083 0.300948 0.183494 0.917701 0.190082 0.506489 0.681506 0.548884 0.142085 0.124543 0.390547 0.175566 0.269339 0.331002 0.507459 0.395199 0.592580 0.318426 0.101572 0.771815 0.357518 0.920748 0.476479 0.314488 0.300002 0.336398 0.580406 0.079595 0.974775 0.422953 0.716206 0.678200 0.308547 0.983678 0.906801 0.282528 0.473128 0.161978 0.031642 0.482788 0.739213 0.218255 0.786563 0.086744 0.749971 0.072856 0.801881 0.574665 0.098947 0.236872 0.919608 0.993255 0.845861 0.457265 0.321706 0.148018 0.769799 0.648554 0.648888 0.482733 0.386423 0.693230 0.942148 0.103345 0.075766 0.250429 0.449317 0.053971 0.156292 0.028682 0.562885 0.840704 0.794824 0.468805 0.228247 0.467894 0.393359 0.695895 0.642677 0.748671 0.075730 0.862986 0.171010 0.825144 0.093234 0.716299 0.808246 0.860134 0.600921 0.275164 0.781488 0.007002 0.361762 0.012283 0.247741 0.592222 0.913085 0.373780 0.197260 0.503412 0.321019 0.129354 0.230702 0.507640 0.069046 0.479638 0.507151 0.429445 0.814165 0.462872 0.732909 0.529845 0.489844 0.304394 0.533458 0.686025 0.011034 0.472494 0.058875 0.669520 0.531344 0.231177 0.713325 0.855535 0.830602 0.943443 0.812845 0.211960 0.562032 0.923805 0.628110 0.735273 0.536738 0.384871 0.318070 0.357882 0.989882 0.892372 0.053338 0.122128 0.121727 0.894645 0.701015 0.584408 0.476683 0.458175 0.558176 0.778186 0.200135 0.895313 0.911656 0.182611 0.709645 0.212336 0.778993 0.496588 0.118391 0.720806 0.532817 0.378408 0.108161 0.594608 0.142319 0.826060 0.484160 0.628235 0.979821 0.025516 0.220339 0.473328 0.802486 0.847564 0.718526 0.161642 0.015868 0.763343 0.091358 0.474501 0.567618 0.763774 0.170397 0.565670 0.938268 0.113107 0.075374 0.442272 0.499080 0.629143 0.577561 0.020770 0.534471 0.420695 0.255118 0.621972 0.081044 0.451116 0.291255 0.854466 0.638030 0.279443 0.737379 0.154760 0.489104 0.855753 0.526980 0.989348 0.903085 0.388867 0.371232 0.743046 0.141757 0.580717 0.475353 0.412834 0.621018 0.042365 0.926209 0.954929 0.476861 0.240870 0.113954 0.460573 0.009545 0.051553 0.065407 0.690869 0.690295 0.304617 0.380501 0.208531 0.813724 0.343838 0.539712 0.954844 0.312625 0.795355 0.075040 0.319451 0.361709 0.129432 0.269012 0.387081 0.439995 0.159917 0.646347 0.675787 0.160344 0.323377 0.822625 0.739220 0.699820
0.399221 0.645521 0.982152 0.648807 0.862278 0.381693 0.427630 0.210089 0.037176 0.839967 0.642875 0.429940 0.072074 0.290620 0.331368 0.573580 0.803498 0.582765 0.379595 0.516244 0.352706 0.053004 0.122092 0.583869 0.935345 0.928162 0.192996 0.301516 0.192024 0.916130 0.456049 0.296566 0.456380 0.680141 0.434750 0.302639 0.010531 0.860495 0.851025 0.194114 0.435407 0.648722 0.895325 0.024592 0.491683 0.449679 0.029022 0.853657 0.679998 0.658941 0.356211 0.810560 0.331124 0.825899 0.095670 0.573381 0.901640 0.085925 0.229107 0.618687 0.021498 0.730008 0.493572 0.365438 0.422825 0.545400 0.933926 0.156925 0.456450 0.983097 0.263318 0.916993 0.302690 0.942300 0.794597 0.229546 0.665059 0.627248 0.672761 0.721371 0.245527 0.033010 0.813461 0.092286 0.481551 0.462637 0.041621 0.830587 0.679124 0.684857 0.975983 0.078521 0.047457 0.817235 0.834129 0.903517 0.016227 0.641553 0.219912 0.695546 0.561908 0.965741 0.009046 0.782639 0.177317 0.469029 0.141138 0.012465 0.678711 0.975777 0.877856 0.481600 0.954756 0.187051 0.696356 0.044615 0.613435 0.149121 0.320319 0.668143 0.990076 0.504428 0.206958 0.405818 0.074202 0.836190 0.374670 0.834299 0.626643 0.548998 0.786038 0.404799 0.341007 0.810009 0.006703 0.550024 0.276676 0.510666 0.673825 0.836735 0.111710 0.684866 0.071942 0.327411 0.576290 0.751302 0.465313 0.933223 0.922298 0.895794 0.401797 0.777291 0.762552 0.698613 0.344009 0.330917 0.208084 0.291608 0.465899 0.085891 0.615609 0.392591 0.637279 0.291444 0.572864 0.379913 0.183147 0.014067 0.424086 0.899766 0.608259 0.785905 0.473195 0.223913 0.467599 0.610163 0.369635 0.204978 0.705242 0.284831 0.754221 0.557080 0.418712 0.838141 0.414462 0.018198 0.495178 0.370776 0.072933 0.996970 0.193518 0.910924 0.775854 0.396574 0.814544 0.676490 0.554977 0.576634 0.747243 0.714864 0.796210 0.065513 0.187953 0.045589 0.363108 0.166334 0.326797 0.440099 0.062354 0.193213 0.471746 0.823595 0.984614 0.157306 0.882955 0.112377 0.468153 0.415538 0.084868 0.775916 0.540121 0.600778 0.441202 0.943434 0.882803 0.413832 0.522715 0.717156 0.537089 0.738967 0.051544 0.039395 0.519324 0.921256 0.504508 0.467761 0.736197 0.625164 0.888375 0.534252 0.090919 0.615770 0.884253 0.982939 0.907067 0.265741 0.293282 0.779000 0.590818 0.777082 0.665402 0.187570 0.474151 0.942805 0.180438 0.372253 0.371014 0.456508 0.304303 0.113109 0.170032 0.736326 0.837527 0.749234 0.062080 0.861468 0.801993 0.225031 0.081815 0.852602 0.506938 0.149848 0.936143 0.183139 0.620453 0.492084 0.645508 0.288222 0.716744 0.836374 0.265594 0.057597 0.563243 0.434262 0.304670 0.421589 0.704831 0.071256 0.740374 0.579218 0.625043 0.664613 0.217247 0.035536 0.139020 0.504771 0.550707 0.754596 0.413207 0.207307
0.877435 0.870209 0.287156 0.619199 0.217158 0.265350 0.048942 0.146829 0.475432 0.773087 0.855911 0.433796 0.213710 0.846137 0.333905 0.623786 0.606419 0.950737 0.624738 0.394130 0.696527 0.861556 0.282466 0.080459 0.653960 0.484267 0.140072 0.813775 0.904149 0.969081 0.678886 0.202736 0.458002 0.443959 0.835532 0.056200 0.607083 0.890798 0.237270 0.359279 0.570297 0.485706 0.031893 0.510765 0.734551 0.024195 0.635669 0.330773 0.482116 0.806588 0.611608 0.738866 0.093780 0.938474 0.871689 0.251724 0.909025 0.739714 0.544994 0.693258 0.960213 0.472434 0.899124 0.327168 0.297852 0.479336 0.655238 0.520572 0.063032 0.994684 0.305929 0.470397 0.190151 0.419501 0.480451 0.708964 0.401465 0.176329 0.968300 0.906823 0.286396 0.949263 0.919906 0.266960 0.384210 0.788505 0.265053 0.657806 0.920691 0.048283 0.803136 0.021616 0.929960 0.207526 0.342367 0.929570 0.402696 0.035504 0.750716 0.194157 0.160350 0.596612 0.349172 0.866047 0.704024 0.863471 0.749463 0.683687 0.176808 0.940767 0.190799 0.933711 0.607937 0.036896 0.917584 0.046259 0.743319 0.963390 0.918926 0.965706 0.149919 0.714314 0.543895 0.214182 0.935692 0.446441 0.873818 0.332772 0.636474 0.846023 0.200433 0.191862 0.991818 0.204516 0.448176 0.709648 0.033439 0.647776 0.524048 0.609031 0.016842 0.733871 0.030245 0.264904 0.100220 0.713084 0.024724 0.998903 0.062575 0.485806 0.084868 0.933951 0.738210 0.810086 0.818077 0.250557 0.322109 0.561535 0.807086 0.559206 0.693401 0.893588 0.241341 0.772191 0.965532 0.701399 0.777936 0.145085 0.448956 0.307190 0.932389 0.249269 0.717520 0.526665 0.895818 0.415639 0.871413 0.427785 0.389198 0.225989 0.281376 0.073082 0.551689 0.827271 0.348964 0.810078 0.072309 0.884477 0.749886 0.369321 0.523389 0.689006 0.087884 0.462906 0.590740 0.993655 0.114907 0.906230 0.979641 0.777096 0.622700 0.812100 0.478127 0.731173 0.987331 0.914481 0.004771 0.121638 0.769499 0.541977 0.758649 0.574792 0.629870 0.364933 0.556050 0.541070 0.818795 0.964145 0.650649 0.407859 0.815675 0.962557 0.007940 0.519333 0.071259 0.146000 0.077431 0.133322 0.193720 0.157630 0.115384 0.260890 0.025522 0.411361 0.482900 0.925055 0.924334 0.616829 0.570390 0.706907 0.855486 0.341888 0.633428 0.979408 0.954956 0.909928 0.659019 0.039366 0.468232 0.158066 0.672395 0.503152 0.605167 0.613461 0.490718 0.409265 0.548277 0.150988 0.325592 0.325715 0.489095 0.014688 0.812213 0.463872 0.849111 0.195412 0.456615 0.775017 0.805613 0.226755 0.639550 0.282757 0.653895 0.024111 0.881761 0.930373 0.840909 0.013521 0.097435 0.804671 0.906197 0.643647 0.660119 0.366948 0.882679 0.859850 0.829472 0.704507 0.943245 0.023716 0.968786 0.069072 0.831675 0.378027 0.162540 0.350499 0.308256 0.783928 0.341415 0.240634
0.302705 0.247651 0.750300 0.553538 0.120605 0.249256 0.059115 0.432954 0.694409 0.277584 0.674364 0.635435 0.425643 0.211944 0.597950 0.320696 0.664066 0.562764 0.836854 0.833613 0.903377 0.883629 0.696705 0.602524 0.763524 0.858504 0.399094 0.432132 0.695731 0.928699 0.480505 0.215597 0.971248 0.978246 0.553192 0.777770 0.030630 0.178765 0.013607 0.889901 0.743429 0.459572 0.777502 0.093093 0.209998 0.136729 0.836688 0.446700 0.060318 0.532920 0.871212 0.344069 0.319112 0.917613 0.482486 0.554423 0.313246 0.583344 0.918668 0.120207 0.274757 0.573214 0.807201 0.599430 0.890816 0.053823 0.593171 0.392046 0.988312 0.964281 0.328067 0.780765 0.407952 0.736891 0.224462 0.602901 0.767261 0.104161 0.117177 0.384599 0.723245 0.013162 0.312361 0.718109 0.346983 0.818242 0.406417 0.958466 0.209158 0.284643 0.152172 0.842552 0.156372 0.099489 0.818275 0.007047 0.098881 0.025990 0.738447 0.075070 0.780379 0.792280 0.509783 0.159343 0.453080 0.152477 0.449249 0.662847 0.505016 0.216444 0.522577 0.642401 0.102826 0.401772 0.275621 0.606858 0.758650 0.878327 0.420520 0.807815 0.991265 0.224478 0.542884 0.928915 0.733205 0.390388 0.653928 0.528343 0.819982 0.057953 0.629850 0.476417 0.601655 0.776101 0.077842 0.501959 0.892515 0.371020 0.048825 0.574134 0.686436 0.083033 0.899496 0.008523 0.303235 0.604899 0.865562 0.415730 0.462005 0.890696 0.787138 0.904988 0.701796 0.279254 0.998744 0.788783 0.804595 0.164220 0.056976 0.364039 0.051793 0.531125 0.238602 0.329492 0.905826 0.038972 0.750306 0.368721 0.723924 0.050481 0.682141 0.454665 0.322155 0.839187 0.027868 0.664116 0.719920 0.848705 0.240521 0.572928 0.746151 0.612032 0.479183 0.105370 0.756621 0.095654 0.992598 0.812003 0.308124 0.134890 0.291396 0.841135 0.416555 0.521559 0.903873 0.797000 0.045248 0.170174 0.385173 0.032074 0.157922 0.162358 0.136653 0.085011 0.440764 0.831972 0.290448 0.267791 0.752666 0.182780 0.302118 0.720299 0.108053 0.108307 0.074913 0.426468 0.433094 0.689928 0.785379 0.762414 0.185994 0.167136 0.371765 0.110914 0.001895 0.381806 0.320829 0.777899 0.581215 0.281342 0.239334 0.004193 0.189156 0.898553 0.650566 0.432175 0.165617 0.225426 0.955591 0.931746 0.410782 0.932972 0.441827 0.735549 0.985915 0.674780 0.680794 0.948050 0.495558 0.133660 0.229510 0.951636 0.592874 0.436443 0.496170 0.825660 0.833457 0.802893 0.685374 0.284959 0.334641 0.013659 0.857174 0.628195 0.466268 0.692595 0.502029 0.952082 0.930553 0.865079 0.268022 0.429460 0.601501 0.649110 0.029420 0.141110 0.260276 0.395701 0.275518 0.861561 0.572766 0.492875 0.498183 0.710988 0.208727 0.413601 0.438150 0.383575 0.641563 0.764464 0.198565 0.763744 0.322598 0.868786 0.328345 0.627501 0.328255 0.402268 0.607990 0.189969
0.335802 0.149749 0.044868 0.414309 0.474650 0.860712 0.601511 0.050888 0.495512 0.898197 0.798377 0.006624 0.711784 0.688003 0.980271 0.564842 0.213887 0.122059 0.025753 0.922538 0.593345 0.679509 0.193265 0.685137 0.758330 0.847368 0.443121 0.606050 0.946368 0.822290 0.972438 0.111689 0.003101 0.291886 0.339256 0.736367 0.318969 0.492444 0.772313 0.457262 0.685999 0.278472 0.274183 0.671682 0.671501 0.175412 0.236499 0.131463 0.332293 0.992886 0.468192 0.369635 0.163889 0.769398 0.112936 0.106958 0.651676 0.627367 0.428688 0.169492 0.157317 0.353605 0.123415 0.446692 0.742334 0.249323 0.333463 0.636204 0.727946 0.183662 0.358287 0.113566 0.094574 0.516615 0.469091 0.802577 0.737344 0.931753 0.774527 0.329570 0.469541 0.740357 0.547168 0.627381 0.305165 0.560744 0.699932 0.718757 0.645260 0.761571 0.726779 0.669724 0.451446 0.044620 0.379433 0.908903 0.772029 0.223450 0.469239 0.874983 0.138198 0.245806 0.318966 0.280229 0.175115 0.561631 0.768133 0.126178 0.111010 0.068819 0.844334 0.435972 0.164044 0.421765 0.202849 0.860190 0.258587 0.544350 0.295358 0.381852 0.593400 0.555129 0.807509 0.398811 0.272147 0.420451 0.269696 0.964921 0.784439 0.199887 0.259136 0.057097 0.748498 0.970351 0.514983 0.712628 0.359407 0.668157 0.919961 0.214943 0.764049 0.765037 0.710026 0.420088 0.717787 0.519038 0.090292 0.554902 0.200429 0.805710 0.710415 0.084604 0.747609 0.586766 0.202091 0.351774 0.178495 0.706175 0.435845 0.926040 0.005762 0.137299 0.338307 0.230008 0.261009 0.081196 0.961697 0.821182 0.706811 0.374085 0.993555 0.837358 0.629339 0.974742 0.912058 0.853675 0.292183 0.449140 0.492299 0.969714 0.695889 0.349218 0.876937 0.668862 0.516764 0.091091 0.068944 0.340623 0.551067 0.869686 0.905022 0.668317 0.391649 0.692675 0.317055 0.561737 0.180529 0.784484 0.524398 0.132347 0.905081 0.804301 0.683371 0.456751 0.206651 0.705767 0.816674 0.509353 0.413625 0.910708 0.315680 0.238787 0.781295 0.895742 0.564670 0.871247 0.962932 0.524185 0.465653 0.650720 0.834011 0.302385 0.875073 0.078747 0.864881 0.258021 0.745357 0.634870 0.581192 0.473512 0.845176 0.088251 0.291894 0.981933 0.535180 0.950496 0.581820 0.152143 0.968056 0.867829 0.944115 0.166689 0.840835 0.976020 0.214302 0.551394 0.182359 0.806147 0.733632 0.615312 0.768752 0.734895 0.003512 0.245614 0.833912 0.880879 0.932762 0.871269 0.234935 0.366332 0.856279 0.513525 0.483163 0.337433 0.333148 0.365020 0.938300 0.102282 0.039603 0.465040 0.031576 0.522010 0.088979 0.904957 0.431133 0.690317 0.914307 0.741476 0.792777 0.396995 0.373478 0.381772 0.705908 0.873784 0.077919 0.822994 0.813571 0.173495 0.562338 0.912226 0.108627 0.962237 0.305667 0.783604 0.617774 0.614296 0.870831 0.215220 0.387083 0.511450
0.846132 0.072444 0.384415 0.175225 0.105268 0.712713 0.711217 0.347806 0.290091 0.312619 0.548788 0.077419 0.684180 0.417536 0.344391 0.545395 0.786541 0.758795 0.053005 0.711887 0.334242 0.396548 0.539825 0.132364 0.498212 0.441803 0.266242 0.255488 0.455145 0.289368 0.948818 0.671968 0.622771 0.392569 0.126821 0.312372 0.076778 0.625832 0.287504 0.111538 0.113137 0.504896 0.510289 0.185465 0.490818 0.167520 0.768738 0.413935 0.460001 0.218111 0.978971 0.287653 0.583715 0.102285 0.818349 0.519834 0.901156 0.877915 0.637450 0.027572 0.278384 0.693829 0.732460 0.144085 0.951733 0.943238 0.915853 0.602423 0.970159 0.650399 0.234230 0.465388 0.048086 0.204517 0.887015 0.246473 0.594977 0.088039 0.266322 0.395409 0.768349 0.307563 0.603036 0.296696 0.408980 0.598016 0.818034 0.396610 0.192873 0.991840 0.116540 0.376686 0.234592 0.920586 0.844871 0.494569 0.389365 0.485882 0.782817 0.898766 0.147942 0.376618 0.900012 0.561308 0.981052 0.806683 0.247593 0.807969 0.789238 0.099554 0.077933 0.401261 0.324499 0.295507 0.544569 0.997607 0.840687 0.508447 0.257889 0.264665 0.213291 0.922081 0.192225 0.590874 0.935032 0.801456 0.376336 0.596157 0.281599 0.312114 0.107115 0.680631 0.164558 0.217171 0.035207 0.485924 0.514733 0.817723 0.836797 0.256640 0.390994 0.880138 0.738021 0.476593 0.791872 0.390974 0.225024 0.301986 0.897540 0.389599 0.277463 0.369819 0.688177 0.790907 0.966626 0.020595 0.286998 0.923732 0.484913 0.116263 0.966971 0.782355 0.333905 0.258465 0.163187 0.303588 0.639132 0.651659 0.766908 0.844225 0.708266 0.229313 0.087932 0.251224 0.057356 0.239236 0.617748 0.321121 0.849253 0.533592 0.376676 0.158884 0.289048 0.395005 0.452528 0.527918 0.693771 0.716144 0.976121 0.943103 0.312365 0.284251 0.618089 0.685007 0.153988 0.021929 0.595601 0.600956 0.340228 0.462719 0.252023 0.938270 0.441783 0.663354 0.776027 0.533826 0.809954 0.055105 0.882721 0.585676 0.974903 0.948702 0.851223 0.080597 0.444597 0.718865 0.131643 0.034943 0.543960 0.014529 0.467749 0.122409 0.676904 0.740577 0.912064 0.330764 0.431634 0.364474 0.740208 0.463384 0.084522 0.901410 0.999827 0.996215 0.779903 0.373637 0.531664 0.061471 0.405286 0.759350 0.611679 0.538730 0.371929 0.385536 0.640406 0.908502 0.425986 0.196747 0.179865 0.793299 0.560839 0.765915 0.034744 0.093813 0.739127 0.754290 0.074619 0.280243 0.945862 0.472937 0.801518 0.985677 0.236347 0.368857 0.089386 0.283339 0.365699 0.699213 0.281150 0.412296 0.264616 0.025982 0.509278 0.364359 0.432200 0.894572 0.206686 0.392486 0.217090 0.892805 0.862419 0.905371 0.264530 0.931747 0.536142 0.224395 0.120754 0.049442 0.455694 0.269832 0.917634 0.752291 0.795650 0.459685 0.831802 0.721107 0.380198 0.115078 0.616234 0.270983
0.631029 0.724357 0.833701 0.826721 0.963211 0.364842 0.599960 0.475979 0.048508 0.657222 0.248613 0.798074 0.527899 0.677451 0.333654 0.859792 0.325537 0.894584 0.417169 0.527301 0.923783 0.689773 0.758076 0.368556 0.000132 0.409276 0.088070 0.539056 0.463077 0.161117 0.098073 0.884032 0.626489 0.045075 0.688066 0.740016 0.118360 0.991665 0.161832 0.118952 0.460295 0.939902 0.709681 0.867274 0.178867 0.532257 0.937202 0.561097 0.498119 0.821001 0.565475 0.151694 0.421587 0.954725 0.498419 0.801069 0.177794 0.939855 0.621115 0.420164 0.066444 0.094422 0.683907 0.909374 0.669936 0.936232 0.508981 0.232338 0.076893 0.018589 0.183373 0.009770 0.526600 0.343570 0.464675 0.593023 0.195618 0.602496 0.397408 0.567770 0.725614 0.609270 0.491314 0.523901 0.110739 0.473680 0.922318 0.543604 0.319351 0.202623 0.836718 0.114560 0.716729 0.804242 0.977196 0.768939 0.207145 0.394239 0.941519 0.675871 0.768102 0.643420 0.760370 0.286416 0.413832 0.405255 0.099355 0.616984 0.047086 0.515600 0.521678 0.804073 0.816041 0.248913 0.574377 0.691043 0.556410 0.397305 0.533492 0.655310 0.180881 0.280565 0.130159 0.099358 0.688945 0.939356 0.179343 0.240370 0.870201 0.517384 0.030677 0.062483 0.052298 0.326254 0.411834 0.974921 0.140984 0.687208 0.153134 0.956531 0.213403 0.528134 0.051246 0.883548 0.056953 0.983037 0.520234 0.539576 0.382317 0.375744 0.358926 0.166341 0.127732 0.995855 0.880806 0.680278 0.404208 0.139337 0.993301 0.275994 0.532051 0.257121 0.301617 0.418358 0.944350 0.983542 0.921914 0.594760 0.870718 0.673274 0.902828 0.760433 0.224968 0.935492 0.821245 0.004077 0.057025 0.528247 0.783859 0.876105 0.660509 0.074531 0.668813 0.279061 0.142735 0.390632 0.479505 0.319886 0.748948 0.333517 0.255193 0.230691 0.767426 0.341202 0.231478 0.418807 0.945352 0.828717 0.616594 0.476050 0.550254 0.257941 0.189336 0.029618 0.266871 0.886942 0.292119 0.922914 0.069080 0.088637 0.010569 0.940680 0.830185 0.276089 0.099503 0.939239 0.498919 0.304800 0.803269 0.435861 0.693461 0.677819 0.761485 0.570368 0.877111 0.050771 0.903466 0.003812 0.851046 0.853392 0.887424 0.815029 0.612613 0.606276 0.209826 0.327445 0.474190 0.589764 0.656911 0.052356 0.365908 0.962825 0.013607 0.024297 0.302117 0.371062 0.586831 0.880375 0.695242 0.017128 0.724701 0.611177 0.393281 0.441019 0.382542 0.743450 0.896961 0.796254 0.060162 0.028467 0.990708 0.217251 0.373947 0.193872 0.113445 0.901727 0.950933 0.828216 0.148247 0.161736 0.190235 0.980825 0.168474 0.357436 0.702306 0.615880 0.761524 0.613594 0.943056 0.821348 0.639882 0.273815 0.161943 0.754365 0.764124 0.883436 0.540624 0.231837 0.454471 0.144355 0.690364 0.190783 0.757432 0.146708 0.545258 0.886769 0.166607 0.942330 0.206813 0.956054
0.707070 0.744324 0.467398 0.918543 0.740857 0.923641 0.757094 0.252813 0.812461 0.186620 0.384506 0.158988 0.357311 0.388388 0.109829 0.017744 0.792593 0.993854 0.958738 0.143823 0.342400 0.855298 0.150819 0.224966 0.460643 0.773755 0.622044 0.610202 0.660053 0.843045 0.056419 0.499312 0.820797 0.705565 0.807955 0.771679 0.161034 0.492157 0.826861 0.541991 0.015690 0.265236 0.184606 0.388426 0.871429 0.684994 0.046917 0.693580 0.263281 0.249130 0.713811 0.374893 0.367333 0.229946 0.904856 0.808278 0.462027 0.219141 0.561291 0.544665 0.510705 0.209836 0.151976 0.676763 0.935635 0.777690 0.688221 0.060723 0.702346 0.303012 0.385294 0.137581 0.109798 0.449689 0.564790 0.962233 0.882289 0.069784 0.926080 0.957671 0.449032 0.351988 0.408412 0.364462 0.667038 0.003576 0.194247 0.046936 0.329803 0.929313 0.173745 0.682715 0.633821 0.638682 0.175120 0.931302 0.842704 0.264323 0.748276 0.787553 0.775105 0.828994 0.783439 0.026399 0.576927 0.222361 0.678108 0.202597 0.333322 0.390229 0.222589 0.313257 0.950642 0.533803 0.119248 0.232108 0.065695 0.068234 0.308095 0.761818 0.666886 0.895789 0.904685 0.902602 0.352762 0.751850 0.157560 0.707457 0.424698 0.621387 0.576454 0.986013 0.338109 0.478650 0.462589 0.573854 0.679928 0.105617 0.801543 0.210099 0.559476 0.038487 0.213642 0.750371 0.946011 0.491483 0.085454 0.052289 0.155716 0.907483 0.618594 0.754954 0.685449 0.158638 0.679472 0.760665 0.600311 0.765715 0.106586 0.146221 0.967826 0.451434 0.959905 0.848419 0.707260 0.212891 0.823950 0.749197 0.405295 0.754989 0.274790 0.124235 0.965212 0.604025 0.618441 0.164370 0.973087 0.587926 0.317944 0.136860 0.788314 0.190717 0.088581 0.486661 0.805013 0.397290 0.633455 0.666743 0.866795 0.962702 0.194650 0.004675 0.695591 0.861579 0.292646 0.830338 0.027215 0.210362 0.985381 0.585219 0.843928 0.895594 0.866879 0.620870 0.994679 0.778325 0.511624 0.363282 0.012074 0.499064 0.295226 0.847513 0.126331 0.256331 0.168893 0.559221 0.041483 0.063487 0.463338 0.076224 0.140722 0.805948 0.586364 0.865815 0.902845 0.725932 0.396538 0.189042 0.481573 0.445998 0.511589 0.282115 0.866097 0.384935 0.805122 0.065147 0.184756 0.008202 0.794540 0.406031 0.873926 0.639164 0.931546 0.212467 0.649790 0.846271 0.620403 0.369192 0.357384 0.947908 0.846116 0.745263 0.991666 0.299227 0.807141 0.227588 0.684333 0.245027 0.012421 0.757719 0.739800 0.953563 0.039313 0.716536 0.371383 0.209616 0.908335 0.976240 0.812838 0.720984 0.232077 0.659699 0.279416 0.541074 0.856285 0.914965 0.488818 0.503076 0.962993 0.362928 0.742087 0.247193 0.283149 0.003042 0.346869 0.611920 0.109093 0.325993 0.394885 0.092388 0.292837 0.697564 0.198750 0.494081 0.076949 0.830256 0.897609 0.125741 0.767309 0.650777
0.089080 0.090021 0.107672 0.856040 0.433969 0.379904 0.708841 0.735388 0.674812 0.460752 0.311198 0.271507 0.326255 0.795335 0.904114 0.391283 0.562302 0.499431 0.047181 0.207765 0.384291 0.391119 0.004699 0.386834 0.746819 0.517838 0.149424 0.505162 0.714809 0.404064 0.843777 0.614318 0.672350 0.947147 0.190260 0.286138 0.150780 0.942026 0.856173 0.191328 0.886922 0.035046 0.370696 0.742159 0.919430 0.103806 0.898035 0.193009 0.722040 0.039126 0.062117 0.526407 0.562721 0.252607 0.023456 0.346195 0.457559 0.670356 0.820521 0.386734 0.339882 0.303320 0.090528 0.332214 0.368956 0.386508 0.130401 0.734472 0.064672 0.807379 0.399695 0.072629 0.958220 0.437301 0.141228 0.056502 0.541519 0.469774 0.994614 0.725276 0.651720 0.753168 0.506043 0.918543 0.613680 0.789309 0.210272 0.062217 0.247953 0.567793 0.295975 0.087541 0.458237 0.828938 0.988770 0.085509 0.941973 0.306143 0.817179 0.064156 0.391896 0.931245 0.072349 0.253182 0.146023 0.606148 0.851449 0.743370 0.643298 0.951141 0.586952 0.872425 0.020154 0.071293 0.765389 0.961615 0.630265 0.448267 0.631311 0.035139 0.759187 0.693580 0.546272 0.242756 0.286447 0.397327 0.451971 0.575734 0.270331 0.429287 0.552157 0.840759 0.841522 0.101789 0.042083 0.043629 0.087930 0.542859 0.101118 0.608917 0.834564 0.313491 0.741558 0.145443 0.753122 0.509830 0.570946 0.688441 0.461362 0.806460 0.195829 0.564076 0.459591 0.512276 0.170226 0.961893 0.167831 0.709157 0.640046 0.973815 0.355178 0.881773 0.854020 0.202637 0.342178 0.869154 0.246378 0.302165 0.082818 0.279044 0.719513 0.078746 0.281599 0.731247 0.139348 0.992797 0.414618 0.919510 0.489064 0.391887 0.034867 0.363221 0.683715 0.494118 0.490038 0.986199 0.468010 0.124784 0.915462 0.454430 0.908607 0.373390 0.889597 0.379531 0.527167 0.548789 0.577498 0.217596 0.140464 0.458570 0.556883 0.326719 0.904128 0.569948 0.474391 0.274205 0.911176 0.810595 0.229924 0.582848 0.743040 0.707662 0.922939 0.646335 0.539896 0.410686 0.324839 0.049028 0.292733 0.642918 0.280875 0.024345 0.843802 0.759990 0.841197 0.139492 0.618722 0.063657 0.696140 0.305450 0.362142 0.416493 0.478394 0.897257 0.036569 0.817193 0.435092 0.255775 0.217119 0.087267 0.914330 0.121288 0.731579 0.166032 0.281945 0.879116 0.381736 0.425482 0.723496 0.243534 0.729856 0.076111 0.165268 0.493290 0.224293 0.683708 0.215650 0.359844 0.927490 0.115786 0.243210 0.564148 0.257737 0.688392 0.625784 0.063322 0.050884 0.608302 0.491635 0.819206 0.731980 0.096747 0.505947 0.130340 0.077371 0.903724 0.957228 0.768655 0.949465 0.663619 0.910419 0.258393 0.968719 0.987411 0.116934 0.722464 0.896304 0.001604 0.620026 0.411358 0.109638 0.221205 0.086130 0.184100 0.863596 0.565250 0.416293 0.952314 0.362362 0.849970
0.997944 0.506690 0.857325 0.873340 0.855665 0.767545 0.682799 0.587209 0.956328 0.674218 0.936402 0.781432 0.753200 0.638311 0.754147 0.371991 0.071514 0.409257 0.852736 0.385250 0.943987 0.403063 0.275217 0.761148 0.980674 0.369607 0.668466 0.271556 0.092434 0.734770 0.765105 0.069919 0.374504 0.506670 0.877627 0.922238 0.286461 0.636940 0.903009 0.639170 0.585440 0.482858 0.832506 0.108506 0.245452 0.649918 0.423899 0.005114 0.099567 0.952663 0.635715 0.878351 0.609565 0.461399 0.450982 0.299005 0.463578 0.169305 0.551386 0.367281 0.488102 0.281863 0.639027 0.003461 0.881369 0.690110 0.571308 0.625076 0.531935 0.146542 0.958614 0.158671 0.578028 0.111061 0.409906 0.754285 0.353077 0.956955 0.880564 0.076924 0.802798 0.714065 0.713805 0.633453 0.888941 0.730861 0.598532 0.002454 0.967623 0.456774 0.765366 0.600429 0.859402 0.695754 0.235563 0.773228 0.590265 0.562686 0.025148 0.712322 0.255115 0.983918 0.433876 0.318578 0.616805 0.529668 0.409255 0.963087 0.692604 0.668898 0.565099 0.497857 0.647810 0.032245 0.614832 0.621264 0.319553 0.555666 0.937218 0.038708 0.017629 0.186013 0.104260 0.674913 0.948596 0.123619 0.116043 0.654611 0.912840 0.592886 0.965139 0.849426 0.559509 0.410467 0.638032 0.197614 0.974139 0.597928 0.110560 0.143047 0.243740 0.373991 0.811648 0.699655 0.807552 0.520416 0.242120 0.435530 0.028678 0.165489 0.471255 0.774962 0.587717 0.292190 0.748660 0.477189 0.722266 0.164198 0.503070 0.040710 0.704019 0.900945 0.241004 0.427404 0.626886 0.364019 0.676510 0.752693 0.258515 0.082908 0.279292 0.705117 0.304796 0.658772 0.560096 0.607612 0.474350 0.171437 0.046526 0.042010 0.746822 0.342640 0.640762 0.284130 0.776761 0.973937 0.912764 0.372003 0.286706 0.291555 0.501581 0.982262 0.715163 0.124685 0.229426 0.044651 0.942832 0.690231 0.488601 0.056731 0.529733 0.652414 0.338907 0.331637 0.753364 0.655760 0.594198 0.364060 0.219372 0.344037 0.532639 0.798467 0.680879 0.090049 0.429601 0.230167 0.291210 0.734161 0.855075 0.647027 0.114150 0.636492 0.432251 0.825733 0.574130 0.066791 0.475079 0.671503 0.433809 0.350073 0.603976 0.772310 0.591021 0.951070 0.616756 0.794296 0.119875 0.843784 0.675918 0.156042 0.925777 0.697564 0.900039 0.125895 0.073497 0.898432 0.838159 0.866731 0.992746 0.991969 0.973493 0.578338 0.942727 0.732976 0.505027 0.548787 0.398382 0.878666 0.180168 0.831826 0.808780 0.168254 0.814258 0.695042 0.599304 0.203894 0.478257 0.946293 0.527050 0.058743 0.397301 0.305047 0.286818 0.367393 0.538678 0.425889 0.278389 0.248286 0.380371 0.206102 0.306056 0.499040 0.576451 0.113311 0.297477 0.676946 0.823415 0.401010 0.030380 0.355367 0.680714 0.175663 0.767038 0.096351 0.262473 0.262023 0.892689 0.676554 0.598202 0.438590
0.881715 0.229880 0.856574 0.810990 0.642755 0.169285 0.528191 0.049943 0.894644 0.824612 0.497007 0.647021 0.802522 0.962933 0.566823 0.720080 0.531354 0.447488 0.205093 0.940099 0.550772 0.015076 0.349039 0.611833 0.962552 0.989387 0.986952 0.956419 0.502012 0.708007 0.131803 0.887843 0.918830 0.218983 0.653407 0.811019 0.760801 0.865891 0.900329 0.235385 0.303620 0.137556 0.519713 0.778732 0.347950 0.647359 0.072330 0.521279 0.511737 0.632166 0.173360 0.508955 0.754084 0.735318 0.561138 0.626106 0.412332 0.616081 0.361108 0.910227 0.450187 0.950082 0.556528 0.021039 0.778854 0.677401 0.663045 0.478276 0.259918 0.208148 0.328365 0.223707 0.618761 0.267691 0.120940 0.398219 0.664027 0.173366 0.569881 0.494961 0.281561 0.543691 0.614075 0.668697 0.207887 0.302043 0.906437 0.291599 0.528207 0.598808 0.381044 0.210386 0.679607 0.552244 0.945150 0.026306 0.591879 0.514799 0.056591 0.714204 0.478992 0.616618 0.111117 0.768232 0.716614 0.123201 0.759390 0.042615 0.273686 0.762582 0.575866 0.339070 0.500535 0.817679 0.754092 0.627589 0.274843 0.687046 0.354470 0.307885 0.496728 0.878082 0.836698 0.714363 0.443557 0.296722 0.203961 0.320420 0.966822 0.285110 0.508664 0.805529 0.568886 0.299611 0.599955 0.346241 0.125151 0.864630 0.869466 0.159111 0.429754 0.690724 0.331010 0.706424 0.110077 0.175809 0.917668 0.373822 0.333706 0.335094 0.232418 0.092751 0.509918 0.651492 0.985537 0.063824 0.136735 0.326304 0.493811 0.462008 0.042604 0.049338 0.201831 0.302684 0.683709 0.400512 0.205766 0.591054 0.227095 0.934456 0.013337 0.689643 0.281176 0.486296 0.742726 0.530803 0.724034 0.161369 0.010100 0.809821 0.437488 0.315350 0.890589 0.379153 0.391174 0.752076 0.628118 0.281306 0.185978 0.346438 0.063551 0.295100 0.374158 0.339363 0.450379 0.473494 0.085664 0.429162 0.270758 0.139876 0.539917 0.198882 0.497539 0.614142 0.849348 0.577405 0.228072 0.921997 0.860695 0.530387 0.377919 0.363560 0.529857 0.848702 0.816543 0.165170 0.222758 0.620236 0.886346 0.295160 0.912496 0.762394 0.808102 0.979347 0.729409 0.901469 0.920697 0.369493 0.264381 0.576364 0.073867 0.041052 0.477492 0.456088 0.703697 0.193317 0.530308 0.335083 0.346255 0.782591 0.275529 0.144036 0.559618 0.653600 0.072363 0.467036 0.817131 0.096036 0.182032 0.884323 0.006105 0.670647 0.355220 0.505237 0.169286 0.324591 0.737691 0.623211 0.432933 0.807749 0.488923 0.905032 0.017290 0.044674 0.150857 0.120895 0.185412 0.697892 0.771665 0.638057 0.008466 0.449020 0.405029 0.504786 0.517870 0.393052 0.172239 0.327843 0.255775 0.875359 0.633986 0.727033 0.712585 0.868500 0.664395 0.694037 0.107757 0.771581 0.711295 0.296675 0.101829 0.604584 0.882225 0.287265 0.277452 0.133818 0.714614 0.682986 0.828142 0.280002
0.018266 0.133700 0.132897 0.286336 0.559606 0.815403 0.750360 0.444427 0.004996 0.216269 0.891456 0.184289 0.697677 0.360472 0.900434 0.761110 0.406532 0.974106 0.096865 0.511481 0.270922 0.431184 0.256605 0.725241 0.052659 0.135326 0.840229 0.113068 0.267111 0.091646 0.066546 0.470986 0.803631 0.976305 0.725777 0.755322 0.863222 0.165840 0.467967 0.809366 0.552047 0.286567 0.046969 0.713503 0.935023 0.069887 0.687607 0.654009 0.726422 0.081113 0.359649 0.280401 0.906261 0.218611 0.183386 0.558872 0.752969 0.649433 0.499247 0.553595 0.870299 0.239452 0.714562 0.476460 0.501381 0.658144 0.535631 0.689553 0.708684 0.754499 0.090634 0.701908 0.420711 0.247832 0.266402 0.871845 0.731961 0.944241 0.904126 0.513145 0.140913 0.468169 0.901159 0.031351 0.687390 0.965959 0.115967 0.226319 0.217299 0.757387 0.817818 0.113930 0.078072 0.726167 0.914778 0.639975 0.473472 0.250362 0.965039 0.227642 0.783812 0.818962 0.297219 0.083194 0.068439 0.324834 0.896328 0.336239 0.889322 0.656090 0.657359 0.890530 0.088745 0.886757 0.936530 0.941064 0.338688 0.265544 0.522217 0.347789 0.292335 0.917475 0.666178 0.279962 0.859595 0.759930 0.473529 0.635367 0.705712 0.153721 0.644299 0.596445 0.878005 0.020506 0.307438 0.647311 0.549770 0.479197 0.569068 0.766323 0.946229 0.673408 0.124554 0.112475 0.161985 0.555641 0.767185 0.796995 0.799208 0.893595 0.276854 0.094811 0.709571 0.797079 0.749375 0.409558 0.112014 0.785760 0.120080 0.226284 0.683020 0.495468 0.650120 0.566681 0.632968 0.880292 0.105093 0.693368 0.312839 0.422267 0.728346 0.052542 0.569683 0.899886 0.819566 0.112073 0.786088 0.731323 0.565643 0.778951 0.745019 0.427498 0.517390 0.037649 0.510342 0.266426 0.041322 0.571832 0.076643 0.079348 0.121672 0.310105 0.567444 0.514248 0.288606 0.448275 0.357300 0.742461 0.759607 0.068295 0.391679 0.712806 0.211289 0.725684 0.733156 0.433364 0.181870 0.673271 0.098355 0.621263 0.767322 0.964526 0.058590 0.296299 0.355596 0.449362 0.655285 0.266080 0.728585 0.993155 0.024142 0.431267 0.083110 0.419082 0.194149 0.439973 0.598447 0.254587 0.248963 0.384369 0.262990 0.145692 0.819609 0.498755 0.435053 0.882108 0.711797 0.571501 0.396013 0.297484 0.584044 0.389183 0.022693 0.023050 0.610910 0.865700 0.366765 0.504783 0.827430 0.381096 0.981842 0.451420 0.019541 0.949647 0.186826 0.029891 0.182493 0.362217 0.035937 0.274444 0.446119 0.256863 0.096057 0.399807 0.385183 0.837672 0.397799 0.528395 0.933676 0.897894 0.642142 0.258114 0.374619 0.238352 0.616124 0.026795 0.213358 0.354319 0.876140 0.113163 0.636926 0.783851 0.565545 0.203696 0.345371 0.380218 0.441316 0.576075 0.947378 0.416697 0.373738 0.460884 0.975837 0.816820 0.768248 0.289007 0.660063 0.333328 0.929675 0.135334
0.901806 0.001036 0.454926 0.512199 0.746460 0.120829 0.803269 0.226709 0.489997 0.568633 0.921720 0.504477 0.738064 0.302808 0.349228 0.332670 0.693894 0.679379 0.570119 0.834030 0.867567 0.647886 0.273004 0.020316 0.654790 0.568548 0.434635 0.749444 0.951495 0.086167 0.059944 0.745802 0.926588 0.254114 0.833091 0.818432 0.180144 0.917164 0.412577 0.239930 0.816249 0.464377 0.485003 0.047052 0.060734 0.828944 0.868790 0.427877 0.091612 0.748463 0.067847 0.571610 0.038785 0.087770 0.097319 0.351237 0.304539 0.395539 0.760009 0.764820 0.569105 0.552458 0.300736 0.206601 0.277952 0.709588 0.351874 0.548032 0.384027 0.192180 0.265392 0.713953 0.866215 0.503901 0.691260 0.481346 0.584444 0.676837 0.446027 0.753690 0.194167 0.886852 0.402816 0.915982 0.620452 0.359730 0.721221 0.027396 0.639588 0.583272 0.744464 0.793737 0.144561 0.266915 0.240273 0.112902 0.036521 0.406580 0.773731 0.755053 0.461056 0.434460 0.907352 0.891235 0.677718 0.292865 0.818328 0.157317 0.365195 0.897558 0.056253 0.402399 0.771732 0.939852 0.890044 0.975506 0.436108 0.855393 0.151838 0.931091 0.167830 0.327468 0.644475 0.035675 0.443552 0.680677 0.680853 0.898917 0.782928 0.536257 0.448135 0.008462 0.412991 0.934723 0.542836 0.615748 0.985357 0.106427 0.094801 0.638804 0.260648 0.058134 0.835638 0.806855 0.908051 0.983458 0.966303 0.695659 0.267534 0.141003 0.372771 0.769535 0.149497 0.245081 0.222433 0.478415 0.579268 0.255237 0.109639 0.717885 0.446689 0.231731 0.631924 0.203785 0.942297 0.960998 0.495989 0.963012 0.851124 0.875397 0.735691 0.447076 0.492133 0.243144 0.996605 0.251841 0.748665 0.310131 0.624257 0.189852 0.407296 0.606201 0.936605 0.841396 0.708994 0.690889 0.546283 0.949337 0.349754 0.240450 0.208749 0.475440 0.819545 0.531301 0.194770 0.573078 0.754948 0.629843 0.093595 0.108384 0.512395 0.094051 0.319314 0.802051 0.450926 0.532373 0.048466 0.024182 0.973674 0.395377 0.773594 0.115572 0.053753 0.372619 0.956947 0.476838 0.321071 0.830726 0.060531 0.162420 0.091013 0.684916 0.710446 0.825765 0.780764 0.288172 0.440591 0.986429 0.645628 0.252586 0.730364 0.326695 0.346320 0.332560 0.844915 0.971968 0.781456 0.252989 0.407368 0.305756 0.473709 0.383471 0.411072 0.732973 0.817693 0.809626 0.785308 0.173077 0.083229 0.594884 0.939308 0.658063 0.003115 0.597407 0.800592 0.667479 0.903731 0.906388 0.386398 0.448474 0.849083 0.756080 0.523994 0.147040 0.179461 0.122360 0.000528 0.377412 0.722744 0.747582 0.884103 0.128945 0.519243 0.953114 0.625672 0.543680 0.389797 0.552518 0.218559 0.276997 0.505673 0.724937 0.806658 0.899748 0.770293 0.522040 0.799625 0.995098 0.856524 0.007134 0.639629 0.341926 0.922557 0.007326 0.500055 0.553937 0.126272 0.899261 0.907424 0.149957
0.671507 0.447590 0.153579 0.681941 0.998429 0.188346 0.673027 0.526038 0.418645 0.171934 0.360205 0.058618 0.982791 0.494248 0.149107 0.471569 0.296401 0.633040 0.432840 0.166668 0.498032 0.934767 0.125876 0.445972 0.467281 0.502060 0.967891 0.907572 0.886332 0.966254 0.557228 0.455669 0.147265 0.257462 0.432476 0.055726 0.619503 0.289313 0.663054 0.210079 0.404999 0.210702 0.897561 0.454904 0.401125 0.811735 0.115940 0.128974 0.151052 0.752835 0.993716 0.173160 0.816380 0.353595 0.769197 0.177329 0.369001 0.177533 0.838006 0.492116 0.380534 0.550360 0.587174 0.718661 0.583072 0.127303 0.456980 0.959695 0.501915 0.277111 0.513340 0.236897 0.003177 0.573530 0.036836 0.991526 0.642217 0.246435 0.312665 0.748957 0.133188 0.371707 0.280959 0.259909 0.248993 0.383284 0.435565 0.734512 0.963777 0.437439 0.701147 0.742163 0.090892 0.348440 0.442808 0.185336 0.650024 0.148453 0.043008 0.049962 0.574539 0.026509 0.588224 0.435991 0.621013 0.074801 0.474169 0.315925 0.629920 0.254257 0.470784 0.953584 0.980523 0.849511 0.142766 0.754246 0.777371 0.683026 0.502320 0.791725 0.222260 0.668802 0.670865 0.512431 0.392893 0.158248 0.582751 0.636464 0.157059 0.287886 0.114513 0.371104 0.591053 0.576714 0.671174 0.062053 0.863753 0.950092 0.077578 0.938271 0.698558 0.613372 0.157039 0.858632 0.297580 0.890062 0.469218 0.479319 0.185996 0.239135 0.873574 0.999165 0.997472 0.547571 0.133244 0.120322 0.366677 0.606754 0.388028 0.082996 0.306817 0.730524 0.895086 0.962116 0.718855 0.163758 0.644877 0.563636 0.720185 0.985779 0.470933 0.715324 0.542965 0.558308 0.301945 0.384180 0.714341 0.851930 0.645468 0.898023 0.829481 0.687414 0.616920 0.036518 0.407212 0.141047 0.327790 0.471877 0.456878 0.833235 0.166017 0.771653 0.113308 0.570072 0.765528 0.130286 0.797702 0.456328 0.691000 0.334215 0.270226 0.270071 0.654122 0.304857 0.525729 0.266535 0.530922 0.869215 0.405420 0.288197 0.846352 0.162777 0.190460 0.471072 0.044683 0.078378 0.629818 0.605140 0.898886 0.647945 0.931763 0.423197 0.411767 0.203316 0.716987 0.495996 0.932223 0.741074 0.560509 0.697824 0.478076 0.653377 0.974812 0.253794 0.768371 0.230010 0.239789 0.397007 0.155831 0.156349 0.359489 0.109537 0.708298 0.429312 0.291582 0.911324 0.191958 0.452991 0.695412 0.295156 0.681079 0.141605 0.168000 0.368046 0.730114 0.159084 0.266175 0.652505 0.363373 0.808556 0.951802 0.392365 0.066287 0.202268 0.295451 0.430478 0.792280 0.271563 0.704552 0.780766 0.907927 0.139625 0.906513 0.273974 0.116436 0.178683 0.096039 0.850895 0.135262 0.641806 0.975758 0.515828 0.060593 0.403301 0.083998 0.057959 0.275337 0.622602 0.857628 0.500107 0.847214 0.844324 0.013209 0.563686 0.441518 0.293605 0.636407 0.421184 0.078500 0.566490
0.901671 0.032599 0.836114 0.761554 0.492079 0.964104 0.801894 0.648807 0.564600 0.152166 0.301186 0.511534 0.074329 0.618863 0.626588 0.566472 0.232281 0.437170 0.304060 0.671108 0.891222 0.527427 0.514021 0.539579 0.865561 0.194429 0.530265 0.496061 0.239997 0.136554 0.093588 0.169575 0.125699 0.689961 0.346656 0.113292 0.950972 0.474827 0.008717 0.904364 0.913100 0.932495 0.254791 0.114106 0.961886 0.445711 0.870250 0.750506 0.694465 0.160651 0.244254 0.562454 0.229994 0.546230 0.507647 0.496191 0.065034 0.247401 0.505648 0.536697 0.041725 0.558708 0.141680 0.705679 0.082559 0.711446 0.846362 0.542602 0.006122 0.898538 0.965974 0.198113 0.925193 0.842335 0.264346 0.292763 0.704832 0.191750 0.520857 0.508027 0.083630 0.650251 0.857084 0.992505 0.386885 0.012681 0.598455 0.443645 0.516311 0.915777 0.849048 0.066508 0.217922 0.909336 0.202120 0.772119 0.146641 0.765808 0.933538 0.470161 0.139838 0.277454 0.428722 0.360624 0.453066 0.822461 0.221330 0.855060 0.805633 0.882917 0.171314 0.121651 0.226661 0.715803 0.506833 0.778838 0.724518 0.426527 0.766354 0.357553 0.345110 0.711757 0.133173 0.107969 0.409455 0.763142 0.650644 0.578462 0.766675 0.704363 0.418773 0.701961 0.635959 0.550115 0.727974 0.275067 0.001554 0.539969 0.133916 0.984049 0.495440 0.511978 0.444828 0.810435 0.946640 0.880970 0.850119 0.393597 0.091290 0.680071 0.115815 0.578160 0.275438 0.473995 0.507334 0.756614 0.059745 0.812214 0.883846 0.757936 0.646354 0.483528 0.725054 0.890451 0.165906 0.677200 0.450076 0.557615 0.478976 0.528976 0.773574 0.791564 0.026955 0.577292 0.578957 0.806196 0.066935 0.053316 0.380694 0.097190 0.094155 0.834787 0.297954 0.721268 0.765440 0.576385 0.895909 0.667489 0.085593 0.009028 0.480129 0.798535 0.746157 0.445742 0.798571 0.630030 0.513480 0.958124 0.309800 0.094288 0.166861 0.885053 0.781904 0.371320 0.330681 0.745303 0.599858 0.708144 0.655199 0.637096 0.725958 0.376087 0.143318 0.688583 0.482696 0.357504 0.038443 0.128558 0.257714 0.674241 0.228620 0.445892 0.078120 0.867120 0.798331 0.512997 0.769244 0.113685 0.982181 0.805073 0.714323 0.331936 0.962735 0.879187 0.694671 0.319491 0.916258 0.181867 0.342348 0.930097 0.341689 0.298684 0.234614 0.208565 0.145559 0.524770 0.012048 0.573865 0.709664 0.778399 0.860336 0.570241 0.422295 0.963047 0.754550 0.002124 0.288167 0.913290 0.714025 0.144568 0.666976 0.622278 0.653180 0.056891 0.058064 0.464874 0.731595 0.360883 0.270549 0.979736 0.430351 0.520958 0.756248 0.117583 0.808632 0.540370 0.146844 0.970218 0.242236 0.196035 0.280179 0.735811 0.215927 0.755945 0.582673 0.096868 0.536898 0.581784 0.237502 0.450403 0.149235 0.536336 0.112947 0.091028 0.679056 0.405601 0.447643 0.567293 0.197707 0.833795
0.752975 0.921075 0.649988 0.039823 0.523036 0.568618 0.858894 0.295835 0.780716 0.164101 0.050938 0.587949 0.404201 0.016041 0.840634 0.764626 0.781597 0.927986 0.166398 0.697691 0.855257 0.129060 0.094450 0.692834 0.594737 0.522296 0.714732 0.610993 0.411696 0.749450 0.047348 0.720077 0.650851 0.251718 0.134219 0.602271 0.747800 0.500250 0.335051 0.382099 0.776540 0.574432 0.038188 0.636552 0.090093 0.309787 0.014700 0.628281 0.314704 0.695513 0.726394 0.765466 0.752938 0.381179 0.327717 0.835930 0.536662 0.969292 0.255666 0.949945 0.519693 0.037324 0.808126 0.376897 0.830824 0.412811 0.689116 0.656216 0.611949 0.372876 0.055234 0.828343 0.990569 0.985209 0.572707 0.921496 0.008912 0.902785 0.314807 0.610304 0.106472 0.098903 0.067384 0.786548 0.086341 0.057909 0.199065 0.475613 0.236767 0.564287 0.798243 0.032153 0.653924 0.383204 0.720728 0.894670 0.976377 0.432988 0.032164 0.155107 0.850681 0.064736 0.025966 0.817840 0.844940 0.955984 0.373203 0.948489 0.397977 0.154994 0.561322 0.127153 0.093093 0.078216 0.196871 0.497316 0.474872 0.777896 0.795309 0.073303 0.062647 0.284414 0.761844 0.536314 0.046237 0.542169 0.852524 0.449287 0.198138 0.276916 0.552486 0.458371 0.249702 0.515558 0.842720 0.562575 0.343165 0.213810 0.717443 0.613495 0.208827 0.995087 0.702884 0.301287 0.222733 0.396559 0.709979 0.518723 0.175401 0.123623 0.439284 0.464765 0.451947 0.889851 0.145561 0.536593 0.135912 0.487293 0.750870 0.524349 0.571322 0.502825 0.105966 0.830789 0.443778 0.795582 0.150888 0.083964 0.137674 0.979479 0.214693 0.557731 0.978793 0.493808 0.002349 0.210418 0.934469 0.880294 0.958490 0.450747 0.085095 0.365439 0.957234 0.687962 0.142712 0.179233 0.866738 0.945759 0.122042 0.867582 0.621076 0.135553 0.160239 0.134989 0.363095 0.340527 0.791534 0.360984 0.569091 0.742449 0.580080 0.215358 0.823071 0.381111 0.609214 0.930814 0.269205 0.000504 0.307729 0.016811 0.192776 0.586784 0.391993 0.009587 0.528528 0.784255 0.790030 0.072723 0.623994 0.253378 0.710826 0.218036 0.728731 0.390927 0.228569 0.522471 0.918173 0.297128 0.031815 0.130583 0.626694 0.258655 0.982517 0.751348 0.077471 0.768190 0.499016 0.585208 0.987243 0.903396 0.996768 0.534459 0.633403 0.268040 0.642956 0.954488 0.646568 0.607628 0.837800 0.624500 0.992462 0.711277 0.278845 0.121065 0.141283 0.848622 0.617932 0.536396 0.086295 0.467800 0.614688 0.936500 0.109331 0.255717 0.134209 0.398768 0.823791 0.304050 0.972288 0.563168 0.442546 0.721096 0.259681 0.532374 0.630990 0.079650 0.344525 0.564290 0.651053 0.121020 0.047231 0.300747 0.815749 0.334497 0.971053 0.469770 0.717715 0.196867 0.794359 0.975768 0.512115 0.824811 0.703435 0.064368 0.581696 0.584148 0.227009 0.156391 0.766491 0.472094
0.567561 0.340485 0.426118 0.830330 0.489987 0.867867 0.889488 0.187872 0.530930 0.288537 0.162067 0.479729 0.126109 0.144781 0.941858 0.690992 0.797465 0.345929 0.224899 0.646941 0.012709 0.611548 0.816076 0.768336 0.004491 0.058481 0.762690 0.069488 0.277412 0.552595 0.810813 0.379722 0.606808 0.331358 0.188414 0.276452 0.103311 0.650177 0.394074 0.978771 0.958879 0.747512 0.886491 0.461699 0.956787 0.551269 0.526938 0.632995 0.647657 0.323926 0.272069 0.315726 0.334510 0.125087 0.308798 0.712585 0.304252 0.479569 0.307247 0.648082 0.449867 0.162801 0.496316 0.501983 0.255874 0.883018 0.831538 0.578855 0.422928 0.463828 0.081431 0.677524 0.710344 0.278100 0.660141 0.000675 0.549964 0.896390 0.909934 0.856936 0.734081 0.601025 0.345630 0.338094 0.641118 0.110743 0.082246 0.351886 0.301702 0.507102 0.500095 0.015479 0.921249 0.380618 0.837570 0.037888 0.538028 0.679337 0.851281 0.130195 0.715087 0.805720 0.104998 0.458628 0.901482 0.739929 0.131795 0.936192 0.491866 0.427497 0.897612 0.584104 0.731733 0.194647 0.924553 0.012540 0.059240 0.211875 0.110938 0.237209 0.803671 0.496792 0.572600 0.360825 0.960797 0.610417 0.292327 0.538160 0.290016 0.260879 0.349311 0.182463 0.162930 0.131631 0.066551 0.044766 0.612911 0.597286 0.675301 0.020602 0.987641 0.608714 0.774258 0.690181 0.116051 0.506767 0.936749 0.867533 0.133284 0.416894 0.069203 0.713718 0.843714 0.377442 0.572667 0.976359 0.062348 0.056778 0.810131 0.464137 0.519430 0.678025 0.908282 0.947091 0.863322 0.769946 0.878061 0.228893 0.569745 0.377972 0.094075 0.233535 0.838971 0.107336 0.945182 0.846315 0.375942 0.167771 0.367714 0.811815 0.972484 0.928315 0.453329 0.358629 0.585805 0.662046 0.275323 0.061736 0.270858 0.828983 0.883204 0.990130 0.982445 0.784657 0.727878 0.070569 0.032020 0.751147 0.373515 0.516418 0.473839 0.555783 0.894600 0.928490 0.549964 0.436519 0.337671 0.548105 0.485707 0.039991 0.807649 0.270036 0.485956 0.913010 0.629430 0.114897 0.749324 0.994148 0.614768 0.782910 0.404962 0.559068 0.843375 0.265988 0.776550 0.736823 0.206606 0.668317 0.053344 0.234705 0.593270 0.775027 0.344499 0.077851 0.717386 0.928926 0.159208 0.510066 0.772384 0.067400 0.909645 0.675342 0.820310 0.597088 0.735345 0.395674 0.311168 0.856209 0.227664 0.867448 0.071625 0.720744 0.280343 0.375713 0.815543 0.255627 0.801905 0.435581 0.314308 0.608572 0.479479 0.125404 0.718183 0.981789 0.788814 0.313296 0.174358 0.622423 0.348115 0.592605 0.490784 0.110373 0.177683 0.741135 0.856383 0.732589 0.588337 0.203777 0.860384 0.110329 0.890042 0.409565 0.407830 0.603515 0.558605 0.799094 0.184471 0.872384 0.542795 0.609807 0.869066 0.793274 0.148375 0.089104 0.482897 0.259651 0.799357 0.666228 0.294738 0.306587
0.936945 0.827078 0.611349 0.789219 0.696950 0.145485 0.786153 0.589327 0.461609 0.733876 0.413913 0.238976 0.502819 0.957377 0.691090 0.261781 0.446719 0.708303 0.128062 0.973671 0.061130 0.943711 0.248900 0.037513 0.928618 0.334625 0.381787 0.806950 0.141022 0.793694 0.764673 0.260410 0.154312 0.400152 0.769862 0.507476 0.831261 0.440992 0.190446 0.619018 0.938208 0.618903 0.422801 0.245798 0.052032 0.038201 0.241245 0.826786 0.036374 0.067939 0.958632 0.244881 0.085640 0.269619 0.928577 0.048837 0.155783 0.746987 0.170188 0.619218 0.738898 0.489548 0.279622 0.264082 0.993389 0.998669 0.551438 0.358217 0.368557 0.235106 0.642871 0.075358 0.565929 0.857692 0.104320 0.606494 0.709934 0.310627 0.440768 0.782914 0.438925 0.036201 0.174377 0.952661 0.595795 0.913280 0.499381 0.417635 0.655044 0.857393 0.111314 0.831921 0.891080 0.853300 0.434381 0.553664 0.097183 0.239207 0.768274 0.025423 0.455859 0.359928 0.518527 0.617866 0.984250 0.765962 0.377997 0.598602 0.750245 0.970233 0.222978 0.536918 0.295658 0.626940 0.084288 0.300083 0.376963 0.630113 0.860409 0.952333 0.696065 0.290346 0.841545 0.097918 0.658155 0.936892 0.418037 0.644875 0.544282 0.649008 0.499164 0.326736 0.239858 0.394039 0.450503 0.388319 0.765340 0.346671 0.093624 0.305121 0.491164 0.924160 0.633190 0.812478 0.075597 0.240265 0.639476 0.217888 0.457617 0.750129 0.910616 0.040075 0.306803 0.678064 0.591223 0.719220 0.209604 0.153975 0.909463 0.242015 0.600307 0.422453 0.851764 0.983801 0.507965 0.243569 0.082580 0.154270 0.632944 0.206275 0.585641 0.941732 0.500510 0.842441 0.779595 0.879550 0.805368 0.994600 0.172017 0.740478 0.295627 0.171188 0.570711 0.767874 0.680777 0.376377 0.974825 0.858961 0.369750 0.188676 0.368573 0.266662 0.297751 0.682091 0.098034 0.332417 0.837493 0.319255 0.067495 0.476136 0.107446 0.776360 0.217428 0.452041 0.411993 0.643612 0.248248 0.411897 0.919675 0.387648 0.121777 0.031154 0.947945 0.134010 0.975162 0.970944 0.013929 0.634791 0.068107 0.878267 0.565069 0.857891 0.436939 0.571143 0.154517 0.753555 0.895770 0.820357 0.712515 0.778614 0.692857 0.862568 0.618811 0.892817 0.032277 0.274895 0.798264 0.378614 0.941808 0.087767 0.078857 0.729440 0.159478 0.070366 0.202850 0.071773 0.757053 0.232241 0.890025 0.776688 0.496987 0.017254 0.278759 0.980311 0.652566 0.951879 0.278113 0.858369 0.691994 0.131276 0.128766 0.196823 0.510076 0.064373 0.934999 0.246268 0.262383 0.870140 0.446619 0.048969 0.037778 0.089537 0.693351 0.294279 0.121319 0.843882 0.583726 0.355969 0.907599 0.966961 0.932385 0.607821 0.685034 0.704200 0.755194 0.002646 0.113793 0.388709 0.880367 0.013640 0.600787 0.180571 0.228709 0.227011 0.931708 0.470502 0.021809 0.525467 0.717520 0.616677
0.473127 0.745626 0.518043 0.632592 0.324653 0.703022 0.243841 0.595536 0.087453 0.034976 0.669478 0.318247 0.288463 0.784617 0.881783 0.184514 0.926186 0.105748 0.885105 0.172180 0.499635 0.160130 0.641018 0.497312 0.494596 0.235038 0.062370 0.832220 0.277758 0.133039 0.966391 0.832536 0.529696 0.125751 0.460310 0.241495 0.204774 0.238364 0.119773 0.815173 0.057745 0.896172 0.484507 0.950432 0.079636 0.724193 0.419919 0.615358 0.755446 0.936013 0.746832 0.951390 0.304999 0.156467 0.011397 0.923816 0.294834 0.375680 0.775119 0.202423 0.811478 0.932413 0.442330 0.209934 0.717551 0.768581 0.257795 0.727701 0.707614 0.967742 0.485918 0.812451 0.445247 0.912672 0.410104 0.586493 0.253765 0.012696 0.558489 0.692215 0.889897 0.235106 0.638599 0.803303 0.855474 0.204964 0.541851 0.680775 0.647980 0.682652 0.982212 0.109129 0.208337 0.634510 0.135920 0.824471 0.627997 0.622226 0.755169 0.315647 0.548081 0.675596 0.611748 0.104489 0.342359 0.258157 0.548392 0.299803 0.671219 0.039668 0.842757 0.783838 0.781856 0.213783 0.784291 0.573867 0.383256 0.245605 0.712522 0.053099 0.946256 0.577682 0.334142 0.941850 0.816760 0.696475 0.253031 0.104973 0.622806 0.537304 0.544266 0.636529 0.419535 0.763247 0.456679 0.493470 0.191638 0.866977 0.805861 0.897156 0.843606 0.592154 0.065451 0.205990 0.678891 0.262788 0.193334 0.634526 0.388735 0.440533 0.073031 0.324421 0.532972 0.388501 0.371257 0.147226 0.931954 0.135620 0.880382 0.682206 0.625019 0.543251 0.281353 0.341124 0.341879 0.706912 0.356418 0.363416 0.056975 0.203087 0.633989 0.306652 0.291356 0.249372 0.784775 0.568800 0.746976 0.684844 0.539704 0.037127 0.384415 0.214020 0.466222 0.632795 0.230090 0.581342 0.771588 0.069682 0.876527 0.661430 0.902449 0.754913 0.407162 0.779449 0.552115 0.893368 0.234130 0.327279 0.882062 0.092792 0.454079 0.425371 0.128216 0.904154 0.100839 0.796916 0.018287 0.322489 0.631609 0.866009 0.330595 0.539679 0.144759 0.372363 0.584763 0.122962 0.917551 0.940479 0.534159 0.810109 0.664966 0.352202 0.911882 0.700720 0.717775 0.350181 0.116827 0.040910 0.589446 0.457362 0.156952 0.352794 0.260100 0.978598 0.934460 0.625364 0.841080 0.280446 0.874638 0.150155 0.106457 0.254253 0.666971 0.287720 0.895255 0.804321 0.820557 0.493824 0.554345 0.768280 0.431465 0.390766 0.072781 0.404050 0.143625 0.738400 0.879950 0.072543 0.981964 0.704202 0.218732 0.091264 0.818984 0.381831 0.267096 0.172928 0.482692 0.498809 0.546962 0.528803 0.204763 0.425974 0.119688 0.494009 0.765269 0.287364 0.852137 0.386259 0.446469 0.905471 0.419243 0.276404 0.470174 0.235898 0.427830 0.162220 0.444986 0.240487 0.691902 0.977926 0.797574 0.548865 0.520189 0.395219 0.499182 0.284217 0.025410 0.096831 0.697107 0.932781
0.543829 0.068872 0.777065 0.000017 0.492227 0.635013 0.653116 0.585264 0.400233 0.083578 0.534411 0.465734 0.439324 0.242123 0.897926 0.118249 0.341202 0.878740 0.817818 0.373756 0.438379 0.360730 0.121198 0.953110 0.079476 0.308795 0.806597 0.058085 0.694097 0.563521 0.159535 0.576069 0.206575 0.190064 0.610450 0.698803 0.371472 0.790454 0.917576 0.700705 0.228955 0.047238 0.694272 0.889422 0.675958 0.341218 0.716896 0.567047 0.612158 0.523781 0.330554 0.614640 0.893598 0.041860 0.770207 0.314812 0.987173 0.249287 0.318219 0.094385 0.819696 0.243796 0.170863 0.447632 0.710516 0.765637 0.566368 0.142826 0.688364 0.070135 0.658419 0.289655 0.097520 0.368583 0.902538 0.278992 0.056605 0.098979 0.154449 0.058239 0.101439 0.428599 0.904071 0.012466 0.206671 0.367002 0.871707 0.672057 0.469811 0.791551 0.533849 0.375634 0.572934 0.780645 0.236548 0.724947 0.262531 0.436925 0.861942 0.271833 0.988131 0.952748 0.032267 0.832806 0.845050 0.988048 0.291306 0.027397 0.159681 0.131097 0.348613 0.893103 0.810132 0.875193 0.934616 0.875751 0.784440 0.070300 0.298194 0.739090 0.874627 0.061454 0.667646 0.304606 0.820903 0.965546 0.309966 0.672121 0.614315 0.948310 0.605168 0.657053 0.222010 0.640484 0.762704 0.054342 0.032296 0.534445 0.607622 0.607916 0.889482 0.486402 0.696576 0.541330 0.242620 0.125233 0.996144 0.940256 0.624844 0.556256 0.606498 0.618559 0.062366 0.879054 0.836156 0.403294 0.273069 0.418424 0.478063 0.733956 0.442242 0.177716 0.217211 0.924158 0.931654 0.274530 0.577084 0.573532 0.198410 0.711711 0.615655 0.618663 0.312883 0.535671 0.927370 0.621172 0.921495 0.203783 0.045071 0.586687 0.203452 0.046526 0.338388 0.085028 0.433441 0.410854 0.955563 0.840229 0.331263 0.261404 0.114195 0.834910 0.771574 0.845065 0.513433 0.205529 0.537234 0.656567 0.533170 0.418956 0.787143 0.432371 0.130711 0.304436 0.839744 0.556095 0.768794 0.493892 0.891941 0.547964 0.217708 0.039602 0.396052 0.980935 0.263378 0.380931 0.565886 0.146958 0.942325 0.099889 0.547276 0.044122 0.175590 0.659932 0.654093 0.370591 0.972599 0.368292 0.310267 0.677390 0.261984 0.285063 0.962998 0.951943 0.478198 0.298142 0.787671 0.969005 0.970055 0.883100 0.798967 0.479542 0.890232 0.555869 0.866453 0.755406 0.084403 0.546281 0.664056 0.820049 0.313432 0.708079 0.899747 0.541682 0.188171 0.727598 0.110083 0.013277 0.955534 0.860767 0.435603 0.449941 0.181006 0.486303 0.241801 0.763281 0.948472 0.207316 0.607392 0.040550 0.043362 0.062677 0.199479 0.082497 0.559934 0.324718 0.928611 0.463074 0.860451 0.365127 0.597026 0.003804 0.664419 0.692380 0.895281 0.132187 0.714737 0.084964 0.254462 0.009336 0.592079 0.956312 0.044758 0.667988 0.317236 0.648075 0.065295 0.207495 0.498679 0.426518
0.324918 0.516871 0.817797 0.972865 0.067588 0.973188 0.342846 0.033064 0.005454 0.501946 0.199439 0.363431 0.311881 0.187223 0.844991 0.809526 0.593347 0.475898 0.963304 0.038542 0.431715 0.860826 0.075911 0.894281 0.269322 0.645832 0.845495 0.657084 0.200190 0.821800 0.441272 0.080243 0.572844 0.438892 0.101461 0.026356 0.139210 0.738921 0.497129 0.132016 0.844517 0.302086 0.292772 0.834776 0.527017 0.446268 0.682266 0.299141 0.517930 0.931214 0.964532 0.499895 0.116765 0.503809 0.104469 0.756670 0.271409 0.043267 0.156466 0.305230 0.526392 0.387733 0.024188 0.082864 0.694622 0.686937 0.407559 0.434659 0.393275 0.452836 0.760492 0.915406 0.551991 0.299198 0.267795 0.931120 0.429182 0.120288 0.391523 0.826203 0.357563 0.003931 0.320518 0.615564 0.974161 0.216311 0.230792 0.578720 0.467330 0.940798 0.794950 0.213897 0.060671 0.437391 0.315345 0.941164 0.505875 0.038789 0.497582 0.431647 0.335870 0.796141 0.090936 0.050136 0.159668 0.692443 0.744801 0.397342 0.290814 0.642193 0.999243 0.816756 0.156653 0.477340 0.906155 0.797985 0.809214 0.116806 0.549431 0.828414 0.715942 0.512988 0.712856 0.497797 0.446171 0.153418 0.554892 0.989400 0.745217 0.572177 0.031059 0.065996 0.885392 0.200766 0.378748 0.351621 0.508932 0.949015 0.420431 0.385730 0.080978 0.710300 0.298197 0.774640 0.001731 0.856131 0.281468 0.258482 0.548164 0.129960 0.346053 0.290177 0.819913 0.440961 0.566996 0.999817 0.260018 0.040953 0.456451 0.544084 0.837323 0.444794 0.263960 0.031121 0.993496 0.169284 0.834640 0.273938 0.546443 0.273706 0.178614 0.304020 0.592184 0.883290 0.628072 0.598105 0.684228 0.642510 0.038757 0.725096 0.309997 0.960338 0.825410 0.079711 0.405868 0.425045 0.432518 0.280639 0.016915 0.889223 0.049788 0.044602 0.810183 0.908876 0.084416 0.165458 0.973506 0.983173 0.027946 0.995926 0.869886 0.612123 0.478820 0.926276 0.941771 0.730332 0.063898 0.113996 0.905523 0.617109 0.643539 0.333583 0.570537 0.969630 0.107243 0.071611 0.794678 0.085401 0.359857 0.825949 0.614959 0.337548 0.855950 0.396093 0.898564 0.508011 0.665609 0.171183 0.593869 0.513483 0.060706 0.412612 0.410173 0.707637 0.215430 0.553336 0.636964 0.573908 0.879845 0.699969 0.538883 0.574314 0.255453 0.091304 0.311323 0.562669 0.028621 0.350986 0.524912 0.720693 0.812729 0.633119 0.447960 0.065295 0.673707 0.725635 0.951474 0.985297 0.112955 0.829310 0.195220 0.934008 0.577200 0.691543 0.009273 0.641804 0.779506 0.237796 0.641626 0.907004 0.635297 0.389856 0.170920 0.543789 0.333440 0.204420 0.148012 0.586905 0.463679 0.916835 0.678384 0.711233 0.853983 0.130557 0.272054 0.029233 0.661076 0.316482 0.622568 0.376538 0.716389 0.226259 0.746443 0.582954 0.717347 0.260294 0.140035 0.084992 0.356760 0.821120
0.367841 0.505798 0.457798 0.829927 0.854166 0.399636 0.678951 0.290787 0.947243 0.805758 0.685650 0.705118 0.524767 0.240617 0.734290 0.100353 0.916473 0.120005 0.228411 0.142939 0.250566 0.991118 0.346041 0.050224 0.305808 0.335287 0.728685 0.433887 0.208034 0.713625 0.232786 0.153938 0.809547 0.864408 0.512306 0.856182 0.939365 0.873406 0.911633 0.138758 0.813756 0.939256 0.154116 0.532165 0.260241 0.985934 0.316556 0.126586 0.987910 0.816165 0.902665 0.032010 0.976867 0.669276 0.924866 0.631867 0.384481 0.154574 0.815720 0.913016 0.630548 0.057009 0.071378 0.486862 0.166611 0.520528 0.530802 0.549791 0.884124 0.656884 0.636314 0.774204 0.407348 0.766986 0.359297 0.312102 0.405956 0.553610 0.468032 0.117777 0.164631 0.472617 0.697796 0.409785 0.332026 0.264364 0.511275 0.726006 0.180193 0.033811 0.810955 0.694651 0.383005 0.220861 0.364254 0.731009 0.299471 0.629151 0.155809 0.035324 0.616451 0.683669 0.055530 0.403138 0.179571 0.908108 0.204715 0.111476 0.551445 0.647575 0.625362 0.957969 0.091765 0.222426 0.227883 0.228682 0.113642 0.692839 0.829150 0.247747 0.934469 0.688430 0.117032 0.512625 0.268036 0.952765 0.063053 0.761758 0.127854 0.866513 0.508278 0.497020 0.467657 0.705063 0.055654 0.511055 0.291135 0.017199 0.908334 0.109666 0.120588 0.587512 0.790430 0.756091 0.338659 0.617841 0.591275 0.843022 0.079586 0.189134 0.146412 0.522186 0.744873 0.639933 0.470777 0.443597 0.360749 0.960356 0.024313 0.088798 0.077646 0.510984 0.638598 0.970067 0.691654 0.688997 0.315272 0.355019 0.395272 0.574045 0.282693 0.275084 0.780883 0.355159 0.875533 0.679623 0.859412 0.960504 0.767091 0.058030 0.517786 0.343710 0.299774 0.578329 0.074005 0.770593 0.302489 0.801601 0.681546 0.763187 0.437472 0.391819 0.925334 0.647027 0.883785 0.557039 0.091372 0.028603 0.832229 0.971012 0.035162 0.272322 0.214260 0.790165 0.452031 0.861064 0.010316 0.393664 0.660143 0.515927 0.771616 0.217979 0.636045 0.069829 0.783626 0.515018 0.644630 0.474029 0.832535 0.487141 0.359669 0.530803 0.297957 0.058289 0.622793 0.325033 0.988786 0.194642 0.067777 0.683248 0.499882 0.327800 0.927641 0.571981 0.840841 0.435816 0.777424 0.823184 0.477214 0.049039 0.237909 0.970874 0.446322 0.598131 0.277843 0.739434 0.777517 0.069114 0.691135 0.362017 0.519055 0.163172 0.474021 0.466258 0.478978 0.716675 0.636848 0.554233 0.118625 0.210090 0.668803 0.294529 0.753424 0.067762 0.874551 0.505494 0.210654 0.685119 0.959401 0.772716 0.760928 0.163892 0.740800 0.201379 0.023835 0.235598 0.646386 0.311405 0.681340 0.518168 0.994471 0.036057 0.637257 0.488470 0.098983 0.234142 0.382246 0.769809 0.770145 0.637969 0.671299 0.370637 0.755906 0.408987 0.127580 0.533641 0.506743 0.951345 0.809791 0.139739
0.315629 0.041284 0.133081 0.895227 0.684423 0.191000 0.179650 0.727501 0.553434 0.081825 0.928880 0.638562 0.161536 0.155004 0.420609 0.061065 0.070969 0.692551 0.020213 0.843362 0.169819 0.663122 0.640338 0.836735 0.710227 0.451669 0.481716 0.207974 0.625112 0.593279 0.691258 0.711951 0.578810 0.260691 0.942229 0.454876 0.246316 0.965136 0.031060 0.281758 0.677389 0.818714 0.880332 0.840281 0.474783 0.548261 0.582612 0.751214 0.385468 0.105847 0.223539 0.598916 0.231242 0.241399 0.237710 0.271361 0.665703 0.266038 0.524651 0.028996 0.639274 0.682299 0.731266 0.009709 0.117597 0.467184 0.985143 0.391604 0.868310 0.170085 0.488108 0.728187 0.448451 0.432374 0.185870 0.770301 0.327379 0.201467 0.648596 0.296967 0.533409 0.260899 0.233725 0.301619 0.329167 0.390506 0.870631 0.797589 0.119380 0.023525 0.781887 0.241202 0.774659 0.652186 0.901896 0.407944 0.463248 0.489740 0.660247 0.157363 0.759080 0.689233 0.951834 0.829997 0.723941 0.232218 0.103950 0.859129 0.950376 0.028133 0.768266 0.718360 0.735357 0.209427 0.948555 0.602295 0.950971 0.811944 0.291997 0.287713 0.480236 0.976926 0.350795 0.832130 0.386174 0.113143 0.948753 0.146210 0.158510 0.635371 0.718483 0.628358 0.613260 0.291722 0.822379 0.512657 0.499828 0.132131 0.540000 0.700666 0.650566 0.541943 0.093853 0.954483 0.412463 0.321186 0.845254 0.999630 0.821642 0.275188 0.958679 0.151425 0.829017 0.800924 0.236012 0.541793 0.394228 0.240782 0.174715 0.890170 0.795123 0.961790 0.337869 0.886774 0.850368 0.507168 0.156494 0.574172 0.049440 0.697481 0.860639 0.660982 0.312514 0.987162 0.129378 0.398987 0.443405 0.488598 0.182471 0.875988 0.698019 0.046440 0.529252 0.785073 0.482263 0.901904 0.077847 0.061153 0.801193 0.371916 0.799935 0.682688 0.307928 0.546409 0.495702 0.347212 0.510302 0.645376 0.523659 0.190927 0.203456 0.549070 0.716133 0.765502 0.983483 0.355490 0.191015 0.382606 0.309765 0.009597 0.927890 0.643152 0.776795 0.256305 0.781866 0.523466 0.706282 0.503046 0.650027 0.105161 0.441740 0.695407 0.249078 0.602190 0.462568 0.061489 0.718926 0.502363 0.935573 0.740288 0.521075 0.951554 0.076185 0.241355 0.938188 0.947123 0.027547 0.015048 0.699640 0.754567 0.899622 0.447127 0.730047 0.315586 0.799627 0.976406 0.814370 0.658850 0.547099 0.273882 0.978382 0.031299 0.700886 0.177537 0.482719 0.573506 0.890135 0.618626 0.897655 0.180242 0.707816 0.328259 0.648968 0.444661 0.239865 0.316170 0.420963 0.532375 0.071764 0.735403 0.443826 0.500400 0.871777 0.731741 0.835698 0.195284 0.524489 0.423453 0.161177 0.273415 0.901382 0.896679 0.282280 0.116643 0.503420 0.082085 0.633748 0.958082 0.010471 0.619597 0.895697 0.587708 0.959135 0.009588 0.145806 0.588532 0.264023 0.696323 0.332652 0.258635
0.437733 0.439760 0.110838 0.633175 0.835951 0.952814 0.537582 0.501788 0.174751 0.144816 0.159574 0.717919 0.465040 0.403058 0.085529 0.493431 0.451201 0.259466 0.539061 0.728799 0.290605 0.623986 0.661203 0.674364 0.404308 0.666828 0.408920 0.425866 0.767226 0.838753 0.939217 0.726098 0.881383 0.774207 0.121510 0.250521 0.128623 0.895501 0.822773 0.886244 0.456312 0.568891 0.051320 0.794583 0.874197 0.253873 0.051762 0.040317 0.214469 0.296367 0.208971 0.891835 0.524854 0.062022 0.690283 0.620078 0.244490 0.818101 0.570670 0.981050 0.822251 0.402221 0.319575 0.512790 0.649001 0.394410 0.956367 0.847579 0.030216 0.959292 0.479944 0.429875 0.070658 0.129401 0.626349 0.750036 0.227472 0.148411 0.222799 0.127599 0.823884 0.531959 0.949638 0.791225 0.341747 0.125632 0.950107 0.051167 0.004832 0.970937 0.296695 0.503874 0.000133 0.065014 0.273812 0.474430 0.349025 0.533996 0.932065 0.676786 0.021069 0.549209 0.301176 0.383775 0.639544 0.661334 0.576002 0.938867 0.913610 0.148403 0.016401 0.567657 0.109752 0.624837 0.325212 0.040064 0.833974 0.208273 0.562713 0.300676 0.795208 0.996985 0.834369 0.361629 0.788858 0.978378 0.994747 0.373820 0.942920 0.314203 0.399292 0.129223 0.209138 0.289102 0.313647 0.656885 0.554969 0.969701 0.881689 0.731051 0.749274 0.805282 0.090328 0.185083 0.496308 0.530984 0.338171 0.780692 0.324037 0.174511 0.644408 0.215313 0.796199 0.794556 0.520178 0.924628 0.067546 0.090905 0.451431 0.919412 0.528154 0.772257 0.974638 0.098433 0.890092 0.959370 0.434470 0.651399 0.275765 0.000749 0.110256 0.464506 0.353754 0.167273 0.582425 0.297218 0.576222 0.565827 0.686919 0.558491 0.365279 0.407970 0.881237 0.932189 0.002938 0.562064 0.497326 0.224603 0.432267 0.316494 0.623685 0.057597 0.206516 0.517379 0.216682 0.101657 0.430353 0.355868 0.475970 0.774868 0.882621 0.182841 0.331880 0.465442 0.786331 0.917194 0.583811 0.895744 0.249422 0.847348 0.188654 0.973740 0.417949 0.514295 0.813416 0.680731 0.910394 0.320754 0.064390 0.427577 0.095380 0.816197 0.059318 0.861491 0.852462 0.050904 0.791631 0.570082 0.808731 0.370100 0.962424 0.008065 0.945948 0.775449 0.765751 0.430813 0.106952 0.995973 0.831243 0.067766 0.387549 0.488276 0.763106 0.661556 0.951738 0.945054 0.811020 0.234929 0.190505 0.272148 0.807989 0.739649 0.182168 0.705618 0.851692 0.218700 0.470312 0.134700 0.297326 0.308547 0.200505 0.655205 0.425126 0.131200 0.087966 0.722370 0.653419 0.576559 0.036317 0.298574 0.128226 0.422627 0.200002 0.870324 0.562079 0.172098 0.621223 0.605285 0.860104 0.563623 0.671582 0.984107 0.325964 0.762970 0.104751 0.045595 0.547374 0.119259 0.501249 0.738976 0.380858 0.097795 0.358515 0.213826 0.372634 0.191614 0.869465 0.070355 0.309560 0.952795
0.291267 0.270189 0.207525 0.046954 0.333336 0.110616 0.748607 0.630424 0.154365 0.394618 0.986332 0.104156 0.028146 0.101495 0.428510 0.257136 0.558911 0.605661 0.632232 0.508833 0.695172 0.493683 0.714240 0.767315 0.267757 0.170076 0.924175 0.576465 0.311719 0.875951 0.319891 0.719418 0.090740 0.365039 0.093343 0.396503 0.075223 0.643576 0.703415 0.074943 0.200017 0.785130 0.775706 0.773645 0.512301 0.577563 0.920375 0.724318 0.378810 0.009845 0.847176 0.648923 0.629599 0.759414 0.401771 0.866624 0.456271 0.770027 0.704267 0.720270 0.993593 0.200787 0.470365 0.675871 0.257868 0.967420 0.732945 0.872749 0.559229 0.780098 0.011515 0.251576 0.093311 0.443590 0.735432 0.134409 0.049264 0.285968 0.918665 0.987485 0.990334 0.539910 0.638411 0.093822 0.675788 0.832256 0.938550 0.388501 0.688590 0.841014 0.717657 0.367346 0.749303 0.049989 0.574030 0.536089 0.984626 0.725809 0.340505 0.346701 0.691327 0.067404 0.055995 0.487200 0.211902 0.569747 0.598540 0.974729 0.624211 0.672987 0.509549 0.152549 0.028303 0.506910 0.265089 0.088345 0.864953 0.356438 0.849739 0.334582 0.083194 0.821010 0.242567 0.351594 0.756141 0.175987 0.545633 0.666347 0.445550 0.651339 0.702297 0.078645 0.938931 0.501842 0.887167 0.355206 0.230758 0.991870 0.483515 0.179703 0.921263 0.920564 0.630201 0.016247 0.949840 0.618762 0.392234 0.641340 0.593654 0.842488 0.573341 0.609611 0.650601 0.438099 0.902839 0.391019 0.984158 0.007932 0.351683 0.530049 0.489349 0.145520 0.037917 0.483180 0.768175 0.144578 0.691008 0.816896 0.221175 0.514580 0.367348 0.581109 0.551643 0.614378 0.007491 0.476458 0.741682 0.089123 0.936460 0.675182 0.093659 0.709584 0.597440 0.428716 0.346498 0.165305 0.447747 0.505739 0.386158 0.294482 0.298423 0.785443 0.489550 0.790468 0.451261 0.677823 0.037856 0.512938 0.499717 0.033525 0.857814 0.118019 0.652896 0.474439 0.431451 0.420929 0.953693 0.943881 0.627143 0.305320 0.336708 0.876204 0.619820 0.426383 0.001605 0.586714 0.149699 0.291964 0.470358 0.407263 0.836062 0.787640 0.475339 0.178749 0.420264 0.430409 0.724455 0.112931 0.923156 0.894496 0.462425 0.887551 0.333220 0.261281 0.772802 0.148082 0.184977 0.975772 0.759269 0.985108 0.392748 0.712172 0.932753 0.315187 0.874990 0.186415 0.273065 0.266655 0.925417 0.382403 0.952376 0.240318 0.295672 0.696919 0.002945 0.536161 0.662862 0.905249 0.571509 0.107427 0.808102 0.197105 0.974061 0.051932 0.909359 0.999936 0.762891 0.167111 0.701934 0.069163 0.852598 0.294821 0.630333 0.749045 0.179249 0.087988 0.549459 0.970996 0.651143 0.253306 0.032056 0.871997 0.213682 0.532410 0.930913 0.005704 0.636388 0.746682 0.797841 0.622454 0.123606 0.483672 0.631172 0.834499 0.521968 0.107953 0.623836 0.490325 0.969912 0.541501
0.502744 0.358743 0.000039 0.538198 0.592654 0.601289 0.598774 0.292129 0.715031 0.314431 0.997805 0.369347 0.937652 0.499130 0.006332 0.087206 0.366544 0.727531 0.759750 0.512745 0.646137 0.443173 0.513336 0.737021 0.584992 0.327754 0.716524 0.524662 0.694307 0.256410 0.895196 0.681558 0.694470 0.125454 0.319928 0.764781 0.674115 0.477726 0.772350 0.878055 0.868624 0.715249 0.012808 0.509274 0.131099 0.962641 0.253821 0.859912 0.638541 0.893476 0.585191 0.017856 0.859887 0.819935 0.715799 0.881710 0.856078 0.786047 0.426027 0.254066 0.640752 0.559238 0.035628 0.085817 0.200042 0.285350 0.689393 0.552054 0.569609 0.946625 0.396584 0.312913 0.423903 0.885594 0.116795 0.262512 0.603992 0.131665 0.095735 0.283387 0.362167 0.608787 0.010904 0.856691 0.804387 0.439384 0.971764 0.875492 0.751865 0.163100 0.034062 0.118517 0.839347 0.708280 0.740811 0.536602 0.111319 0.742084 0.308383 0.355197 0.750202 0.991818 0.901230 0.376139 0.233074 0.805355 0.060546 0.473351 0.819756 0.211420 0.970398 0.441596 0.145457 0.053445 0.928398 0.267455 0.925982 0.326639 0.648251 0.327748 0.050637 0.771946 0.879965 0.278967 0.977009 0.788277 0.909747 0.393540 0.210233 0.144214 0.325454 0.256279 0.595588 0.323760 0.311789 0.399094 0.887643 0.500446 0.696358 0.066836 0.691576 0.523077 0.046450 0.236471 0.204058 0.986916 0.884277 0.880516 0.092831 0.124866 0.314753 0.349734 0.375426 0.917489 0.669198 0.362477 0.220401 0.724469 0.571349 0.254444 0.888110 0.685806 0.844857 0.593857 0.148219 0.031333 0.688853 0.196254 0.984025 0.376890 0.206322 0.467337 0.437921 0.811750 0.486544 0.467553 0.845613 0.960478 0.787379 0.035523 0.879043 0.348839 0.778498 0.885773 0.011547 0.198692 0.654598 0.752847 0.492014 0.635034 0.101000 0.435562 0.694990 0.904944 0.796152 0.248237 0.776987 0.570105 0.128612 0.188463 0.394859 0.806112 0.602495 0.008553 0.173019 0.246842 0.263288 0.213938 0.388708 0.904052 0.632492 0.236982 0.018428 0.340340 0.932185 0.176806 0.649560 0.729383 0.062305 0.397146 0.122022 0.011853 0.815411 0.185140 0.995501 0.723735 0.683808 0.321685 0.953499 0.896513 0.551059 0.410909 0.025873 0.162083 0.121539 0.631728 0.737794 0.100938 0.955321 0.962380 0.499700 0.255286 0.516741 0.841909 0.104444 0.500473 0.175065 0.049225 0.767425 0.830188 0.412341 0.922218 0.313971 0.362823 0.915551 0.951276 0.124453 0.832684 0.304701 0.027012 0.303710 0.296315 0.003914 0.733609 0.647517 0.823079 0.878202 0.393508 0.338488 0.159976 0.670697 0.980021 0.650588 0.708345 0.618966 0.748415 0.143558 0.185507 0.206632 0.647110 0.887573 0.956416 0.351081 0.969611 0.431159 0.428284 0.419085 0.758484 0.263731 0.864815 0.426007 0.486048 0.406212 0.110622 0.440695 0.769149 0.492772 0.157669 0.605729 0.000976
0.405214 0.144378 0.173849 0.371313 0.303521 0.098377 0.904645 0.637225 0.396703 0.665911 0.870589 0.693656 0.626655 0.452259 0.573965 0.729638 0.856714 0.640156 0.832006 0.414666 0.374101 0.290225 0.388635 0.306072 0.997520 0.689229 0.224125 0.420745 0.031822 0.645557 0.892522 0.849555 0.930010 0.879349 0.740305 0.468969 0.667525 0.001471 0.414407 0.202474 0.599835 0.864620 0.431385 0.939474 0.572786 0.459967 0.758340 0.567955 0.787507 0.128298 0.190565 0.334526 0.416440 0.935668 0.476416 0.282256 0.228385 0.114374 0.007424 0.053164 0.889905 0.586869 0.131855 0.310005 0.119277 0.880938 0.738989 0.755945 0.175171 0.794707 0.146521 0.292294 0.586762 0.746257 0.115288 0.252320 0.125642 0.961025 0.761029 0.546227 0.922986 0.305794 0.638368 0.444400 0.621098 0.977662 0.581797 0.368289 0.348829 0.300123 0.057849 0.589713 0.448241 0.880647 0.905160 0.336750 0.480730 0.164993 0.375775 0.887562 0.195200 0.497346 0.395121 0.486028 0.149558 0.476256 0.915509 0.103688 0.868293 0.628881 0.437138 0.784536 0.132692 0.151466 0.647775 0.288745 0.052452 0.038998 0.204968 0.286677 0.088248 0.955129 0.020854 0.044027 0.144449 0.519271 0.986744 0.841932 0.016160 0.521206 0.128017 0.764489 0.532907 0.464393 0.091758 0.614250 0.841370 0.189964 0.840586 0.247770 0.871859 0.826469 0.209461 0.901979 0.694838 0.252401 0.205700 0.351357 0.927955 0.031950 0.444916 0.000354 0.903854 0.517737 0.619691 0.818089 0.821307 0.169499 0.214004 0.536084 0.910690 0.639091 0.153841 0.937660 0.088853 0.782288 0.513561 0.910612 0.640611 0.499036 0.730995 0.985219 0.427487 0.255913 0.790455 0.415470 0.984546 0.599894 0.129232 0.335310 0.584234 0.525843 0.203769 0.515540 0.843132 0.813832 0.521908 0.206149 0.835380 0.104685 0.896780 0.198118 0.902186 0.479127 0.865859 0.485702 0.985737 0.950709 0.589950 0.286841 0.228093 0.944668 0.903731 0.419432 0.475153 0.249763 0.959264 0.729014 0.442487 0.228459 0.844103 0.962080 0.782821 0.381724 0.078182 0.531200 0.564702 0.376598 0.342820 0.577923 0.477387 0.778929 0.092019 0.547878 0.177538 0.605180 0.997004 0.155868 0.043270 0.096605 0.008330 0.270321 0.986056 0.907792 0.696127 0.168357 0.435245 0.522498 0.102207 0.810727 0.553028 0.040189 0.885961 0.643258 0.696464 0.306116 0.611215 0.745059 0.024535 0.856888 0.975854 0.497729 0.474900 0.320365 0.354138 0.582443 0.491174 0.404155 0.076963 0.308758 0.523571 0.144993 0.875019 0.755436 0.637145 0.931242 0.127241 0.501809 0.538749 0.959927 0.804610 0.684111 0.123671 0.975172 0.795607 0.754618 0.466395 0.370580 0.896524 0.536674 0.658061 0.866521 0.727246 0.884482 0.472068 0.851112 0.544882 0.371080 0.268250 0.665289 0.526140 0.990126 0.896688 0.272742 0.410926 0.991290 0.328973 0.819802 0.745571 0.786755
0.303589 0.455704 0.118407 0.492533 0.382376 0.583526 0.704206 0.642194 0.701509 0.888646 0.501713 0.500289 0.114279 0.149302 0.354764 0.131030 0.540832 0.161146 0.946610 0.185579 0.760276 0.947312 0.898277 0.915498 0.011840 0.267066 0.317378 0.985577 0.938979 0.382998 0.006122 0.972821 0.157750 0.739465 0.750840 0.720967 0.745482 0.775725 0.675164 0.252266 0.602757 0.950496 0.664697 0.935445 0.672109 0.703870 0.649067 0.543591 0.150972 0.399519 0.355607 0.332567 0.154516 0.953988 0.139915 0.071047 0.480597 0.086518 0.443299 0.649463 0.036308 0.703861 0.222236 0.401401 0.864378 0.156155 0.870305 0.470392 0.950279 0.142417 0.784504 0.867702 0.253528 0.117136 0.346063 0.392958 0.273370 0.182232 0.482812 0.537095 0.938620 0.476360 0.865622 0.925018 0.861023 0.050240 0.796854 0.782579 0.334407 0.559661 0.389752 0.165079 0.792831 0.373882 0.907667 0.407578 0.858722 0.775684 0.059831 0.277783 0.376819 0.223910 0.990549 0.654256 0.010372 0.000262 0.012046 0.418129 0.262288 0.709742 0.939608 0.102781 0.032083 0.048886 0.665966 0.897362 0.749435 0.498005 0.993312 0.659365 0.309815 0.460332 0.976873 0.692951 0.015452 0.949050 0.154882 0.013340 0.481009 0.485377 0.217547 0.481959 0.365258 0.126089 0.716926 0.356513 0.806894 0.049955 0.396656 0.577639 0.534843 0.556690 0.255294 0.124697 0.328147 0.484537 0.139143 0.813411 0.056084 0.532947 0.190134 0.882758 0.712453 0.714887 0.049634 0.231800 0.421331 0.602010 0.993631 0.324740 0.789772 0.966940 0.925618 0.342032 0.273141 0.876832 0.295199 0.896307 0.785496 0.076478 0.128294 0.559541 0.450368 0.652023 0.900505 0.785754 0.720343 0.047913 0.164588 0.936565 0.727217 0.974347 0.385677 0.307764 0.464496 0.583915 0.733126 0.192712 0.664741 0.654091 0.346706 0.091839 0.172353 0.754491 0.282629 0.924593 0.307194 0.138512 0.154433 0.802473 0.180003 0.002254 0.681123 0.698165 0.853508 0.779011 0.699745 0.157222 0.809617 0.876510 0.267142 0.908771 0.606905 0.478419 0.620136 0.630299 0.432221 0.671406 0.735439 0.951308 0.725617 0.480199 0.721473 0.920380 0.405555 0.129418 0.382768 0.394430 0.399281 0.358071 0.490361 0.401679 0.034278 0.244649 0.155712 0.841143 0.483591 0.838869 0.461427 0.782104 0.238679 0.668712 0.436549 0.905991 0.093135 0.226659 0.496389 0.886715 0.149342 0.824801 0.498474 0.293047 0.733691 0.941374 0.977854 0.666292 0.253845 0.303852 0.392618 0.596998 0.027327 0.091050 0.598368 0.284810 0.181183 0.679456 0.911729 0.820158 0.765507 0.994485 0.376020 0.632605 0.737446 0.165100 0.049668 0.224970 0.095518 0.708508 0.628358 0.741556 0.451992 0.874572 0.742798 0.038633 0.054608 0.887036 0.080420 0.528552 0.644850 0.790957 0.342652 0.285173 0.010831 0.339013 0.875089 0.158329 0.119956 0.154005 0.931502 0.443798
0.695229 0.271957 0.699902 0.715916 0.932389 0.023157 0.602083 0.486082 0.754747 0.535207 0.973302 0.638437 0.599484 0.877365 0.485001 0.297130 0.921125 0.136507 0.205517 0.252284 0.836240 0.097159 0.108722 0.846412 0.207068 0.419553 0.722229 0.918482 0.414358 0.957775 0.046798 0.326468 0.418930 0.546585 0.406499 0.238904 0.174683 0.475995 0.523644 0.703771 0.931129 0.349922 0.537454 0.495058 0.265726 0.043325 0.913636 0.634613 0.497407 0.714318 0.406313 0.350628 0.023633 0.496732 0.333652 0.178097 0.669725 0.322987 0.405917 0.543313 0.457162 0.416080 0.284632 0.804453 0.293174 0.755698 0.064355 0.351198 0.395234 0.903755 0.914678 0.338401 0.248838 0.429030 0.423366 0.002880 0.940461 0.169562 0.149399 0.327399 0.430109 0.856843 0.220522 0.996608 0.079830 0.462226 0.310397 0.675898 0.178320 0.509717 0.223451 0.102758 0.437750 0.015051 0.225818 0.575860 0.887783 0.803841 0.335124 0.433830 0.825967 0.846501 0.146788 0.235682 0.085845 0.612577 0.686851 0.845229 0.679631 0.766397 0.126736 0.499974 0.752347 0.549012 0.548438 0.005969 0.393157 0.543776 0.034974 0.293523 0.939911 0.393407 0.735575 0.908562 0.567915 0.715247 0.394541 0.392932 0.337410 0.017964 0.958396 0.342781 0.436112 0.659792 0.643212 0.581296 0.140416 0.317348 0.785819 0.884881 0.315069 0.829625 0.385197 0.202023 0.780462 0.210750 0.228860 0.380910 0.854584 0.787723 0.676517 0.887570 0.866559 0.790029 0.001425 0.180338 0.512717 0.764568 0.828869 0.780239 0.189152 0.241915 0.346655 0.956859 0.094697 0.387009 0.743769 0.322635 0.712035 0.622890 0.027497 0.139709 0.539564 0.280749 0.630213 0.543408 0.954639 0.455675 0.902600 0.017296 0.720181 0.897288 0.491059 0.993567 0.570394 0.195183 0.704880 0.499121 0.282224 0.121249 0.404903 0.762760 0.680824 0.673586 0.799076 0.501587 0.055039 0.433476 0.992575 0.377460 0.141854 0.311151 0.954605 0.198369 0.668356 0.586431 0.892146 0.406450 0.906868 0.552421 0.255941 0.168408 0.659691 0.178505 0.838334 0.059078 0.820624 0.955533 0.410984 0.786685 0.161757 0.954662 0.517529 0.574536 0.967716 0.436221 0.474931 0.196925 0.740586 0.497214 0.406231 0.411802 0.165209 0.258720 0.606903 0.734523 0.567100 0.427334 0.240868 0.578244 0.358672 0.847327 0.111208 0.529881 0.673524 0.215819 0.459428 0.659055 0.304077 0.703425 0.442108 0.836601 0.689353 0.813763 0.871759 0.928395 0.702338 0.379169 0.903387 0.661752 0.595705 0.663444 0.875318 0.022690 0.149429 0.265999 0.701659 0.433667 0.523447 0.255586 0.109002 0.901452 0.293331 0.469578 0.641649 0.207833 0.463768 0.139008 0.712164 0.588796 0.435817 0.378026 0.959979 0.961043 0.948576 0.505761 0.137862 0.982530 0.043882 0.382646 0.122848 0.150237 0.205261 0.751744 0.486090 0.571901 0.169833 0.355207 0.390783 0.266447
0.896637 0.054983 0.051315 0.905174 0.641968 0.375177 0.742150 0.067292 0.039821 0.647192 0.605105 0.112610 0.964390 0.495952 0.517687 0.144712 0.906811 0.904638 0.056958 0.498771 0.599826 0.345510 0.344663 0.519765 0.122898 0.947318 0.977891 0.716528 0.580779 0.361086 0.979090 0.612153 0.351177 0.950405 0.204353 0.019649 0.095471 0.064837 0.007080 0.650656 0.424626 0.788843 0.063965 0.939072 0.463346 0.992296 0.068920 0.289200 0.546995 0.829529 0.426767 0.498625 0.349412 0.601823 0.236772 0.119656 0.807031 0.089310 0.808196 0.132053 0.147452 0.269787 0.063510 0.248552 0.445808 0.105872 0.038744 0.876852 0.333750 0.602038 0.642510 0.470736 0.785986 0.093460 0.684406 0.527574 0.473068 0.280687 0.431376 0.504701 0.752976 0.024034 0.009357 0.503570 0.790858 0.069078 0.447996 0.237104 0.874812 0.337477 0.191970 0.453550 0.041974 0.491719 0.452932 0.395737 0.922776 0.099883 0.389970 0.608939 0.672637 0.268633 0.193446 0.996193 0.046554 0.665708 0.190414 0.137333 0.112903 0.392665 0.641825 0.065984 0.557775 0.281688 0.052175 0.470205 0.144498 0.874178 0.028706 0.018923 0.794804 0.844127 0.513776 0.481954 0.967730 0.443777 0.312870 0.385021 0.931193 0.837125 0.143905 0.906699 0.787811 0.765033 0.156904 0.709935 0.950533 0.116892 0.343522 0.724118 0.798341 0.703681 0.138183 0.729015 0.452361 0.831506 0.564506 0.781847 0.114417 0.258307 0.992802 0.771012 0.466855 0.974136 0.235505 0.013220 0.969606 0.895746 0.841570 0.201919 0.105012 0.741368 0.815269 0.419289 0.800025 0.200606 0.976964 0.465490 0.057017 0.515496 0.421723 0.367238 0.578867 0.953129 0.082424 0.080482 0.740106 0.577342 0.451143 0.186365 0.424487 0.486668 0.736937 0.435978 0.027550 0.959459 0.852613 0.119788 0.610442 0.276754 0.209896 0.087558 0.572721 0.708544 0.151681 0.608989 0.990369 0.071878 0.993012 0.070792 0.705673 0.985531 0.235771 0.910911 0.777082 0.857339 0.944141 0.361915 0.085011 0.199467 0.031359 0.124926 0.065546 0.239125 0.609610 0.031118 0.650199 0.132555 0.569403 0.425201 0.001577 0.860549 0.772522 0.691883 0.544667 0.391962 0.532527 0.001540 0.085046 0.182128 0.157626 0.212737 0.489383 0.139792 0.725081 0.969185 0.584306 0.704964 0.531225 0.343089 0.527729 0.387993 0.289565 0.311453 0.090463 0.851130 0.229400 0.718466 0.447611 0.670521 0.022728 0.144523 0.423728 0.218940 0.821152 0.117079 0.331030 0.865633 0.084068 0.465402 0.054096 0.241069 0.763888 0.976630 0.346050 0.513421 0.588408 0.241107 0.064271 0.343367 0.445172 0.883799 0.492201 0.068741 0.843577 0.920329 0.197002 0.454207 0.447829 0.508882 0.494620 0.806202 0.765951 0.335087 0.393552 0.958303 0.086608 0.007437 0.006076 0.902248 0.814924 0.254423 0.886118 0.592455 0.607295 0.686344 0.244201 0.776270 0.001680 0.230879
0.746110 0.517471 0.224209 0.015572 0.823160 0.523568 0.856105 0.802058 0.487449 0.672255 0.594711 0.671532 0.353460 0.377642 0.716393 0.053156 0.036115 0.919928 0.368946 0.759315 0.704262 0.089374 0.886040 0.235469 0.296365 0.090445 0.105824 0.079366 0.206276 0.204803 0.352400 0.440429 0.513115 0.743093 0.351215 0.090145 0.482061 0.914587 0.197379 0.376157 0.499733 0.279075 0.427013 0.921959 0.956312 0.982486 0.134050 0.302451 0.193800 0.536701 0.742638 0.707260 0.750110 0.855960 0.356574 0.115653 0.323846 0.228832 0.387175 0.600837 0.461585 0.219758 0.466498 0.164900 0.960881 0.811731 0.836420 0.445650 0.152867 0.846169 0.444969 0.135067 0.696333 0.814819 0.601606 0.596203 0.706034 0.347754 0.157326 0.589672 0.808204 0.869506 0.099372 0.595278 0.455486 0.952470 0.171094 0.172364 0.036673 0.506249 0.430028 0.448732 0.605805 0.934213 0.926663 0.538779 0.360806 0.783303 0.650796 0.674616 0.547986 0.873427 0.218955 0.008584 0.940962 0.357827 0.061186 0.814407 0.631113 0.107028 0.730174 0.006312 0.615310 0.915823 0.980077 0.439675 0.080356 0.508414 0.577865 0.818042 0.725582 0.227710 0.604420 0.772890 0.456194 0.965140 0.390333 0.336643 0.756700 0.657250 0.450739 0.287813 0.780933 0.726396 0.098064 0.493625 0.866252 0.391093 0.857315 0.915212 0.085089 0.354104 0.469270 0.439134 0.316791 0.203950 0.378350 0.121395 0.022203 0.534199 0.575210 0.792198 0.592608 0.937122 0.565646 0.123177 0.881264 0.216229 0.405126 0.514333 0.766628 0.356249 0.607577 0.479529 0.891372 0.440967 0.100952 0.061126 0.364612 0.257383 0.073492 0.561314 0.111471 0.444300 0.087648 0.011965 0.368847 0.897386 0.431615 0.942427 0.646842 0.594272 0.895070 0.791396 0.694679 0.929634 0.665047 0.190999 0.469840 0.564835 0.651163 0.196079 0.295820 0.417931 0.711902 0.148284 0.538392 0.937699 0.963437 0.410466 0.007078 0.439509 0.857691 0.221746 0.660865 0.567800 0.782754 0.910126 0.441544 0.513366 0.430359 0.004848 0.649698 0.438424 0.855352 0.065272 0.432547 0.193305 0.638239 0.707022 0.209862 0.896926 0.091637 0.630514 0.115235 0.752787 0.236378 0.933953 0.861823 0.018133 0.837150 0.772588 0.401118 0.504177 0.187144 0.847963 0.952146 0.791004 0.995338 0.615658 0.619148 0.186572 0.330276 0.529138 0.383876 0.914052 0.479445 0.223658 0.380767 0.206191 0.421850 0.015031 0.135109 0.231455 0.044311 0.662287 0.029452 0.527097 0.100499 0.073718 0.419045 0.880408 0.632118 0.426948 0.363924 0.820851 0.928543 0.149455 0.057957 0.644810 0.420259 0.993279 0.827668 0.767769 0.535733 0.686383 0.613328 0.487107 0.360856 0.969401 0.505557 0.490977 0.174363 0.913013 0.793457 0.030377 0.725378 0.546138 0.398739 0.978591 0.916697 0.819212 0.402648 0.658268 0.363707 0.800640 0.576498 0.674810 0.687522 0.032956
0.624399 0.928959 0.727187 0.540288 0.069926 0.539009 0.640713 0.606386 0.592947 0.544467 0.197282 0.470844 0.198813 0.763540 0.950815 0.420385 0.720334 0.103582 0.911967 0.950948 0.824694 0.299479 0.836786 0.634044 0.444102 0.198654 0.020831 0.901470 0.996255 0.590414 0.176892 0.602921 0.006752 0.216659 0.934293 0.618561 0.744395 0.325951 0.766646 0.888387 0.822690 0.310770 0.799362 0.982445 0.808497 0.076862 0.686835 0.527938 0.197795 0.108130 0.673610 0.448879 0.540724 0.960752 0.719552 0.266057 0.326177 0.330497 0.767081 0.341946 0.698278 0.082165 0.750344 0.567503 0.758163 0.657166 0.519113 0.115464 0.156687 0.978673 0.108361 0.341596 0.371300 0.044852 0.471737 0.844081 0.723729 0.309084 0.501831 0.354538 0.338154 0.469684 0.169823 0.134032 0.566243 0.447263 0.915096 0.414243 0.487095 0.669989 0.489119 0.821684 0.912594 0.573144 0.580640 0.586945 0.058465 0.336459 0.184015 0.288439 0.304782 0.473065 0.340154 0.970278 0.928318 0.083539 0.943111 0.577531 0.531321 0.728724 0.248683 0.092046 0.438156 0.647673 0.292624 0.125897 0.630864 0.497453 0.157649 0.453553 0.302654 0.045320 0.645902 0.862826 0.170898 0.154542 0.956512 0.772595 0.574580 0.466261 0.721137 0.840705 0.400961 0.195524 0.114059 0.188226 0.678971 0.717772 0.538914 0.096497 0.149343 0.806565 0.150379 0.340542 0.770445 0.384963 0.336549 0.800083 0.346185 0.549865 0.259631 0.808529 0.881600 0.282670 0.345259 0.924878 0.904886 0.803464 0.118174 0.701082 0.433120 0.973741 0.419171 0.481943 0.136113 0.505613 0.714268 0.191475 0.342256 0.614057 0.037712 0.789430 0.626652 0.022352 0.190695 0.199894 0.541549 0.057225 0.919052 0.687299 0.897055 0.216860 0.174128 0.651402 0.532304 0.095006 0.786979 0.417654 0.493373 0.137870 0.457557 0.672383 0.333161 0.175984 0.824380 0.988721 0.538464 0.170856 0.200458 0.401619 0.131536 0.596597 0.060234 0.296366 0.578112 0.503075 0.575355 0.829285 0.695181 0.950074 0.644617 0.398827 0.912951 0.953374 0.803825 0.208823 0.033521 0.590073 0.246741 0.456109 0.818638 0.409338 0.960622 0.192567 0.848564 0.232553 0.524470 0.694494 0.296299 0.248033 0.077192 0.416858 0.153294 0.415362 0.583630 0.372376 0.578139 0.270623 0.554299 0.527817 0.148047 0.945996 0.770276 0.868379 0.975327 0.331672 0.747518 0.849742 0.064606 0.273752 0.970414 0.513445 0.936017 0.497417 0.159738 0.182429 0.217690 0.811466 0.143498 0.881667 0.101466 0.620716 0.221931 0.145204 0.445487 0.122832 0.201893 0.900252 0.268027 0.195955 0.571317 0.224238 0.370203 0.031586 0.792602 0.394316 0.162559 0.757072 0.353012 0.472409 0.855019 0.758492 0.967290 0.373426 0.903456 0.023339 0.731549 0.319391 0.793849 0.778098 0.641924 0.338169 0.464395 0.152165 0.659433 0.086361 0.084945 0.486686 0.299232 0.817890
0.681681 0.440612 0.170186 0.617483 0.393838 0.346888 0.600179 0.498882 0.840162 0.423694 0.144718 0.606953 0.529489 0.407818 0.121600 0.620706 0.654181 0.763217 0.971136 0.858104 0.864841 0.676267 0.049005 0.783385 0.503939 0.313331 0.438017 0.747164 0.919320 0.880818 0.186107 0.436348 0.964708 0.280920 0.733650 0.095265 0.767314 0.426725 0.493308 0.413397 0.163246 0.306174 0.296628 0.027210 0.598933 0.286332 0.708517 0.990718 0.112096 0.461414 0.019403 0.725737 0.669797 0.580327 0.141518 0.858480 0.202294 0.846164 0.004302 0.761516 0.079519 0.468185 0.255267 0.046889 0.592142 0.883617 0.151232 0.008372 0.368884 0.664495 0.328255 0.986104 0.452364 0.133547 0.029597 0.846679 0.500307 0.270980 0.589040 0.899265 0.419506 0.376489 0.084377 0.589815 0.215438 0.429076 0.083245 0.775971 0.871191 0.850751 0.454651 0.541751 0.793757 0.895650 0.680271 0.748810 0.624972 0.182854 0.481740 0.483601 0.854535 0.732184 0.748513 0.743895 0.206381 0.395932 0.256034 0.154758 0.915066 0.045048 0.101692 0.447577 0.916902 0.083440 0.881400 0.137023 0.258618 0.472337 0.072570 0.600064 0.873143 0.522940 0.489900 0.506576 0.913572 0.338879 0.793192 0.401736 0.550182 0.142490 0.348053 0.891164 0.792298 0.253787 0.169879 0.874541 0.442920 0.499654 0.728456 0.064184 0.890992 0.707281 0.358465 0.747651 0.665227 0.480613 0.749760 0.924135 0.035639 0.807372 0.259995 0.278859 0.358375 0.623178 0.505376 0.862659 0.403635 0.685049 0.826935 0.764406 0.401852 0.631438 0.878256 0.881969 0.974477 0.742951 0.480255 0.051742 0.625893 0.391282 0.260996 0.594311 0.359824 0.145661 0.821238 0.723014 0.027412 0.115447 0.575456 0.721331 0.771476 0.098009 0.600923 0.215789 0.186957 0.412649 0.097116 0.482915 0.712114 0.144553 0.174107 0.731412 0.595214 0.197764 0.961313 0.638162 0.258764 0.573838 0.638986 0.284326 0.980091 0.962924 0.533626 0.638600 0.888900 0.575172 0.930356 0.092377 0.570090 0.141545 0.389459 0.956966 0.488779 0.967974 0.537607 0.924145 0.620996 0.824402 0.102302 0.967978 0.091355 0.238285 0.574769 0.296057 0.484441 0.590411 0.295083 0.649970 0.182478 0.835688 0.917718 0.482880 0.209378 0.213882 0.153461 0.542445 0.797061 0.259795 0.366307 0.444762 0.850409 0.195885 0.951668 0.695936 0.460902 0.184384 0.119057 0.375867 0.205709 0.017594 0.427215 0.035146 0.122088 0.299115 0.380830 0.397935 0.835899 0.113526 0.306429 0.105875 0.203250 0.535323 0.105029 0.125073 0.778159 0.679897 0.836581 0.629441 0.425753 0.087097 0.139701 0.791054 0.693567 0.272902 0.133846 0.716764 0.607359 0.826104 0.932432 0.343280 0.313913 0.628704 0.241874 0.557844 0.398698 0.294751 0.541842 0.642367 0.960343 0.789440 0.770263 0.855666 0.754553 0.323963 0.247145 0.786652 0.143151 0.913980 0.318817 0.533150
0.977342 0.143866 0.666665 0.379860 0.247995 0.214824 0.514701 0.000334 0.619924 0.302241 0.522417 0.814941 0.174915 0.070696 0.865599 0.467384 0.061825 0.285096 0.914857 0.751052 0.583967 0.650146 0.567916 0.655300 0.446905 0.516020 0.605018 0.240876 0.587490 0.878748 0.080461 0.013008 0.774200 0.965695 0.329326 0.265838 0.790618 0.278505 0.145548 0.515586 0.528177 0.845354 0.837068 0.977142 0.811616 0.508136 0.871104 0.165463 0.772704 0.356160 0.825165 0.425522 0.356349 0.898677 0.022255 0.304180 0.958686 0.394484 0.067894 0.222208 0.500269 0.715372 0.895702 0.068989 0.249564 0.580257 0.380210 0.405194 0.292185 0.377593 0.067856 0.641177 0.508211 0.753365 0.992781 0.867609 0.167351 0.473388 0.036993 0.069564 0.632161 0.123455 0.251597 0.105402 0.178005 0.259538 0.240894 0.096802 0.437132 0.958481 0.856773 0.104147 0.440311 0.908202 0.737132 0.827063 0.929995 0.654947 0.355957 0.295023 0.963989 0.054306 0.934465 0.327310 0.935434 0.713928 0.634476 0.812049 0.997766 0.886207 0.092317 0.908860 0.269567 0.828535 0.902105 0.777595 0.371030 0.044892 0.192008 0.142733 0.884431 0.344726 0.441791 0.472242 0.552917 0.079467 0.524036 0.796348 0.679193 0.441406 0.701913 0.965955 0.927167 0.259885 0.293416 0.195455 0.275439 0.543200 0.183905 0.102426 0.030092 0.348581 0.544052 0.908111 0.008016 0.155743 0.012425 0.832497 0.091344 0.173909 0.662759 0.926316 0.665188 0.230772 0.574324 0.561201 0.008648 0.142854 0.693617 0.703707 0.156960 0.498967 0.332746 0.328305 0.106322 0.636898 0.104714 0.757383 0.174014 0.783104 0.377975 0.085244 0.959992 0.036939 0.620313 0.213343 0.051075 0.628425 0.459297 0.790924 0.732865 0.832413 0.581275 0.716019 0.316174 0.049814 0.023696 0.746262 0.212394 0.188590 0.462240 0.992194 0.294567 0.444874 0.674088 0.559599 0.353483 0.229655 0.203197 0.708541 0.305679 0.984522 0.170761 0.865238 0.652875 0.621761 0.620286 0.683749 0.002823 0.611344 0.122928 0.214058 0.068696 0.069607 0.335138 0.139976 0.345422 0.508978 0.601949 0.787382 0.391050 0.903499 0.264665 0.116845 0.366110 0.521284 0.188588 0.523438 0.134718 0.190379 0.656080 0.126363 0.095145 0.651849 0.887732 0.072565 0.900373 0.041135 0.805656 0.903218 0.136145 0.744804 0.346413 0.956106 0.264031 0.000313 0.087324 0.822198 0.963274 0.674257 0.068222 0.631869 0.002943 0.998281 0.799715 0.862524 0.024152 0.673360 0.821184 0.793008 0.264542 0.254094 0.994935 0.305565 0.609087 0.402890 0.154730 0.228970 0.485103 0.118315 0.731508 0.390463 0.405058 0.796310 0.146149 0.582848 0.411970 0.198385 0.062256 0.171438 0.976015 0.824240 0.492212 0.278029 0.648759 0.248120 0.629150 0.115144 0.142138 0.083773 0.483413 0.060661 0.717734 0.909736 0.609712 0.508606 0.456656 0.690835 0.058130 0.995037
0.198531 0.849815 0.151237 0.485689 0.950499 0.599719 0.814540 0.904388 0.413553 0.217054 0.382828 0.253502 0.875872 0.167295 0.445133 0.724922 0.109824 0.770990 0.823533 0.150331 0.156404 0.407471 0.493717 0.502874 0.439835 0.600528 0.851621 0.406420 0.286163 0.601032 0.783345 0.513861 0.630236 0.630346 0.508784 0.244256 0.733278 0.336049 0.073559 0.309708 0.113361 0.856427 0.272292 0.515300 0.721864 0.894576 0.282147 0.278927 0.478877 0.466993 0.830267 0.783661 0.063038 0.820619 0.207017 0.718072 0.241245 0.863763 0.817407 0.215478 0.277656 0.175873 0.303303 0.317319 0.586803 0.900413 0.594528 0.001384 0.581697 0.921274 0.218776 0.179952 0.010480 0.345500 0.804949 0.164756 0.781355 0.328236 0.042132 0.717467 0.974952 0.083525 0.800341 0.423448 0.132991 0.120680 0.998933 0.120266 0.002856 0.538786 0.965891 0.694089 0.634586 0.095308 0.049910 0.986809 0.065738 0.364183 0.299849 0.534447 0.829232 0.473853 0.735176 0.636660 0.009154 0.501723 0.428639 0.318730 0.613086 0.188177 0.676550 0.413094 0.451582 0.884795 0.906049 0.833957 0.444328 0.816969 0.982727 0.259249 0.519372 0.366869 0.841798 0.273631 0.725935 0.646311 0.648683 0.190582 0.388707 0.371905 0.701671 0.642508 0.664684 0.310657 0.366635 0.069959 0.094874 0.875772 0.869807 0.249084 0.419733 0.075789 0.545005 0.143009 0.276031 0.006331 0.634867 0.128457 0.772526 0.818079 0.439573 0.613173 0.778376 0.449765 0.000823 0.767943 0.795052 0.896702 0.067675 0.214222 0.668370 0.208416 0.795479 0.141627 0.174230 0.577345 0.563692 0.823465 0.913912 0.515693 0.085895 0.068136 0.624633 0.741732 0.611328 0.267027 0.878550 0.036181 0.959564 0.216264 0.287573 0.078358 0.791022 0.932702 0.565516 0.375144 0.130994 0.028508 0.735079 0.778231 0.664812 0.226885 0.959312 0.368735 0.670351 0.600156 0.331614 0.476156 0.139396 0.646938 0.716950 0.414354 0.830719 0.384963 0.630591 0.253945 0.455569 0.699659 0.526837 0.183730 0.961209 0.661885 0.049162 0.231682 0.524301 0.178173 0.116676 0.473588 0.883029 0.507273 0.057748 0.295500 0.604234 0.698145 0.505955 0.137635 0.031253 0.729339 0.777209 0.216538 0.542807 0.465612 0.191950 0.102266 0.067812 0.651646 0.920703 0.965068 0.493385 0.942220 0.460658 0.324019 0.131324 0.667932 0.443869 0.693193 0.295616 0.818557 0.633009 0.731028 0.616677 0.442595 0.969541 0.204225 0.899941 0.772132 0.875483 0.990567 0.645630 0.507777 0.813820 0.860003 0.643583 0.013881 0.128286 0.004473 0.458628 0.199277 0.162335 0.732009 0.892084 0.432086 0.936455 0.136620 0.047618 0.410000 0.783108 0.841175 0.595799 0.890642 0.937852 0.663089 0.928256 0.823269 0.046746 0.455749 0.898279 0.271381 0.822404 0.473332 0.362652 0.598620 0.890287 0.278242 0.983439 0.841666 0.523108 0.371934 0.126407 0.804997
0.763836 0.430690 0.860466 0.977727 0.150324 0.083629 0.796715 0.134625 0.752487 0.837707 0.186459 0.147270 0.160734 0.493443 0.947123 0.711672 0.392557 0.958865 0.288855 0.341419 0.299567 0.031379 0.787475 0.248949 0.762194 0.435838 0.328495 0.331483 0.693548 0.890214 0.245710 0.719743 0.550809 0.824920 0.953911 0.831047 0.548326 0.486223 0.685981 0.528220 0.266797 0.811372 0.752709 0.195630 0.744310 0.810453 0.924677 0.275104 0.401196 0.200259 0.280086 0.467405 0.177539 0.790761 0.213026 0.317069 0.542125 0.183036 0.161277 0.757629 0.785665 0.906168 0.443078 0.876429 0.475192 0.784358 0.537044 0.819494 0.291392 0.035827 0.800240 0.176583 0.168170 0.696872 0.167971 0.866183 0.363314 0.475079 0.186961 0.138175 0.253669 0.820109 0.130412 0.948080 0.494725 0.606349 0.494250 0.935174 0.548833 0.234225 0.665047 0.094100 0.769909 0.866548 0.593941 0.487771 0.070315 0.308584 0.403200 0.940119 0.365028 0.451141 0.610568 0.587303 0.158209 0.046661 0.720421 0.724235 0.032564 0.549708 0.092741 0.156836 0.371592 0.452867 0.977424 0.582271 0.466864 0.337853 0.768650 0.323824 0.563515 0.424194 0.907722 0.585887 0.481098 0.577065 0.023864 0.222333 0.900712 0.456997 0.556458 0.924389 0.678290 0.834089 0.509349 0.764417 0.692736 0.224037 0.008410 0.770044 0.016904 0.426177 0.820289 0.861008 0.923333 0.435762 0.338001 0.171112 0.379241 0.063445 0.563741 0.737415 0.933938 0.394265 0.954392 0.416831 0.751599 0.328729 0.495999 0.029923 0.115290 0.540456 0.946268 0.260755 0.875574 0.637940 0.925125 0.141242 0.969036 0.693166 0.585528 0.469540 0.211104 0.702654 0.267458 0.641096 0.775425 0.216520 0.277398 0.159447 0.452948 0.940814 0.524287 0.647085 0.600302 0.950889 0.712758 0.394408 0.604974 0.590472 0.625517 0.052165 0.573372 0.068773 0.371531 0.211572 0.965203 0.013468 0.876799 0.310518 0.663994 0.204489 0.919302 0.608452 0.496274 0.090773 0.297949 0.465750 0.678269 0.785794 0.020457 0.191252 0.457916 0.541291 0.288370 0.231794 0.248476 0.629645 0.952733 0.860767 0.525006 0.732685 0.470989 0.523464 0.322131 0.346121 0.417476 0.866872 0.912307 0.171066 0.592481 0.265984 0.886274 0.630475 0.696300 0.858313 0.558641 0.287928 0.715492 0.388945 0.155980 0.622783 0.588298 0.883935 0.854920 0.348483 0.853816 0.932874 0.421082 0.848804 0.673233 0.822945 0.664700 0.279978 0.471176 0.717932 0.195283 0.731844 0.771342 0.301698 0.024146 0.235477 0.745489 0.740388 0.010033 0.635491 0.649160 0.907606 0.632336 0.533222 0.776246 0.370857 0.882172 0.003134 0.378788 0.052798 0.069186 0.797395 0.975387 0.656611 0.853810 0.623979 0.188683 0.799071 0.468489 0.511442 0.267941 0.973691 0.351331 0.885172 0.630001 0.741160 0.562069 0.888160 0.152153 0.733401 0.542483 0.865838 0.679505 0.133023
0.676906 0.703569 0.003717 0.620388 0.201275 0.493779 0.588688 0.565991 0.251021 0.551929 0.025873 0.446003 0.660530 0.806136 0.215198 0.386896 0.948029 0.078954 0.670898 0.645558 0.707937 0.935139 0.439887 0.882595 0.431108 0.132378 0.417188 0.671478 0.560098 0.458820 0.366519 0.918431 0.637965 0.618904 0.312937 0.009252 0.870619 0.064637 0.268724 0.004215 0.409541 0.575244 0.136114 0.474365 0.465985 0.119779 0.621420 0.806651 0.856709 0.127341 0.239175 0.898321 0.713735 0.525369 0.531917 0.283596 0.441912 0.195516 0.300119 0.917907 0.754464 0.124411 0.118750 0.967761 0.413342 0.751011 0.848009 0.855436 0.180184 0.371162 0.105118 0.084839 0.074351 0.158103 0.173423 0.524327 0.822255 0.897051 0.802659 0.460262 0.651391 0.539565 0.808250 0.305160 0.315210 0.786582 0.507355 0.191667 0.242304 0.319621 0.394130 0.068062 0.272645 0.529587 0.559170 0.334984 0.734385 0.845692 0.513928 0.416932 0.037879 0.777633 0.606815 0.194328 0.800729 0.814060 0.115887 0.659940 0.541100 0.102345 0.342828 0.358070 0.378910 0.491671 0.988689 0.493716 0.450429 0.513387 0.673487 0.433525 0.563425 0.791324 0.413860 0.871150 0.558364 0.560045 0.039220 0.173203 0.840115 0.101154 0.885549 0.553302 0.322993 0.726525 0.389380 0.286415 0.279050 0.005494 0.040532 0.713396 0.149598 0.986420 0.428548 0.861726 0.750815 0.005542 0.127197 0.987926 0.781977 0.160255 0.473252 0.735180 0.238210 0.768501 0.487761 0.385298 0.372127 0.824866 0.496247 0.254906 0.064859 0.271685 0.397262 0.231243 0.412026 0.587026 0.558903 0.856214 0.380346 0.377125 0.660842 0.788561 0.723063 0.405055 0.363720 0.357025 0.317565 0.969196 0.300554 0.844833 0.131603 0.825808 0.824138 0.460595 0.293207 0.141548 0.154754 0.119829 0.853092 0.030919 0.723724 0.274502 0.528397 0.627116 0.445353 0.646578 0.537483 0.037600 0.723505 0.129072 0.913019 0.765719 0.820356 0.386077 0.677876 0.192625 0.785737 0.236302 0.508244 0.799390 0.597285 0.249549 0.627480 0.966029 0.412513 0.922522 0.707439 0.632207 0.373329 0.751437 0.894614 0.004460 0.336466 0.017151 0.928541 0.126963 0.326914 0.280420 0.655634 0.213525 0.336723 0.730249 0.610185 0.780506 0.918690 0.836008 0.122813 0.463244 0.100101 0.942073 0.835307 0.934883 0.002140 0.172078 0.402800 0.607870 0.869292 0.906963 0.367974 0.548375 0.705308 0.408670 0.734129 0.737327 0.604961 0.045404 0.968140 0.186888 0.954088 0.477997 0.878846 0.341407 0.288892 0.794772 0.479854 0.678385 0.418450 0.565817 0.424412 0.940713 0.650202 0.341304 0.970997 0.239742 0.198436 0.687045 0.123794 0.873140 0.434326 0.271035 0.176118 0.157045 0.299146 0.944341 0.460472 0.683186 0.013717 0.371593 0.466956 0.131958 0.723466 0.511525 0.455825 0.230628 0.740244 0.725078 0.757901 0.896946 0.134944 0.349871
0.925156 0.731123 0.749387 0.132831 0.908708 0.231159 0.312883 0.354348 0.904309 0.128433 0.151401 0.343137 0.631221 0.028542 0.519473 0.501486 0.683680 0.525787 0.405376 0.359166 0.108524 0.064967 0.434410 0.220939 0.501931 0.127256 0.315389 0.424867 0.789571 0.106867 0.413533 0.454602 0.190669 0.959032 0.779179 0.118070 0.236524 0.673425 0.721948 0.300009 0.845900 0.520690 0.074511 0.725844 0.076830 0.426993 0.355122 0.821250 0.921451 0.441524 0.163090 0.479494 0.356472 0.038494 0.998561 0.087744 0.347765 0.737097 0.426401 0.909620 0.196059 0.164226 0.910479 0.514718 0.071366 0.313789 0.790668 0.808612 0.483966 0.049956 0.943376 0.738721 0.191882 0.909930 0.885472 0.547229 0.926866 0.184447 0.260958 0.063117 0.117581 0.233619 0.824415 0.211338 0.076015 0.485170 0.158885 0.437437 0.031716 0.204087 0.680953 0.578329 0.396550 0.815630 0.461232 0.566645 0.332370 0.887740 0.836179 0.391140 0.401018 0.635080 0.380576 0.138408 0.507367 0.555353 0.795752 0.802594 0.122405 0.450781 0.055312 0.526714 0.524563 0.551751 0.636561 0.166625 0.584483 0.277233 0.764981 0.892778 0.792430 0.118812 0.257777 0.542430 0.092298 0.490202 0.211587 0.680215 0.376132 0.874264 0.430518 0.732148 0.194849 0.754782 0.202473 0.289278 0.794286 0.310896 0.270292 0.244747 0.809381 0.793328 0.991861 0.716762 0.018769 0.093585 0.348745 0.039303 0.833738 0.837413 0.692684 0.546449 0.815796 0.796009 0.842100 0.109795 0.810960 0.358944 0.798221 0.119324 0.506803 0.049976 0.695939 0.373975 0.484133 0.459799 0.481275 0.144256 0.484404 0.188160 0.220581 0.150131 0.435893 0.570747 0.643630 0.191832 0.352918 0.818768 0.961860 0.572636 0.960774 0.102251 0.829169 0.842631 0.514763 0.409081 0.350875 0.632453 0.450195 0.761602 0.203375 0.424942 0.505935 0.848480 0.420889 0.505985 0.766698 0.302877 0.836593 0.683504 0.338197 0.687308 0.160972 0.174414 0.116092 0.204896 0.574046 0.164410 0.467088 0.042976 0.480508 0.188627 0.855203 0.834403 0.206822 0.360771 0.027562 0.493463 0.756987 0.978992 0.619163 0.973131 0.116105 0.213762 0.788946 0.009246 0.768087 0.580932 0.157270 0.440008 0.309180 0.837575 0.983946 0.848210 0.668156 0.485578 0.053969 0.732700 0.793820 0.821293 0.109383 0.190590 0.940662 0.824102 0.732687 0.123627 0.935368 0.117728 0.590047 0.232006 0.123686 0.236229 0.799218 0.570791 0.983493 0.058037 0.431261 0.375834 0.134362 0.295271 0.096143 0.799712 0.304260 0.556080 0.469735 0.325387 0.405002 0.723761 0.960559 0.738978 0.672906 0.011577 0.969250 0.032620 0.043959 0.967847 0.295331 0.647464 0.321912 0.384445 0.544610 0.472755 0.860916 0.705061 0.446218 0.033082 0.387130 0.400743 0.558895 0.014940 0.504650 0.958790 0.045422 0.495324 0.647741 0.403075 0.144869 0.227149 0.529374 0.109440
0.766688 0.246652 0.518356 0.744309 0.028559 0.685760 0.921356 0.695730 0.017041 0.577739 0.118417 0.293469 0.315786 0.489246 0.252399 0.811372 0.062699 0.886674 0.805700 0.070424 0.337077 0.037889 0.378361 0.587921 0.284234 0.479825 0.617540 0.127719 0.863191 0.111809 0.151082 0.900558 0.727262 0.089855 0.797441 0.601117 0.625611 0.417365 0.840479 0.320204 0.562627 0.264834 0.003936 0.414769 0.912035 0.992506 0.569667 0.549960 0.868983 0.959606 0.541172 0.722089 0.720740 0.155480 0.839547 0.175931 0.658901 0.755507 0.058830 0.263901 0.627307 0.473329 0.136116 0.993262 0.006086 0.086920 0.834110 0.796020 0.026441 0.824512 0.010253 0.340868 0.466399 0.950431 0.292759 0.431212 0.830616 0.200646 0.421555 0.756011 0.936875 0.550502 0.312942 0.227337 0.601287 0.534926 0.281573 0.968006 0.911215 0.087532 0.222544 0.105521 0.972692 0.502455 0.687398 0.799925 0.088845 0.351310 0.367067 0.141773 0.959113 0.383905 0.866583 0.964780 0.696540 0.888038 0.991213 0.531089 0.196703 0.798172 0.411985 0.602729 0.348913 0.362530 0.235802 0.903108 0.702084 0.933122 0.360094 0.552949 0.411885 0.432871 0.063346 0.848027 0.758083 0.806980 0.078864 0.392019 0.051198 0.393117 0.666319 0.030785 0.564349 0.472769 0.925075 0.085050 0.887842 0.929567 0.026359 0.108196 0.678931 0.102382 0.045998 0.338420 0.322464 0.907843 0.213442 0.032920 0.285472 0.329672 0.916811 0.934527 0.577508 0.174556 0.858454 0.570263 0.825500 0.627553 0.545260 0.032287 0.057769 0.475692 0.994098 0.708752 0.577440 0.041233 0.368097 0.852077 0.916297 0.501252 0.310025 0.974026 0.057378 0.929211 0.703688 0.660378 0.804301 0.835567 0.906312 0.055165 0.911629 0.902968 0.850545 0.531323 0.203437 0.030125 0.266892 0.073643 0.459192 0.423575 0.840874 0.286909 0.491232 0.464734 0.304376 0.163158 0.783658 0.051881 0.232469 0.556246 0.959433 0.364432 0.503910 0.969423 0.738124 0.540823 0.528613 0.540278 0.498462 0.544784 0.796567 0.564872 0.600410 0.573920 0.398685 0.901531 0.082066 0.391295 0.543740 0.277328 0.435113 0.194003 0.665584 0.949267 0.453918 0.616180 0.072785 0.429284 0.267199 0.222243 0.647522 0.224039 0.950600 0.565641 0.139785 0.665406 0.563810 0.158834 0.040371 0.855417 0.797503 0.526791 0.739618 0.226243 0.912331 0.030255 0.453789 0.648864 0.507699 0.947576 0.486755 0.046207 0.979020 0.768795 0.747515 0.053542 0.460531 0.001821 0.344501 0.582804 0.207306 0.563882 0.197000 0.062439 0.727054 0.257469 0.125072 0.666061 0.777543 0.741096 0.763818 0.366471 0.469665 0.169388 0.751558 0.117328 0.580448 0.440411 0.922633 0.880984 0.417640 0.571627 0.790327 0.503508 0.723945 0.225159 0.457127 0.081676 0.378155 0.745886 0.300389 0.660331 0.593712 0.949124 0.802446 0.345278 0.828633 0.303137 0.048028 0.004029
0.101068 0.048003 0.156938 0.370250 0.711662 0.940714 0.587329 0.604687 0.080166 0.499029 0.591989 0.111089 0.081528 0.797376 0.083210 0.807403 0.560647 0.299863 0.199841 0.196054 0.673084 0.789775 0.887657 0.156984 0.943980 0.706922 0.936731 0.379803 0.679862 0.832236 0.994361 0.069449 0.033169 0.020726 0.864000 0.472634 0.496555 0.864164 0.217751 0.895863 0.692753 0.971879 0.765615 0.305793 0.976669 0.779880 0.348128 0.694959 0.970862 0.050806 0.632131 0.792154 0.600915 0.112551 0.710087 0.542669 0.159902 0.021223 0.746872 0.622942 0.305162 0.801783 0.683409 0.284014 0.684893 0.766003 0.010153 0.351636 0.607480 0.070779 0.285578 0.093793 0.700248 0.627912 0.018673 0.941153 0.329783 0.827133 0.765201 0.561562 0.050220 0.207564 0.978400 0.664316 0.615932 0.804259 0.449574 0.059161 0.094402 0.480790 0.227772 0.183066 0.232060 0.903743 0.380515 0.845328 0.575798 0.725340 0.919205 0.185640 0.111641 0.023121 0.512593 0.810647 0.907745 0.557692 0.491846 0.001749 0.520889 0.880222 0.026087 0.609442 0.283168 0.564119 0.448196 0.052888 0.116782 0.616865 0.100882 0.517004 0.450304 0.322750 0.756580 0.916692 0.818894 0.919760 0.487212 0.804800 0.601577 0.136258 0.974788 0.462642 0.661362 0.281870 0.184592 0.080698 0.931626 0.751521 0.161964 0.032043 0.842457 0.409227 0.190213 0.280975 0.554147 0.666977 0.795458 0.645448 0.824096 0.282675 0.963727 0.663411 0.240612 0.628393 0.596118 0.066713 0.492294 0.496787 0.374281 0.241222 0.450223 0.492954 0.513137 0.874598 0.142493 0.983049 0.085225 0.681216 0.425377 0.258438 0.977186 0.453523 0.014430 0.293459 0.912646 0.127329 0.472838 0.165829 0.624300 0.025646 0.602820 0.859229 0.140828 0.698486 0.045160 0.106559 0.979012 0.632561 0.376114 0.789742 0.725763 0.168392 0.580874 0.417097 0.238217 0.649757 0.993003 0.802428 0.898728 0.721033 0.921663 0.663719 0.215618 0.545862 0.291543 0.449907 0.829344 0.838279 0.207158 0.931611 0.120252 0.122112 0.169019 0.222367 0.089320 0.754089 0.644213 0.593265 0.741401 0.416248 0.556809 0.792678 0.001088 0.582547 0.523806 0.913871 0.705550 0.554588 0.715017 0.726079 0.724567 0.077477 0.999683 0.394610 0.412960 0.365035 0.134694 0.321727 0.701190 0.374073 0.591881 0.144676 0.881304 0.201622 0.294228 0.489235 0.200905 0.855155 0.558209 0.668097 0.203154 0.080970 0.704128 0.991349 0.857639 0.738762 0.316927 0.765717 0.332903 0.737212 0.054239 0.131142 0.412938 0.800120 0.864748 0.245942 0.807746 0.366698 0.706960 0.225448 0.426842 0.023240 0.857033 0.963598 0.363286 0.953557 0.958871 0.472986 0.733065 0.501745 0.505717 0.545033 0.671492 0.330454 0.790772 0.458069 0.882546 0.069762 0.653190 0.700129 0.626808 0.237474 0.901065 0.254413 0.869175 0.421242 0.863912 0.846633 0.012911 0.535638
0.524102 0.546684 0.549326 0.102879 0.212535 0.783176 0.579787 0.022235 0.631947 0.848706 0.806706 0.045150 0.571193 0.554249 0.963457 0.302972 0.855042 0.509851 0.813876 0.222043 0.308519 0.653383 0.496789 0.278985 0.794323 0.244940 0.099587 0.844000 0.439879 0.232351 0.836153 0.967698 0.386696 0.168558 0.675469 0.231638 0.929945 0.436432 0.075982 0.694421 0.553862 0.714228 0.761007 0.480081 0.517846 0.013537 0.223761 0.679191 0.840479 0.700291 0.283168 0.846620 0.685477 0.407935 0.779865 0.264659 0.453651 0.311090 0.953624 0.410037 0.179664 0.276174 0.377963 0.713586 0.011797 0.353784 0.008296 0.656861 0.108390 0.814271 0.036947 0.514884 0.848710 0.208279 0.222511 0.496003 0.700961 0.413220 0.900806 0.366907 0.247168 0.650046 0.278665 0.530893 0.184886 0.416058 0.577675 0.647035 0.375223 0.650829 0.994329 0.519019 0.414295 0.100828 0.772303 0.625567 0.709805 0.640885 0.535084 0.824112 0.198347 0.887855 0.594921 0.844090 0.787567 0.039813 0.072488 0.841390 0.535431 0.828619 0.824996 0.087452 0.767087 0.393701 0.459612 0.117762 0.762004 0.734709 0.940666 0.965657 0.188893 0.516834 0.843437 0.441324 0.626000 0.274322 0.732617 0.538274 0.796326 0.437995 0.607368 0.427201 0.966336 0.679278 0.524307 0.484280 0.166783 0.958225 0.650143 0.085457 0.235757 0.676411 0.553481 0.663283 0.766854 0.185106 0.773736 0.340298 0.724634 0.715373 0.327411 0.581313 0.876867 0.652391 0.205661 0.193882 0.089583 0.723775 0.289226 0.257526 0.224776 0.647504 0.992973 0.598040 0.349262 0.441920 0.619337 0.102390 0.689893 0.565474 0.844381 0.554121 0.123373 0.795016 0.925128 0.691321 0.906617 0.709106 0.259737 0.050073 0.967363 0.484544 0.340341 0.523117 0.754754 0.054955 0.514563 0.204076 0.034298 0.122320 0.788927 0.059543 0.975398 0.191860 0.055673 0.569268 0.097821 0.572852 0.372043 0.513529 0.338542 0.102807 0.616896 0.544268 0.114800 0.132215 0.805266 0.123430 0.656018 0.600630 0.806836 0.376271 0.498547 0.091923 0.624079 0.322423 0.084499 0.810653 0.488750 0.256419 0.037985 0.622846 0.856758 0.770204 0.474367 0.893292 0.796953 0.863361 0.502586 0.967123 0.810392 0.925302 0.384978 0.828126 0.438895 0.571443 0.262645 0.222012 0.504431 0.521911 0.071881 0.645644 0.094935 0.061001 0.590103 0.796220 0.968196 0.675866 0.388378 0.886973 0.664659 0.462032 0.779089 0.362982 0.359083 0.066937 0.437289 0.771960 0.230376 0.850711 0.963124 0.786726 0.242423 0.535994 0.014686 0.970135 0.638474 0.017331 0.232159 0.623940 0.548231 0.981161 0.728422 0.476888 0.340482 0.564940 0.975899 0.573151 0.914889 0.621115 0.430369 0.652018 0.494874 0.993654 0.909395 0.335730 0.567498 0.186172 0.469455 0.609389 0.331974 0.581756 0.895820 0.804907 0.751297 0.002436 0.720544 0.386426 0.456075 0.476694
0.027866 0.644842 0.089841 0.693476 0.535201 0.239826 0.536843 0.883859 0.398785 0.964588 0.670839 0.691379 0.469487 0.573746 0.573236 0.000132 0.436919 0.494681 0.529704 0.167018 0.330820 0.967553 0.491609 0.571735 0.625957 0.558743 0.873690 0.915583 0.186671 0.869282 0.886367 0.106423 0.944721 0.284010 0.586960 0.860784 0.040950 0.071744 0.642103 0.140092 0.302600 0.459954 0.737647 0.227963 0.420282 0.495267 0.156662 0.503640 0.237926 0.140892 0.429546 0.602658 0.842046 0.603009 0.689821 0.738700 0.222987 0.315926 0.583375 0.041729 0.765930 0.709676 0.454454 0.912658 0.275336 0.642308 0.408679 0.471313 0.010578 0.825246 0.539464 0.525051 0.932232 0.345057 0.513528 0.497088 0.416959 0.562310 0.264593 0.030996 0.876112 0.909276 0.960053 0.788473 0.668960 0.469148 0.715471 0.477382 0.960452 0.790885 0.371032 0.110025 0.464913 0.613952 0.358230 0.973996 0.133121 0.304743 0.211695 0.557607 0.459729 0.862205 0.132789 0.489203 0.708889 0.724422 0.329497 0.891154 0.780518 0.955540 0.083578 0.073686 0.754333 0.193973 0.474089 0.918804 0.225793 0.682668 0.272147 0.965558 0.068398 0.219667 0.885453 0.136702 0.264324 0.967321 0.520379 0.678805 0.659493 0.880519 0.059028 0.067637 0.001999 0.373718 0.444501 0.385239 0.181852 0.195909 0.491704 0.460367 0.871568 0.988020 0.405431 0.402739 0.851289 0.569546 0.465252 0.731854 0.499240 0.919572 0.051647 0.599481 0.920928 0.788997 0.670377 0.170449 0.673866 0.730192 0.145852 0.978165 0.610808 0.177059 0.026891 0.792066 0.354084 0.580834 0.478064 0.585977 0.419437 0.166533 0.793182 0.701503 0.178621 0.975556 0.078360 0.324596 0.910990 0.058692 0.278345 0.729805 0.699377 0.916257 0.549370 0.416550 0.795837 0.037576 0.183135 0.846300 0.473390 0.555410 0.840144 0.656292 0.756549 0.964580 0.145429 0.418509 0.640767 0.567635 0.123515 0.730536 0.128761 0.365720 0.663293 0.982751 0.797110 0.013502 0.504071 0.756153 0.467798 0.085886 0.135925 0.894264 0.840632 0.741801 0.229948 0.896925 0.262339 0.283008 0.255738 0.228779 0.117361 0.516251 0.449866 0.989445 0.624749 0.152324 0.896754 0.350392 0.118137 0.262954 0.600937 0.745550 0.951203 0.056298 0.499870 0.644624 0.443150 0.610665 0.612851 0.476618 0.678507 0.024997 0.357447 0.255020 0.599704 0.339799 0.591662 0.782800 0.575738 0.077037 0.506775 0.935019 0.242030 0.028459 0.371723 0.184931 0.450335 0.514050 0.140208 0.919194 0.743113 0.627332 0.389349 0.522020 0.943545 0.225631 0.356695 0.608195 0.045410 0.596424 0.600496 0.693855 0.157071 0.712870 0.660036 0.537925 0.452826 0.575247 0.470666 0.313736 0.912410 0.029151 0.452521 0.331284 0.546388 0.007551 0.191748 0.835737 0.457888 0.682219 0.568608 0.647077 0.552817 0.109455 0.267958 0.568274 0.044436 0.498889 0.027102 0.316410
0.306177 0.808449 0.496313 0.045883 0.079226 0.975882 0.459713 0.120003 0.675623 0.040594 0.778915 0.096173 0.520435 0.790701 0.184783 0.762641 0.502131 0.951822 0.195524 0.280278 0.548570 0.293871 0.697302 0.803763 0.577438 0.028757 0.828306 0.471987 0.876170 0.177293 0.327690 0.579606 0.697777 0.196235 0.807576 0.924343 0.610407 0.959420 0.210765 0.563948 0.307865 0.800133 0.043686 0.318696 0.155945 0.118383 0.707702 0.327751 0.127794 0.983287 0.552881 0.368297 0.141977 0.775311 0.438123 0.695604 0.332466 0.390519 0.903903 0.768484 0.302620 0.315520 0.963010 0.663709 0.851087 0.063733 0.959530 0.717040 0.851653 0.471769 0.215503 0.170010 0.217120 0.329430 0.690587 0.018683 0.103363 0.389713 0.277050 0.334683 0.865079 0.636695 0.717478 0.879119 0.464637 0.791426 0.589587 0.232403 0.447491 0.644723 0.517720 0.849195 0.138004 0.165188 0.857328 0.077624 0.249456 0.585182 0.604744 0.895805 0.081998 0.987340 0.577887 0.803326 0.172130 0.637210 0.200699 0.218234 0.337629 0.008297 0.998035 0.793634 0.861516 0.074264 0.933298 0.321694 0.407747 0.435061 0.007835 0.720876 0.166561 0.002312 0.606451 0.393316 0.371863 0.729976 0.965320 0.592282 0.308422 0.794636 0.354945 0.133598 0.730507 0.950835 0.774229 0.249824 0.996886 0.981527 0.057444 0.521780 0.249407 0.637046 0.818418 0.230625 0.026931 0.931864 0.958478 0.235722 0.928050 0.935675 0.372572 0.407287 0.076865 0.994826 0.533274 0.284677 0.412489 0.324419 0.687981 0.852254 0.975074 0.488509 0.541443 0.931592 0.230617 0.086736 0.948902 0.110650 0.623560 0.122307 0.030920 0.180914 0.910565 0.680324 0.049055 0.289562 0.645527 0.158455 0.267956 0.327808 0.902121 0.331891 0.411986 0.348268 0.658655 0.994863 0.554083 0.931431 0.224466 0.544776 0.474588 0.908258 0.695618 0.152078 0.556501 0.108253 0.968847 0.757781 0.357539 0.269394 0.657094 0.358244 0.238184 0.370281 0.263468 0.842015 0.133276 0.282190 0.773769 0.791996 0.988772 0.256188 0.751130 0.496678 0.592717 0.965412 0.883820 0.562880 0.299649 0.233996 0.706800 0.056807 0.442783 0.879753 0.874434 0.875296 0.827876 0.640924 0.599804 0.929901 0.424575 0.247200 0.395227 0.863249 0.894034 0.139569 0.434579 0.715425 0.200849 0.076416 0.875948 0.407151 0.800489 0.236188 0.974571 0.351492 0.544857 0.651479 0.602176 0.841463 0.958274 0.822699 0.192933 0.922290 0.036309 0.433158 0.259136 0.504251 0.103824 0.413400 0.111226 0.302627 0.034748 0.768868 0.742534 0.714706 0.602128 0.950782 0.125985 0.873394 0.320953 0.762141 0.737244 0.704890 0.204357 0.066266 0.391199 0.422929 0.272825 0.446502 0.265528 0.136657 0.186702 0.646173 0.972767 0.015455 0.630329 0.280917 0.175428 0.576425 0.520392 0.338528 0.722817 0.095051 0.406328 0.910431 0.139665 0.542270 0.368799 0.411909
0.785308 0.410671 0.871339 0.112954 0.037674 0.241792 0.372193 0.593701 0.440682 0.062663 0.056643 0.222419 0.552236 0.999827 0.362238 0.229046 0.515706 0.722985 0.909320 0.374757 0.213554 0.152824 0.071817 0.915374 0.029060 0.739624 0.281506 0.394393 0.068603 0.746636 0.293417 0.610003 0.383612 0.599731 0.746933 0.152231 0.840769 0.553048 0.492856 0.898612 0.825937 0.804737 0.192428 0.596269 0.832160 0.959351 0.501877 0.821832 0.017473 0.262141 0.146079 0.957500 0.190610 0.598507 0.833794 0.262982 0.046134 0.847524 0.909334 0.940408 0.582657 0.663846 0.015418 0.066984 0.162889 0.012557 0.428639 0.275353 0.841431 0.708805 0.363011 0.729200 0.789909 0.791476 0.136839 0.584666 0.884045 0.007502 0.998933 0.693140 0.645371 0.207288 0.225792 0.330191 0.514443 0.538572 0.216428 0.134981 0.405359 0.100731 0.190840 0.833837 0.304743 0.165775 0.671159 0.836601 0.502389 0.050685 0.770791 0.165251 0.536301 0.449216 0.865442 0.723339 0.096708 0.872913 0.543815 0.721105 0.100362 0.238295 0.995865 0.198072 0.124129 0.426619 0.599427 0.386980 0.221938 0.607341 0.206783 0.839110 0.373363 0.271943 0.333610 0.875205 0.580905 0.613653 0.309426 0.892043 0.833285 0.961631 0.945533 0.030666 0.188884 0.851681 0.917787 0.291559 0.504995 0.005966 0.186927 0.230474 0.333704 0.513535 0.464343 0.541400 0.138207 0.209771 0.898533 0.557151 0.179633 0.492768 0.655495 0.739870 0.861584 0.366018 0.710349 0.808794 0.596891 0.231117 0.630882 0.369273 0.796592 0.549159 0.708234 0.882201 0.593905 0.668635 0.265224 0.413721 0.177112 0.223604 0.950059 0.250363 0.773776 0.147174 0.172223 0.366950 0.141803 0.467867 0.411441 0.597321 0.528653 0.265308 0.082713 0.816765 0.884315 0.201800 0.658024 0.508464 0.190476 0.777551 0.140443 0.932803 0.884870 0.928852 0.867898 0.042126 0.271336 0.154907 0.472335 0.502849 0.891441 0.168200 0.652950 0.481613 0.990483 0.496157 0.714116 0.964759 0.714694 0.425763 0.854871 0.214877 0.714709 0.248770 0.618392 0.695304 0.427594 0.265282 0.992217 0.217350 0.562631 0.840626 0.720257 0.594250 0.560823 0.071358 0.839230 0.607493 0.625777 0.415837 0.602572 0.098099 0.136107 0.574858 0.448897 0.431864 0.840578 0.147953 0.406777 0.845503 0.177708 0.171829 0.609259 0.358298 0.554933 0.694834 0.653705 0.917292 0.292424 0.500328 0.805144 0.807289 0.751071 0.831600 0.806999 0.231524 0.426915 0.995719 0.395605 0.857795 0.214645 0.131880 0.505079 0.056591 0.739610 0.215587 0.376020 0.614366 0.681868 0.730307 0.165158 0.449253 0.067696 0.589812 0.642854 0.460488 0.336719 0.331550 0.845167 0.926387 0.682948 0.976907 0.011911 0.315545 0.132166 0.784661 0.034865 0.325003 0.278268 0.556660 0.783074 0.522949 0.790158 0.938544 0.863744 0.726119 0.129954 0.177175 0.258149 0.633220
0.397188 0.682368 0.270614 0.478848 0.146689 0.997644 0.216218 0.949594 0.908879 0.894105 0.602897 0.140693 0.092656 0.623477 0.153629 0.151595 0.049486 0.342170 0.088141 0.793995 0.587274 0.568967 0.050183 0.061693 0.336977 0.260871 0.657236 0.661286 0.849871 0.207082 0.824478 0.880456 0.106915 0.744989 0.436880 0.474073 0.042576 0.379674 0.362314 0.731189 0.222194 0.646243 0.187903 0.845097 0.982889 0.595409 0.957697 0.571041 0.707337 0.643157 0.785285 0.401568 0.802937 0.172619 0.862838 0.036898 0.129837 0.066979 0.554072 0.688414 0.387914 0.649334 0.627929 0.665905 0.996874 0.299210 0.653728 0.813336 0.520844 0.586113 0.184019 0.099347 0.527585 0.173713 0.172401 0.121682 0.097392 0.140902 0.395114 0.626023 0.783439 0.538969 0.524246 0.563955 0.733044 0.566685 0.629444 0.935136 0.223028 0.475323 0.206652 0.326927 0.659932 0.377799 0.510928 0.211748 0.042326 0.791795 0.056283 0.519383 0.205912 0.748829 0.046696 0.960051 0.762151 0.101709 0.273562 0.315933 0.691502 0.675278 0.985728 0.072226 0.313867 0.979761 0.563989 0.807642 0.453011 0.257571 0.852678 0.215106 0.483558 0.764555 0.584134 0.172985 0.104534 0.338221 0.857518 0.923303 0.192550 0.968545 0.844210 0.945841 0.208753 0.904343 0.914747 0.309220 0.450863 0.754356 0.035402 0.708717 0.956731 0.926948 0.051213 0.094851 0.648028 0.857509 0.889554 0.244396 0.763689 0.140277 0.468689 0.544219 0.149656 0.665736 0.905849 0.708209 0.467750 0.781884 0.347678 0.355740 0.725812 0.894198 0.798844 0.241150 0.883215 0.681264 0.454857 0.502935 0.295041 0.265887 0.102058 0.622076 0.706827 0.054900 0.171928 0.381558 0.795176 0.747845 0.861877 0.361868 0.805146 0.471910 0.180366 0.768671 0.758809 0.296380 0.127241 0.649085 0.479809 0.426952 0.361299 0.123901 0.699104 0.366966 0.667459 0.290031 0.669021 0.826607 0.301714 0.696406 0.755601 0.731685 0.496061 0.526947 0.122407 0.356942 0.710376 0.888592 0.554871 0.801604 0.924349 0.974927 0.071911 0.358804 0.631030 0.282131 0.162053 0.886901 0.973497 0.989187 0.395637 0.795257 0.507621 0.647866 0.267181 0.785912 0.469887 0.237635 0.537776 0.593733 0.872036 0.293259 0.745138 0.496834 0.502371 0.438811 0.511685 0.634883 0.665128 0.309331 0.828691 0.180864 0.609479 0.368909 0.906883 0.195392 0.458611 0.537768 0.531377 0.535505 0.680166 0.798292 0.996727 0.931895 0.392183 0.927838 0.421714 0.705312 0.565703 0.847382 0.433795 0.602762 0.470634 0.411444 0.820827 0.201561 0.228404 0.992101 0.313870 0.672042 0.578581 0.166306 0.943770 0.700110 0.661400 0.833546 0.126409 0.350693 0.267985 0.183252 0.480791 0.167085 0.149678 0.962394 0.442474 0.117952 0.672414 0.550813 0.982419 0.706374 0.503247 0.562025 0.045231 0.708959 0.445269 0.428599 0.684681 0.196079 0.771906 0.565729
0.558339 0.869150 0.851984 0.348195 0.938499 0.405251 0.143526 0.558428 0.627568 0.945067 0.092662 0.675769 0.908378 0.573947 0.575115 0.719772 0.612505 0.768452 0.881349 0.170118 0.681710 0.060874 0.414044 0.253437 0.868755 0.613776 0.527644 0.310721 0.599339 0.757873 0.232784 0.704772 0.432174 0.945417 0.845406 0.952223 0.106179 0.813172 0.434483 0.049030 0.386971 0.623246 0.534759 0.601886 0.915448 0.705537 0.525489 0.858399 0.790494 0.064011 0.618060 0.897266 0.626571 0.532312 0.060438 0.232039 0.003237 0.465657 0.519817 0.369658 0.181566 0.214567 0.517108 0.430979 0.420079 0.511133 0.091404 0.575306 0.206559 0.307088 0.126817 0.748382 0.877888 0.652836 0.408311 0.076649 0.904972 0.868706 0.415980 0.308991 0.281492 0.691688 0.878187 0.678436 0.638187 0.256823 0.995507 0.250983 0.814587 0.165996 0.874871 0.089738 0.366016 0.338213 0.373258 0.032312 0.706799 0.373318 0.597680 0.071803 0.026292 0.296306 0.546059 0.206044 0.984111 0.293443 0.308773 0.911487 0.608151 0.752597 0.683727 0.164705 0.900080 0.038434 0.367620 0.643747 0.828832 0.073991 0.976534 0.702119 0.901034 0.744941 0.775317 0.886997 0.103795 0.174151 0.570072 0.642596 0.573657 0.455739 0.514107 0.355450 0.560884 0.716033 0.833614 0.720809 0.497104 0.580455 0.736494 0.469342 0.043451 0.119812 0.043900 0.190085 0.541804 0.474539 0.054335 0.506536 0.091458 0.367919 0.768081 0.300125 0.028579 0.968361 0.147500 0.581277 0.898772 0.742410 0.500551 0.030680 0.891123 0.588911 0.045818 0.638648 0.120882 0.257944 0.166917 0.944199 0.090842 0.727857 0.925277 0.617576 0.248638 0.350769 0.326749 0.998287 0.379974 0.337873 0.834581 0.239406 0.251949 0.037278 0.498166 0.897499 0.977508 0.028440 0.025925 0.032409 0.459221 0.175131 0.660307 0.460359 0.632942 0.474234 0.772567 0.755729 0.178192 0.764346 0.835154 0.482342 0.736696 0.582796 0.724964 0.993404 0.023317 0.906925 0.982549 0.102752 0.660914 0.200822 0.458475 0.604554 0.711145 0.398574 0.121402 0.835258 0.614246 0.707457 0.118319 0.829168 0.319944 0.736158 0.805465 0.788911 0.104281 0.915973 0.241197 0.999887 0.913059 0.454929 0.436434 0.163708 0.224963 0.271450 0.861056 0.851716 0.596919 0.421427 0.232424 0.273547 0.263799 0.956193 0.995105 0.984017 0.900167 0.469327 0.835802 0.657884 0.552116 0.062575 0.217894 0.763879 0.685802 0.777701 0.805819 0.208065 0.206760 0.239453 0.058689 0.076990 0.519503 0.769602 0.702722 0.637798 0.881740 0.608184 0.873237 0.701594 0.784121 0.144081 0.564924 0.294844 0.050005 0.652878 0.483140 0.539949 0.641202 0.400944 0.569407 0.156479 0.699803 0.182295 0.601178 0.023954 0.835188 0.853758 0.281266 0.674372 0.439924 0.518002 0.572348 0.999974 0.994057 0.513918 0.618877 0.751104 0.635930 0.959216 0.874536 0.519798
0.300128 0.483061 0.047798 0.919060 0.016339 0.140341 0.165522 0.330225 0.313372 0.513534 0.156314 0.855321 0.727100 0.653559 0.350921 0.463113 0.508592 0.426199 0.879926 0.223265 0.355863 0.805239 0.522092 0.758516 0.221312 0.210752 0.681197 0.571982 0.126755 0.337004 0.988587 0.942127 0.144018 0.659723 0.248750 0.091220 0.291473 0.162029 0.780405 0.718330 0.070336 0.400978 0.835005 0.857250 0.514619 0.935932 0.767400 0.961929 0.119119 0.608175 0.198834 0.020699 0.300437 0.035778 0.540642 0.684251 0.523237 0.609780 0.156166 0.319549 0.868804 0.206165 0.944980 0.586433 0.357355 0.040885 0.968841 0.455900 0.832442 0.226726 0.252629 0.476785 0.440694 0.839799 0.860975 0.036111 0.919410 0.993440 0.494091 0.326893 0.711436 0.154453 0.111382 0.027836 0.324266 0.328092 0.335546 0.960858 0.693465 0.582767 0.458910 0.792865 0.983725 0.592111 0.489856 0.859721 0.396758 0.773872 0.108775 0.226140 0.802591 0.173867 0.636371 0.652062 0.079541 0.849540 0.826012 0.295724 0.456459 0.379559 0.769040 0.911198 0.022802 0.584335 0.680821 0.515075 0.397868 0.135076 0.728461 0.667350 0.551449 0.047683 0.985866 0.592076 0.284874 0.273640 0.076533 0.544806 0.844910 0.951720 0.070177 0.226877 0.797340 0.119062 0.837728 0.480880 0.232090 0.705345 0.804401 0.252792 0.341858 0.106410 0.035515 0.685248 0.275295 0.870830 0.828463 0.218414 0.277421 0.793819 0.306344 0.820658 0.806230 0.502631 0.963260 0.013095 0.929132 0.090190 0.622714 0.885105 0.907373 0.107602 0.597425 0.809863 0.001527 0.495306 0.218464 0.472390 0.824848 0.643997 0.476365 0.257194 0.112183 0.159102 0.699981 0.827451 0.523387 0.885112 0.883638 0.978247 0.887541 0.732570 0.747402 0.090229 0.480318 0.642087 0.765221 0.141658 0.069619 0.800953 0.215894 0.083961 0.184540 0.644378 0.477677 0.635149 0.800629 0.205192 0.476681 0.837179 0.158407 0.660329 0.339935 0.794885 0.772885 0.963310 0.698057 0.853959 0.351293 0.840397 0.416102 0.425814 0.661893 0.972208 0.151254 0.249790 0.413737 0.860474 0.443079 0.355115 0.074201 0.229694 0.906061 0.446021 0.683122 0.528376 0.786272 0.577305 0.281149 0.011212 0.480420 0.590858 0.633378 0.047523 0.781791 0.304421 0.445704 0.395723 0.582098 0.144764 0.993806 0.760503 0.910706 0.658982 0.910900 0.038355 0.482357 0.477909 0.514109 0.901689 0.343774 0.877726 0.073554 0.032943 0.543356 0.130566 0.715621 0.982385 0.159672 0.387511 0.291440 0.340511 0.044581 0.245012 0.152699 0.099408 0.648492 0.114782 0.492200 0.260045 0.216950 0.201114 0.830725 0.713890 0.452178 0.057690 0.925826 0.434639 0.135192 0.785921 0.592908 0.440900 0.693247 0.351485 0.393564 0.362668 0.144473 0.599820 0.507176 0.718605 0.690391 0.649015 0.811583 0.141467 0.860209 0.605885 0.249502 0.142445 0.517433 0.373986
0.278179 0.313725 0.517374 0.822726 0.586869 0.892468 0.272373 0.081427 0.074821 0.214403 0.165490 0.184669 0.707199 0.943098 0.890036 0.934493 0.087072 0.702665 0.792631 0.439387 0.614206 0.149292 0.365066 0.734502 0.604525 0.185883 0.940413 0.832919 0.741537 0.252697 0.572465 0.744506 0.747788 0.945669 0.768996 0.563601 0.168718 0.165101 0.806001 0.567871 0.727290 0.215987 0.878992 0.981932 0.876811 0.898838 0.515339 0.776302 0.401976 0.496703 0.523713 0.387082 0.272044 0.021981 0.162146 0.992155 0.381279 0.497610 0.218579 0.484653 0.360345 0.445041 0.008819 0.039883 0.355199 0.922982 0.898833 0.928737 0.461887 0.832184 0.471197 0.520912 0.198003 0.281468 0.592228 0.850785 0.624903 0.793027 0.594651 0.733900 0.555714 0.763482 0.762637 0.738389 0.940547 0.279581 0.263767 0.551744 0.485477 0.380931 0.682918 0.893447 0.180342 0.687192 0.788377 0.573070 0.741600 0.737426 0.043971 0.144349 0.230798 0.793222 0.032927 0.825513 0.044286 0.773635 0.170190 0.796838 0.268406 0.934191 0.886718 0.619066 0.054970 0.387399 0.051234 0.743342 0.134194 0.503945 0.006733 0.613851 0.436103 0.501397 0.276308 0.234210 0.440012 0.779283 0.336584 0.699930 0.130313 0.811350 0.715192 0.223160 0.473724 0.174302 0.815282 0.309330 0.047244 0.974149 0.783554 0.913025 0.719856 0.883410 0.117217 0.041468 0.763318 0.870057 0.553527 0.206834 0.332583 0.757190 0.319182 0.483096 0.418642 0.556391 0.440946 0.258672 0.990093 0.158450 0.184088 0.905590 0.618179 0.935025 0.874008 0.023823 0.300287 0.970569 0.841218 0.960447 0.136946 0.768814 0.994432 0.003429 0.425736 0.366009 0.073746 0.873123 0.016652 0.129489 0.584893 0.044370 0.029328 0.590365 0.536541 0.268241 0.962111 0.165209 0.223060 0.103971 0.872412 0.313232 0.726105 0.664703 0.049487 0.240922 0.652591 0.352459 0.766852 0.138251 0.558852 0.869863 0.463468 0.086482 0.771103 0.444205 0.884566 0.753004 0.246751 0.900297 0.811101 0.244731 0.259766 0.208007 0.817733 0.184515 0.004562 0.104280 0.302681 0.987340 0.479877 0.317426 0.485087 0.157080 0.162691 0.215603 0.631149 0.439079 0.120188 0.241723 0.637431 0.686349 0.044486 0.917960 0.540917 0.128122 0.359398 0.568739 0.534818 0.668407 0.614393 0.951864 0.716789 0.122216 0.325228 0.678956 0.392014 0.718657 0.731049 0.282150 0.826834 0.451941 0.936423 0.745446 0.246667 0.845073 0.443424 0.391871 0.119785 0.320388 0.780422 0.497709 0.500685 0.310304 0.359277 0.988155 0.925152 0.737466 0.625203 0.315137 0.310170 0.711065 0.638434 0.746097 0.270322 0.955453 0.373140 0.970336 0.242855 0.595361 0.608881 0.545567 0.213813 0.417666 0.037376 0.945146 0.899189 0.165301 0.785324 0.213706 0.633315 0.154956 0.805338 0.656481 0.776496 0.091151 0.186209 0.158740 0.317700 0.987578 0.472757 0.628087
0.155472 0.106661 0.294837 0.900150 0.625056 0.877143 0.093228 0.113464 0.221876 0.236864 0.005528 0.222854 0.866902 0.740193 0.120296 0.035050 0.567891 0.197933 0.855567 0.010464 0.541435 0.744417 0.166514 0.466495 0.586588 0.793647 0.598093 0.408061 0.237936 0.290497 0.156476 0.947318 0.248485 0.416050 0.087138 0.904971 0.056959 0.123623 0.997150 0.506027 0.630332 0.804270 0.708653 0.493308 0.106334 0.606038 0.607923 0.066911 0.312551 0.241481 0.528947 0.430695 0.577471 0.321117 0.127696 0.616090 0.849804 0.418318 0.945612 0.261686 0.017417 0.654666 0.863954 0.413983 0.279961 0.907980 0.069981 0.227700 0.468770 0.777710 0.993381 0.696944 0.399466 0.838857 0.841751 0.667401 0.087855 0.067327 0.053508 0.095447 0.670507 0.878887 0.551965 0.919398 0.931680 0.326410 0.147876 0.886185 0.105746 0.009099 0.509957 0.770683 0.024817 0.774708 0.442462 0.097282 0.100814 0.095948 0.226838 0.654072 0.263440 0.157252 0.244343 0.675810 0.531229 0.631659 0.825228 0.611609 0.435480 0.900108 0.080953 0.948144 0.003873 0.649346 0.351545 0.363934 0.426251 0.168399 0.442340 0.109853 0.919955 0.278151 0.621331 0.380243 0.025742 0.960247 0.907227 0.454795 0.739225 0.025124 0.788273 0.270630 0.542600 0.531393 0.460969 0.071640 0.163124 0.558326 0.450524 0.442930 0.425504 0.435207 0.453911 0.381067 0.654292 0.551391 0.940067 0.033693 0.307413 0.736836 0.012011 0.953892 0.545126 0.363383 0.749940 0.299688 0.543426 0.783338 0.538579 0.770399 0.020864 0.360926 0.687243 0.755770 0.144558 0.028184 0.465202 0.707422 0.952126 0.513271 0.775150 0.692249 0.109062 0.031190 0.058552 0.129064 0.003252 0.202484 0.116614 0.395557 0.776995 0.518082 0.631901 0.858664 0.289380 0.263889 0.480016 0.308902 0.953501 0.709800 0.382605 0.841553 0.986286 0.666016 0.186402 0.506598 0.470399 0.727998 0.792081 0.366275 0.327230 0.700199 0.244618 0.038370 0.717514 0.271946 0.360090 0.753601 0.435327 0.259027 0.245107 0.170616 0.415991 0.333140 0.338137 0.918200 0.308228 0.228347 0.528002 0.045697 0.749382 0.616970 0.313910 0.100563 0.103032 0.492244 0.259869 0.957601 0.980372 0.276234 0.923017 0.013783 0.982688 0.933503 0.285041 0.460497 0.847021 0.550861 0.064052 0.037098 0.712556 0.947505 0.817482 0.201261 0.085212 0.556527 0.276258 0.078933 0.576825 0.444763 0.014243 0.627672 0.888940 0.847870 0.857216 0.975353 0.406671 0.390949 0.834101 0.219837 0.995887 0.790943 0.792193 0.107082 0.670521 0.643751 0.812911 0.796768 0.406016 0.936713 0.209063 0.545818 0.814591 0.578460 0.658288 0.288048 0.280877 0.720139 0.878144 0.621392 0.777426 0.121978 0.848364 0.335221 0.721506 0.182186 0.302678 0.139857 0.381736 0.028070 0.894660 0.604607 0.204628 0.894484 0.900459 0.422074 0.693537 0.953245 0.069472 0.400800
0.501055 0.359677 0.874273 0.387033 0.116068 0.469866 0.382120 0.963508 0.523756 0.172131 0.639748 0.218605 0.876246 0.669744 0.874319 0.091862 0.888381 0.694396 0.790979 0.269142 0.947876 0.498789 0.795120 0.182805 0.080731 0.469532 0.233639 0.662250 0.607775 0.287655 0.933186 0.787659 0.795314 0.950489 0.113878 0.892868 0.485035 0.509855 0.776050 0.433603 0.948409 0.405772 0.511868 0.046714 0.168166 0.629725 0.772757 0.150678 0.056906 0.917461 0.243293 0.857349 0.505785 0.931609 0.858900 0.334395 0.141408 0.901209 0.522683 0.890291 0.108311 0.557039 0.121710 0.779440 0.634382 0.830236 0.834335 0.644712 0.463085 0.576052 0.010749 0.110179 0.506525 0.847602 0.949827 0.484753 0.559627 0.834592 0.235630 0.361785 0.669290 0.017571 0.559573 0.501503 0.367991 0.886515 0.799345 0.176453 0.441120 0.977949 0.499811 0.372195 0.113349 0.080661 0.559706 0.744133 0.116196 0.037771 0.906455 0.475817 0.442759 0.581736 0.335277 0.599282 0.476802 0.420874 0.413164 0.401212 0.389878 0.018073 0.361585 0.734100 0.546896 0.917329 0.041253 0.054118 0.023449 0.761536 0.581784 0.913111 0.092432 0.812647 0.679099 0.685400 0.110120 0.408712 0.864012 0.557518 0.266702 0.810757 0.517739 0.626166 0.927688 0.259492 0.085609 0.761846 0.410312 0.638353 0.734366 0.504349 0.696818 0.426960 0.101777 0.546363 0.265168 0.237080 0.351777 0.617698 0.450334 0.224712 0.807618 0.033201 0.584269 0.483554 0.275755 0.911715 0.784976 0.769425 0.153962 0.037850 0.219457 0.322410 0.360427 0.669607 0.588498 0.715504 0.008471 0.621077 0.524135 0.609176 0.818660 0.711728 0.069843 0.573521 0.600061 0.744245 0.398896 0.978579 0.240008 0.072926 0.127073 0.969819 0.898364 0.808969 0.271617 0.798257 0.077943 0.829309 0.197176 0.279286 0.641291 0.946460 0.353919 0.435467 0.972923 0.176555 0.734475 0.237559 0.884466 0.185958 0.943519 0.143460 0.155399 0.921852 0.252582 0.130891 0.982331 0.968880 0.051433 0.992648 0.732609 0.970642 0.082311 0.144502 0.832011 0.550527 0.706031 0.173875 0.448170 0.622372 0.014875 0.274528 0.722702 0.742799 0.089410 0.047175 0.896114 0.333446 0.977857 0.399891 0.250624 0.034522 0.627656 0.433682 0.928716 0.420145 0.798966 0.044281 0.721738 0.596202 0.291217 0.793681 0.497549 0.519036 0.457886 0.252807 0.737383 0.749231 0.499609 0.700512 0.953813 0.145794 0.511200 0.829867 0.253487 0.726060 0.947987 0.142864 0.067731 0.395110 0.745029 0.616421 0.401485 0.970134 0.060535 0.775481 0.104325 0.730987 0.946082 0.416213 0.345147 0.915704 0.857852 0.373807 0.069930 0.195225 0.573804 0.881570 0.628709 0.906454 0.185947 0.997258 0.952193 0.925802 0.141373 0.301660 0.632671 0.068722 0.123133 0.570547 0.322358 0.308966 0.662706 0.248510 0.699125 0.941624 0.293231 0.193880 0.543150 0.314359
0.712632 0.426126 0.166322 0.007943 0.565718 0.710092 0.722203 0.176321 0.641166 0.040641 0.299929 0.535788 0.325293 0.431246 0.965952 0.251589 0.920722 0.456839 0.724922 0.285833 0.131596 0.553978 0.130621 0.399187 0.133600 0.693306 0.776450 0.777964 0.465192 0.003793 0.814254 0.862270 0.388527 0.507733 0.599557 0.115663 0.249573 0.226957 0.785856 0.151665 0.129640 0.270433 0.629062 0.459477 0.925241 0.323033 0.386811 0.259979 0.151519 0.006926 0.672508 0.679926 0.275147 0.229369 0.310593 0.807314 0.715863 0.432900 0.992721 0.953648 0.860742 0.050513 0.465433 0.779310 0.695510 0.301279 0.273538 0.057944 0.446695 0.895936 0.116128 0.898192 0.045000 0.046037 0.971564 0.317394 0.214661 0.996508 0.442448 0.706971 0.548637 0.109280 0.483619 0.128594 0.410143 0.108660 0.888990 0.841653 0.234935 0.285808 0.730883 0.257117 0.941557 0.260741 0.636499 0.844757 0.659621 0.502802 0.737635 0.597026 0.244700 0.338539 0.117790 0.149915 0.242569 0.890639 0.951658 0.449672 0.036176 0.780883 0.554874 0.165484 0.793214 0.859987 0.388734 0.523347 0.277744 0.257199 0.904395 0.802993 0.675223 0.118363 0.411307 0.821545 0.238824 0.681657 0.493306 0.133917 0.267770 0.340411 0.542793 0.720431 0.547490 0.690660 0.217492 0.485486 0.205950 0.768530 0.048811 0.461078 0.074795 0.919807 0.385090 0.303029 0.320754 0.907888 0.131667 0.575686 0.207966 0.327193 0.181937 0.995775 0.391758 0.381936 0.385515 0.399906 0.231051 0.284201 0.458077 0.659271 0.391533 0.088563 0.688213 0.796341 0.322738 0.000192 0.623407 0.104405 0.369216 0.792501 0.081531 0.084353 0.077273 0.992392 0.590403 0.092618 0.970293 0.881802 0.644482 0.832933 0.923925 0.434461 0.692907 0.228777 0.507247 0.512415 0.374996 0.565743 0.977182 0.336829 0.952084 0.999209 0.787972 0.212621 0.859805 0.093224 0.236082 0.470501 0.632413 0.910002 0.530520 0.237694 0.139771 0.809559 0.271515 0.557611 0.813351 0.293291 0.619711 0.724242 0.710924 0.863619 0.125897 0.737112 0.274257 0.540777 0.441667 0.296556 0.437681 0.628114 0.279259 0.733058 0.992472 0.302226 0.066257 0.722545 0.132205 0.620803 0.829276 0.600575 0.596995 0.142167 0.572948 0.957269 0.621854 0.153691 0.325452 0.470847 0.897669 0.212533 0.082631 0.039975 0.097423 0.981964 0.200459 0.319991 0.736885 0.238823 0.594315 0.920580 0.039014 0.606770 0.094949 0.572683 0.879633 0.187691 0.028947 0.240373 0.354093 0.488319 0.176303 0.481427 0.615042 0.274127 0.200533 0.660310 0.714055 0.295515 0.896420 0.094649 0.081592 0.895121 0.924284 0.215496 0.932199 0.818321 0.672274 0.504284 0.052614 0.468326 0.629254 0.061062 0.911123 0.906064 0.664981 0.235372 0.837043 0.879824 0.486180 0.078334 0.180922 0.110930 0.469022 0.197172 0.988085 0.523409 0.089132 0.247612 0.036082 0.048967
0.937519 0.510691 0.027411 0.903681 0.923780 0.948317 0.116919 0.217166 0.934216 0.069740 0.825108 0.726781 0.972524 0.647985 0.150872 0.629058 0.867004 0.943133 0.223530 0.845704 0.645225 0.655688 0.158598 0.633826 0.694718 0.182545 0.226603 0.387979 0.699081 0.738136 0.147424 0.261300 0.420554 0.605253 0.919332 0.726441 0.592585 0.493674 0.529958 0.498623 0.712157 0.129546 0.246677 0.596023 0.410624 0.998026 0.508269 0.126086 0.607829 0.953154 0.606823 0.276615 0.564723 0.646202 0.559533 0.669420 0.096896 0.285416 0.137266 0.463583 0.592028 0.847980 0.554497 0.455171 0.404346 0.768092 0.866032 0.025275 0.487442 0.535687 0.633718 0.751382 0.179463 0.966988 0.997538 0.402300 0.596221 0.650577 0.093080 0.233612 0.299841 0.713159 0.636656 0.515581 0.766534 0.382947 0.850250 0.146712 0.850093 0.034116 0.504841 0.051697 0.514285 0.967004 0.446350 0.692153 0.309695 0.578708 0.434476 0.693973 0.163127 0.969307 0.046619 0.938683 0.383069 0.809804 0.972709 0.947193 0.483455 0.481335 0.466278 0.062383 0.731137 0.395391 0.449043 0.847363 0.895505 0.526152 0.021685 0.180175 0.312460 0.187986 0.270047 0.356290 0.678147 0.847652 0.100951 0.257541 0.504246 0.036646 0.373181 0.036849 0.948781 0.035821 0.224128 0.293040 0.034074 0.425785 0.440920 0.236572 0.378022 0.457857 0.768485 0.205990 0.832478 0.156405 0.126861 0.194304 0.658996 0.197368 0.234210 0.800510 0.941621 0.164231 0.731311 0.296969 0.479942 0.357251 0.094101 0.104149 0.002312 0.610074 0.047554 0.007068 0.626676 0.024473 0.802123 0.913898 0.970768 0.369880 0.799931 0.582760 0.868277 0.970452 0.983124 0.065232 0.876116 0.661130 0.646356 0.760173 0.760038 0.539744 0.392299 0.456467 0.673984 0.511163 0.026450 0.372148 0.174054 0.182073 0.534595 0.923002 0.060209 0.755580 0.449730 0.110950 0.074947 0.319066 0.735532 0.305369 0.399343 0.640633 0.195283 0.811631 0.492549 0.436644 0.688631 0.222856 0.865237 0.412864 0.106596 0.650149 0.377893 0.383235 0.576413 0.526095 0.169930 0.560257 0.539797 0.470923 0.703317 0.519339 0.915317 0.857220 0.393227 0.345286 0.957560 0.037953 0.174710 0.151782 0.362560 0.958572 0.130190 0.881586 0.119047 0.535279 0.080569 0.282861 0.023818 0.785814 0.953110 0.005960 0.376522 0.096678 0.933283 0.664637 0.036919 0.313593 0.074145 0.269449 0.483768 0.314648 0.915102 0.445676 0.970732 0.131025 0.433181 0.486299 0.526189 0.218065 0.919741 0.219384 0.098486 0.445085 0.725212 0.347300 0.938256 0.102204 0.865153 0.733319 0.972219 0.273369 0.116856 0.533682 0.495614 0.964997 0.021627 0.837048 0.706291 0.221174 0.563805 0.856211 0.697262 0.630994 0.537480 0.468848 0.053353 0.795227 0.754472 0.433551 0.308609 0.275381 0.554926 0.393686 0.087922 0.705426 0.031803 0.613772 0.199397 0.415526
0.766428 0.233117 0.120496 0.706664 0.700126 0.107715 0.772655 0.387868 0.851263 0.851427 0.793132 0.644832 0.045256 0.253189 0.211653 0.540675 0.577098 0.689667 0.893867 0.056031 0.458427 0.494001 0.281409 0.425780 0.574970 0.158906 0.155983 0.314877 0.213988 0.246375 0.296561 0.750509 0.319694 0.718807 0.065733 0.270439 0.533917 0.408941 0.643798 0.935528 0.907524 0.141228 0.857434 0.473449 0.504211 0.943742 0.766877 0.717744 0.219098 0.121025 0.855420 0.287217 0.452692 0.855342 0.086157 0.701258 0.512985 0.372158 0.009245 0.159405 0.890237 0.033273 0.136437 0.600764 0.568313 0.783314 0.986264 0.281139 0.980700 0.038912 0.687221 0.989620 0.915175 0.822331 0.299683 0.767794 0.533314 0.277893 0.847378 0.741736 0.201789 0.711755 0.756848 0.273979 0.508975 0.813798 0.980053 0.848045 0.816180 0.521959 0.453792 0.360584 0.000745 0.348037 0.787343 0.920634 0.592412 0.428187 0.202155 0.995106 0.183455 0.698292 0.917399 0.666385 0.725027 0.669847 0.868592 0.836622 0.844913 0.066252 0.471697 0.020153 0.075986 0.427795 0.762156 0.578160 0.265339 0.037649 0.396940 0.396526 0.391184 0.334882 0.630698 0.888183 0.507825 0.045126 0.230908 0.760827 0.370831 0.396693 0.367669 0.427503 0.946597 0.773666 0.816505 0.371171 0.914952 0.917391 0.568794 0.122618 0.921451 0.186042 0.913568 0.274117 0.860459 0.061730 0.838783 0.310192 0.800166 0.246250 0.776636 0.159022 0.308319 0.159021 0.223835 0.851562 0.543802 0.034318 0.714734 0.694443 0.324797 0.275066 0.118598 0.837641 0.017728 0.972615 0.358898 0.741793 0.019821 0.479589 0.325798 0.379498 0.021850 0.255317 0.255196 0.748330 0.967377 0.790769 0.839217 0.130577 0.811210 0.826780 0.045558 0.947963 0.761363 0.674636 0.910182 0.775987 0.629388 0.774487 0.945716 0.591748 0.401672 0.783434 0.843245 0.658946 0.061068 0.860053 0.785366 0.350557 0.480140 0.924642 0.789343 0.239961 0.031784 0.766013 0.076493 0.164105 0.550690 0.996778 0.693870 0.002882 0.003680 0.677689 0.580894 0.912455 0.018856 0.852108 0.989868 0.097538 0.247608 0.567713 0.607405 0.742828 0.605277 0.684128 0.066444 0.582013 0.368168 0.915837 0.329637 0.953494 0.469743 0.539778 0.094627 0.467463 0.704098 0.290069 0.325524 0.581308 0.234555 0.874148 0.697333 0.889627 0.599729 0.929963 0.358881 0.983116 0.988473 0.806539 0.070816 0.364874 0.711718 0.235337 0.333211 0.475385 0.919177 0.917986 0.790148 0.599682 0.497006 0.871827 0.347962 0.204371 0.141182 0.981771 0.719461 0.214672 0.376510 0.234708 0.982515 0.023435 0.761308 0.118669 0.480032 0.410484 0.359788 0.826980 0.790837 0.868501 0.712890 0.421345 0.242278 0.705796 0.130415 0.841631 0.196160 0.402788 0.013829 0.770877 0.627904 0.824415 0.513430 0.895531 0.727003 0.589562 0.696733 0.903400 0.813068 0.457208
0.177986 0.682936 0.466730 0.219027 0.408136 0.164384 0.120433 0.834745 0.653894 0.018164 0.627402 0.751250 0.884184 0.158039 0.925115 0.016200 0.492602 0.532292 0.280713 0.791198 0.216796 0.428743 0.548900 0.884717 0.055924 0.752562 0.442229 0.640514 0.311074 0.148977 0.754317 0.733120 0.531697 0.338572 0.990929 0.308901 0.678680 0.392629 0.568610 0.141390 0.533474 0.336125 0.763826 0.412246 0.395595 0.364551 0.520830 0.923051 0.209981 0.855833 0.969648 0.927478 0.887361 0.781026 0.545809 0.853888 0.144742 0.114931 0.345265 0.365850 0.107973 0.977434 0.737656 0.504375 0.219328 0.819023 0.482959 0.799309 0.539363 0.940468 0.256165 0.700579 0.013412 0.452522 0.295145 0.229312 0.435894 0.942185 0.085811 0.926907 0.939562 0.886464 0.303350 0.921288 0.299980 0.778229 0.629854 0.136154 0.023549 0.995477 0.701899 0.207861 0.957701 0.809877 0.040106 0.618439 0.122062 0.722698 0.432729 0.342572 0.184996 0.369208 0.086711 0.071460 0.147988 0.387420 0.235295 0.389099 0.661768 0.361909 0.866242 0.422137 0.725876 0.932857 0.462604 0.580461 0.694125 0.972986 0.002542 0.019924 0.817757 0.502034 0.302876 0.383504 0.879573 0.606596 0.707337 0.301053 0.943113 0.752331 0.851821 0.969625 0.078628 0.929109 0.140531 0.189320 0.308478 0.472261 0.064841 0.080575 0.878432 0.611511 0.068813 0.925415 0.741519 0.429706 0.164043 0.576711 0.299455 0.545404 0.628818 0.304039 0.722697 0.988712 0.917502 0.623483 0.159615 0.594401 0.816235 0.104019 0.040392 0.243768 0.823664 0.523534 0.189540 0.348779 0.318011 0.160305 0.175618 0.479152 0.620429 0.259381 0.419595 0.970891 0.412197 0.053198 0.845726 0.998230 0.984045 0.750514 0.090380 0.382462 0.461620 0.830070 0.653207 0.331910 0.687201 0.676275 0.151456 0.928220 0.036461 0.627881 0.441039 0.099254 0.326099 0.778359 0.283434 0.645515 0.530234 0.176834 0.500119 0.068944 0.692558 0.936869 0.640485 0.999671 0.766534 0.866137 0.163364 0.006259 0.949395 0.594941 0.014854 0.201534 0.005520 0.629903 0.317760 0.772694 0.584196 0.336691 0.628084 0.446562 0.647208 0.635980 0.771751 0.281952 0.259484 0.100787 0.662652 0.253008 0.899274 0.598514 0.199502 0.655346 0.932523 0.992248 0.197531 0.904294 0.222798 0.786099 0.277017 0.683918 0.592064 0.718948 0.469306 0.891650 0.351748 0.807391 0.297958 0.266615 0.203421 0.653764 0.753720 0.851718 0.200859 0.601557 0.552934 0.110374 0.461192 0.757337 0.118604 0.090142 0.459516 0.834467 0.758413 0.690534 0.674503 0.043104 0.393359 0.274482 0.883094 0.628574 0.868625 0.615556 0.446633 0.724676 0.114338 0.710277 0.232879 0.324067 0.510466 0.833522 0.288300 0.181337 0.120010 0.666182 0.112578 0.836459 0.852460 0.160864 0.403595 0.133237 0.253679 0.137728 0.453154 0.562549 0.645652 0.084983 0.871432 0.724855
0.210340 0.771990 0.546077 0.763238 0.456529 0.609344 0.454590 0.264180 0.801278 0.185576 0.080281 0.728271 0.064141 0.861436 0.170452 0.917375 0.686117 0.144562 0.235242 0.008497 0.951199 0.926056 0.672422 0.945354 0.718396 0.029193 0.556970 0.183163 0.161711 0.806724 0.135730 0.286446 0.809530 0.830583 0.921241 0.518879 0.539294 0.848465 0.845203 0.003052 0.985257 0.684086 0.105200 0.306585 0.409215 0.003014 0.990657 0.993794 0.061583 0.889797 0.319411 0.207793 0.017282 0.138083 0.087425 0.234835 0.440622 0.052023 0.255942 0.373346 0.444223 0.369017 0.086437 0.997239 0.805165 0.601145 0.111083 0.619515 0.081102 0.408817 0.706711 0.948171 0.754222 0.370393 0.051662 0.905485 0.703251 0.639091 0.033443 0.129239 0.496005 0.835253 0.252301 0.642880 0.201660 0.175108 0.945211 0.009497 0.808214 0.035582 0.071786 0.890589 0.034699 0.501452 0.658955 0.545651 0.335841 0.890189 0.541342 0.800815 0.141415 0.593157 0.324474 0.486579 0.993104 0.625945 0.248527 0.306483 0.297258 0.102163 0.972786 0.026625 0.568751 0.223486 0.229073 0.039500 0.341389 0.207241 0.665888 0.260348 0.918430 0.086475 0.666733 0.351524 0.402802 0.352358 0.039915 0.193809 0.662230 0.806575 0.555164 0.931786 0.714185 0.032203 0.503933 0.630585 0.208063 0.594607 0.203949 0.192404 0.905147 0.404631 0.485929 0.132458 0.109204 0.545091 0.485613 0.020723 0.450526 0.868310 0.271981 0.534684 0.217335 0.395587 0.085107 0.331192 0.284492 0.133090 0.634794 0.269158 0.751792 0.874005 0.263050 0.609173 0.293402 0.617115 0.927188 0.250599 0.192135 0.200016 0.748754 0.724243 0.513489 0.387567 0.927372 0.452554 0.343019 0.696336 0.145803 0.124601 0.678272 0.355638 0.769444 0.319811 0.444315 0.743275 0.563488 0.541265 0.167241 0.082119 0.476461 0.539506 0.490917 0.378403 0.886739 0.206842 0.976983 0.540630 0.452485 0.728706 0.507952 0.592282 0.649129 0.287778 0.948197 0.661059 0.686017 0.155503 0.130707 0.078262 0.197102 0.653239 0.113379 0.228100 0.115610 0.698189 0.659319 0.217585 0.450701 0.029220 0.023181 0.661461 0.516807 0.000752 0.644814 0.804526 0.772298 0.112916 0.164964 0.549453 0.352712 0.282292 0.747083 0.584338 0.997503 0.023758 0.637937 0.915894 0.325869 0.699815 0.629332 0.382393 0.947412 0.277832 0.222934 0.056975 0.891847 0.442519 0.059583 0.347406 0.116027 0.808953 0.435005 0.535925 0.246428 0.948480 0.306732 0.171598 0.742311 0.543471 0.743060 0.212084 0.526270 0.738724 0.875055 0.995158 0.734613 0.702738 0.714109 0.206421 0.992336 0.169765 0.686847 0.123354 0.593873 0.477396 0.325165 0.336078 0.034631 0.783908 0.039412 0.893087 0.287950 0.237353 0.225920 0.538946 0.612844 0.225520 0.644422 0.054703 0.885951 0.145287 0.332126 0.345042 0.307549 0.438123 0.684654 0.359031 0.412589 0.757301
0.601556 0.944417 0.017681 0.745843 0.314191 0.957263 0.976535 0.928359 0.500390 0.616479 0.966061 0.803837 0.925719 0.849874 0.018708 0.448674 0.193684 0.794091 0.528804 0.496018 0.029354 0.038859 0.950774 0.303663 0.358970 0.156794 0.038057 0.600831 0.976546 0.399873 0.705100 0.473875 0.142941 0.374133 0.654979 0.247706 0.991099 0.024979 0.847776 0.861602 0.586427 0.366857 0.690104 0.445175 0.067364 0.505415 0.475614 0.358338 0.518715 0.190541 0.448028 0.424883 0.090170 0.923777 0.956100 0.877913 0.361319 0.749672 0.785394 0.123452 0.884140 0.576344 0.451067 0.613713 0.968375 0.935059 0.489426 0.941122 0.022460 0.802258 0.606052 0.632109 0.724242 0.312117 0.186127 0.989064 0.009261 0.798720 0.330353 0.488893 0.659947 0.371026 0.189975 0.867616 0.861150 0.800783 0.673806 0.004416 0.382072 0.078646 0.296386 0.546310 0.123766 0.570808 0.452039 0.159153 0.346004 0.840609 0.662108 0.650024 0.681540 0.485010 0.097915 0.482178 0.635511 0.446110 0.438624 0.080470 0.714181 0.959669 0.693036 0.096822 0.666468 0.209944 0.383627 0.728055 0.478927 0.278534 0.632452 0.385508 0.093394 0.808156 0.763645 0.894294 0.944145 0.390422 0.963234 0.648828 0.684470 0.076907 0.154971 0.691497 0.251977 0.979950 0.246107 0.089416 0.985377 0.414514 0.001267 0.482879 0.755522 0.391714 0.786699 0.876287 0.407881 0.423263 0.457713 0.962801 0.021636 0.298375 0.431259 0.933899 0.131476 0.617752 0.765239 0.516710 0.645038 0.254005 0.260339 0.806226 0.974434 0.894231 0.562747 0.636535 0.978878 0.829650 0.671997 0.873301 0.606685 0.442259 0.007502 0.500008 0.969237 0.445861 0.727809 0.524452 0.741640 0.061233 0.254513 0.422906 0.609660 0.082741 0.604834 0.210891 0.938652 0.204919 0.291256 0.364753 0.683479 0.957945 0.013943 0.448033 0.973408 0.002848 0.672817 0.182253 0.726862 0.014214 0.205279 0.393157 0.779126 0.203646 0.082738 0.245728 0.628704 0.995118 0.373049 0.697688 0.211488 0.776180 0.097987 0.301923 0.713252 0.301001 0.313345 0.775604 0.573168 0.202783 0.368704 0.657644 0.511224 0.431138 0.468673 0.839827 0.650236 0.238493 0.523172 0.308151 0.265991 0.601970 0.079906 0.055315 0.175718 0.619840 0.110943 0.443126 0.467268 0.253457 0.646973 0.426060 0.938153 0.150924 0.747111 0.339554 0.026525 0.947399 0.197734 0.038010 0.343288 0.438587 0.568060 0.145689 0.294096 0.713720 0.038940 0.768373 0.024582 0.407469 0.791780 0.623034 0.180123 0.894408 0.818355 0.621011 0.147756 0.342715 0.321104 0.425537 0.349896 0.658531 0.091209 0.281435 0.107750 0.735613 0.529608 0.588602 0.219502 0.455704 0.337875 0.590672 0.609726 0.323233 0.096812 0.366020 0.822124 0.911121 0.190658 0.738332 0.457437 0.541432 0.650042 0.212324 0.085810 0.410573 0.969418 0.020815 0.548404 0.386763 0.814993 0.032265
0.159456 0.840391 0.556916 0.292611 0.355869 0.333881 0.485300 0.150578 0.358062 0.210153 0.767090 0.458166 0.115541 0.442298 0.475758 0.209125 0.740461 0.394953 0.204621 0.679502 0.443483 0.055299 0.161364 0.420538 0.565882 0.641752 0.847139 0.188862 0.033298 0.501786 0.172299 0.411248 0.622010 0.351954 0.206171 0.254234 0.052031 0.377747 0.840427 0.932651 0.457232 0.030896 0.678467 0.618664 0.701951 0.299532 0.005909 0.507196 0.304224 0.507731 0.808941 0.883310 0.219336 0.350026 0.421396 0.676566 0.204578 0.251445 0.281495 0.540835 0.024930 0.498670 0.533506 0.056991 0.375413 0.262158 0.282142 0.029093 0.342939 0.074716 0.138820 0.037344 0.674946 0.497376 0.371470 0.182587 0.565646 0.953104 0.037694 0.113419 0.442364 0.045830 0.916002 0.953920 0.418298 0.678177 0.405020 0.059510 0.475064 0.882570 0.248740 0.742109 0.419107 0.841435 0.251714 0.421442 0.473821 0.298681 0.453461 0.232637 0.220736 0.678995 0.201043 0.656918 0.832463 0.824320 0.876135 0.824182 0.673978 0.166544 0.201128 0.685453 0.786153 0.241835 0.707224 0.532226 0.048379 0.322365 0.554692 0.710585 0.617978 0.018202 0.620617 0.821545 0.726894 0.453648 0.314384 0.602898 0.032461 0.859602 0.671911 0.269500 0.776354 0.183362 0.933161 0.167860 0.366486 0.116832 0.939431 0.518032 0.304598 0.720604 0.171635 0.157974 0.696864 0.557996 0.120049 0.272013 0.534496 0.486433 0.588969 0.904037 0.128346 0.576871 0.489150 0.815929 0.370865 0.442719 0.488081 0.371726 0.593950 0.645559 0.750012 0.641130 0.662176 0.706943 0.141504 0.820399 0.021701 0.344616 0.089089 0.438255 0.250244 0.509624 0.171872 0.332876 0.259085 0.966344 0.230907 0.678292 0.814069 0.525691 0.530631 0.105728 0.634705 0.485691 0.260847 0.507392 0.332956 0.520095 0.979885 0.901116 0.311992 0.006034 0.154951 0.944828 0.598692 0.972528 0.586572 0.521114 0.696047 0.028500 0.338960 0.079012 0.991174 0.696220 0.344310 0.746693 0.152553 0.825568 0.580211 0.267678 0.238071 0.646849 0.352665 0.200404 0.445265 0.135178 0.405825 0.376611 0.975552 0.260348 0.967973 0.846870 0.057926 0.045134 0.650163 0.059124 0.649292 0.095345 0.678138 0.308267 0.262117 0.682281 0.517426 0.023296 0.290247 0.972164 0.081323 0.278607 0.817534 0.772640 0.700716 0.298564 0.223951 0.098066 0.105746 0.469459 0.808714 0.948155 0.307264 0.510932 0.855464 0.820902 0.136170 0.969165 0.138668 0.994639 0.487934 0.896423 0.954432 0.781535 0.643676 0.968524 0.120555 0.861494 0.160775 0.451620 0.674786 0.357396 0.886946 0.956458 0.830532 0.068077 0.242419 0.220039 0.862814 0.923011 0.337326 0.362523 0.572552 0.838389 0.483664 0.258517 0.276076 0.865133 0.058282 0.307181 0.475078 0.305372 0.092549 0.756059 0.122861 0.839138 0.677667 0.342772 0.555995 0.091441 0.718358 0.591750
0.618040 0.056535 0.427578 0.003921 0.453167 0.111368 0.106774 0.373992 0.931938 0.484814 0.075848 0.971775 0.001152 0.419508 0.064891 0.685431 0.702029 0.674454 0.538635 0.722989 0.000644 0.689613 0.326636 0.523691 0.896825 0.870716 0.932397 0.229650 0.064788 0.133824 0.182098 0.489384 0.634879 0.065836 0.924466 0.333116 0.228102 0.488033 0.126846 0.439045 0.512690 0.550584 0.280649 0.862797 0.256102 0.295331 0.505068 0.873315 0.402737 0.126904 0.348305 0.183333 0.637672 0.577798 0.305794 0.278419 0.219885 0.614643 0.673309 0.966934 0.955597 0.096776 0.072266 0.863163 0.655676 0.936954 0.768216 0.002024 0.684516 0.291025 0.075403 0.134377 0.833925 0.575997 0.025798 0.367639 0.904347 0.491722 0.891951 0.077538 0.899677 0.240113 0.212107 0.956034 0.088738 0.979590 0.578374 0.098036 0.697714 0.707899 0.646958 0.390446 0.787656 0.092180 0.361469 0.474782 0.654343 0.123219 0.681545 0.653494 0.853701 0.318579 0.902356 0.151092 0.440945 0.006721 0.872705 0.067081 0.282388 0.205233 0.436438 0.999393 0.065940 0.738216 0.680924 0.806228 0.237630 0.483899 0.724297 0.744558 0.790512 0.808659 0.269504 0.633809 0.982502 0.332635 0.210695 0.150970 0.546532 0.281013 0.922902 0.068807 0.046741 0.895102 0.348723 0.883147 0.360773 0.500374 0.735471 0.400865 0.230483 0.715531 0.857031 0.460362 0.107042 0.277045 0.358956 0.049067 0.344355 0.045002 0.051565 0.843674 0.952147 0.950910 0.200773 0.685751 0.375203 0.298537 0.809670 0.376067 0.458038 0.072738 0.772952 0.939853 0.403225 0.871612 0.631430 0.322666 0.290148 0.699586 0.048621 0.443523 0.338131 0.275239 0.081148 0.193920 0.146309 0.100607 0.770023 0.086907 0.005402 0.580400 0.265793 0.051185 0.580706 0.907327 0.973494 0.032634 0.238258 0.723777 0.623280 0.799179 0.622511 0.103229 0.112305 0.669986 0.983404 0.064882 0.891396 0.016343 0.056947 0.721286 0.103093 0.533700 0.812105 0.950057 0.100355 0.773571 0.460726 0.618423 0.913406 0.541161 0.623218 0.640602 0.236655 0.212237 0.628663 0.054099 0.200987 0.503301 0.594407 0.227291 0.601452 0.721184 0.604235 0.424301 0.523986 0.180887 0.156853 0.667243 0.049458 0.495343 0.636083 0.861618 0.838916 0.264110 0.770155 0.334035 0.024742 0.757867 0.900582 0.679223 0.416196 0.926980 0.542964 0.653417 0.833556 0.694628 0.107090 0.685669 0.580513 0.918571 0.124635 0.217785 0.267507 0.572833 0.377639 0.120456 0.823479 0.533441 0.962667 0.794363 0.626766 0.351946 0.665039 0.259854 0.437525 0.235513 0.610046 0.808400 0.166656 0.876018 0.696693 0.909154 0.466077 0.768328 0.980719 0.011091 0.310092 0.754312 0.067216 0.452511 0.086509 0.138285 0.639555 0.730802 0.315945 0.357609 0.984587 0.398662 0.585812 0.832931 0.146775 0.777096 0.278011 0.949425 0.548317 0.056610 0.040950 0.210635
0.259934 0.725197 0.632492 0.260271 0.088787 0.893969 0.527661 0.064846 0.364862 0.475790 0.671702 0.725888 0.700630 0.616200 0.636054 0.353733 0.493038 0.997892 0.160355 0.416653 0.466387 0.528146 0.903665 0.781324 0.959371 0.778409 0.265697 0.076580 0.978353 0.165762 0.329436 0.408526 0.450433 0.961412 0.118744 0.571188 0.994169 0.349264 0.393350 0.079457 0.119354 0.202568 0.244944 0.297593 0.438947 0.820352 0.108007 0.717399 0.763782 0.961824 0.148247 0.147718 0.163400 0.480235 0.388494 0.851230 0.976698 0.651455 0.028102 0.716879 0.305345 0.017066 0.348000 0.075095 0.516107 0.949748 0.744164 0.869080 0.817925 0.458348 0.461796 0.997671 0.757457 0.694096 0.594508 0.109772 0.325659 0.629280 0.282997 0.929450 0.671817 0.578672 0.652624 0.833734 0.509280 0.928267 0.621500 0.956422 0.731987 0.208089 0.112316 0.557270 0.273791 0.732912 0.091731 0.503964 0.591008 0.355797 0.256205 0.228002 0.044787 0.757895 0.286397 0.904888 0.858919 0.753677 0.886755 0.745225 0.097492 0.824097 0.566617 0.895860 0.265159 0.120193 0.275747 0.442318 0.166746 0.339804 0.093578 0.745253 0.808633 0.384821 0.170655 0.712518 0.386459 0.985259 0.951043 0.014256 0.566209 0.247839 0.263582 0.481895 0.528913 0.269428 0.808720 0.331825 0.228160 0.637083 0.424352 0.291044 0.176820 0.349068 0.770248 0.440380 0.862694 0.539732 0.705467 0.949885 0.680021 0.740597 0.816073 0.994318 0.711008 0.357064 0.665717 0.980998 0.960915 0.321808 0.246046 0.735085 0.272473 0.916172 0.393800 0.161615 0.876798 0.866988 0.066793 0.061169 0.688823 0.512631 0.977225 0.211448 0.938293 0.442962 0.572796 0.205688 0.886487 0.639191 0.735402 0.283372 0.218103 0.585149 0.256085 0.654396 0.187160 0.229763 0.752664 0.689070 0.709729 0.379485 0.686993 0.996569 0.341963 0.255529 0.576373 0.106071 0.097474 0.871073 0.441941 0.733085 0.728734 0.747361 0.641840 0.776976 0.095260 0.373698 0.974258 0.122906 0.867668 0.108220 0.965390 0.683338 0.126485 0.448685 0.016761 0.957382 0.130874 0.929568 0.623516 0.627689 0.057221 0.299225 0.758804 0.493327 0.456113 0.694029 0.140155 0.185249 0.650613 0.231704 0.219461 0.235349 0.420110 0.718742 0.722865 0.860834 0.380054 0.540916 0.802902 0.170851 0.446082 0.289795 0.159629 0.432844 0.972522 0.533099 0.201632 0.809926 0.569312 0.076213 0.297543 0.766605 0.316079 0.854042 0.751819 0.239250 0.851934 0.006605 0.761794 0.454252 0.914923 0.854170 0.169448 0.519396 0.701010 0.181107 0.287711 0.840910 0.485368 0.162963 0.440983 0.577577 0.582864 0.208309 0.423330 0.246013 0.368375 0.187518 0.186322 0.503401 0.005731 0.257008 0.258318 0.624826 0.048267 0.569365 0.497765 0.208305 0.965270 0.741822 0.191120 0.091410 0.234646 0.281656 0.320227 0.109341 0.365895 0.673806 0.621835 0.756449
0.587065 0.612295 0.188047 0.714309 0.806367 0.936537 0.452161 0.020751 0.819455 0.844289 0.675587 0.806764 0.241817 0.148496 0.005279 0.071560 0.597592 0.513781 0.579872 0.928462 0.444200 0.949353 0.769603 0.647052 0.993446 0.354742 0.711122 0.284269 0.581662 0.507871 0.648669 0.083112 0.782120 0.733738 0.566538 0.378054 0.126493 0.002537 0.346965 0.317702 0.625507 0.801960 0.472117 0.017960 0.340358 0.119346 0.999176 0.993009 0.774550 0.354087 0.425002 0.141716 0.940754 0.532144 0.851218 0.783551 0.833146 0.123465 0.699229 0.296022 0.154798 0.645205 0.868940 0.834391 0.505325 0.013130 0.379302 0.651720 0.318547 0.124496 0.481937 0.677265 0.455699 0.164208 0.972386 0.296028 0.574414 0.602522 0.662640 0.604144 0.298924 0.884900 0.721975 0.045393 0.121520 0.423313 0.965196 0.364297 0.430537 0.433765 0.735742 0.393638 0.963551 0.094963 0.203833 0.249069 0.973243 0.990908 0.581104 0.178087 0.213699 0.829928 0.388783 0.393271 0.900806 0.124935 0.059828 0.750459 0.036681 0.383527 0.088986 0.017284 0.552293 0.362372 0.618745 0.881145 0.903818 0.610777 0.359415 0.274235 0.153954 0.728249 0.026011 0.705100 0.871490 0.899835 0.979376 0.312310 0.183586 0.563519 0.321780 0.495248 0.789059 0.325234 0.273906 0.317891 0.577451 0.144798 0.470431 0.614307 0.976555 0.350125 0.887444 0.331640 0.961928 0.303633 0.046226 0.861319 0.594495 0.021425 0.579215 0.228848 0.284533 0.992391 0.786325 0.889177 0.913170 0.532308 0.205417 0.894440 0.548083 0.341838 0.898257 0.437115 0.701483 0.513949 0.668679 0.047546 0.706164 0.542952 0.718739 0.734623 0.886752 0.587239 0.977381 0.505937 0.628726 0.367064 0.045568 0.512522 0.380224 0.087169 0.731029 0.029057 0.510025 0.792368 0.721247 0.243271 0.904210 0.610790 0.637588 0.120796 0.619217 0.081451 0.099723 0.601701 0.237726 0.945392 0.190495 0.828685 0.578099 0.152088 0.868975 0.189775 0.677068 0.465037 0.960343 0.150254 0.021782 0.913203 0.996029 0.116717 0.034772 0.043123 0.811191 0.603735 0.435607 0.145610 0.220414 0.172975 0.155400 0.044374 0.920734 0.704493 0.594883 0.942509 0.994581 0.719006 0.106941 0.375231 0.411853 0.572305 0.801374 0.216145 0.069829 0.554623 0.071840 0.363810 0.241652 0.064044 0.551055 0.472608 0.182804 0.854356 0.206402 0.272280 0.365718 0.438321 0.683325 0.484339 0.689893 0.319197 0.973872 0.055614 0.004920 0.906919 0.382552 0.863657 0.522530 0.083635 0.735298 0.417471 0.829826 0.196150 0.332340 0.764982 0.091417 0.604332 0.320842 0.529003 0.705218 0.705754 0.442383 0.958469 0.195128 0.324407 0.123807 0.015543 0.444081 0.931027 0.981732 0.241321 0.448884 0.892515 0.099379 0.790600 0.826915 0.960705 0.752462 0.047604 0.696950 0.099670 0.214210 0.463010 0.532091 0.008092 0.538284 0.828239 0.347663 0.061695
0.852609 0.419185 0.882613 0.189659 0.803379 0.463260 0.808850 0.673318 0.286153 0.680107 0.763324 0.479608 0.435751 0.936614 0.375843 0.801873 0.981037 0.337957 0.547943 0.194859 0.537261 0.566958 0.285607 0.375261 0.783542 0.157271 0.929668 0.414293 0.152459 0.982763 0.363644 0.994664 0.237335 0.989334 0.606315 0.977045 0.206071 0.539580 0.161440 0.164444 0.833538 0.044299 0.185005 0.806790 0.842524 0.390712 0.641483 0.800037 0.611849 0.624300 0.554624 0.900726 0.510838 0.445324 0.732944 0.263609 0.011032 0.805072 0.817699 0.317719 0.414888 0.330590 0.306398 0.171052 0.313518 0.693877 0.334278 0.599326 0.945771 0.318576 0.812212 0.668930 0.782789 0.742685 0.085789 0.209427 0.383892 0.404279 0.149415 0.606662 0.519045 0.884178 0.025722 0.591152 0.571210 0.161687 0.096262 0.758736 0.631678 0.934831 0.278760 0.108554 0.148046 0.998846 0.435889 0.724484 0.706473 0.075974 0.455219 0.286381 0.202213 0.313006 0.797917 0.579634 0.951334 0.814644 0.945756 0.861433 0.360784 0.765023 0.199757 0.590826 0.607921 0.828968 0.609422 0.334274 0.260176 0.568230 0.484057 0.000299 0.686767 0.541147 0.326697 0.008476 0.348630 0.513854 0.143813 0.090740 0.898637 0.068646 0.659129 0.576893 0.498466 0.948642 0.231347 0.709332 0.384058 0.338975 0.576815 0.540949 0.718523 0.974790 0.676704 0.357119 0.633116 0.052210 0.528558 0.011522 0.766038 0.955364 0.853537 0.433280 0.779705 0.614048 0.526739 0.281384 0.928200 0.449066 0.570893 0.662482 0.429503 0.217618 0.848418 0.087712 0.215739 0.109720 0.004384 0.695990 0.421232 0.776516 0.973361 0.632426 0.481851 0.811811 0.730332 0.492092 0.145529 0.446780 0.377159 0.154922 0.443925 0.773231 0.623915 0.393557 0.935153 0.996190 0.349689 0.024861 0.043445 0.263872 0.374731 0.167290 0.247634 0.768852 0.354636 0.884273 0.100597 0.188658 0.626906 0.518342 0.697309 0.798676 0.485640 0.722176 0.149722 0.985166 0.309724 0.392988 0.586429 0.532998 0.993629 0.409768 0.593436 0.468384 0.993448 0.754916 0.826010 0.826772 0.201079 0.966160 0.517792 0.739932 0.735755 0.192479 0.736385 0.836921 0.266930 0.690344 0.109537 0.679029 0.234327 0.280687 0.583322 0.381799 0.039206 0.138734 0.153688 0.370580 0.023504 0.081740 0.882568 0.509078 0.777864 0.119759 0.484765 0.049922 0.650830 0.209166 0.693239 0.154762 0.647051 0.945260 0.317903 0.065409 0.404792 0.808772 0.195137 0.438925 0.174341 0.897209 0.221703 0.368479 0.898318 0.823550 0.953117 0.832777 0.950974 0.334718 0.267329 0.157759 0.922497 0.436292 0.389168 0.293098 0.069268 0.030707 0.488662 0.507935 0.313139 0.595669 0.605397 0.416606 0.745939 0.793427 0.032969 0.183052 0.120194 0.272877 0.596370 0.293268 0.406952 0.313242 0.010158 0.495545 0.443120 0.263178 0.974135 0.912538 0.755838 0.107142
0.549195 0.734835 0.891029 0.435448 0.846846 0.416882 0.642369 0.661873 0.292568 0.186430 0.503069 0.426655 0.268289 0.765164 0.851768 0.592438 0.468328 0.340307 0.827047 0.319402 0.513579 0.942069 0.083040 0.974182 0.948600 0.969257 0.920541 0.255424 0.167996 0.499317 0.554570 0.821439 0.884850 0.006439 0.775367 0.195727 0.476349 0.072348 0.188156 0.698220 0.227593 0.100219 0.628088 0.848557 0.796779 0.844313 0.711146 0.589880 0.933322 0.623659 0.598041 0.771226 0.586572 0.341990 0.377301 0.286055 0.705314 0.402056 0.308330 0.155632 0.351236 0.168426 0.893520 0.233344 0.613697 0.302872 0.945321 0.678234 0.567747 0.332859 0.834031 0.387941 0.413331 0.495240 0.216977 0.223971 0.644878 0.683643 0.225114 0.966211 0.645997 0.710175 0.802959 0.722408 0.874804 0.129007 0.027061 0.902861 0.680187 0.604626 0.051251 0.723694 0.705313 0.643145 0.066858 0.624144 0.926936 0.848068 0.844592 0.136451 0.503589 0.665699 0.882493 0.502490 0.893992 0.958773 0.417840 0.998403 0.210134 0.755248 0.511289 0.770220 0.453764 0.460096 0.927149 0.054283 0.436952 0.399434 0.028233 0.138709 0.782675 0.835808 0.354398 0.104913 0.221023 0.710040 0.396564 0.077059 0.575763 0.438078 0.598157 0.867868 0.490427 0.463744 0.281036 0.573744 0.571786 0.978858 0.895628 0.261485 0.140302 0.719531 0.923151 0.375086 0.683833 0.373052 0.269626 0.121526 0.126536 0.533432 0.428501 0.159143 0.756380 0.084447 0.429004 0.892008 0.118447 0.769734 0.344444 0.143524 0.346642 0.837976 0.591533 0.063587 0.870881 0.132675 0.725510 0.353739 0.445113 0.926591 0.442838 0.776051 0.630257 0.344752 0.822082 0.808594 0.733824 0.254095 0.245985 0.306662 0.818776 0.164561 0.449938 0.872774 0.524337 0.452664 0.046588 0.804183 0.448286 0.428962 0.744726 0.119530 0.403081 0.636235 0.204109 0.156047 0.422858 0.951328 0.048646 0.134607 0.284798 0.206910 0.132276 0.431286 0.404457 0.258246 0.062441 0.933105 0.930808 0.719272 0.962318 0.003417 0.779539 0.138373 0.089743 0.013507 0.638405 0.000320 0.057266 0.715869 0.673034 0.561419 0.752225 0.810122 0.078586 0.731446 0.581200 0.339278 0.704518 0.819039 0.767425 0.745353 0.568818 0.494104 0.766250 0.913328 0.561877 0.487102 0.115026 0.860043 0.545589 0.938716 0.993719 0.828537 0.230078 0.206155 0.331508 0.513481 0.494848 0.863782 0.799208 0.997242 0.131532 0.547155 0.428692 0.523430 0.955028 0.957692 0.337980 0.504566 0.038376 0.472582 0.147757 0.901369 0.611937 0.025783 0.074976 0.958692 0.952507 0.896595 0.365477 0.815718 0.101879 0.771428 0.519232 0.858182 0.668082 0.809379 0.988791 0.971420 0.107854 0.430869 0.858178 0.401755 0.396346 0.573094 0.691945 0.516562 0.069561 0.039223 0.773674 0.819017 0.477154 0.896898 0.467814 0.288085 0.301061 0.018391 0.865476 0.133026
0.599195 0.781886 0.452493 0.957036 0.188180 0.311830 0.377968 0.047796 0.239034 0.564905 0.366050 0.079268 0.559911 0.888550 0.544789 0.580195 0.787036 0.973141 0.403709 0.238109 0.457708 0.559119 0.208939 0.754281 0.630326 0.884252 0.972721 0.345658 0.389238 0.409448 0.835244 0.431863 0.169213 0.607348 0.086784 0.746310 0.848512 0.680684 0.924685 0.131328 0.282677 0.490101 0.257519 0.624822 0.066030 0.378398 0.298957 0.550116 0.780022 0.622265 0.132286 0.244748 0.501846 0.215876 0.559861 0.624174 0.536701 0.280147 0.151572 0.250683 0.253683 0.588617 0.103147 0.429514 0.918381 0.881115 0.641452 0.534925 0.590771 0.655184 0.009390 0.639133 0.593218 0.659071 0.845749 0.472636 0.214847 0.137675 0.007557 0.168355 0.191261 0.690665 0.086788 0.427763 0.507427 0.789786 0.516719 0.099002 0.479733 0.100035 0.632448 0.944238 0.039233 0.253002 0.899096 0.642035 0.648306 0.022252 0.548374 0.062368 0.643225 0.935936 0.149761 0.852328 0.079100 0.128079 0.022333 0.406446 0.835519 0.561337 0.043676 0.338068 0.973647 0.214299 0.539336 0.047552 0.913129 0.317069 0.803418 0.863262 0.460200 0.935740 0.306251 0.569006 0.375180 0.010823 0.008135 0.261367 0.085834 0.612227 0.019361 0.785983 0.949664 0.854597 0.159924 0.297989 0.460774 0.468626 0.124528 0.479343 0.737757 0.680122 0.481186 0.807330 0.317803 0.098170 0.971484 0.625807 0.232753 0.791003 0.471695 0.718415 0.262048 0.873228 0.164763 0.429682 0.447102 0.047698 0.228491 0.630577 0.880423 0.424730 0.829846 0.237821 0.155035 0.389600 0.112810 0.395092 0.053019 0.203942 0.972861 0.042970 0.429691 0.953046 0.206777 0.473819 0.885190 0.020607 0.516060 0.284248 0.754822 0.255494 0.908963 0.433470 0.519313 0.761396 0.451816 0.735535 0.429185 0.370662 0.686574 0.032591 0.714118 0.474466 0.834316 0.594592 0.151482 0.836643 0.213600 0.577934 0.148624 0.484613 0.084832 0.301092 0.057485 0.402819 0.860618 0.191259 0.074900 0.965435 0.184130 0.849663 0.423365 0.296740 0.694378 0.863298 0.310746 0.653830 0.814758 0.196181 0.399026 0.256166 0.160937 0.112803 0.690310 0.246522 0.378712 0.894756 0.049755 0.756210 0.012619 0.459992 0.208201 0.121285 0.776654 0.523577 0.454235 0.026829 0.388873 0.490528 0.767400 0.961879 0.869677 0.868423 0.870193 0.020686 0.728669 0.750851 0.816318 0.786373 0.942487 0.942851 0.056558 0.250070 0.469505 0.842336 0.071658 0.239311 0.586173 0.124551 0.744025 0.213204 0.872570 0.614490 0.504848 0.223478 0.985499 0.167671 0.813716 0.280648 0.207513 0.127698 0.335202 0.817040 0.393894 0.317574 0.378366 0.501101 0.135071 0.206067 0.047906 0.508720 0.312321 0.230952 0.202081 0.964296 0.353291 0.500238 0.351052 0.625167 0.418440 0.815530 0.948767 0.045356 0.751349 0.206757 0.674372 0.935371 0.112477 0.911034
0.471033 0.204526 0.552225 0.546246 0.557045 0.318658 0.834511 0.909677 0.411626 0.227240 0.023683 0.382556 0.898689 0.872598 0.143177 0.632153 0.452104 0.410198 0.897379 0.554512 0.320254 0.009921 0.795548 0.474679 0.859321 0.975527 0.671487 0.771726 0.828106 0.128616 0.118714 0.873687 0.230670 0.776131 0.524920 0.161420 0.326387 0.781070 0.302162 0.484831 0.696087 0.251538 0.021785 0.853683 0.623677 0.858999 0.716575 0.599724 0.711539 0.642661 0.016665 0.422042 0.823138 0.376892 0.432408 0.360597 0.229861 0.691864 0.052792 0.227911 0.265894 0.694776 0.174752 0.502138 0.977685 0.564490 0.371394 0.994134 0.786945 0.127105 0.083917 0.076666 0.684144 0.651069 0.308624 0.301747 0.205272 0.114994 0.890712 0.828738 0.667808 0.148896 0.533878 0.537712 0.567718 0.026138 0.238016 0.382566 0.888322 0.171677 0.435835 0.063476 0.416131 0.608978 0.595941 0.156207 0.008339 0.844556 0.333565 0.630057 0.783688 0.292519 0.578764 0.680440 0.746219 0.475758 0.791350 0.593509 0.381732 0.884001 0.947029 0.221111 0.314095 0.525001 0.923176 0.834762 0.951741 0.940776 0.725886 0.400077 0.604357 0.298345 0.968086 0.486646 0.716754 0.730062 0.082916 0.584857 0.593409 0.702817 0.515482 0.086392 0.962261 0.027050 0.405579 0.518870 0.417508 0.059910 0.339263 0.913991 0.218696 0.400482 0.245483 0.282899 0.650968 0.439277 0.202424 0.378183 0.373040 0.631239 0.202473 0.710788 0.180183 0.136657 0.141117 0.641016 0.594979 0.545506 0.972112 0.668762 0.934383 0.632048 0.603983 0.579362 0.248437 0.727716 0.691187 0.181024 0.074963 0.196053 0.837608 0.214369 0.288946 0.386360 0.257833 0.840769 0.672920 0.235462 0.584592 0.770722 0.962074 0.935998 0.394904 0.367716 0.983485 0.262268 0.731158 0.921359 0.672216 0.474024 0.678825 0.521559 0.051980 0.383025 0.125845 0.915150 0.426922 0.055823 0.994208 0.317321 0.281531 0.183945 0.962154 0.050955 0.604211 0.543702 0.608662 0.786791 0.076899 0.726547 0.692450 0.562566 0.333624 0.014436 0.945970 0.248255 0.580425 0.967207 0.274300 0.976611 0.793996 0.579566 0.909726 0.771253 0.572604 0.653001 0.653598 0.261616 0.651157 0.409974 0.550898 0.729663 0.896579 0.047376 0.663138 0.101131 0.879997 0.952082 0.131361 0.836449 0.650225 0.984781 0.141123 0.964525 0.081817 0.918606 0.642593 0.334354 0.230097 0.756160 0.022239 0.719448 0.942891 0.281912 0.130217 0.007297 0.376950 0.232432 0.969026 0.092573 0.878652 0.522620 0.505407 0.882433 0.430129 0.613926 0.949414 0.235303 0.482432 0.698676 0.390535 0.952806 0.702949 0.004703 0.616669 0.098359 0.249299 0.817236 0.438893 0.972589 0.614174 0.190620 0.139756 0.450344 0.902397 0.022043 0.247697 0.857573 0.815833 0.935841 0.721717 0.171166 0.614764 0.000597 0.436502 0.390364 0.092860 0.270902 0.635900 0.484694
0.385869 0.581583 0.167083 0.565656 0.077913 0.700430 0.260163 0.663659 0.281895 0.416951 0.804752 0.810254 0.530160 0.873627 0.178632 0.643401 0.153237 0.481187 0.241295 0.284806 0.075983 0.669093 0.324384 0.017627 0.005487 0.958752 0.876433 0.948530 0.203955 0.046050 0.374405 0.606693 0.755231 0.459603 0.116404 0.001731 0.313862 0.788791 0.846477 0.567874 0.775792 0.475326 0.188049 0.323100 0.123623 0.703909 0.676624 0.006238 0.138742 0.064610 0.191148 0.407083 0.806079 0.428311 0.300575 0.275275 0.073875 0.301444 0.289349 0.180852 0.816834 0.907126 0.255049 0.097807 0.731567 0.487882 0.933400 0.406944 0.451584 0.709706 0.965777 0.891203 0.910870 0.836511 0.498014 0.909074 0.926639 0.204055 0.391367 0.655573 0.260014 0.297001 0.962354 0.898179 0.668155 0.102921 0.584866 0.172588 0.659798 0.784246 0.115765 0.506516 0.502075 0.911208 0.522227 0.142373 0.907495 0.202770 0.786369 0.608920 0.701948 0.101511 0.451269 0.433408 0.969109 0.912543 0.224759 0.181438 0.673116 0.079481 0.833452 0.335002 0.258485 0.517288 0.655100 0.708028 0.707233 0.476360 0.596720 0.069360 0.909508 0.323063 0.586277 0.662060 0.935449 0.248393 0.694223 0.215428 0.410670 0.699284 0.278458 0.217683 0.729353 0.766182 0.085226 0.907255 0.856459 0.812310 0.499892 0.088688 0.399754 0.770556 0.730589 0.560049 0.524016 0.906310 0.931731 0.327240 0.658720 0.993253 0.620810 0.236889 0.351014 0.041205 0.464278 0.874388 0.102355 0.132423 0.806641 0.706934 0.095492 0.268906 0.097133 0.001352 0.107741 0.871282 0.924720 0.953492 0.920871 0.594403 0.292676 0.599540 0.893853 0.113913 0.602886 0.612433 0.159277 0.010422 0.847119 0.479649 0.237837 0.793286 0.867928 0.194859 0.062334 0.467862 0.463121 0.877362 0.451545 0.916929 0.201550 0.390805 0.370088 0.776615 0.104252 0.085502 0.679577 0.833190 0.071616 0.772016 0.900238 0.147157 0.414602 0.883527 0.214349 0.905926 0.489836 0.854411 0.751697 0.239935 0.965741 0.634207 0.644533 0.796650 0.884573 0.451688 0.023908 0.213168 0.195408 0.896539 0.403840 0.239496 0.228436 0.960271 0.882406 0.738589 0.528024 0.484238 0.527314 0.765039 0.380622 0.469805 0.359933 0.900081 0.907957 0.689477 0.802215 0.198372 0.504238 0.187034 0.229837 0.448920 0.198245 0.505429 0.605491 0.081589 0.303242 0.510480 0.564097 0.705458 0.244253 0.061771 0.500296 0.561218 0.948900 0.661081 0.773368 0.607784 0.335457 0.153008 0.961119 0.834587 0.558443 0.822737 0.471499 0.498987 0.650140 0.095395 0.619216 0.000968 0.251745 0.500484 0.219863 0.332382 0.311435 0.491173 0.277522 0.320193 0.970134 0.644774 0.437280 0.790493 0.366372 0.500811 0.107342 0.825791 0.135110 0.079370 0.080917 0.092717 0.612260 0.069198 0.378249 0.068158 0.551086 0.824486 0.433975 0.121990 0.713900 0.075840
0.358877 0.747773 0.187821 0.723126 0.134741 0.456538 0.927245 0.431457 0.935951 0.706392 0.985736 0.472407 0.877308 0.769751 0.428839 0.101896 0.924398 0.414711 0.663293 0.490375 0.925539 0.218660 0.654004 0.619811 0.569204 0.364847 0.824602 0.755335 0.261836 0.322294 0.214255 0.955544 0.746250 0.196283 0.197738 0.038796 0.791253 0.236642 0.590300 0.073510 0.400722 0.144254 0.691022 0.531544 0.736634 0.879320 0.920545 0.819916 0.034622 0.616023 0.728454 0.642200 0.338680 0.437809 0.069568 0.364071 0.647489 0.088416 0.177550 0.030805 0.597544 0.976116 0.406680 0.401403 0.935058 0.246536 0.976189 0.731136 0.939186 0.018733 0.086527 0.529150 0.398163 0.872245 0.080897 0.095426 0.364094 0.057942 0.902590 0.858993 0.122816 0.897381 0.461842 0.315137 0.413320 0.538010 0.042592 0.357507 0.485071 0.240042 0.202308 0.833192 0.744403 0.704705 0.945118 0.048887 0.646196 0.233069 0.164543 0.672644 0.416235 0.595450 0.540232 0.490089 0.531974 0.031691 0.578507 0.819820 0.215507 0.027730 0.173427 0.778189 0.026750 0.299065 0.943748 0.795745 0.081695 0.061718 0.002912 0.076403 0.857496 0.594121 0.294993 0.789871 0.368438 0.338846 0.349834 0.324910 0.497106 0.979038 0.366500 0.019197 0.945132 0.728886 0.960382 0.238646 0.699482 0.723921 0.080355 0.943132 0.722368 0.751059 0.571132 0.620776 0.623131 0.679282 0.072171 0.866802 0.373799 0.741597 0.906290 0.492974 0.963624 0.719642 0.285534 0.766607 0.554756 0.252620 0.315901 0.721070 0.496563 0.249614 0.183170 0.810591 0.753307 0.141729 0.514146 0.107933 0.473670 0.213818 0.554369 0.873288 0.199984 0.851968 0.467693 0.595824 0.438624 0.822272 0.804812 0.411193 0.630157 0.790209 0.561140 0.426093 0.898241 0.702653 0.408978 0.660229 0.546470 0.632713 0.105348 0.136277 0.505174 0.846611 0.899983 0.496308 0.374976 0.170625 0.788090 0.283143 0.066931 0.524028 0.237627 0.410189 0.094071 0.929927 0.576703 0.632172 0.133020 0.454186 0.222415 0.260998 0.928748 0.338541 0.635197 0.500839 0.269668 0.017403 0.192992 0.400891 0.959411 0.369336 0.576933 0.731917 0.239824 0.881258 0.655885 0.068947 0.543523 0.054231 0.452800 0.664572 0.776397 0.360352 0.503041 0.167405 0.177836 0.362828 0.179562 0.239442 0.009051 0.815267 0.632264 0.247214 0.662638 0.227525 0.946646 0.652042 0.328672 0.429415 0.751803 0.625105 0.215453 0.413258 0.709514 0.712838 0.209105 0.566022 0.795535 0.824902 0.396553 0.369920 0.686651 0.995923 0.580910 0.450778 0.051705 0.831038 0.199509 0.719816 0.540393 0.640013 0.321706 0.381263 0.082872 0.788579 0.055569 0.273429 0.821379 0.790933 0.302983 0.663274 0.560931 0.028209 0.162880 0.325221 0.627311 0.763647 0.818668 0.629837 0.214127 0.301494 0.322023 0.362716 0.994059 0.656825 0.587605 0.697409 0.819805 0.729603
0.479215 0.679560 0.774980 0.555039 0.753230 0.806510 0.147055 0.195187 0.323055 0.496419 0.724107 0.011006 0.904647 0.188134 0.382037 0.218224 0.641745 0.539555 0.803939 0.986791 0.380968 0.844617 0.648609 0.122603 0.934303 0.395953 0.889219 0.104594 0.455602 0.987864 0.177868 0.102114 0.332455 0.606485 0.018946 0.914522 0.303886 0.678634 0.552688 0.770517 0.028479 0.798169 0.280911 0.441484 0.780333 0.708982 0.200283 0.081927 0.892456 0.355947 0.334747 0.191776 0.067279 0.010079 0.475027 0.345706 0.762263 0.799243 0.634331 0.652275 0.364702 0.279659 0.883390 0.489831 0.788665 0.864715 0.708918 0.497173 0.626875 0.462430 0.240405 0.347464 0.046598 0.434403 0.412387 0.363762 0.626715 0.187057 0.042250 0.513978 0.562991 0.808517 0.026148 0.241273 0.109588 0.371661 0.916458 0.768316 0.209549 0.244429 0.566138 0.656664 0.807742 0.749398 0.604841 0.522135 0.254183 0.328270 0.346564 0.407096 0.999557 0.557396 0.517228 0.889840 0.337022 0.919332 0.928169 0.253630 0.905723 0.776223 0.566200 0.367443 0.912003 0.818566 0.327629 0.072100 0.904408 0.428698 0.134077 0.938616 0.362359 0.612557 0.043691 0.958949 0.948670 0.886293 0.021426 0.162146 0.429796 0.788809 0.356907 0.051320 0.480976 0.354785 0.208490 0.868149 0.118007 0.856067 0.073793 0.700888 0.742770 0.154240 0.284831 0.042017 0.994271 0.540825 0.859581 0.446490 0.049617 0.520115 0.575660 0.157059 0.627160 0.979929 0.125898 0.023637 0.698214 0.706288 0.725419 0.458210 0.885094 0.533329 0.070837 0.342821 0.861335 0.148787 0.180867 0.479180 0.272984 0.598952 0.510164 0.356848 0.605477 0.870650 0.590657 0.873367 0.210887 0.457572 0.519129 0.931583 0.187643 0.794777 0.654338 0.036887 0.979309 0.121692 0.403954 0.684562 0.493649 0.720955 0.215784 0.774026 0.442540 0.449854 0.376768 0.602873 0.922110 0.506970 0.677333 0.242464 0.951546 0.480998 0.058093 0.115749 0.308275 0.607820 0.948628 0.743617 0.024010 0.796595 0.888271 0.703938 0.577940 0.199951 0.690021 0.371209 0.578909 0.989925 0.546983 0.110634 0.529421 0.534937 0.118182 0.597839 0.281877 0.613104 0.135279 0.747826 0.158836 0.969459 0.394693 0.160874 0.497715 0.225235 0.756495 0.933437 0.033140 0.776147 0.215000 0.909302 0.288663 0.590684 0.196013 0.997729 0.727360 0.481850 0.960764 0.423482 0.977197 0.153073 0.742135 0.065686 0.722281 0.599130 0.283454 0.471049 0.105399 0.567895 0.247477 0.630168 0.467971 0.520991 0.476629 0.583117 0.845836 0.909282 0.018120 0.340010 0.783150 0.099411 0.282591 0.895195 0.414949 0.971844 0.718632 0.950095 0.858803 0.059482 0.765167 0.185725 0.145911 0.262321 0.608172 0.142516 0.956056 0.000169 0.986551 0.381798 0.336460 0.984485 0.800972 0.333899 0.316072 0.177461 0.094894 0.505417 0.455169 0.669168 0.762481 0.343955
0.767295 0.940840 0.374027 0.330676 0.999644 0.508843 0.604649 0.666478 0.687552 0.762270 0.651330 0.143056 0.685250 0.705142 0.875888 0.455866 0.487650 0.215991 0.580705 0.294706 0.997019 0.027142 0.926566 0.581928 0.997137 0.890438 0.797531 0.206154 0.811742 0.426922 0.708007 0.388654 0.264919 0.802343 0.051841 0.301557 0.866838 0.490552 0.973921 0.426985 0.014912 0.257413 0.146179 0.472297 0.288329 0.606742 0.860792 0.196145 0.829208 0.891925 0.523309 0.282457 0.995395 0.028476 0.162536 0.711986 0.418883 0.304843 0.836388 0.551819 0.399689 0.884752 0.176544 0.033806 0.027865 0.495703 0.563486 0.194413 0.389668 0.828848 0.083951 0.608523 0.456082 0.324845 0.069221 0.157060 0.563741 0.792617 0.555080 0.306654 0.977855 0.096133 0.783014 0.379699 0.413289 0.715329 0.463809 0.570350 0.074834 0.889469 0.901767 0.524149 0.444725 0.930878 0.642069 0.162172 0.098978 0.207029 0.641184 0.818315 0.910654 0.528531 0.113112 0.591640 0.505305 0.165203 0.689611 0.920559 0.842786 0.977012 0.559379 0.794577 0.903824 0.952430 0.747943 0.243661 0.473830 0.992597 0.858714 0.085810 0.551968 0.959671 0.551482 0.458131 0.151407 0.788639 0.303269 0.552960 0.288095 0.532041 0.324525 0.275395 0.337615 0.215505 0.554156 0.200783 0.608538 0.185208 0.019425 0.643551 0.721453 0.266323 0.847716 0.078907 0.471257 0.260553 0.842318 0.793279 0.805165 0.060696 0.347359 0.316560 0.077004 0.065603 0.230823 0.111241 0.470575 0.316783 0.958528 0.384809 0.344620 0.352461 0.184661 0.175790 0.449161 0.145734 0.507123 0.209766 0.231390 0.304062 0.630704 0.210066 0.200606 0.716551 0.706772 0.375025 0.158876 0.119027 0.405522 0.904270 0.397354 0.511859 0.130175 0.117864 0.836726 0.538628 0.108000 0.038400 0.292893 0.901794 0.276593 0.804969 0.225418 0.386288 0.316931 0.669511 0.293449 0.617293 0.617472 0.362521 0.427409 0.778189 0.464365 0.462381 0.835657 0.777002 0.762330 0.605714 0.684662 0.094314 0.474392 0.926125 0.528255 0.240875 0.335606 0.963441 0.017547 0.252056 0.993527 0.842795 0.252038 0.968706 0.061511 0.951412 0.063905 0.068108 0.420241 0.426145 0.909443 0.547962 0.886586 0.302603 0.091077 0.511338 0.355225 0.314836 0.573404 0.288516 0.835377 0.463249 0.570940 0.588876 0.153359 0.198599 0.071892 0.568084 0.247577 0.836241 0.430466 0.551826 0.168151 0.175891 0.333365 0.026046 0.762999 0.557296 0.686568 0.961367 0.155312 0.279480 0.006598 0.650512 0.579394 0.175018 0.249487 0.154086 0.768083 0.087088 0.734076 0.550942 0.809392 0.993809 0.650737 0.608808 0.975346 0.970247 0.024534 0.009782 0.338038 0.382620 0.973953 0.304496 0.247036 0.977117 0.370356 0.674195 0.950337 0.387579 0.091999 0.271626 0.343662 0.031427 0.749797 0.437607 0.247253 0.812709 0.654074 0.587332 0.711837 0.737244
0.887255 0.612002 0.999359 0.401167 0.662429 0.761301 0.936242 0.563453 0.726538 0.712778 0.942364 0.943306 0.231209 0.555142 0.765360 0.437425 0.803759 0.201182 0.989305 0.886695 0.376537 0.111052 0.439954 0.473822 0.381929 0.596664 0.875837 0.673921 0.721493 0.428248 0.936021 0.860368 0.250673 0.073496 0.808345 0.164632 0.844762 0.311723 0.444911 0.084887 0.079396 0.393748 0.002480 0.105238 0.624321 0.379662 0.896360 0.375536 0.017573 0.142763 0.209536 0.262606 0.990108 0.875048 0.662312 0.989845 0.642608 0.784418 0.426004 0.289359 0.738030 0.306552 0.458705 0.497782 0.645485 0.754354 0.512792 0.433455 0.400265 0.238171 0.073562 0.401912 0.343530 0.927629 0.091623 0.846628 0.944192 0.019232 0.654884 0.900186 0.248951 0.984536 0.160157 0.148016 0.627223 0.390393 0.053382 0.767654 0.394122 0.419293 0.370497 0.745878 0.787617 0.157198 0.963330 0.617480 0.421040 0.908597 0.492527 0.456298 0.238028 0.601932 0.057425 0.403798 0.430519 0.981094 0.358208 0.957848 0.236734 0.108868 0.027119 0.186810 0.503052 0.742337 0.526180 0.910133 0.775521 0.664541 0.908681 0.106731 0.743651 0.954161 0.474059 0.661308 0.487908 0.170373 0.791317 0.976251 0.788465 0.414147 0.729698 0.823533 0.970499 0.270115 0.536399 0.321531 0.276643 0.033090 0.737573 0.744926 0.423335 0.935589 0.063952 0.925449 0.254434 0.359827 0.101212 0.128827 0.279524 0.157534 0.892838 0.577868 0.788573 0.742966 0.234658 0.157295 0.441346 0.455189 0.358758 0.093672 0.657983 0.745113 0.607268 0.529239 0.088371 0.970363 0.790083 0.747239 0.163896 0.966959 0.498018 0.681042 0.914848 0.330940 0.346485 0.302268 0.857794 0.018712 0.734471 0.345091 0.229571 0.461934 0.036080 0.626568 0.449129 0.858371 0.231755 0.065680 0.773774 0.998820 0.571330 0.860766 0.806857 0.324774 0.523611 0.941353 0.259602 0.410442 0.972715 0.030326 0.624192 0.269159 0.991082 0.281460 0.456765 0.690830 0.830536 0.863788 0.421733 0.315693 0.068443 0.004480 0.688400 0.955063 0.407719 0.073718 0.742829 0.850539 0.188816 0.094468 0.053574 0.029924 0.766520 0.003550 0.061415 0.898723 0.600363 0.812736 0.470265 0.943796 0.528045 0.058517 0.361162 0.623309 0.026501 0.387332 0.533020 0.061991 0.737825 0.514887 0.269437 0.171332 0.654429 0.817806 0.722950 0.634186 0.984055 0.086989 0.970750 0.970266 0.958629 0.112546 0.991831 0.785003 0.041380 0.297465 0.933854 0.863204 0.496553 0.623849 0.004670 0.363526 0.635856 0.211717 0.304868 0.656954 0.314658 0.066476 0.251772 0.020003 0.149321 0.662682 0.650131 0.990702 0.759474 0.180624 0.199853 0.197417 0.487778 0.901462 0.242024 0.418217 0.871455 0.079433 0.102738 0.331246 0.203769 0.454488 0.379194 0.891612 0.025381 0.342077 0.211352 0.400490 0.059120 0.132481 0.697559 0.749902 0.360403 0.541253
0.460140 0.343216 0.126836 0.246935 0.541957 0.763808 0.033619 0.518382 0.768446 0.336138 0.839273 0.376374 0.975043 0.240892 0.351811 0.309562 0.773196 0.456754 0.470498 0.916926 0.635600 0.604998 0.521502 0.393341 0.530693 0.967987 0.121577 0.550556 0.684465 0.837128 0.605865 0.611336 0.309669 0.069137 0.149512 0.416110 0.526821 0.325925 0.095725 0.483497 0.620507 0.653303 0.789456 0.212857 0.989229 0.039756 0.494963 0.110074 0.427428 0.994524 0.633011 0.130335 0.746255 0.335829 0.628580 0.818114 0.528147 0.491382 0.671596 0.814548 0.821700 0.277614 0.606174 0.104104 0.501996 0.290139 0.219780 0.097441 0.450454 0.544005 0.193991 0.373985 0.893330 0.702520 0.929359 0.689278 0.646978 0.193932 0.957794 0.583849 0.944364 0.242966 0.984954 0.303197 0.701079 0.049860 0.762977 0.903909 0.814864 0.076789 0.588912 0.144145 0.354092 0.100202 0.266375 0.175327 0.903048 0.673215 0.137119 0.814948 0.365476 0.947401 0.707935 0.144322 0.181425 0.942824 0.129792 0.153828 0.270363 0.321564 0.023067 0.682659 0.609476 0.513667 0.754817 0.986769 0.813274 0.511190 0.288286 0.681203 0.093537 0.872676 0.758630 0.008822 0.027540 0.291092 0.352784 0.580527 0.621128 0.428294 0.856728 0.554093 0.616594 0.355961 0.435247 0.353110 0.747329 0.142006 0.074070 0.855892 0.298277 0.605523 0.705433 0.991279 0.259690 0.767989 0.354977 0.061624 0.586048 0.325181 0.344167 0.219560 0.426909 0.245427 0.555584 0.286273 0.973085 0.347158 0.125886 0.061454 0.031322 0.421208 0.144346 0.763588 0.473599 0.486371 0.509478 0.276033 0.381387 0.958118 0.263669 0.906680 0.777784 0.607021 0.704111 0.505813 0.696604 0.429719 0.553398 0.072947 0.942109 0.213248 0.797160 0.995018 0.063006 0.593716 0.112389 0.050172 0.205917 0.449275 0.380375 0.898185 0.399807 0.925461 0.698716 0.759861 0.280857 0.005477 0.032639 0.127817 0.587895 0.667036 0.821618 0.163144 0.497908 0.748080 0.604331 0.241172 0.888840 0.468283 0.564338 0.648817 0.547453 0.991588 0.760642 0.076735 0.781071 0.296950 0.876163 0.281103 0.755898 0.861408 0.654907 0.106421 0.398460 0.134026 0.681903 0.301065 0.886522 0.728123 0.393241 0.093125 0.034473 0.253897 0.202349 0.229622 0.022305 0.636033 0.972464 0.637349 0.967187 0.956391 0.377972 0.366717 0.035741 0.799251 0.168598 0.252435 0.030250 0.505178 0.291797 0.161461 0.611774 0.160765 0.504553 0.264176 0.504064 0.852015 0.751901 0.198068 0.125873 0.466052 0.271992 0.797961 0.526894 0.267292 0.512394 0.933013 0.985906 0.435592 0.474769 0.687216 0.439834 0.984549 0.046383 0.336364 0.153022 0.601047 0.315321 0.753016 0.691461 0.976232 0.611618 0.894312 0.997328 0.778163 0.077105 0.866049 0.755581 0.362478 0.012521 0.459807 0.635576 0.523719 0.871295 0.869899 0.778210 0.760727 0.502385 0.347408
0.446180 0.462657 0.024092 0.586184 0.845032 0.044838 0.466976 0.980327 0.146299 0.250184 0.865240 0.421097 0.646787 0.567824 0.559051 0.686487 0.264502 0.920427 0.599421 0.338037 0.740439 0.727996 0.214411 0.057249 0.398093 0.852536 0.347404 0.822427 0.700277 0.822384 0.581000 0.954074 0.507891 0.754522 0.704389 0.235704 0.771375 0.296639 0.752677 0.359033 0.563066 0.348927 0.794573 0.508470 0.064316 0.368572 0.904011 0.107731 0.243252 0.562347 0.293972 0.111975 0.993462 0.967074 0.609935 0.746766 0.755198 0.921684 0.110561 0.545254 0.180675 0.417967 0.691296 0.573947 0.733668 0.754188 0.167270 0.202743 0.731711 0.793344 0.228871 0.395847 0.818526 0.885128 0.539080 0.837225 0.749496 0.209336 0.883752 0.672247 0.497894 0.927923 0.092090 0.837798 0.215001 0.556935 0.079079 0.757068 0.382561 0.562800 0.058852 0.604523 0.830269 0.224017 0.791123 0.549615 0.374638 0.145447 0.059336 0.536558 0.532335 0.138103 0.514287 0.110205 0.372053 0.922675 0.434798 0.570102 0.890834 0.965355 0.911503 0.439718 0.339056 0.616254 0.397896 0.414203 0.068789 0.786282 0.525069 0.096448 0.398570 0.185019 0.303760 0.047571 0.662552 0.357264 0.047312 0.733126 0.683517 0.955863 0.048338 0.807314 0.023880 0.271592 0.316223 0.861240 0.680408 0.877858 0.671805 0.041693 0.643844 0.002115 0.167752 0.513698 0.567874 0.795452 0.486639 0.514415 0.881587 0.636463 0.610103 0.882518 0.088791 0.052802 0.510478 0.762267 0.912841 0.374388 0.951085 0.968404 0.886149 0.082891 0.666934 0.330699 0.671711 0.189577 0.996136 0.347760 0.172432 0.787859 0.565612 0.172855 0.804293 0.437610 0.874636 0.474272 0.213093 0.216611 0.263666 0.265953 0.605248 0.878529 0.991037 0.515433 0.838192 0.083254 0.657847 0.428446 0.133775 0.730279 0.018774 0.009051 0.012126 0.052767 0.869248 0.649002 0.606140 0.501720 0.755732 0.186683 0.969829 0.073976 0.915137 0.410667 0.054432 0.074670 0.914299 0.509130 0.930368 0.448158 0.750747 0.539520 0.158554 0.014993 0.807940 0.446910 0.771781 0.207460 0.809493 0.618366 0.344211 0.353945 0.685531 0.640123 0.300370 0.761848 0.673569 0.679177 0.392753 0.632417 0.136030 0.577108 0.955756 0.665829 0.495945 0.110629 0.541234 0.214074 0.555857 0.839098 0.634637 0.226186 0.581666 0.061166 0.198176 0.335101 0.440177 0.578015 0.260085 0.684880 0.741753 0.614377 0.798881 0.900211 0.768302 0.014880 0.171824 0.375354 0.641787 0.974369 0.599387 0.556073 0.561445 0.975188 0.802939 0.212398 0.921582 0.151839 0.339663 0.438085 0.013799 0.364541 0.577485 0.329438 0.810018 0.011780 0.385784 0.595253 0.463761 0.536282 0.529650 0.437321 0.890109 0.767528 0.359342 0.465408 0.846206 0.201444 0.876778 0.331325 0.128074 0.043423 0.215149 0.558178 0.451631 0.199993 0.615843 0.836519 0.315649 0.159800
0.003139 0.171338 0.748300 0.585734 0.336644 0.798377 0.405970 0.775403 0.586391 0.385332 0.780009 0.265132 0.381600 0.296007 0.627162 0.271905 0.618967 0.572432 0.541967 0.220287 0.601710 0.186125 0.294693 0.868139 0.651190 0.007622 0.769998 0.723821 0.911162 0.463444 0.037049 0.044338 0.397084 0.005201 0.650541 0.445276 0.550360 0.118000 0.505224 0.069005 0.736606 0.521202 0.722053 0.484155 0.974663 0.053564 0.564780 0.995870 0.025202 0.681308 0.881281 0.531140 0.687724 0.657607 0.888053 0.735661 0.872304 0.529779 0.167237 0.898430 0.948271 0.765465 0.324075 0.649294 0.976481 0.550607 0.964067 0.528988 0.862713 0.702584 0.109354 0.918046 0.253523 0.804331 0.601437 0.922605 0.055927 0.019637 0.917829 0.031163 0.562501 0.444186 0.972530 0.268410 0.339367 0.795991 0.681453 0.928822 0.339792 0.437767 0.244981 0.891515 0.346011 0.100974 0.317792 0.162938 0.119684 0.004872 0.127657 0.254564 0.314797 0.723605 0.895872 0.953421 0.627590 0.473087 0.015962 0.248598 0.769236 0.132423 0.601029 0.544143 0.555247 0.413646 0.734267 0.811753 0.665965 0.700197 0.659005 0.393218 0.633010 0.590940 0.537957 0.763072 0.363617 0.408094 0.985193 0.076182 0.931584 0.440098 0.780785 0.367311 0.785670 0.115869 0.523486 0.151308 0.124606 0.518986 0.613877 0.744593 0.762945 0.794272 0.669007 0.539687 0.839768 0.486320 0.613939 0.853316 0.471137 0.582255 0.426403 0.607582 0.119849 0.600615 0.241476 0.479827 0.649503 0.238130 0.604198 0.624204 0.094378 0.820928 0.657019 0.948051 0.774926 0.418301 0.760124 0.038309 0.850328 0.563696 0.297060 0.416071 0.044294 0.952333 0.083697 0.084032 0.260066 0.063268 0.921910 0.256070 0.124147 0.401140 0.504990 0.002018 0.859753 0.269995 0.540969 0.354244 0.971319 0.626005 0.682361 0.575711 0.530366 0.572261 0.492653 0.230589 0.795724 0.442649 0.201716 0.680012 0.565535 0.701261 0.411429 0.730134 0.733695 0.010012 0.909660 0.489340 0.339935 0.742238 0.185575 0.014598 0.760638 0.135282 0.335088 0.533629 0.839106 0.632180 0.072904 0.614308 0.637613 0.227780 0.492071 0.513442 0.166620 0.772117 0.642318 0.263117 0.132600 0.478018 0.973510 0.637096 0.484257 0.845026 0.063474 0.190288 0.954524 0.943026 0.347829 0.078428 0.548852 0.510078 0.024881 0.247930 0.408081 0.588301 0.083362 0.248910 0.370394 0.986442 0.341466 0.604336 0.028938 0.732370 0.968180 0.005791 0.119533 0.382733 0.467570 0.761727 0.864177 0.994278 0.345613 0.239257 0.201037 0.531692 0.017613 0.367624 0.356903 0.042672 0.722950 0.902296 0.064110 0.711711 0.500351 0.604502 0.502004 0.401212 0.065699 0.756943 0.122348 0.756143 0.590130 0.113226 0.982247 0.301263 0.471345 0.486147 0.890049 0.644389 0.439664 0.450955 0.884540 0.164306 0.115777 0.271349 0.394660 0.786952 0.194699 0.706926
0.163292 0.196419 0.743693 0.596773 0.197547 0.536384 0.513780 0.129819 0.528617 0.951872 0.175315 0.874380 0.812985 0.839460 0.598598 0.125583 0.312941 0.780283 0.910209 0.109208 0.115187 0.077986 0.877130 0.768120 0.600079 0.786106 0.272046 0.800794 0.223986 0.610631 0.191145 0.637102 0.117656 0.028272 0.970630 0.433155 0.989661 0.817545 0.073416 0.777305 0.746023 0.071998 0.419146 0.019953 0.328528 0.286762 0.238557 0.067177 0.052109 0.767782 0.122081 0.054921 0.885792 0.992153 0.937753 0.518690 0.209008 0.379842 0.403832 0.227550 0.725225 0.567997 0.973229 0.290042 0.417074 0.688416 0.783202 0.408216 0.369594 0.040844 0.955841 0.004949 0.183092 0.287690 0.718405 0.075929 0.762594 0.766872 0.302236 0.224725 0.310945 0.131409 0.973105 0.795074 0.789628 0.149942 0.406916 0.653345 0.911607 0.431295 0.991121 0.098827 0.780316 0.265296 0.318576 0.064275 0.108528 0.386546 0.046123 0.661662 0.710382 0.934791 0.927368 0.825332 0.232796 0.130676 0.186817 0.232880 0.416540 0.845123 0.627948 0.234441 0.520507 0.510819 0.058764 0.599301 0.786728 0.816406 0.661112 0.163017 0.582055 0.656684 0.811144 0.713491 0.297285 0.840531 0.560946 0.398639 0.432234 0.404623 0.968720 0.772821 0.924611 0.645925 0.176181 0.923200 0.622313 0.742980 0.901376 0.905201 0.545774 0.451195 0.505055 0.039695 0.090030 0.603972 0.070627 0.539887 0.420593 0.199757 0.070897 0.989156 0.231942 0.084511 0.622168 0.745652 0.685826 0.598116 0.213254 0.179399 0.299888 0.909003 0.435634 0.150611 0.310916 0.046836 0.194220 0.493811 0.474124 0.887705 0.975561 0.064331 0.564597 0.315221 0.153640 0.596955 0.004762 0.318957 0.678141 0.497759 0.064469 0.461067 0.330758 0.499140 0.625842 0.301624 0.709189 0.375401 0.776446 0.601156 0.271211 0.077218 0.051152 0.769715 0.928820 0.136440 0.778396 0.104365 0.231900 0.910296 0.835477 0.897889 0.161693 0.563205 0.916957 0.359185 0.513405 0.587580 0.889637 0.629996 0.782859 0.397234 0.218231 0.807808 0.520523 0.429717 0.479494 0.392285 0.938151 0.067776 0.040129 0.859399 0.382906 0.238965 0.189093 0.009335 0.060547 0.691796 0.443435 0.863228 0.618244 0.040455 0.720906 0.434471 0.759061 0.171648 0.583128 0.392837 0.126854 0.526636 0.554707 0.659967 0.841939 0.910806 0.588412 0.803555 0.322538 0.704301 0.099823 0.303397 0.539275 0.101096 0.446159 0.284774 0.868329 0.039203 0.199014 0.626824 0.819643 0.062388 0.989155 0.043929 0.732138 0.376856 0.627739 0.571870 0.280226 0.096418 0.204306 0.012245 0.463219 0.032228 0.444440 0.589254 0.705406 0.424703 0.833004 0.808736 0.437124 0.070669 0.552460 0.513421 0.562086 0.231690 0.647866 0.305930 0.999308 0.366866 0.772912 0.913038 0.425648 0.172053 0.839086 0.449757 0.221893 0.397639 0.466949 0.351098 0.348886 0.682248
0.223306 0.399697 0.360901 0.694689 0.613268 0.593901 0.577069 0.025073 0.109386 0.106375 0.223978 0.796344 0.675153 0.062343 0.892282 0.744709 0.529679 0.934172 0.482876 0.280420 0.675057 0.864999 0.455157 0.876465 0.978861 0.556431 0.853620 0.580994 0.943737 0.897539 0.944070 0.348510 0.880440 0.436928 0.618447 0.239550 0.460659 0.040190 0.270407 0.343658 0.386418 0.494301 0.517634 0.201081 0.321947 0.967777 0.779352 0.139541 0.980445 0.024729 0.887979 0.101260 0.860075 0.733366 0.427595 0.481279 0.240824 0.289853 0.021612 0.645558 0.858452 0.527936 0.897554 0.516276 0.466955 0.206791 0.079112 0.385144 0.639356 0.921254 0.292323 0.423169 0.180673 0.648511 0.885889 0.090978 0.696140 0.841579 0.387008 0.859523 0.042238 0.528328 0.565931 0.892001 0.663497 0.579869 0.342988 0.707557 0.457216 0.072444 0.752945 0.746345 0.455918 0.519923 0.351878 0.895938 0.260878 0.585575 0.269619 0.794207 0.889512 0.633926 0.143759 0.984442 0.012186 0.670079 0.251302 0.640326 0.458994 0.154186 0.760408 0.880662 0.139590 0.272435 0.430467 0.571491 0.680699 0.049759 0.774195 0.285117 0.020239 0.372860 0.728864 0.394733 0.662824 0.909307 0.327665 0.934295 0.301734 0.773270 0.900660 0.669287 0.957327 0.258938 0.993986 0.145497 0.126926 0.484641 0.788278 0.980421 0.128454 0.254763 0.842822 0.694005 0.030395 0.475517 0.903150 0.608604 0.930529 0.837707 0.192249 0.107468 0.922470 0.834586 0.748680 0.122922 0.536545 0.093784 0.275173 0.007262 0.888693 0.136546 0.411707 0.707738 0.034865 0.748962 0.498117 0.199160 0.725762 0.385349 0.652264 0.105156 0.828768 0.636369 0.189524 0.625410 0.682669 0.134503 0.621372 0.788871 0.326324 0.469427 0.971431 0.611819 0.126872 0.816089 0.839173 0.082231 0.075620 0.737495 0.631827 0.980681 0.501957 0.410292 0.431144 0.466958 0.995814 0.977106 0.064354 0.392310 0.370619 0.562489 0.366657 0.948617 0.876106 0.694767 0.201921 0.325619 0.833699 0.496724 0.282149 0.012735 0.830418 0.674518 0.907385 0.277324 0.524965 0.152775 0.481760 0.630500 0.328993 0.262888 0.798048 0.103001 0.901898 0.177267 0.529314 0.946951 0.593845 0.948890 0.350971 0.132369 0.243959 0.542255 0.328359 0.374729 0.096414 0.272967 0.450339 0.139851 0.562834 0.317437 0.739750 0.344490 0.671840 0.232489 0.757036 0.716258 0.231345 0.064748 0.183684 0.012002 0.146447 0.254056 0.681099 0.425107 0.289327 0.146176 0.875769 0.947651 0.310257 0.327377 0.478875 0.975847 0.944245 0.786746 0.582540 0.146344 0.017900 0.057901 0.381362 0.077704 0.355127 0.701295 0.137493 0.092842 0.097054 0.615646 0.986923 0.600199 0.588708 0.327430 0.680525 0.273247 0.506768 0.834143 0.497563 0.931038 0.399918 0.480778 0.201208 0.027968 0.506262 0.750912 0.678955 0.835677 0.360509 0.327318 0.421672 0.140928
0.823138 0.453128 0.954625 0.073555 0.423054 0.352666 0.996249 0.553884 0.870950 0.122801 0.218335 0.332981 0.444970 0.599691 0.638571 0.574590 0.654559 0.749441 0.812007 0.754901 0.693743 0.403723 0.538405 0.400656 0.202925 0.383193 0.332669 0.829237 0.745943 0.409559 0.499991 0.812947 0.444939 0.360634 0.059825 0.766272 0.710364 0.230383 0.882955 0.120820 0.082992 0.548884 0.746879 0.003404 0.754588 0.700796 0.881011 0.809391 0.145234 0.820955 0.168420 0.433096 0.512502 0.761213 0.073945 0.607876 0.073002 0.577812 0.700186 0.085606 0.922200 0.002951 0.536246 0.632421 0.612756 0.606863 0.402007 0.965960 0.899366 0.169000 0.269670 0.293452 0.832174 0.468979 0.025864 0.956382 0.408110 0.624510 0.798065 0.634946 0.542029 0.624389 0.981950 0.367853 0.299513 0.233360 0.579854 0.114347 0.968460 0.842675 0.777324 0.209752 0.131507 0.810056 0.469822 0.047126 0.436469 0.819487 0.197048 0.399949 0.885348 0.295821 0.185512 0.283215 0.589252 0.063881 0.495982 0.253593 0.397623 0.994489 0.119044 0.293830 0.274365 0.652050 0.765169 0.456416 0.500740 0.686195 0.953001 0.109164 0.861713 0.775074 0.608937 0.110741 0.600376 0.455172 0.372925 0.802047 0.459370 0.606466 0.249468 0.110403 0.277683 0.581656 0.854399 0.436371 0.444177 0.318588 0.151518 0.765109 0.147788 0.169405 0.615498 0.134030 0.152578 0.569540 0.795124 0.751328 0.575229 0.271877 0.749224 0.855048 0.395737 0.010245 0.251581 0.075394 0.442639 0.891029 0.798907 0.909436 0.483936 0.287727 0.873498 0.710306 0.620728 0.566614 0.074331 0.323159 0.356276 0.997197 0.662947 0.119754 0.901121 0.288021 0.971488 0.059766 0.148916 0.104709 0.332608 0.838122 0.577289 0.812248 0.016934 0.347069 0.488362 0.336979 0.723125 0.696761 0.926224 0.792594 0.457400 0.455157 0.001205 0.355208 0.276266 0.182649 0.379564 0.070162 0.630533 0.700634 0.142596 0.164039 0.450467 0.062277 0.894015 0.555299 0.926694 0.865148 0.743386 0.136502 0.682422 0.422393 0.213468 0.735371 0.304574 0.390271 0.734807 0.353706 0.228589 0.756818 0.405576 0.848750 0.894889 0.106014 0.858542 0.653620 0.732990 0.298693 0.957565 0.772187 0.292039 0.997507 0.425709 0.099766 0.738073 0.402741 0.016978 0.645237 0.196941 0.254879 0.181569 0.330705 0.402653 0.700456 0.147603 0.419675 0.576986 0.700257 0.674443 0.600846 0.831149 0.031728 0.810290 0.166821 0.310382 0.796997 0.357640 0.143652 0.511273 0.025470 0.198078 0.198160 0.126472 0.246594 0.290238 0.031607 0.247320 0.944585 0.295466 0.591405 0.147031 0.789878 0.650460 0.188547 0.637878 0.113976 0.633359 0.495063 0.583043 0.154402 0.185956 0.486249 0.050662 0.268795 0.842828 0.384920 0.912752 0.455915 0.326189 0.315409 0.828234 0.361945 0.262738 0.715649 0.269216 0.048738 0.101194 0.363371 0.854012 0.908530
0.791576 0.455670 0.074578 0.265368 0.913536 0.523857 0.043021 0.997499 0.333604 0.704826 0.515477 0.552478 0.036355 0.141807 0.559006 0.242674 0.062683 0.246836 0.793412 0.107022 0.897667 0.100317 0.506130 0.006128 0.612961 0.072054 0.343755 0.110630 0.768295 0.920660 0.317723 0.882615 0.587733 0.561743 0.615513 0.465726 0.488702 0.309782 0.230510 0.639019 0.825679 0.300931 0.519401 0.899628 0.782240 0.579700 0.598700 0.546984 0.504913 0.866443 0.500111 0.006196 0.457469 0.798992 0.528359 0.173255 0.338093 0.998488 0.135840 0.773997 0.080157 0.130594 0.927689 0.601539 0.518540 0.955087 0.917804 0.278129 0.121234 0.883425 0.080931 0.006817 0.741559 0.480857 0.172088 0.518091 0.482320 0.501485 0.305977 0.824201 0.137028 0.460680 0.058721 0.573564 0.091079 0.597957 0.625719 0.585165 0.205639 0.219178 0.450875 0.959488 0.695751 0.517744 0.355864 0.234571 0.706283 0.933614 0.470767 0.296933 0.868999 0.989422 0.248199 0.022274 0.714154 0.962953 0.440687 0.238025 0.746270 0.967120 0.043066 0.261736 0.611697 0.505991 0.842978 0.343730 0.355698 0.838709 0.725659 0.336526 0.087730 0.140919 0.887672 0.975100 0.130480 0.459372 0.379896 0.306126 0.855550 0.601699 0.434175 0.769746 0.835604 0.076225 0.266868 0.668386 0.516899 0.383059 0.609020 0.141969 0.977068 0.949879 0.250013 0.137848 0.665195 0.639248 0.612230 0.106762 0.487707 0.173347 0.592418 0.849170 0.801284 0.402858 0.646856 0.880255 0.933853 0.530874 0.035857 0.681297 0.284559 0.940665 0.575224 0.104324 0.850022 0.242640 0.398966 0.770211 0.553248 0.952691 0.509584 0.905154 0.248240 0.379089 0.306540 0.884936 0.273162 0.413792 0.566572 0.076526 0.208696 0.768756 0.296459 0.398507 0.568169 0.865294 0.799413 0.566188 0.587487 0.128251 0.216813 0.026092 0.278678 0.828612 0.211861 0.521324 0.258205 0.025825 0.868256 0.893892 0.544059 0.433565 0.000962 0.689138 0.698656 0.809592 0.924128 0.967636 0.990604 0.481753 0.518172 0.811825 0.723255 0.415331 0.318059 0.860257 0.898032 0.646900 0.054509 0.470797 0.561392 0.561997 0.477285 0.005149 0.944791 0.477661 0.609907 0.008011 0.569332 0.062272 0.531607 0.461955 0.977038 0.860370 0.067979 0.041821 0.469735 0.762362 0.307742 0.792574 0.839746 0.899742 0.757615 0.490151 0.232885 0.832695 0.233064 0.647924 0.086175 0.056306 0.892214 0.864479 0.247486 0.092759 0.220832 0.991412 0.387239 0.987830 0.978700 0.933319 0.647769 0.942841 0.844158 0.000991 0.542165 0.404902 0.132735 0.123962 0.054628 0.173062 0.534866 0.610223 0.654966 0.322486 0.869674 0.731138 0.587235 0.470241 0.020659 0.898743 0.519644 0.425926 0.275225 0.555151 0.364536 0.801502 0.016493 0.429870 0.029027 0.989030 0.144320 0.599290 0.796184 0.259550 0.179881 0.451113 0.004151 0.307085 0.810587 0.654385
0.240967 0.146096 0.282011 0.814046 0.857267 0.418507 0.221680 0.363921 0.389236 0.454290 0.393238 0.624997 0.163617 0.604568 0.013913 0.019264 0.533021 0.853045 0.074290 0.399745 0.639711 0.582946 0.874441 0.760322 0.018756 0.248442 0.569201 0.380699 0.718820 0.914911 0.723761 0.058296 0.308373 0.645723 0.105490 0.648627 0.104515 0.168447 0.072877 0.932357 0.200935 0.408085 0.230972 0.537583 0.151104 0.093773 0.785246 0.003015 0.520555 0.877687 0.379645 0.120203 0.159586 0.447557 0.854465 0.420697 0.155269 0.470428 0.155967 0.260229 0.587751 0.088923 0.319064 0.119330 0.134739 0.616169 0.241707 0.137139 0.131293 0.562078 0.675072 0.974570 0.786057 0.535278 0.266077 0.232202 0.580374 0.192110 0.237335 0.678381 0.988747 0.972481 0.043466 0.460230 0.630552 0.549070 0.476000 0.439113 0.027962 0.799391 0.818226 0.063336 0.338235 0.469567 0.181553 0.063446 0.326915 0.025745 0.261808 0.325779 0.331703 0.957619 0.696153 0.608731 0.702147 0.700951 0.524260 0.916284 0.633559 0.871316 0.111262 0.106296 0.862809 0.069303 0.278474 0.382170 0.822579 0.689417 0.072887 0.654333 0.853109 0.083626 0.511914 0.539010 0.644885 0.586524 0.509163 0.315831 0.850984 0.052230 0.371541 0.824756 0.746351 0.113258 0.784264 0.769678 0.061257 0.153023 0.791100 0.668122 0.329360 0.342623 0.259795 0.873833 0.738314 0.112115 0.774725 0.894565 0.061759 0.466157 0.108045 0.694017 0.756219 0.436446 0.486633 0.264967 0.357831 0.824353 0.769837 0.769400 0.557775 0.104674 0.282017 0.602431 0.355986 0.656902 0.596146 0.366005 0.136595 0.993894 0.543369 0.664363 0.974377 0.805517 0.681852 0.170491 0.174344 0.775910 0.678295 0.261002 0.884914 0.531339 0.855298 0.313951 0.787165 0.288141 0.531608 0.243307 0.349751 0.117489 0.772094 0.649809 0.032378 0.641819 0.737089 0.488326 0.261134 0.915362 0.139284 0.067661 0.769066 0.909273 0.487422 0.024809 0.190312 0.785148 0.374249 0.248238 0.856572 0.918246 0.435726 0.640610 0.101732 0.441101 0.399073 0.663933 0.986694 0.266983 0.011405 0.271435 0.010658 0.008798 0.094578 0.150572 0.328466 0.016842 0.315572 0.451574 0.431024 0.534265 0.042773 0.909193 0.226068 0.479249 0.584525 0.990302 0.603725 0.564118 0.719771 0.231828 0.046544 0.841133 0.152050 0.946636 0.529206 0.088648 0.548479 0.789316 0.673176 0.295085 0.303006 0.520994 0.672666 0.334725 0.495405 0.030958 0.148676 0.097032 0.501499 0.016830 0.453570 0.275442 0.378634 0.999374 0.446004 0.800407 0.263894 0.531671 0.511001 0.516419 0.233931 0.181207 0.226101 0.055798 0.865141 0.333103 0.198242 0.344360 0.478119 0.176594 0.015241 0.819891 0.972015 0.940178 0.372887 0.343158 0.049143 0.369293 0.540311 0.556303 0.867966 0.372274 0.845586 0.980870 0.821632 0.377476 0.827856 0.748221 0.799263 0.035817
0.757465 0.368273 0.409404 0.631086 0.806275 0.285286 0.366938 0.377064 0.906159 0.650000 0.018184 0.890665 0.289273 0.770648 0.000243 0.556623 0.806637 0.371248 0.152264 0.531942 0.967423 0.745526 0.184957 0.628867 0.422326 0.236576 0.039309 0.682314 0.753458 0.666097 0.376860 0.705004 0.525110 0.326443 0.915379 0.389095 0.395644 0.697866 0.998767 0.843643 0.346438 0.469599 0.689914 0.825296 0.617797 0.578617 0.045747 0.206366 0.796785 0.167860 0.268256 0.433112 0.271749 0.580936 0.898536 0.518222 0.929040 0.606739 0.150718 0.170969 0.097551 0.140686 0.458330 0.754322 0.986791 0.479102 0.137785 0.344896 0.095324 0.927514 0.020146 0.675328 0.599509 0.125968 0.460630 0.360803 0.424011 0.274405 0.440234 0.259075 0.299065 0.640102 0.782716 0.906512 0.076512 0.364043 0.196632 0.347758 0.169416 0.636543 0.258900 0.247577 0.317894 0.448758 0.138276 0.098604 0.483753 0.534696 0.033123 0.480205 0.856330 0.979029 0.290076 0.617103 0.682259 0.395400 0.633777 0.724981 0.920935 0.286245 0.991317 0.409067 0.877139 0.637684 0.865979 0.547268 0.721150 0.477324 0.914334 0.851333 0.216139 0.042621 0.229168 0.674452 0.962193 0.005758 0.303462 0.746128 0.570955 0.390729 0.066531 0.643240 0.633628 0.391523 0.471899 0.312137 0.875109 0.156752 0.388566 0.267371 0.631874 0.692745 0.924261 0.062642 0.375666 0.896944 0.152536 0.213930 0.033807 0.720221 0.561031 0.066277 0.240718 0.652743 0.694729 0.040437 0.304690 0.336112 0.687712 0.847975 0.179788 0.869610 0.992434 0.156609 0.589112 0.326658 0.752862 0.322347 0.780872 0.317907 0.546895 0.331711 0.238040 0.635660 0.923718 0.623496 0.298253 0.006341 0.659560 0.251947 0.803336 0.834964 0.984929 0.397469 0.901329 0.801240 0.753585 0.130164 0.990369 0.531814 0.372867 0.232882 0.408033 0.358732 0.374675 0.221491 0.804099 0.035308 0.206726 0.078089 0.021199 0.651426 0.930450 0.227549 0.737012 0.164275 0.017906 0.072802 0.070482 0.023672 0.041410 0.331653 0.366610 0.057158 0.904288 0.831651 0.134129 0.864329 0.524182 0.460554 0.854924 0.411667 0.273728 0.640139 0.044904 0.085600 0.607212 0.878706 0.778303 0.284650 0.084284 0.758501 0.859189 0.723842 0.759438 0.592927 0.944308 0.529477 0.058423 0.396494 0.571158 0.987680 0.277628 0.252941 0.853180 0.451348 0.079909 0.974715 0.749549 0.638765 0.095749 0.123011 0.327815 0.967475 0.222154 0.695200 0.022223 0.815832 0.338263 0.862410 0.322530 0.364994 0.623643 0.061296 0.162223 0.072694 0.144625 0.248190 0.497852 0.366121 0.259623 0.867840 0.312463 0.577044 0.372175 0.640588 0.639702 0.300837 0.886956 0.637847 0.747451 0.183228 0.192362 0.435619 0.797049 0.235369 0.306750 0.357289 0.123710 0.750054 0.021474 0.112167 0.467789 0.833098 0.896954 0.287103 0.397487 0.714550 0.237070 0.414940
0.204671 0.997449 0.873569 0.843599 0.859230 0.706392 0.473793 0.451638 0.828027 0.456030 0.822186 0.505198 0.418135 0.184916 0.492758 0.072903 0.508271 0.837399 0.275614 0.277064 0.570807 0.619531 0.674342 0.124247 0.564696 0.234315 0.635529 0.442534 0.075914 0.844674 0.085955 0.945422 0.142623 0.096586 0.965835 0.485626 0.734058 0.624230 0.684980 0.157212 0.640916 0.278981 0.478196 0.391066 0.080740 0.258818 0.510284 0.309811 0.048326 0.404736 0.245921 0.584499 0.556136 0.508442 0.513128 0.251648 0.455475 0.774464 0.807636 0.969391 0.775001 0.874674 0.595203 0.593527 0.333652 0.836934 0.958463 0.375429 0.310581 0.482726 0.034121 0.682396 0.198359 0.051392 0.487130 0.763410 0.398450 0.436002 0.904469 0.715248 0.237154 0.758410 0.295660 0.890078 0.255006 0.234349 0.013295 0.901020 0.038933 0.085302 0.781246 0.422839 0.036346 0.475877 0.048906 0.927650 0.277007 0.235871 0.485997 0.958504 0.105869 0.565859 0.221341 0.272342 0.799768 0.662588 0.214484 0.134845 0.244025 0.543823 0.560570 0.530042 0.345021 0.540809 0.526832 0.525675 0.051753 0.420439 0.648630 0.418420 0.752154 0.313855 0.275908 0.363662 0.887431 0.673031 0.292210 0.089796 0.123154 0.687278 0.596524 0.676230 0.561171 0.119672 0.986296 0.182896 0.038413 0.947454 0.329412 0.540790 0.223554 0.341666 0.262588 0.740305 0.356653 0.798435 0.080611 0.594872 0.883670 0.996826 0.981780 0.809418 0.299081 0.674713 0.806755 0.524099 0.429955 0.288735 0.061460 0.348126 0.166893 0.604907 0.992425 0.057243 0.036043 0.508847 0.902495 0.206589 0.030812 0.130241 0.986027 0.411666 0.654644 0.069092 0.124974 0.441173 0.576934 0.048784 0.001557 0.792316 0.352325 0.726061 0.658734 0.253893 0.332413 0.732621 0.430353 0.712839 0.739410 0.364902 0.107740 0.225366 0.830780 0.892621 0.329119 0.761014 0.019113 0.489575 0.643132 0.872300 0.707518 0.692536 0.246242 0.728038 0.910286 0.309953 0.716327 0.734341 0.015586 0.467713 0.183875 0.498545 0.185615 0.331905 0.593057 0.795993 0.080962 0.114550 0.019414 0.581288 0.511099 0.639742 0.570921 0.113153 0.650846 0.337669 0.085192 0.487940 0.118029 0.790184 0.756397 0.596970 0.684019 0.226854 0.333081 0.115435 0.458216 0.003022 0.787363 0.704157 0.738665 0.937849 0.517779 0.003383 0.343255 0.713902 0.889438 0.981304 0.715025 0.272413 0.572847 0.612824 0.804967 0.808300 0.699682 0.357475 0.105964 0.667436 0.385045 0.105814 0.745390 0.533692 0.426948 0.145962 0.621097 0.039232 0.343184 0.113501 0.981206 0.297052 0.968887 0.371762 0.783088 0.080591 0.035655 0.908749 0.422568 0.720748 0.140158 0.400233 0.088553 0.912232 0.022136 0.136780 0.795785 0.891347 0.254509 0.388154 0.104589 0.125204 0.370317 0.586147 0.012209 0.570937 0.962538 0.684948 0.849956 0.512286 0.453807 0.646367
0.016600 0.612021 0.774872 0.344666 0.588005 0.057194 0.715333 0.337624 0.179616 0.273532 0.293975 0.418341 0.745541 0.575427 0.955638 0.310542 0.460524 0.685232 0.772218 0.443767 0.129236 0.687851 0.465347 0.896718 0.608104 0.940534 0.283715 0.514684 0.021844 0.420474 0.149492 0.422434 0.907830 0.728369 0.256617 0.526472 0.688504 0.359910 0.415696 0.447486 0.796297 0.528546 0.948542 0.849347 0.615593 0.859388 0.536154 0.831418 0.448262 0.179623 0.695249 0.970517 0.077787 0.073314 0.514878 0.407734 0.976357 0.678326 0.758186 0.471538 0.458036 0.466204 0.474075 0.499938 0.757187 0.792839 0.645588 0.001098 0.797062 0.218245 0.582252 0.463177 0.914022 0.496570 0.587033 0.459821 0.746600 0.504394 0.453172 0.200103 0.029444 0.434912 0.226738 0.010971 0.136742 0.370733 0.391697 0.417217 0.333923 0.629008 0.939263 0.292251 0.489769 0.246389 0.937046 0.957165 0.841932 0.872322 0.532373 0.842305 0.682269 0.723369 0.555271 0.664754 0.243728 0.376671 0.199579 0.874452 0.155387 0.520532 0.100606 0.497355 0.054134 0.400847 0.333610 0.860446 0.624877 0.119675 0.024075 0.778592 0.174718 0.864022 0.365988 0.318102 0.380150 0.786992 0.954926 0.605798 0.354208 0.897523 0.466976 0.855457 0.261792 0.551934 0.308614 0.002990 0.102525 0.330586 0.577484 0.754468 0.194456 0.233686 0.185297 0.995909 0.085994 0.281650 0.967113 0.304627 0.140296 0.859345 0.110868 0.080554 0.140764 0.269180 0.286390 0.102745 0.526924 0.031048 0.538514 0.998654 0.640111 0.356542 0.267912 0.605003 0.474635 0.665188 0.844032 0.331027 0.116102 0.803445 0.034621 0.416091 0.777249 0.559755 0.133533 0.302840 0.203637 0.539664 0.235846 0.252464 0.456394 0.082057 0.521853 0.714358 0.728004 0.337892 0.889974 0.561942 0.213785 0.555794 0.985428 0.859397 0.644500 0.010115 0.482526 0.023699 0.149058 0.783147 0.066720 0.953155 0.799301 0.104420 0.550938 0.011665 0.815837 0.721836 0.823427 0.213821 0.654602 0.791277 0.581347 0.476239 0.143726 0.998992 0.298315 0.904981 0.946914 0.411850 0.060588 0.808019 0.576898 0.190398 0.553034 0.029042 0.970776 0.046046 0.456216 0.461980 0.367454 0.095835 0.858357 0.751104 0.262090 0.067415 0.152437 0.258019 0.571357 0.786064 0.055072 0.002203 0.519674 0.017733 0.942328 0.734213 0.582063 0.451107 0.509988 0.930882 0.536765 0.541960 0.282274 0.261081 0.731384 0.048346 0.693497 0.461242 0.907180 0.375062 0.972825 0.934492 0.855928 0.524358 0.816670 0.149596 0.488532 0.610574 0.790877 0.475861 0.108056 0.856491 0.513732 0.561122 0.940546 0.014971 0.506606 0.960648 0.720758 0.068458 0.111512 0.101457 0.192882 0.123905 0.706000 0.290011 0.802903 0.043681 0.550576 0.943748 0.809204 0.439211 0.100109 0.892748 0.651591 0.503035 0.349958 0.632770 0.004210 0.126003 0.327258 0.642086
0.649623 0.045006 0.104804 0.630503 0.383794 0.006641 0.037949 0.638347 0.297498 0.690713 0.386948 0.357785 0.614896 0.625697 0.681362 0.750663 0.967495 0.817896 0.148527 0.119495 0.474848 0.690033 0.127345 0.657434 0.880616 0.833983 0.212928 0.649755 0.881908 0.245512 0.426721 0.050931 0.464685 0.446560 0.992502 0.757674 0.911623 0.532543 0.958561 0.374385 0.693674 0.740133 0.095943 0.344068 0.621190 0.841230 0.529292 0.452151 0.761034 0.795535 0.559248 0.886113 0.792373 0.360399 0.621119 0.972065 0.726917 0.441164 0.292179 0.812777 0.734489 0.034076 0.573994 0.383192 0.369012 0.455774 0.294576 0.608381 0.413928 0.988982 0.330637 0.899934 0.817638 0.397055 0.733842 0.712935 0.143282 0.704844 0.764504 0.662689 0.009790 0.746905 0.128466 0.119038 0.155697 0.470461 0.418621 0.342186 0.650348 0.158070 0.056930 0.954565 0.859763 0.877986 0.735312 0.178430 0.572259 0.827887 0.429203 0.954136 0.746462 0.392829 0.867650 0.746116 0.583410 0.420070 0.110366 0.017425 0.626367 0.125955 0.842253 0.304581 0.027531 0.317635 0.715816 0.142905 0.855391 0.032262 0.831776 0.947702 0.485724 0.525009 0.360204 0.297149 0.560952 0.829205 0.132970 0.322897 0.488821 0.756583 0.543820 0.465340 0.042498 0.537354 0.538146 0.089748 0.474923 0.779613 0.241919 0.411879 0.522870 0.300795 0.705840 0.889812 0.084770 0.809107 0.506571 0.050867 0.656527 0.098967 0.385817 0.883775 0.385744 0.964497 0.498083 0.174279 0.335386 0.314828 0.827953 0.393822 0.210755 0.560309 0.423105 0.180335 0.489058 0.405343 0.689490 0.724471 0.051737 0.107124 0.451375 0.750390 0.762813 0.973762 0.852722 0.350235 0.382259 0.905182 0.002249 0.933618 0.491734 0.580717 0.453901 0.681300 0.677105 0.312528 0.888905 0.676701 0.888564 0.811377 0.475295 0.680013 0.120426 0.367826 0.110434 0.258403 0.118731 0.662487 0.110348 0.934459 0.341616 0.279771 0.326846 0.662348 0.247772 0.913561 0.125019 0.178595 0.543672 0.687450 0.495716 0.006378 0.640564 0.558440 0.711599 0.620159 0.182558 0.703901 0.901382 0.574849 0.748173 0.580069 0.440770 0.149473 0.118205 0.674013 0.032610 0.641506 0.816798 0.879860 0.743743 0.308846 0.510312 0.094373 0.466705 0.440446 0.340241 0.490519 0.000584 0.488981 0.280964 0.295902 0.302075 0.364222 0.817829 0.588873 0.214443 0.035615 0.074378 0.126430 0.243467 0.290568 0.766491 0.658619 0.527166 0.104007 0.776621 0.681096 0.083317 0.752171 0.802849 0.998906 0.335048 0.145562 0.855977 0.740504 0.496351 0.144015 0.963644 0.405990 0.795602 0.182061 0.809302 0.574684 0.701741 0.638081 0.265388 0.700700 0.285845 0.078291 0.039996 0.243125 0.904307 0.222263 0.590803 0.965448 0.166289 0.046880 0.946512 0.580031 0.612896 0.235955 0.596076 0.331728 0.037523 0.768124 0.330855 0.064984 0.017338 0.040872
0.140466 0.366381 0.434253 0.893659 0.827719 0.654701 0.377019 0.924194 0.277593 0.936016 0.157788 0.234961 0.613870 0.735581 0.138116 0.817847 0.806977 0.665531 0.444863 0.878621 0.082117 0.176319 0.244618 0.719382 0.416142 0.815898 0.049784 0.645679 0.043522 0.151150 0.210869 0.306096 0.181277 0.269812 0.315451 0.496034 0.698208 0.720593 0.729966 0.860050 0.480257 0.760223 0.149510 0.837351 0.084523 0.672584 0.752103 0.626654 0.469749 0.096125 0.273449 0.574900 0.619638 0.326452 0.732941 0.403899 0.865770 0.466034 0.347046 0.227831 0.748429 0.546275 0.461584 0.814039 0.898866 0.420300 0.555035 0.521286 0.199609 0.284196 0.936459 0.247827 0.115130 0.601212 0.632389 0.043871 0.451317 0.745881 0.480230 0.908274 0.281023 0.472751 0.785290 0.018091 0.448891 0.929028 0.197394 0.294446 0.548671 0.252774 0.014118 0.936894 0.696111 0.807531 0.498066 0.700639 0.387828 0.458622 0.951388 0.422085 0.034213 0.291295 0.116455 0.084744 0.639679 0.173174 0.296083 0.631562 0.305158 0.290875 0.665864 0.191911 0.008755 0.892515 0.827196 0.970189 0.277780 0.591531 0.209290 0.342843 0.816230 0.085370 0.022632 0.801679 0.104239 0.370380 0.396394 0.420293 0.453292 0.450154 0.327004 0.601937 0.890842 0.697886 0.718059 0.805311 0.034311 0.451014 0.150991 0.851691 0.339570 0.176679 0.919169 0.831972 0.311094 0.617533 0.430476 0.239103 0.307137 0.066942 0.408989 0.375415 0.995571 0.277196 0.108113 0.599824 0.608489 0.544540 0.529492 0.431632 0.003393 0.773790 0.512448 0.491481 0.550491 0.806801 0.375575 0.097107 0.750248 0.654676 0.482787 0.625675 0.540814 0.800164 0.384438 0.048083 0.708324 0.954339 0.944593 0.017370 0.705660 0.963777 0.777049 0.678692 0.492567 0.167513 0.291857 0.652835 0.103139 0.465343 0.008397 0.187856 0.995446 0.879075 0.761866 0.420440 0.214998 0.817391 0.933046 0.802083 0.517058 0.438964 0.158774 0.236300 0.024564 0.708875 0.863918 0.906227 0.265361 0.376275 0.556188 0.131357 0.090968 0.424897 0.815895 0.206922 0.274779 0.565067 0.287346 0.153304 0.867509 0.729337 0.101166 0.147798 0.758474 0.728206 0.867980 0.761505 0.975012 0.930722 0.188862 0.413250 0.985450 0.216318 0.153656 0.112707 0.882756 0.503295 0.588076 0.585071 0.603809 0.306181 0.143060 0.601069 0.818540 0.823820 0.176735 0.434619 0.462865 0.766492 0.010911 0.036637 0.832898 0.537506 0.972449 0.254192 0.659306 0.553609 0.086136 0.675950 0.455440 0.368636 0.890178 0.000912 0.587494 0.991799 0.565659 0.791750 0.568425 0.250190 0.459521 0.048169 0.816834 0.814549 0.624896 0.659046 0.669376 0.134242 0.376883 0.933082 0.213532 0.865157 0.475149 0.422914 0.994419 0.835538 0.618699 0.436259 0.272472 0.745407 0.476232 0.892956 0.652056 0.727421 0.522277 0.608392 0.271935 0.616004 0.199022 0.194230
0.045469 0.693437 0.389854 0.139487 0.891622 0.566243 0.048039 0.709888 0.441773 0.478143 0.586324 0.290357 0.740293 0.489640 0.824867 0.683309 0.063789 0.618367 0.422365 0.745249 0.785717 0.203011 0.060990 0.545554 0.794311 0.927646 0.317503 0.883515 0.837001 0.210962 0.059909 0.791832 0.849161 0.517740 0.531601 0.529539 0.029113 0.740294 0.201688 0.516128 0.690690 0.533864 0.002192 0.843343 0.075111 0.121074 0.974221 0.591017 0.097842 0.326060 0.485484 0.242487 0.135542 0.915823 0.930120 0.140476 0.927072 0.560398 0.144684 0.661681 0.601952 0.821418 0.720373 0.776556 0.809005 0.761804 0.876897 0.253030 0.332625 0.669080 0.630862 0.885730 0.859367 0.002599 0.585720 0.535268 0.666816 0.000614 0.291381 0.114872 0.925677 0.852259 0.985428 0.974498 0.803283 0.617570 0.513103 0.314414 0.365488 0.848467 0.321999 0.624873 0.576858 0.933558 0.455329 0.912206 0.293251 0.139015 0.636158 0.932360 0.952605 0.370029 0.324925 0.293696 0.154589 0.056940 0.779294 0.746229 0.541904 0.852265 0.122949 0.699509 0.972963 0.761392 0.841682 0.353186 0.194109 0.248186 0.226439 0.420831 0.267330 0.786693 0.321964 0.648752 0.394000 0.280418 0.893877 0.998610 0.732773 0.039600 0.731753 0.321150 0.361753 0.996155 0.310573 0.872364 0.631211 0.959571 0.442251 0.951755 0.426953 0.547484 0.998494 0.591798 0.848963 0.388024 0.566759 0.721667 0.201699 0.302709 0.396936 0.144891 0.767825 0.683435 0.183041 0.279818 0.256319 0.792188 0.579422 0.018194 0.363058 0.776898 0.771958 0.164170 0.501764 0.851114 0.775364 0.480403 0.749568 0.612836 0.749268 0.485359 0.526103 0.191864 0.668260 0.301209 0.036118 0.814791 0.264319 0.649714 0.527548 0.757498 0.350514 0.798756 0.409656 0.134523 0.876160 0.709632 0.587298 0.165659 0.474060 0.535903 0.836893 0.906037 0.041286 0.469113 0.011085 0.669215 0.944032 0.954662 0.683128 0.501101 0.792191 0.862882 0.643954 0.795791 0.644787 0.288238 0.878095 0.793766 0.546241 0.381678 0.660500 0.771177 0.375567 0.420288 0.969162 0.727290 0.447649 0.314088 0.364484 0.538651 0.839762 0.868713 0.273933 0.176960 0.506939 0.115591 0.069225 0.156302 0.076263 0.640790 0.097451 0.029493 0.347337 0.471471 0.936052 0.918843 0.719502 0.291887 0.646886 0.146896 0.901714 0.319968 0.493754 0.848535 0.354751 0.474736 0.308574 0.457654 0.162951 0.907654 0.726274 0.493847 0.182881 0.221451 0.675129 0.132200 0.245657 0.869154 0.421526 0.190075 0.450130 0.817357 0.673022 0.872980 0.598467 0.177883 0.943307 0.343958 0.616643 0.394042 0.281464 0.507488 0.107410 0.167203 0.877084 0.210238 0.981361 0.239387 0.549046 0.633362 0.296021 0.789886 0.283350 0.188091 0.759010 0.495440 0.332380 0.609290 0.212782 0.881710 0.418003 0.741870 0.510632 0.413082 0.256180 0.987398 0.912959 0.231240
0.167157 0.498607 0.513003 0.473034 0.943129 0.694256 0.508544 0.948876 0.543748 0.953369 0.785010 0.361675 0.835951 0.170470 0.582237 0.103021 0.485637 0.408970 0.961968 0.371451 0.849535 0.141924 0.482526 0.457822 0.659211 0.289854 0.971541 0.718039 0.550947 0.781032 0.186334 0.884061 0.858641 0.768641 0.416782 0.554934 0.941579 0.171565 0.439352 0.217991 0.288601 0.314585 0.348451 0.747220 0.109826 0.922441 0.251878 0.428748 0.469267 0.157986 0.006378 0.233927 0.480145 0.967458 0.135160 0.610056 0.944178 0.951212 0.990574 0.693338 0.830673 0.480395 0.563512 0.488234 0.944341 0.341328 0.420409 0.823137 0.800562 0.366597 0.904248 0.166109 0.689907 0.240301 0.315559 0.279944 0.015818 0.907700 0.875704 0.700163 0.973871 0.385772 0.993387 0.024596 0.318624 0.030376 0.387880 0.918981 0.371198 0.679424 0.002759 0.246423 0.415126 0.119523 0.708446 0.275284 0.826439 0.743283 0.499702 0.623628 0.576335 0.429767 0.973791 0.768636 0.647963 0.990164 0.607143 0.286289 0.296037 0.331888 0.832245 0.961475 0.331871 0.505433 0.291539 0.970600 0.968928 0.783770 0.495828 0.715938 0.955609 0.397364 0.425307 0.938879 0.225953 0.728508 0.497866 0.889287 0.000315 0.500768 0.293799 0.263163 0.306125 0.089564 0.413471 0.681934 0.507733 0.194352 0.800767 0.863117 0.112612 0.060664 0.903423 0.648103 0.616373 0.844452 0.930123 0.849621 0.536149 0.069070 0.896716 0.998593 0.245980 0.788042 0.270613 0.305072 0.932971 0.249639 0.375509 0.130023 0.735036 0.699389 0.273484 0.806225 0.576960 0.638052 0.531663 0.796572 0.782904 0.773974 0.486066 0.862989 0.747003 0.446158 0.072373 0.504741 0.373334 0.074779 0.241210 0.995784 0.169959 0.647508 0.431242 0.494963 0.782829 0.869707 0.365134 0.450622 0.246501 0.261435 0.126401 0.794501 0.061208 0.104638 0.068011 0.387068 0.595743 0.981563 0.489012 0.833065 0.438464 0.478074 0.610851 0.850770 0.319502 0.783655 0.034589 0.654312 0.866875 0.072564 0.338171 0.705076 0.860961 0.522477 0.678868 0.725020 0.764441 0.215772 0.066093 0.230725 0.414240 0.343402 0.152862 0.520282 0.047824 0.550303 0.382642 0.918121 0.756445 0.779145 0.738489 0.569150 0.225451 0.969695 0.588832 0.688610 0.344872 0.837511 0.145401 0.884966 0.832399 0.946351 0.689396 0.818559 0.805805 0.427021 0.065818 0.339847 0.627944 0.526796 0.038110 0.916002 0.585742 0.255673 0.943975 0.396704 0.814977 0.760216 0.588731 0.384351 0.901472 0.359844 0.726471 0.628984 0.782466 0.996379 0.554645 0.449667 0.090428 0.013146 0.815599 0.905212 0.466149 0.998660 0.189861 0.827617 0.298177 0.691162 0.820651 0.720087 0.045666 0.639112 0.150898 0.841447 0.108706 0.516552 0.066391 0.933903 0.977290 0.016276 0.910585 0.314979 0.235714 0.809296 0.016017 0.618487 0.213413 0.016421 0.560405 0.341842
0.419228 0.707901 0.316398 0.996158 0.866015 0.914773 0.526576 0.678192 0.321012 0.298461 0.206441 0.925374 0.344402 0.184739 0.574405 0.561923 0.389710 0.977239 0.629117 0.081003 0.010809 0.533129 0.784019 0.222208 0.477461 0.038912 0.078136 0.086880 0.518964 0.644468 0.163611 0.699584 0.116725 0.532850 0.537821 0.813157 0.137844 0.271638 0.392419 0.623086 0.854260 0.022668 0.872761 0.526231 0.472029 0.380257 0.585956 0.610130 0.350055 0.919539 0.916794 0.033993 0.037315 0.261721 0.037851 0.243785 0.326459 0.669234 0.403313 0.126047 0.490780 0.909847 0.039019 0.863252 0.292817 0.915857 0.070978 0.235167 0.264520 0.763604 0.975993 0.423415 0.880825 0.360089 0.197349 0.523939 0.943786 0.366712 0.035019 0.583477 0.578139 0.316332 0.313442 0.481379 0.900165 0.839610 0.328837 0.519019 0.120978 0.903785 0.791705 0.416630 0.750660 0.887559 0.351366 0.701961 0.422158 0.218620 0.872591 0.277163 0.070070 0.958668 0.645820 0.110910 0.909040 0.329391 0.856241 0.517868 0.197302 0.409872 0.701787 0.827962 0.613349 0.832701 0.751785 0.410536 0.521250 0.945437 0.258867 0.493229 0.380918 0.162269 0.417444 0.624842 0.974216 0.457999 0.439489 0.619535 0.521867 0.684602 0.572016 0.962586 0.630551 0.018096 0.699584 0.675217 0.092773 0.961905 0.022288 0.271202 0.452971 0.242626 0.024196 0.095869 0.349348 0.374312 0.979085 0.079730 0.192476 0.448633 0.213500 0.020277 0.620295 0.400518 0.534729 0.998929 0.620560 0.119157 0.132610 0.583432 0.268853 0.614185 0.646743 0.949932 0.320452 0.606402 0.714406 0.790157 0.922988 0.106990 0.220859 0.908611 0.310852 0.277864 0.551344 0.217412 0.774630 0.582251 0.168337 0.442800 0.860963 0.047283 0.119978 0.370582 0.282297 0.352205 0.662649 0.866050 0.205315 0.151396 0.712816 0.323916 0.853451 0.746703 0.732185 0.158133 0.910918 0.270499 0.238336 0.952069 0.423425 0.300800 0.255522 0.517146 0.088221 0.752417 0.981859 0.517963 0.421366 0.502910 0.195228 0.938660 0.989744 0.002598 0.044731 0.542234 0.527791 0.788893 0.855064 0.839033 0.310033 0.212044 0.350150 0.301908 0.034835 0.768722 0.017278 0.970255 0.220914 0.988646 0.457942 0.906835 0.925835 0.289316 0.234880 0.137965 0.612525 0.268709 0.220043 0.864616 0.529802 0.769809 0.231735 0.089587 0.153220 0.755912 0.367340 0.791959 0.508197 0.506963 0.335786 0.716315 0.467573 0.531650 0.247912 0.346269 0.621599 0.899362 0.055642 0.857412 0.578240 0.722914 0.932095 0.978706 0.472209 0.615083 0.110873 0.928809 0.856236 0.055357 0.060798 0.012836 0.808965 0.201162 0.745151 0.891392 0.082660 0.372722 0.420957 0.222474 0.048539 0.514598 0.530258 0.197782 0.417555 0.522592 0.658531 0.921755 0.307648 0.928178 0.222199 0.207354 0.740999 0.500998 0.823553 0.497632 0.279180 0.092332 0.836956 0.731846
0.661502 0.033348 0.467190 0.259130 0.074289 0.554014 0.072613 0.240095 0.492940 0.110981 0.055262 0.144409 0.333917 0.083875 0.698454 0.381655 0.692500 0.426333 0.703265 0.752631 0.004570 0.224350 0.507813 0.944669 0.013355 0.083325 0.254556 0.561023 0.686222 0.882127 0.496459 0.783526 0.620455 0.907059 0.849836 0.831687 0.193417 0.378626 0.130167 0.711561 0.223337 0.957173 0.687415 0.881637 0.502216 0.618780 0.954648 0.506141 0.507324 0.071730 0.237961 0.708862 0.199178 0.481567 0.158333 0.818697 0.241863 0.716120 0.311892 0.272318 0.426957 0.560435 0.221771 0.497177 0.694300 0.875874 0.672925 0.826622 0.961292 0.121660 0.553960 0.303021 0.854056 0.597393 0.738418 0.972320 0.557077 0.874739 0.494182 0.639284 0.614922 0.323938 0.136064 0.447335 0.350506 0.877778 0.358677 0.948344 0.700927 0.441471 0.591057 0.533160 0.550167 0.453965 0.695465 0.010802 0.182902 0.788735 0.261743 0.098455 0.209298 0.479840 0.740457 0.612486 0.801337 0.645807 0.049025 0.414710 0.488122 0.922513 0.892408 0.384238 0.428677 0.897397 0.156306 0.801488 0.001695 0.257002 0.745415 0.513194 0.748520 0.201459 0.318026 0.222606 0.573377 0.212490 0.813901 0.187529 0.832562 0.295266 0.600059 0.755761 0.347189 0.849049 0.756864 0.891343 0.759542 0.720410 0.617894 0.255239 0.003027 0.241399 0.783576 0.857883 0.502401 0.885488 0.285721 0.746097 0.352677 0.147513 0.746452 0.918631 0.942584 0.883929 0.777676 0.603266 0.365721 0.639172 0.234775 0.318165 0.387609 0.056355 0.517339 0.945118 0.161379 0.363932 0.958358 0.389722 0.732964 0.043696 0.532214 0.639935 0.320929 0.348571 0.907741 0.925264 0.413359 0.776662 0.224058 0.249850 0.595721 0.105524 0.746481 0.870884 0.608307 0.404042 0.317029 0.560871 0.937897 0.022205 0.731127 0.523366 0.510468 0.441484 0.415686 0.388661 0.871001 0.067041 0.500584 0.483797 0.268335 0.547147 0.822501 0.134173 0.523964 0.283937 0.809717 0.616374 0.335787 0.245706 0.404136 0.434987 0.937578 0.425792 0.261880 0.261135 0.015785 0.633083 0.346962 0.667873 0.559193 0.250647 0.786694 0.901594 0.098363 0.869549 0.717962 0.478320 0.667208 0.403299 0.638192 0.355774 0.387208 0.329880 0.299417 0.542730 0.061758 0.064055 0.992434 0.094255 0.455680 0.956166 0.178507 0.453014 0.679768 0.370128 0.386338 0.230338 0.428758 0.573592 0.074934 0.179524 0.336725 0.435660 0.195346 0.603972 0.015801 0.443509 0.650274 0.836968 0.557923 0.598554 0.492830 0.515741 0.710707 0.868479 0.589077 0.207357 0.730504 0.559860 0.905070 0.629456 0.050869 0.187262 0.131924 0.927424 0.353249 0.053545 0.279430 0.879783 0.968981 0.598350 0.618127 0.140735 0.098156 0.532431 0.364229 0.331802 0.089118 0.181376 0.739219 0.694219 0.079538 0.539118 0.424235 0.940507 0.804479 0.589222 0.436516 0.172464
0.621554 0.316235 0.694847 0.030000 0.824757 0.997002 0.171225 0.974678 0.523125 0.981684 0.646319 0.147898 0.714176 0.156090 0.767729 0.404727 0.819067 0.392145 0.245949 0.866267 0.868281 0.811901 0.407602 0.951548 0.945356 0.709044 0.143959 0.979110 0.226085 0.075586 0.152008 0.822609 0.943612 0.396628 0.301119 0.821481 0.868569 0.933129 0.874097 0.082494 0.660432 0.944580 0.274854 0.918709 0.704298 0.801617 0.816250 0.072202 0.417596 0.870105 0.643759 0.548278 0.566369 0.528399 0.048004 0.158158 0.158473 0.184565 0.851132 0.119958 0.360641 0.478237 0.337635 0.618745 0.998740 0.844957 0.153298 0.088659 0.757860 0.305443 0.199861 0.285793 0.125849 0.902465 0.644502 0.096832 0.941006 0.507898 0.144706 0.853300 0.478735 0.599437 0.820988 0.386487 0.033898 0.302176 0.263527 0.697123 0.716312 0.061192 0.356777 0.528914 0.190365 0.056934 0.013170 0.222540 0.274808 0.898891 0.617743 0.075646 0.923225 0.770901 0.041860 0.652527 0.667631 0.753498 0.497800 0.249813 0.181688 0.981373 0.654438 0.789033 0.857151 0.692591 0.737381 0.933795 0.356029 0.773693 0.386240 0.296552 0.537650 0.672972 0.980506 0.712107 0.715172 0.839268 0.458530 0.328747 0.128030 0.827257 0.254327 0.176012 0.769028 0.972013 0.280534 0.304296 0.625322 0.497587 0.025299 0.492490 0.723939 0.986236 0.238666 0.304714 0.926124 0.365360 0.831769 0.188663 0.886067 0.737065 0.216983 0.975722 0.093660 0.752646 0.426502 0.326332 0.088846 0.977129 0.439315 0.321318 0.021173 0.398731 0.351338 0.856277 0.073087 0.113636 0.863827 0.570048 0.103772 0.978637 0.656884 0.900403 0.507492 0.296588 0.430600 0.150275 0.931564 0.199910 0.650724 0.218770 0.462195 0.093106 0.887250 0.163970 0.245065 0.111711 0.316312 0.045344 0.943093 0.328775 0.596970 0.438542 0.725385 0.722718 0.095153 0.463188 0.146580 0.097181 0.502251 0.540158 0.180531 0.559288 0.403381 0.160233 0.803621 0.353475 0.902258 0.645395 0.327450 0.950993 0.192558 0.717476 0.402065 0.647271 0.906255 0.181336 0.311360 0.318719 0.785569 0.027529 0.180685 0.934105 0.940260 0.075456 0.205059 0.903076 0.321251 0.060821 0.308766 0.248218 0.587572 0.086775 0.085042 0.156222 0.634488 0.653079 0.287133 0.794437 0.410241 0.726699 0.429209 0.285604 0.473188 0.853361 0.121225 0.228448 0.481600 0.614269 0.599570 0.934402 0.867649 0.963814 0.032774 0.220520 0.772152 0.458200 0.226126 0.615372 0.602863 0.152209 0.658453 0.817172 0.541757 0.493580 0.064941 0.433566 0.345856 0.922380 0.353764 0.936570 0.757467 0.735600 0.756920 0.846887 0.229890 0.520124 0.666373 0.553320 0.324728 0.009753 0.864763 0.147815 0.681419 0.186868 0.088655 0.165395 0.861999 0.209313 0.355984 0.660132 0.602875 0.152708 0.624697 0.331513 0.533222 0.744976 0.589816 0.354244 0.893266 0.557322
0.669908 0.896105 0.851545 0.482387 0.843482 0.991167 0.697143 0.164346 0.958576 0.561082 0.364648 0.638001 0.267455 0.906528 0.561824 0.787789 0.090718 0.756475 0.012015 0.437890 0.826791 0.342202 0.548382 0.417836 0.819240 0.985764 0.991237 0.665315 0.659369 0.275057 0.620614 0.290446 0.158516 0.259193 0.621824 0.637994 0.866519 0.360419 0.222778 0.432543 0.777133 0.320478 0.873554 0.519859 0.358321 0.140802 0.720629 0.318826 0.581370 0.624593 0.872530 0.710182 0.274620 0.010034 0.723449 0.521023 0.893872 0.249572 0.886144 0.351373 0.628780 0.392692 0.271156 0.624975 0.548259 0.244456 0.364943 0.431095 0.069443 0.652785 0.231998 0.435401 0.137056 0.895292 0.345386 0.682480 0.164762 0.153164 0.573085 0.785029 0.418486 0.224853 0.497522 0.457155 0.601744 0.307542 0.459743 0.209921 0.454219 0.570123 0.140706 0.143079 0.407713 0.658238 0.089076 0.194886 0.751253 0.986587 0.519789 0.615186 0.973784 0.166220 0.868047 0.399158 0.185904 0.578229 0.945828 0.090092 0.851847 0.560883 0.059587 0.111370 0.567211 0.025795 0.043818 0.766148 0.758600 0.263431 0.820912 0.831348 0.708843 0.556118 0.484567 0.526330 0.653952 0.688620 0.667224 0.457695 0.917417 0.933873 0.189121 0.645500 0.406245 0.545796 0.428149 0.391780 0.074857 0.696150 0.831180 0.841318 0.345815 0.529814 0.036674 0.487501 0.744448 0.153910 0.203016 0.745228 0.237273 0.778752 0.209048 0.335315 0.035086 0.713799 0.203191 0.869307 0.484885 0.648138 0.189958 0.219197 0.896586 0.015783 0.403305 0.763519 0.741527 0.077599 0.417061 0.677248 0.924351 0.457516 0.624220 0.365261 0.783878 0.158656 0.783636 0.705543 0.062123 0.197282 0.161681 0.085389 0.636641 0.148316 0.617629 0.994389 0.519987 0.976397 0.857209 0.160868 0.957951 0.323583 0.759546 0.321528 0.853983 0.298074 0.502615 0.324448 0.935706 0.819823 0.240444 0.940845 0.584344 0.866277 0.704980 0.413011 0.656025 0.452035 0.959900 0.704478 0.278842 0.089385 0.377000 0.552209 0.669276 0.033594 0.016533 0.595843 0.470750 0.129667 0.362214 0.843251 0.576490 0.912665 0.449984 0.520440 0.955858 0.241049 0.063225 0.574412 0.481806 0.926597 0.348943 0.742977 0.812203 0.886936 0.034367 0.026339 0.291401 0.478007 0.317815 0.104585 0.436706 0.497478 0.205255 0.436592 0.170668 0.766016 0.595674 0.420286 0.071136 0.508812 0.618171 0.423226 0.439907 0.112181 0.006497 0.018751 0.796323 0.282820 0.857884 0.769731 0.517408 0.338439 0.160160 0.830051 0.936944 0.350464 0.217230 0.940956 0.395541 0.560053 0.161918 0.075011 0.033557 0.897193 0.282972 0.816662 0.366203 0.569728 0.467988 0.188703 0.699860 0.641441 0.728783 0.199675 0.681869 0.437498 0.837540 0.476345 0.224409 0.243012 0.842708 0.128414 0.478478 0.446489 0.511029 0.392250 0.037915 0.189584 0.413598 0.544590
0.049441 0.961252 0.761681 0.471036 0.816791 0.359596 0.829467 0.158342 0.934094 0.998408 0.367953 0.101645 0.434589 0.827730 0.448417 0.056115 0.998553 0.268053 0.982505 0.730728 0.266970 0.589285 0.569680 0.225283 0.456221 0.338454 0.637800 0.138162 0.856287 0.039241 0.254269 0.612250 0.203912 0.002372 0.798818 0.655669 0.656082 0.089679 0.505052 0.252889 0.681888 0.599344 0.726850 0.089794 0.644015 0.161823 0.057117 0.085460 0.026690 0.457603 0.196015 0.819246 0.588563 0.633038 0.472076 0.163728 0.413219 0.912447 0.675954 0.381326 0.203923 0.196888 0.555478 0.055829 0.648180 0.538968 0.957845 0.845983 0.362738 0.906349 0.622704 0.034238 0.374781 0.669368 0.533757 0.112183 0.335360 0.272677 0.862751 0.330545 0.886833 0.701227 0.075934 0.358430 0.165135 0.889399 0.163063 0.996661 0.209590 0.778481 0.707492 0.981380 0.435271 0.811443 0.891063 0.027033 0.615651 0.661465 0.302955 0.399910 0.101430 0.895940 0.762555 0.977840 0.695351 0.013007 0.296318 0.458964 0.808773 0.574776 0.968204 0.581646 0.216859 0.005055 0.394452 0.371076 0.517951 0.581821 0.386012 0.341507 0.839105 0.374861 0.671334 0.842013 0.241253 0.577421 0.445430 0.301682 0.762978 0.655967 0.374205 0.759301 0.417244 0.789495 0.539187 0.994034 0.391390 0.200152 0.659909 0.270121 0.301215 0.130541 0.575532 0.373056 0.312592 0.852683 0.517298 0.438085 0.109419 0.357398 0.371129 0.619037 0.976476 0.307871 0.043619 0.761794 0.055854 0.082594 0.516815 0.901102 0.231517 0.212240 0.811359 0.218019 0.578018 0.274613 0.151855 0.886292 0.187526 0.795201 0.805937 0.301807 0.380494 0.808770 0.032449 0.709798 0.034933 0.270116 0.811313 0.842050 0.796052 0.946598 0.137354 0.226555 0.194876 0.196478 0.724914 0.968519 0.479388 0.854243 0.418147 0.548252 0.751833 0.625535 0.294959 0.806929 0.873389 0.877852 0.909036 0.257307 0.909687 0.521935 0.890810 0.394848 0.229571 0.991232 0.519880 0.540249 0.114957 0.648948 0.610430 0.170372 0.993065 0.841884 0.414641 0.675373 0.832350 0.587311 0.591046 0.940254 0.255481 0.091222 0.591421 0.094430 0.671171 0.229928 0.934563 0.366935 0.403565 0.006458 0.491218 0.935216 0.935338 0.620600 0.419716 0.368490 0.550363 0.285224 0.561971 0.653802 0.043755 0.399113 0.984287 0.398100 0.672781 0.524476 0.876603 0.598024 0.661930 0.074217 0.137116 0.934487 0.299849 0.552109 0.996275 0.702850 0.413985 0.316013 0.292192 0.949201 0.080435 0.317846 0.806036 0.999013 0.439707 0.993728 0.360595 0.914953 0.125613 0.213190 0.034246 0.077069 0.786984 0.161502 0.098716 0.677822 0.490876 0.586083 0.941936 0.216747 0.391673 0.141288 0.486746 0.964452 0.008850 0.759647 0.140633 0.746633 0.031224 0.677128 0.764389 0.392138 0.353560 0.562905 0.985497 0.760371 0.226215 0.927674 0.348170 0.791643
0.959655 0.012687 0.446405 0.954946 0.106685 0.734872 0.619992 0.436318 0.583859 0.193662 0.105785 0.760236 0.812919 0.678977 0.914326 0.544350 0.585568 0.826983 0.205919 0.832922 0.200347 0.867114 0.701244 0.084865 0.037276 0.870356 0.889938 0.169342 0.302135 0.424222 0.324066 0.234065 0.182219 0.633364 0.202766 0.412623 0.050307 0.737828 0.064961 0.227792 0.429451 0.418114 0.323489 0.105563 0.122309 0.225625 0.573647 0.577387 0.423466 0.717583 0.347757 0.390788 0.496813 0.547165 0.640644 0.831762 0.760367 0.131756 0.297436 0.001954 0.047610 0.149157 0.320246 0.539585 0.080835 0.810140 0.208059 0.605326 0.280682 0.506895 0.510643 0.853432 0.556650 0.197849 0.550492 0.680782 0.827265 0.629018 0.795365 0.121285 0.581972 0.916389 0.895555 0.164872 0.893017 0.467366 0.436438 0.163697 0.066956 0.471064 0.639746 0.220379 0.677377 0.644559 0.616292 0.299808 0.952048 0.022187 0.187636 0.562898 0.684463 0.955532 0.767515 0.829852 0.250307 0.629807 0.681119 0.853148 0.953981 0.372178 0.810787 0.449652 0.638885 0.907230 0.729781 0.057858 0.014345 0.462727 0.691759 0.123215 0.824523 0.073152 0.381531 0.442675 0.957110 0.791295 0.497548 0.594699 0.165705 0.392916 0.125472 0.478211 0.154628 0.990919 0.326995 0.019360 0.706679 0.915074 0.972631 0.716528 0.424166 0.700562 0.780670 0.452373 0.718726 0.316885 0.568815 0.800352 0.969505 0.177308 0.697370 0.502312 0.715281 0.603033 0.528893 0.431094 0.480373 0.369005 0.708647 0.260487 0.285663 0.652850 0.175083 0.121280 0.951033 0.128929 0.044209 0.222798 0.116327 0.923936 0.112508 0.526335 0.113174 0.432742 0.789439 0.701785 0.854446 0.557544 0.565571 0.816647 0.019347 0.884824 0.961886 0.111920 0.375213 0.615604 0.864413 0.698942 0.076972 0.669582 0.176913 0.106890 0.087970 0.759529 0.818481 0.699743 0.658634 0.145784 0.355837 0.647127 0.948666 0.252622 0.447602 0.550767 0.500870 0.946393 0.108234 0.128110 0.232146 0.551555 0.682312 0.664658 0.209454 0.276981 0.140072 0.683713 0.934067 0.084080 0.649046 0.024906 0.533839 0.625613 0.902793 0.796600 0.511754 0.752506 0.753110 0.295958 0.083558 0.233929 0.201731 0.772926 0.841186 0.601113 0.589017 0.423128 0.926491 0.089033 0.348701 0.173208 0.573155 0.995088 0.065094 0.383020 0.074785 0.440654 0.593645 0.813313 0.577010 0.551056 0.474747 0.165001 0.759020 0.028584 0.631627 0.075216 0.167649 0.842556 0.253809 0.362440 0.067382 0.912434 0.398757 0.521052 0.779029 0.097319 0.413577 0.172485 0.746724 0.635689 0.512420 0.796408 0.548379 0.533223 0.238494 0.422244 0.606561 0.150302 0.380403 0.427937 0.013248 0.647966 0.663552 0.588114 0.905107 0.541751 0.403989 0.811625 0.401980 0.543802 0.479356 0.783984 0.129240 0.407910 0.430652 0.027215 0.541036 0.477559 0.318551 0.106035
0.888237 0.415378 0.071895 0.456521 0.859066 0.564231 0.498366 0.380081 0.399722 0.375087 0.052893 0.953782 0.295120 0.770156 0.372336 0.015083 0.342273 0.161037 0.314188 0.548945 0.409718 0.234247 0.744649 0.919501 0.679432 0.582252 0.616096 0.375672 0.607507 0.367225 0.427651 0.410574 0.332670 0.680948 0.424546 0.470073 0.131817 0.838131 0.923571 0.382780 0.281850 0.811690 0.772583 0.343311 0.426835 0.036341 0.199732 0.528055 0.006756 0.443697 0.717518 0.493094 0.076271 0.294894 0.937414 0.864050 0.602581 0.056845 0.065642 0.199414 0.637128 0.844327 0.295924 0.187780 0.358521 0.947036 0.961597 0.747188 0.861807 0.405039 0.711562 0.032903 0.827373 0.109141 0.646265 0.387265 0.117434 0.957358 0.720083 0.867001 0.340060 0.533704 0.658251 0.300338 0.550439 0.744958 0.589990 0.584649 0.733857 0.659853 0.733426 0.624756 0.508653 0.552564 0.695760 0.503678 0.360657 0.410772 0.946571 0.326293 0.588689 0.495396 0.874772 0.978194 0.098269 0.860224 0.764196 0.528883 0.089674 0.370930 0.483354 0.139127 0.401520 0.189000 0.030131 0.301266 0.581384 0.913493 0.108365 0.151388 0.317875 0.895632 0.240829 0.248041 0.794795 0.812706 0.251462 0.005899 0.800087 0.588241 0.111474 0.335855 0.544380 0.976228 0.333709 0.375141 0.909668 0.442045 0.150859 0.682311 0.237693 0.272174 0.689846 0.446826 0.781686 0.207853 0.160537 0.172281 0.142704 0.518586 0.370728 0.583088 0.981506 0.785927 0.694718 0.386503 0.965614 0.292478 0.520115 0.471013 0.842323 0.818672 0.519536 0.998743 0.642409 0.783883 0.728760 0.115279 0.171192 0.463441 0.417116 0.433521 0.451328 0.664623 0.612454 0.394243 0.622414 0.658829 0.205287 0.619418 0.492755 0.355199 0.909311 0.134837 0.297236 0.823182 0.191005 0.197693 0.102908 0.714877 0.217675 0.108508 0.331530 0.178941 0.674401 0.858861 0.103742 0.332123 0.140230 0.130291 0.648896 0.597799 0.999882 0.393850 0.830304 0.564805 0.440940 0.835741 0.216735 0.659671 0.049848 0.587583 0.408495 0.831395 0.885627 0.273440 0.362407 0.462610 0.783940 0.745808 0.861688 0.826515 0.982945 0.757562 0.264972 0.587692 0.801094 0.125780 0.877794 0.352406 0.715215 0.083334 0.088094 0.791386 0.150162 0.410018 0.258402 0.461584 0.412243 0.301898 0.255063 0.024942 0.325785 0.434325 0.122477 0.417840 0.798996 0.260493 0.607625 0.449872 0.306279 0.412548 0.267278 0.347347 0.908225 0.533623 0.555317 0.076987 0.464868 0.962631 0.873384 0.682845 0.686591 0.458434 0.064340 0.511432 0.331287 0.904887 0.585333 0.290619 0.743106 0.294392 0.333345 0.760723 0.711828 0.509052 0.598834 0.218806 0.543013 0.201957 0.885853 0.065523 0.361444 0.117212 0.454352 0.350916 0.750910 0.034066 0.934489 0.091600 0.822504 0.295377 0.079783 0.633482 0.481531 0.355435 0.943086 0.380003 0.996877 0.188443
0.397466 0.873984 0.475799 0.858413 0.189160 0.173362 0.193157 0.349066 0.708383 0.655385 0.631075 0.366882 0.936761 0.891308 0.160273 0.032644 0.138585 0.804092 0.218795 0.136242 0.682814 0.228234 0.415133 0.728047 0.269468 0.142767 0.123771 0.104070 0.414726 0.522067 0.549089 0.266965 0.554204 0.767612 0.329297 0.960891 0.298996 0.975803 0.500481 0.510405 0.780955 0.128512 0.403913 0.466488 0.666858 0.166615 0.243008 0.440954 0.356909 0.757326 0.819312 0.514356 0.147260 0.992859 0.003745 0.072719 0.726070 0.500232 0.846070 0.974016 0.961103 0.828752 0.865863 0.130210 0.294172 0.960897 0.326143 0.787596 0.871169 0.019450 0.026395 0.847783 0.669871 0.497060 0.741782 0.050044 0.452722 0.157048 0.231415 0.111028 0.438735 0.014957 0.679296 0.615905 0.634211 0.717975 0.469052 0.833011 0.558776 0.554704 0.887573 0.149246 0.856182 0.192941 0.115429 0.870467 0.217092 0.063905 0.968105 0.075703 0.701835 0.319781 0.188560 0.533130 0.818036 0.518346 0.906493 0.141644 0.055997 0.022509 0.879854 0.633386 0.312512 0.976136 0.547612 0.454904 0.140479 0.369240 0.232931 0.954636 0.180414 0.754588 0.380592 0.284098 0.279610 0.174143 0.996156 0.990727 0.272147 0.890080 0.189778 0.216621 0.093817 0.286130 0.337942 0.250234 0.881537 0.480957 0.859317 0.467520 0.850869 0.283522 0.161988 0.754275 0.136879 0.746631 0.009004 0.471741 0.526718 0.748833 0.985666 0.349504 0.796725 0.663813 0.808586 0.770659 0.033859 0.975760 0.152710 0.905168 0.106186 0.602311 0.681859 0.141408 0.856128 0.420524 0.137433 0.151722 0.411897 0.755885 0.636718 0.279231 0.177777 0.543411 0.404848 0.422341 0.307915 0.538702 0.129192 0.351629 0.853213 0.554948 0.574846 0.519953 0.469074 0.236867 0.170406 0.141907 0.092819 0.908260 0.750490 0.752401 0.035166 0.589391 0.965382 0.769833 0.601061 0.622026 0.492691 0.990823 0.134102 0.736045 0.488856 0.093585 0.927558 0.951343 0.148736 0.674533 0.941534 0.467672 0.106365 0.243296 0.851698 0.119604 0.754077 0.064622 0.010666 0.711171 0.737384 0.627290 0.343675 0.006198 0.658694 0.347238 0.391192 0.695154 0.906463 0.062531 0.308783 0.989461 0.296245 0.019301 0.861022 0.992103 0.122681 0.249806 0.346530 0.285752 0.889293 0.286508 0.984150 0.862735 0.762816 0.725617 0.394371 0.812662 0.435979 0.830506 0.507724 0.267056 0.261114 0.605129 0.547446 0.973514 0.453868 0.835837 0.966961 0.829191 0.519644 0.489209 0.196948 0.564582 0.934909 0.294624 0.817446 0.297070 0.915270 0.427041 0.451599 0.672144 0.396069 0.869466 0.170134 0.725643 0.401251 0.675703 0.099004 0.135975 0.459045 0.923125 0.523887 0.981482 0.314363 0.622972 0.814291 0.830933 0.793941 0.931008 0.139378 0.144159 0.647472 0.863258 0.400525 0.109970 0.020615 0.937921 0.470794 0.036307 0.448432 0.753561
0.111944 0.945476 0.945890 0.435938 0.925975 0.747285 0.522924 0.614617 0.095239 0.960093 0.706350 0.092827 0.062651 0.332960 0.107374 0.110792 0.733831 0.883807 0.283319 0.173035 0.332910 0.309744 0.886782 0.032999 0.782585 0.991246 0.710317 0.403442 0.536661 0.125246 0.428949 0.195193 0.883914 0.143323 0.114895 0.603357 0.525954 0.459804 0.476498 0.613132 0.296269 0.288536 0.458976 0.377165 0.984357 0.039381 0.776262 0.051259 0.372411 0.963601 0.615853 0.640461 0.110277 0.604800 0.020110 0.156610 0.308522 0.114686 0.185349 0.700840 0.845006 0.465132 0.268313 0.893592 0.930175 0.139784 0.177578 0.634526 0.575890 0.380733 0.976578 0.319473 0.737269 0.215090 0.410105 0.054214 0.915025 0.100124 0.933432 0.313231 0.721355 0.343392 0.351677 0.803085 0.903298 0.030118 0.329161 0.363956 0.495606 0.740101 0.152541 0.318708 0.064027 0.110006 0.380204 0.770097 0.327750 0.095130 0.514309 0.046002 0.249044 0.137574 0.319018 0.446920 0.401150 0.129050 0.774242 0.700463 0.364781 0.190468 0.004825 0.838730 0.359830 0.619384 0.842561 0.831148 0.977197 0.920472 0.484019 0.291569 0.370703 0.895882 0.503905 0.393564 0.596281 0.902270 0.322400 0.585798 0.468627 0.346863 0.342533 0.145721 0.584487 0.314556 0.045268 0.024676 0.527960 0.729289 0.223874 0.240306 0.439376 0.665890 0.599227 0.439885 0.555894 0.291812 0.305439 0.733052 0.893454 0.302810 0.676019 0.983719 0.284230 0.805306 0.084990 0.742338 0.127451 0.420865 0.055023 0.855908 0.016917 0.462127 0.688272 0.505211 0.190690 0.187087 0.035695 0.798307 0.744371 0.625843 0.608175 0.917864 0.259517 0.785452 0.969869 0.318556 0.079900 0.066129 0.494567 0.061353 0.597059 0.286346 0.825256 0.101399 0.999977 0.976966 0.652680 0.565753 0.084193 0.501723 0.785816 0.218629 0.493936 0.115059 0.871246 0.286416 0.899785 0.681936 0.000881 0.395290 0.035550 0.747527 0.410560 0.947611 0.849077 0.665610 0.152153 0.712685 0.836886 0.564953 0.632203 0.367722 0.980442 0.357482 0.187424 0.390168 0.273390 0.678414 0.389837 0.145044 0.181309 0.986008 0.353856 0.775494 0.688306 0.944600 0.495333 0.725686 0.262303 0.161677 0.309953 0.542475 0.390726 0.880293 0.068849 0.790838 0.308575 0.495113 0.702681 0.990714 0.608880 0.931994 0.335746 0.663908 0.277994 0.393231 0.218859 0.828094 0.755236 0.130488 0.765450 0.577460 0.050388 0.534429 0.073409 0.639444 0.572074 0.850960 0.618651 0.585064 0.232713 0.327797 0.601443 0.380393 0.139607 0.982886 0.241400 0.940030 0.459430 0.286163 0.632849 0.638303 0.328439 0.796940 0.180363 0.613592 0.343275 0.458053 0.844788 0.253992 0.945063 0.203556 0.882770 0.882465 0.210708 0.554900 0.691822 0.471624 0.245333 0.990831 0.666208 0.026556 0.437583 0.732010 0.397227 0.269187 0.485463 0.588902 0.431953 0.891837
0.029433 0.525970 0.935456 0.903275 0.435287 0.785005 0.633345 0.128938 0.486621 0.111878 0.020729 0.414937 0.203461 0.896670 0.934597 0.846365 0.880209 0.761665 0.768548 0.553782 0.801680 0.365106 0.544678 0.852127 0.280417 0.804242 0.609903 0.589960 0.040837 0.216740 0.020246 0.831159 0.655571 0.653534 0.806872 0.316538 0.323115 0.123036 0.992269 0.700607 0.737871 0.380552 0.820241 0.598449 0.330765 0.933396 0.105225 0.132100 0.908089 0.583266 0.975879 0.169192 0.053945 0.510295 0.876272 0.134105 0.168533 0.437941 0.191854 0.751199 0.478700 0.997985 0.541137 0.260958 0.379293 0.488692 0.439641 0.440501 0.371608 0.965356 0.481800 0.613885 0.195495 0.670689 0.201642 0.352447 0.482215 0.928286 0.338411 0.083511 0.133072 0.459556 0.019076 0.708868 0.979259 0.733723 0.138170 0.675941 0.759092 0.658933 0.421095 0.534668 0.501933 0.625310 0.736183 0.558402 0.533520 0.806678 0.680039 0.221238 0.429268 0.570412 0.517266 0.212424 0.655352 0.662114 0.150604 0.791236 0.235831 0.944210 0.875724 0.352927 0.944912 0.638847 0.651998 0.869139 0.787901 0.925352 0.100647 0.442178 0.207588 0.922703 0.808921 0.315077 0.426070 0.924131 0.658811 0.818379 0.923338 0.165261 0.991574 0.305580 0.505133 0.990484 0.272695 0.787625 0.720311 0.131835 0.964041 0.251935 0.996223 0.155246 0.296556 0.343336 0.892825 0.900733 0.223596 0.703553 0.079143 0.535716 0.993196 0.996103 0.704823 0.133304 0.865667 0.145157 0.371324 0.077658 0.793413 0.962240 0.707620 0.242132 0.242773 0.102382 0.422124 0.102185 0.604801 0.631641 0.826050 0.215792 0.724246 0.243942 0.393889 0.279355 0.450638 0.769393 0.175042 0.711814 0.154262 0.224205 0.667615 0.070073 0.915924 0.340221 0.301202 0.181832 0.081810 0.657104 0.415596 0.943155 0.610467 0.132489 0.323463 0.817978 0.291321 0.414396 0.017971 0.456932 0.055365 0.261108 0.710367 0.931102 0.089878 0.284645 0.763326 0.770790 0.383832 0.432355 0.728762 0.215930 0.984122 0.729203 0.431487 0.964803 0.357216 0.817146 0.815717 0.174189 0.105814 0.808007 0.122127 0.276374 0.689753 0.673701 0.960240 0.026203 0.117161 0.110983 0.329835 0.671091 0.539406 0.916451 0.101569 0.752526 0.221416 0.654975 0.706966 0.723946 0.056104 0.374708 0.324204 0.851405 0.685514 0.135011 0.893481 0.564958 0.024188 0.561099 0.700055 0.999390 0.037140 0.908635 0.636945 0.789699 0.411988 0.311329 0.153526 0.476852 0.864827 0.008171 0.099550 0.640309 0.060472 0.803986 0.126047 0.080980 0.598125 0.325685 0.530477 0.357772 0.351540 0.460598 0.663550 0.197018 0.359382 0.238043 0.530482 0.396960 0.049198 0.226348 0.571508 0.835902 0.795740 0.145721 0.510167 0.638259 0.712510 0.485409 0.144752 0.535147 0.283704 0.800629 0.369206 0.020988 0.117186 0.848934 0.784195 0.638565 0.067086 0.982293
0.193830 0.519666 0.870124 0.625528 0.825212 0.394097 0.577843 0.733560 0.202329 0.343996 0.366534 0.224667 0.066251 0.037458 0.533210 0.882484 0.915138 0.941715 0.991970 0.315044 0.608105 0.664132 0.595514 0.139671 0.720110 0.027821 0.129905 0.658524 0.189285 0.476330 0.976950 0.647047 0.342488 0.561131 0.841680 0.494435 0.534858 0.465954 0.537951 0.371263 0.404575 0.710104 0.317219 0.130070 0.474764 0.057982 0.284289 0.941544 0.147373 0.892357 0.451627 0.808917 0.301002 0.030298 0.512185 0.469274 0.767220 0.152874 0.780424 0.964276 0.513496 0.457766 0.929692 0.062079 0.690867 0.500948 0.261930 0.042941 0.828551 0.812221 0.319899 0.985106 0.430575 0.137785 0.135810 0.191413 0.145378 0.993254 0.878001 0.037536 0.519190 0.419975 0.171140 0.461812 0.087653 0.928575 0.534498 0.175852 0.652223 0.109789 0.927464 0.115629 0.541333 0.287641 0.493270 0.302569 0.012816 0.699281 0.979747 0.706643 0.672734 0.305092 0.191218 0.767090 0.791104 0.124591 0.219310 0.275140 0.905064 0.263337 0.224303 0.179853 0.541874 0.004456 0.891355 0.383158 0.523424 0.094984 0.644617 0.049162 0.273996 0.817925 0.618958 0.522182 0.539547 0.300908 0.442122 0.625610 0.038658 0.306492 0.117308 0.683506 0.898973 0.398961 0.884597 0.553703 0.244939 0.128201 0.806299 0.126336 0.612249 0.881237 0.773337 0.867265 0.634578 0.043259 0.690834 0.210869 0.812084 0.567769 0.487651 0.495045 0.684292 0.882468 0.751169 0.297863 0.124660 0.262875 0.532068 0.437126 0.031857 0.197832 0.994665 0.977993 0.365376 0.783040 0.876612 0.331517 0.793834 0.727480 0.032659 0.019262 0.076836 0.728434 0.197400 0.637151 0.572989 0.789261 0.659259 0.980647 0.865583 0.690479 0.295819 0.065653 0.929291 0.995994 0.405199 0.607985 0.308310 0.997963 0.871402 0.995330 0.766219 0.602381 0.447145 0.019581 0.735707 0.600203 0.670812 0.557895 0.975832 0.338129 0.482811 0.457622 0.593616 0.246953 0.196929 0.534230 0.177594 0.408814 0.746827 0.379655 0.499439 0.473423 0.818912 0.296571 0.926700 0.429359 0.448318 0.736713 0.224078 0.476898 0.768372 0.689260 0.165363 0.170072 0.047455 0.363985 0.894524 0.191598 0.521452 0.167937 0.564065 0.853699 0.903267 0.438787 0.797231 0.848376 0.040868 0.350642 0.878880 0.553649 0.488867 0.922680 0.926130 0.981833 0.201264 0.506470 0.580736 0.172482 0.185156 0.239654 0.454288 0.930429 0.943579 0.981758 0.910804 0.650940 0.561376 0.453791 0.086065 0.104761 0.625465 0.253357 0.314922 0.844073 0.633310 0.215270 0.176776 0.968502 0.879418 0.091118 0.241846 0.527312 0.276587 0.719449 0.245161 0.981133 0.878327 0.707772 0.403009 0.638541 0.907822 0.379883 0.111089 0.960554 0.720192 0.726898 0.328369 0.333103 0.035630 0.867933 0.548427 0.258696 0.471279 0.999589 0.049925 0.852162 0.970352 0.459519
0.167997 0.621058 0.629120 0.070063 0.252972 0.136674 0.423095 0.707496 0.439775 0.827738 0.441644 0.399142 0.736894 0.417230 0.860862 0.065097 0.355105 0.229748 0.187576 0.285350 0.276699 0.000198 0.299837 0.575427 0.384469 0.706374 0.075164 0.663753 0.077641 0.960475 0.411830 0.651085 0.414619 0.797368 0.709865 0.802182 0.501818 0.070534 0.128362 0.822574 0.537414 0.883311 0.637125 0.630747 0.565540 0.325724 0.567514 0.536037 0.939194 0.131447 0.552163 0.219152 0.797213 0.627067 0.112739 0.396164 0.318147 0.357989 0.597602 0.149995 0.310894 0.752975 0.182129 0.163601 0.187664 0.568754 0.536229 0.994409 0.530424 0.934131 0.178100 0.953684 0.891152 0.912864 0.788989 0.124674 0.569659 0.203094 0.096844 0.331297 0.720799 0.751861 0.774225 0.300155 0.073132 0.731304 0.625951 0.999950 0.623193 0.044234 0.166233 0.213695 0.843924 0.212232 0.083960 0.005172 0.598809 0.351581 0.290313 0.742347 0.639934 0.822460 0.615806 0.997671 0.541766 0.712657 0.942114 0.252408 0.076563 0.891982 0.004172 0.303227 0.223171 0.388816 0.791206 0.372218 0.811165 0.484936 0.396397 0.899961 0.587477 0.816627 0.062023 0.839824 0.695679 0.431465 0.013944 0.520479 0.643813 0.919450 0.692005 0.479936 0.494773 0.912285 0.920598 0.243316 0.330671 0.160763 0.187075 0.220602 0.800842 0.362113 0.619020 0.320577 0.241656 0.361095 0.443991 0.109071 0.884245 0.442013 0.342636 0.580875 0.876146 0.805058 0.661728 0.884094 0.023877 0.968077 0.571837 0.858110 0.818983 0.108200 0.710915 0.167995 0.374807 0.114618 0.071606 0.691911 0.565840 0.489025 0.319635 0.610674 0.630486 0.662708 0.648808 0.471350 0.670672 0.683688 0.113295 0.520262 0.476432 0.923313 0.959410 0.181438 0.947639 0.763540 0.228868 0.852089 0.859334 0.991938 0.021583 0.605133 0.904613 0.025211 0.009495 0.444067 0.579141 0.394412 0.517051 0.072772 0.111714 0.372559 0.400971 0.549165 0.675892 0.316584 0.802917 0.288069 0.171825 0.093040 0.331682 0.136220 0.160296 0.657996 0.659199 0.570546 0.907168 0.387697 0.880135 0.655527 0.538020 0.653133 0.555719 0.103400 0.994139 0.922546 0.721074 0.523201 0.278328 0.739293 0.381784 0.881793 0.639305 0.365112 0.013314 0.461512 0.225239 0.044775 0.392792 0.319196 0.005042 0.129767 0.049215 0.078873 0.407506 0.201081 0.951358 0.728823 0.779537 0.783925 0.042412 0.491479 0.416992 0.229558 0.356814 0.731826 0.365969 0.977825 0.780076 0.543940 0.436932 0.495722 0.975086 0.127824 0.421782 0.462100 0.916453 0.957511 0.626079 0.468240 0.268392 0.856668 0.341189 0.063652 0.360569 0.376730 0.782544 0.113841 0.854857 0.113888 0.653242 0.956269 0.564553 0.737955 0.379137 0.819835 0.598037 0.319685 0.029451 0.311649 0.154557 0.850899 0.364754 0.936590 0.187802 0.608434 0.095481 0.676229 0.502256 0.268674
0.619217 0.451386 0.123883 0.503699 0.933303 0.398728 0.194752 0.479240 0.604928 0.961182 0.724761 0.030466 0.183396 0.788291 0.988256 0.614857 0.720098 0.763927 0.291021 0.215182 0.248298 0.601744 0.608172 0.969181 0.598677 0.057598 0.535642 0.955813 0.337837 0.457424 0.607696 0.431728 0.679889 0.249993 0.647088 0.462365 0.449186 0.523239 0.855868 0.803086 0.752255 0.787908 0.025681 0.505361 0.306034 0.861967 0.546972 0.612995 0.922824 0.818094 0.147680 0.256920 0.796011 0.798822 0.971508 0.288759 0.095753 0.053194 0.283890 0.327991 0.891131 0.465266 0.450541 0.901718 0.204661 0.053767 0.023310 0.454778 0.284047 0.102888 0.957130 0.957334 0.068302 0.697117 0.898734 0.698166 0.311370 0.363912 0.037945 0.684054 0.134157 0.208915 0.915477 0.541621 0.127499 0.901259 0.240779 0.465315 0.100894 0.847297 0.709324 0.770184 0.692624 0.154071 0.264501 0.620578 0.773737 0.610109 0.092675 0.156845 0.311783 0.584559 0.659732 0.942043 0.358312 0.064554 0.198120 0.453280 0.301904 0.789646 0.190888 0.922671 0.933821 0.724696 0.929848 0.962593 0.028674 0.262639 0.358151 0.622235 0.757982 0.266410 0.015612 0.061263 0.346296 0.134959 0.174189 0.596444 0.845291 0.336211 0.003441 0.523980 0.400985 0.487693 0.789729 0.752084 0.040649 0.838246 0.891351 0.990433 0.518212 0.986743 0.416261 0.140281 0.544904 0.600267 0.061169 0.500668 0.133080 0.501626 0.598841 0.903020 0.948230 0.127454 0.183977 0.951125 0.931936 0.215495 0.349803 0.781290 0.327092 0.506078 0.967216 0.062031 0.578422 0.397646 0.098859 0.976634 0.707346 0.792171 0.692487 0.684979 0.710753 0.054770 0.341194 0.832476 0.979868 0.276378 0.309009 0.183461 0.477615 0.086499 0.949500 0.218483 0.013043 0.817441 0.591099 0.522003 0.992754 0.556744 0.903716 0.578220 0.628716 0.679961 0.307339 0.810316 0.028499 0.672338 0.323958 0.934307 0.086459 0.595607 0.618912 0.571929 0.236586 0.592385 0.544449 0.740638 0.266571 0.910749 0.275786 0.306532 0.388558 0.638820 0.254448 0.258003 0.838332 0.129521 0.285430 0.614017 0.964346 0.792472 0.303802 0.407805 0.681541 0.651541 0.686578 0.995765 0.663585 0.090312 0.459412 0.823960 0.950870 0.390827 0.940923 0.378719 0.641082 0.815822 0.941538 0.198556 0.390816 0.189260 0.600910 0.656968 0.594517 0.028642 0.920300 0.779772 0.231739 0.070904 0.098886 0.225570 0.389558 0.162050 0.013252 0.732109 0.194278 0.786187 0.696481 0.059628 0.571006 0.013380 0.415771 0.707036 0.109104 0.873615 0.771914 0.638279 0.512993 0.927611 0.926470 0.223963 0.821921 0.887697 0.748791 0.187017 0.460783 0.647751 0.694275 0.711130 0.430789 0.393776 0.566902 0.074024 0.247944 0.274915 0.402264 0.959115 0.746697 0.709590 0.523060 0.772294 0.033655 0.535642 0.944511 0.920525 0.441548 0.690551 0.353276 0.120515
0.858689 0.143220 0.918338 0.355549 0.211041 0.528224 0.632600 0.747089 0.626991 0.436115 0.057461 0.687295 0.847865 0.790120 0.339238 0.025967 0.044150 0.262845 0.564255 0.627967 0.521393 0.211978 0.932299 0.997931 0.825750 0.285133 0.538305 0.951815 0.128412 0.719517 0.698603 0.891593 0.118949 0.904803 0.937745 0.167950 0.302177 0.039269 0.797320 0.945283 0.506993 0.796711 0.814640 0.909857 0.096339 0.899203 0.156059 0.916582 0.254112 0.967142 0.359712 0.229649 0.934115 0.112039 0.709956 0.284115 0.226215 0.803814 0.875149 0.411396 0.373979 0.445866 0.564610 0.091676 0.905016 0.473325 0.353967 0.155421 0.616024 0.727380 0.019064 0.498047 0.956229 0.207469 0.040756 0.409401 0.440390 0.809715 0.074990 0.883170 0.547786 0.589016 0.006101 0.014867 0.153012 0.628122 0.576330 0.688497 0.696998 0.000974 0.112789 0.277206 0.450573 0.723912 0.943360 0.206578 0.360605 0.952191 0.436947 0.633616 0.475893 0.223719 0.372734 0.390445 0.575869 0.160589 0.686471 0.796882 0.702629 0.581756 0.569245 0.882630 0.347627 0.087127 0.396346 0.264049 0.801208 0.796492 0.553055 0.382230 0.515742 0.731645 0.151705 0.229672 0.273663 0.825209 0.729801 0.993631 0.470249 0.451085 0.580633 0.845465 0.422914 0.685751 0.020642 0.999370 0.481227 0.568673 0.386411 0.740478 0.861951 0.280091 0.096307 0.787294 0.695441 0.103933 0.821999 0.755963 0.400772 0.110497 0.784375 0.800958 0.891592 0.883309 0.334610 0.814509 0.614036 0.948263 0.794067 0.512910 0.737819 0.030726 0.636402 0.780228 0.731196 0.073909 0.600333 0.669085 0.082790 0.581404 0.753293 0.111966 0.189543 0.913417 0.097259 0.328010 0.542866 0.726800 0.578400 0.574056 0.956838 0.643676 0.467553 0.974322 0.072137 0.905048 0.061854 0.745852 0.941642 0.395897 0.082019 0.025158 0.279338 0.769979 0.215866 0.672122 0.484975 0.610286 0.663684 0.042539 0.825193 0.801139 0.612427 0.253421 0.851513 0.045721 0.264912 0.758847 0.881061 0.598759 0.496676 0.135873 0.319274 0.430775 0.880985 0.362081 0.532045 0.625099 0.919289 0.021075 0.306266 0.524924 0.991377 0.369488 0.163984 0.790213 0.471040 0.276362 0.730928 0.074771 0.331390 0.102779 0.519511 0.401206 0.472585 0.384187 0.915341 0.253730 0.562371 0.377514 0.611627 0.503095 0.140124 0.624156 0.223666 0.608969 0.711628 0.276410 0.737997 0.757556 0.615019 0.454671 0.781812 0.472143 0.533245 0.735739 0.259874 0.583919 0.091437 0.687871 0.869503 0.226922 0.344233 0.858173 0.177529 0.593311 0.530088 0.810239 0.891040 0.566228 0.157548 0.313763 0.343217 0.045113 0.532541 0.834299 0.992160 0.473061 0.659567 0.422875 0.836644 0.812972 0.474483 0.054013 0.848063 0.425469 0.178909 0.654206 0.236402 0.486817 0.587043 0.838308 0.381526 0.073389 0.400021 0.554170 0.163404 0.010838 0.861129 0.987069
0.668657 0.303235 0.561230 0.872019 0.685985 0.189871 0.840371 0.507273 0.440562 0.929990 0.980337 0.305635 0.394148 0.683718 0.182877 0.964573 0.401457 0.724170 0.025280 0.478129 0.418058 0.719039 0.693510 0.275546 0.666649 0.501142 0.371797 0.098150 0.362567 0.697981 0.697866 0.674779 0.472720 0.425321 0.842641 0.757895 0.322839 0.854939 0.456932 0.204850 0.913474 0.611539 0.380126 0.013550 0.175789 0.333590 0.903830 0.962644 0.127275 0.692336 0.181616 0.340546 0.050945 0.987739 0.519378 0.777523 0.307411 0.941833 0.851708 0.250175 0.319211 0.625716 0.454663 0.417292 0.012095 0.600482 0.250269 0.820146 0.239486 0.044560 0.741883 0.555887 0.006355 0.870167 0.240200 0.992353 0.327903 0.358244 0.019924 0.358484 0.748323 0.010441 0.830214 0.925441 0.771417 0.954285 0.723792 0.862217 0.554248 0.583633 0.774594 0.664184 0.205227 0.504024 0.849573 0.031203 0.163887 0.530939 0.639819 0.510462 0.936474 0.094384 0.676266 0.372740 0.405856 0.245004 0.584819 0.590411 0.083259 0.617444 0.603509 0.950519 0.802307 0.287780 0.554585 0.767908 0.071367 0.735054 0.881798 0.418842 0.279135 0.790879 0.681842 0.467138 0.200839 0.089918 0.208708 0.621175 0.006847 0.028856 0.983637 0.837479 0.372820 0.200253 0.726766 0.964833 0.929538 0.804641 0.463685 0.368343 0.340619 0.567411 0.198417 0.501647 0.060924 0.986794 0.505915 0.062951 0.904206 0.441052 0.765169 0.614720 0.894879 0.564130 0.740821 0.574142 0.125392 0.910872 0.827418 0.007774 0.782372 0.236846 0.563705 0.203226 0.109202 0.220825 0.774723 0.905983 0.876630 0.510234 0.202923 0.597133 0.106048 0.539036 0.264123 0.143083 0.447245 0.339288 0.501709 0.376667 0.515995 0.780697 0.930142 0.197014 0.610405 0.716771 0.117885 0.883475 0.164755 0.995570 0.796437 0.742215 0.253623 0.960940 0.658050 0.098102 0.943230 0.473491 0.475685 0.737062 0.908345 0.413036 0.157103 0.132812 0.009829 0.826478 0.929003 0.822498 0.402736 0.857740 0.270693 0.570250 0.802870 0.215038 0.165668 0.402846 0.589037 0.977822 0.449026 0.056973 0.920958 0.636330 0.342240 0.626190 0.493114 0.112639 0.161499 0.028365 0.724210 0.556292 0.967567 0.191466 0.290517 0.540496 0.255351 0.858032 0.442238 0.488267 0.634474 0.496572 0.030352 0.880555 0.456165 0.360940 0.310113 0.407948 0.121411 0.420298 0.898779 0.492325 0.607061 0.205795 0.361775 0.444570 0.830414 0.202411 0.805878 0.601765 0.907448 0.782129 0.277778 0.800288 0.413754 0.542482 0.362888 0.227232 0.529815 0.041431 0.016943 0.828505 0.610004 0.455195 0.878619 0.540342 0.199594 0.512896 0.015794 0.972536 0.721237 0.890869 0.648534 0.830627 0.780353 0.509031 0.954431 0.940650 0.409308 0.638534 0.272195 0.715930 0.353757 0.990943 0.572156 0.873787 0.330602 0.493232 0.940185 0.012712 0.103296 0.783271
0.376690 0.143840 0.655448 0.316554 0.661328 0.226590 0.427843 0.112037 0.840517 0.531010 0.237707 0.265751 0.391981 0.375935 0.257564 0.029220 0.385849 0.972768 0.241604 0.101254 0.107008 0.491514 0.578549 0.585594 0.822183 0.683147 0.730956 0.192733 0.860459 0.406874 0.708998 0.410755 0.444187 0.048407 0.054793 0.701999 0.197497 0.130908 0.911173 0.123284 0.988346 0.636883 0.598524 0.086483 0.142711 0.920270 0.287709 0.535351 0.374911 0.816813 0.021209 0.468636 0.833769 0.585791 0.040896 0.281664 0.377435 0.502629 0.826503 0.081761 0.903351 0.924477 0.827153 0.578849 0.210497 0.239445 0.654980 0.481659 0.999048 0.639928 0.138470 0.327696 0.127744 0.462110 0.949764 0.394625 0.767216 0.836299 0.721190 0.130057 0.742565 0.437706 0.788077 0.904672 0.353295 0.353066 0.441767 0.954773 0.059388 0.519189 0.267547 0.085182 0.695396 0.729587 0.926819 0.803937 0.705140 0.012129 0.590123 0.323313 0.048709 0.501415 0.823172 0.827906 0.670609 0.936106 0.748483 0.201707 0.506450 0.367042 0.149202 0.740523 0.871329 0.729587 0.487113 0.441538 0.418996 0.180609 0.432387 0.429113 0.577546 0.407779 0.780220 0.887735 0.926356 0.205995 0.981164 0.566300 0.152255 0.856570 0.671044 0.458436 0.334832 0.153483 0.775298 0.086863 0.203145 0.872691 0.595440 0.855681 0.340021 0.935285 0.756796 0.932094 0.833863 0.331640 0.684686 0.282447 0.229291 0.436468 0.799919 0.055846 0.340632 0.244404 0.997872 0.571786 0.165407 0.774770 0.212876 0.030153 0.253165 0.523097 0.398006 0.487926 0.717819 0.526602 0.081060 0.150833 0.014842 0.420812 0.661210 0.037407 0.274829 0.559868 0.672278 0.790992 0.147045 0.557194 0.681519 0.213972 0.595309 0.327146 0.634684 0.940513 0.048573 0.412531 0.544428 0.596050 0.884884 0.539790 0.841837 0.265985 0.510046 0.247401 0.120006 0.814120 0.509400 0.193133 0.416765 0.721004 0.572212 0.407929 0.762427 0.981178 0.940888 0.524640 0.019395 0.268174 0.355971 0.584104 0.922036 0.551231 0.845777 0.952485 0.840193 0.192126 0.470041 0.276578 0.076821 0.953721 0.511395 0.802334 0.132677 0.355312 0.662550 0.069894 0.419068 0.372017 0.065348 0.379400 0.973942 0.992650 0.692717 0.947856 0.487756 0.211091 0.436480 0.672582 0.379502 0.418572 0.057961 0.125360 0.004387 0.388915 0.088821 0.090249 0.241939 0.023161 0.361304 0.129608 0.806606 0.798303 0.835250 0.562681 0.892353 0.485924 0.255447 0.105992 0.339075 0.175582 0.383708 0.182207 0.637381 0.417398 0.371023 0.808891 0.399894 0.234837 0.444518 0.256252 0.683863 0.827427 0.866208 0.567719 0.680101 0.618434 0.631409 0.972614 0.574913 0.713851 0.174949 0.979775 0.180210 0.818135 0.924941 0.094955 0.297273 0.494263 0.330482 0.319421 0.999883 0.913692 0.765600 0.815359 0.446191 0.997627 0.971710 0.797604 0.592362 0.879942
0.231615 0.673580 0.548057 0.119544 0.864415 0.080981 0.651538 0.974957 0.427308 0.298412 0.955755 0.821099 0.003488 0.164553 0.447310 0.643025 0.184491 0.433487 0.452253 0.300318 0.671408 0.365770 0.136250 0.765871 0.353652 0.329884 0.486607 0.161233 0.717347 0.301292 0.400207 0.794841 0.134280 0.256170 0.771648 0.632162 0.791581 0.232416 0.110055 0.668814 0.032514 0.221970 0.640449 0.459007 0.376745 0.057130 0.625666 0.651565 0.029714 0.206484 0.242621 0.631347 0.910569 0.607179 0.191553 0.985807 0.548814 0.268505 0.555908 0.667568 0.776022 0.559478 0.859861 0.479992 0.305670 0.759891 0.718600 0.641901 0.932152 0.797346 0.175506 0.920727 0.918629 0.518555 0.539670 0.291458 0.933166 0.756256 0.373623 0.204002 0.272864 0.107224 0.998357 0.874437 0.789866 0.842987 0.638225 0.065102 0.492998 0.022104 0.823685 0.044491 0.346178 0.636057 0.423512 0.320507 0.192609 0.941943 0.607536 0.133175 0.648128 0.608800 0.847485 0.245837 0.934717 0.116165 0.137172 0.084758 0.486309 0.220477 0.533660 0.238519 0.238533 0.161087 0.393363 0.890083 0.301989 0.449789 0.965138 0.519164 0.390263 0.350741 0.212444 0.483453 0.953907 0.663158 0.410056 0.423219 0.931604 0.306621 0.584460 0.169079 0.890732 0.583878 0.701472 0.295960 0.649021 0.004199 0.419816 0.269820 0.716521 0.581131 0.489887 0.558062 0.728869 0.751834 0.721733 0.290057 0.487537 0.011734 0.001071 0.533544 0.926635 0.367061 0.685407 0.615438 0.262453 0.480091 0.596330 0.206609 0.173820 0.726585 0.343375 0.066476 0.073141 0.717589 0.651151 0.967429 0.339847 0.608897 0.509937 0.772684 0.415838 0.728731 0.493482 0.487993 0.087004 0.202631 0.476476 0.896981 0.132752 0.105040 0.464117 0.696487 0.239561 0.125544 0.099133 0.545418 0.140644 0.900539 0.266966 0.071055 0.880591 0.390184 0.036048 0.920680 0.090251 0.243623 0.890367 0.701644 0.562748 0.062292 0.547072 0.295372 0.307501 0.414615 0.507902 0.663675 0.416614 0.802001 0.410101 0.588442 0.602519 0.036027 0.953846 0.040729 0.853526 0.096768 0.437863 0.717390 0.740179 0.527860 0.010844 0.146649 0.675227 0.292646 0.422412 0.821641 0.017827 0.225495 0.568368 0.735259 0.951166 0.653395 0.632453 0.870827 0.626025 0.420447 0.099034 0.897627 0.604347 0.726776 0.727682 0.122596 0.124686 0.476490 0.582523 0.485744 0.284361 0.792583 0.826106 0.243990 0.705905 0.766577 0.658945 0.563997 0.500862 0.615402 0.751179 0.844306 0.572411 0.278200 0.742655 0.791161 0.315294 0.117982 0.399466 0.330222 0.509712 0.964658 0.200182 0.732741 0.924201 0.491945 0.736887 0.687115 0.525027 0.392268 0.972976 0.255530 0.181903 0.131701 0.867020 0.062286 0.043661 0.689180 0.535736 0.074767 0.001941 0.856216 0.741783 0.218581 0.996453 0.260580 0.629627 0.497021 0.192573 0.330282 0.631041 0.169627
0.281382 0.160005 0.188760 0.989044 0.023790 0.764136 0.043470 0.120098 0.533285 0.458404 0.776367 0.127043 0.025749 0.045180 0.673576 0.382429 0.943916 0.703053 0.135866 0.904780 0.181310 0.062770 0.259813 0.126811 0.923959 0.167787 0.837310 0.319651 0.422116 0.366728 0.187163 0.927872 0.874393 0.254989 0.276835 0.956314 0.683712 0.393084 0.460212 0.984061 0.956453 0.433499 0.946641 0.724624 0.531957 0.083750 0.891728 0.231417 0.498422 0.965327 0.840875 0.591167 0.434454 0.776194 0.180334 0.172575 0.636880 0.934087 0.335543 0.384576 0.155433 0.820061 0.961313 0.374535 0.039308 0.835557 0.538764 0.167644 0.137640 0.453552 0.321310 0.742964 0.000945 0.448137 0.613219 0.729578 0.531586 0.715921 0.163498 0.359611 0.026984 0.419904 0.923955 0.287405 0.602932 0.474834 0.182500 0.888567 0.359643 0.923572 0.028201 0.153022 0.202825 0.452839 0.890244 0.160176 0.563092 0.357108 0.554861 0.499943 0.560604 0.114368 0.282196 0.431320 0.104958 0.951868 0.235947 0.882706 0.328065 0.407664 0.778715 0.555485 0.826895 0.856514 0.076563 0.027102 0.638481 0.166946 0.755839 0.323494 0.676153 0.874348 0.106772 0.664655 0.027545 0.875151 0.945199 0.019085 0.178456 0.922318 0.408745 0.295865 0.155570 0.149837 0.057512 0.329914 0.323877 0.447157 0.147948 0.408818 0.936744 0.833434 0.364166 0.393498 0.138692 0.797525 0.995285 0.935113 0.407443 0.498215 0.437303 0.709319 0.187024 0.509775 0.094154 0.526147 0.302927 0.494912 0.094982 0.364598 0.483652 0.337527 0.698986 0.643731 0.425187 0.526545 0.337757 0.497540 0.316696 0.619397 0.032280 0.943546 0.831968 0.347079 0.028878 0.775331 0.425186 0.017626 0.836591 0.339559 0.946280 0.978601 0.841001 0.791683 0.320281 0.316358 0.456760 0.228516 0.679707 0.455771 0.336518 0.117418 0.481512 0.412190 0.784578 0.541174 0.722396 0.022614 0.135461 0.559659 0.255460 0.955688 0.526067 0.608790 0.756077 0.998731 0.410242 0.561304 0.205776 0.011767 0.819011 0.234634 0.911045 0.082436 0.689573 0.406772 0.268385 0.024702 0.048976 0.732362 0.953701 0.781192 0.841162 0.718328 0.019475 0.599451 0.614118 0.781542 0.648061 0.333395 0.417962 0.316212 0.496658 0.040293 0.986303 0.218673 0.030443 0.858137 0.406378 0.285127 0.714556 0.305248 0.112838 0.666500 0.654120 0.299002 0.708428 0.488058 0.116387 0.353240 0.947140 0.192140 0.445085 0.456750 0.332752 0.742143 0.352819 0.951862 0.906651 0.846343 0.074046 0.722916 0.100091 0.799337 0.360029 0.686159 0.129591 0.309571 0.207138 0.997444 0.198493 0.913110 0.751634 0.295720 0.864586 0.717978 0.301303 0.331984 0.413047 0.323351 0.755370 0.234004 0.364193 0.430830 0.530779 0.875459 0.541809 0.319003 0.245953 0.745011 0.417752 0.851602 0.240598 0.487728 0.076925 0.343919 0.807809 0.366896 0.219626 0.055047
0.635440 0.377935 0.775429 0.960343 0.828516 0.527187 0.598718 0.530574 0.498505 0.120608 0.058162 0.110161 0.715693 0.006627 0.571997 0.053079 0.841147 0.572981 0.227067 0.854657 0.258320 0.190925 0.856329 0.833740 0.145692 0.149195 0.730333 0.105557 0.689926 0.082860 0.946322 0.017488 0.985208 0.180951 0.998763 0.909876 0.630621 0.603284 0.067177 0.953478 0.360306 0.323785 0.211869 0.195854 0.844071 0.079796 0.711405 0.298585 0.646092 0.804711 0.084626 0.737927 0.814543 0.047829 0.829225 0.884403 0.054195 0.788190 0.632152 0.903770 0.974497 0.950429 0.086668 0.175208 0.200743 0.042377 0.801559 0.744601 0.489930 0.380254 0.195948 0.634505 0.874269 0.318979 0.537531 0.835980 0.549060 0.946744 0.791794 0.748125 0.616158 0.712000 0.992572 0.103236 0.469695 0.522174 0.913632 0.309971 0.357726 0.707672 0.412198 0.678735 0.629632 0.633307 0.126403 0.571790 0.183097 0.390005 0.315929 0.619400 0.700876 0.932088 0.867020 0.849971 0.379053 0.668973 0.636725 0.513497 0.446543 0.494180 0.786691 0.344119 0.028125 0.705674 0.214186 0.740442 0.516882 0.054376 0.845916 0.039996 0.044386 0.995104 0.447918 0.510392 0.880908 0.955678 0.158973 0.888139 0.399103 0.582351 0.215926 0.201977 0.747410 0.477220 0.354212 0.057726 0.790107 0.818222 0.562772 0.128125 0.475420 0.566332 0.200445 0.647203 0.414065 0.480794 0.344289 0.991374 0.926209 0.050287 0.041151 0.818921 0.876567 0.348583 0.329481 0.658430 0.455487 0.676926 0.018335 0.876142 0.573850 0.992409 0.371816 0.848834 0.102166 0.650131 0.257024 0.805716 0.950600 0.769760 0.690980 0.052022 0.946640 0.447586 0.622419 0.990006 0.167557 0.498441 0.392439 0.389992 0.813891 0.597954 0.007632 0.203419 0.369642 0.745404 0.111534 0.834382 0.689884 0.672078 0.004592 0.993187 0.161165 0.142097 0.289619 0.928265 0.632129 0.197411 0.213553 0.224398 0.464308 0.561168 0.350708 0.577642 0.047101 0.496783 0.054779 0.142665 0.973460 0.605732 0.253832 0.029720 0.948383 0.218324 0.544692 0.904272 0.766587 0.396546 0.786871 0.087417 0.193793 0.069064 0.374485 0.904751 0.914704 0.129449 0.769681 0.000993 0.038217 0.567520 0.026051 0.652587 0.752914 0.552178 0.211244 0.691161 0.777280 0.819505 0.303111 0.865884 0.192705 0.620126 0.263113 0.324357 0.284935 0.278624 0.368927 0.412335 0.112187 0.010524 0.797985 0.122498 0.289511 0.063137 0.138248 0.359346 0.299663 0.184116 0.394992 0.541050 0.297432 0.941272 0.884865 0.220748 0.312014 0.669899 0.047440 0.795780 0.595862 0.661296 0.832289 0.667354 0.854928 0.997150 0.947036 0.372611 0.799466 0.934171 0.741266 0.538892 0.071532 0.629545 0.057069 0.442986 0.413723 0.694832 0.461377 0.161424 0.602982 0.568342 0.242072 0.748926 0.199166 0.718596 0.205554 0.147138 0.173687 0.672377 0.567213 0.010834
0.930314 0.062792 0.651945 0.972544 0.274100 0.335016 0.872637 0.586984 0.195561 0.777377 0.612376 0.581205 0.556993 0.895020 0.741333 0.151807 0.281591 0.823813 0.674803 0.833810 0.258012 0.778350 0.966563 0.724491 0.237684 0.960928 0.201143 0.037087 0.109756 0.321299 0.588986 0.368960 0.455804 0.081100 0.830714 0.887494 0.382712 0.419387 0.423376 0.866693 0.637525 0.597570 0.907641 0.350965 0.332805 0.948620 0.592285 0.378249 0.033809 0.245405 0.337120 0.638467 0.703162 0.587298 0.271610 0.242172 0.374103 0.532576 0.448394 0.961242 0.942404 0.878112 0.264726 0.673221 0.755566 0.522576 0.948037 0.103760 0.351734 0.627021 0.484404 0.209612 0.912748 0.486491 0.471258 0.037216 0.125594 0.871922 0.245820 0.338779 0.940301 0.823989 0.910089 0.589052 0.005350 0.109852 0.016736 0.194999 0.728162 0.161759 0.362731 0.898542 0.436086 0.358671 0.893270 0.939903 0.482984 0.550727 0.326964 0.870178 0.935917 0.065419 0.293898 0.500372 0.016536 0.522575 0.823642 0.809270 0.357484 0.938200 0.606814 0.111365 0.019516 0.357512 0.330256 0.952179 0.010986 0.461394 0.539352 0.451983 0.638241 0.737894 0.720025 0.484007 0.174104 0.805935 0.294455 0.596218 0.933591 0.127988 0.272948 0.803744 0.331727 0.652301 0.402499 0.441079 0.652930 0.595327 0.091136 0.083812 0.025692 0.689678 0.482020 0.260752 0.727874 0.305944 0.038724 0.463213 0.516498 0.806772 0.303427 0.517228 0.485948 0.959372 0.076217 0.027490 0.004332 0.236753 0.352403 0.479582 0.720820 0.728513 0.608896 0.806962 0.668780 0.190606 0.221545 0.369959 0.844782 0.059423 0.577406 0.621594 0.804093 0.745742 0.802053 0.720735 0.247728 0.970795 0.119387 0.011407 0.980977 0.385327 0.650127 0.149316 0.105065 0.167249 0.434827 0.957549 0.198188 0.978850 0.463530 0.816374 0.057481 0.048375 0.434802 0.254696 0.692869 0.234058 0.650000 0.867222 0.745790 0.637589 0.565235 0.638246 0.803100 0.023808 0.920321 0.840430 0.420896 0.785201 0.025640 0.639734 0.920496 0.970863 0.086145 0.064327 0.895252 0.027529 0.621389 0.873990 0.346288 0.308548 0.116103 0.023963 0.424132 0.140606 0.868416 0.090328 0.905780 0.838157 0.699235 0.252331 0.047326 0.038132 0.064817 0.194395 0.068949 0.200428 0.872769 0.683571 0.110196 0.169536 0.958206 0.284775 0.716934 0.769172 0.368029 0.872383 0.396549 0.730523 0.616610 0.662226 0.163610 0.732178 0.456547 0.069131 0.429145 0.836416 0.175016 0.278073 0.520129 0.661250 0.868760 0.736584 0.815101 0.968693 0.423860 0.864998 0.884358 0.466593 0.922579 0.445222 0.322256 0.536565 0.328635 0.399130 0.044082 0.299717 0.803167 0.151459 0.996981 0.879350 0.565560 0.762122 0.967121 0.261282 0.950060 0.505060 0.896915 0.531153 0.213060 0.375973 0.081931 0.785912 0.290542 0.514607 0.476852 0.168209 0.247140 0.875360
0.065296 0.741193 0.440394 0.060933 0.626730 0.218702 0.045804 0.579073 0.611681 0.209032 0.215382 0.587603 0.396294 0.085739 0.110280 0.322382 0.597566 0.917877 0.435315 0.301970 0.180075 0.894856 0.549378 0.368409 0.716170 0.360093 0.799174 0.163981 0.238474 0.695343 0.113955 0.353475 0.871577 0.655168 0.214217 0.125995 0.191584 0.321427 0.052328 0.982137 0.179315 0.507733 0.397101 0.376044 0.556489 0.142820 0.984475 0.765428 0.250547 0.132288 0.378301 0.781856 0.966535 0.423334 0.422031 0.669643 0.855665 0.816596 0.928209 0.736830 0.684606 0.180167 0.969406 0.938119 0.821772 0.247069 0.606378 0.563835 0.497450 0.200715 0.735753 0.968676 0.063075 0.123215 0.863700 0.542634 0.593782 0.168653 0.012457 0.659754 0.944654 0.337697 0.670945 0.528479 0.164243 0.038337 0.756406 0.312487 0.038051 0.816236 0.489768 0.927871 0.637171 0.127824 0.878856 0.073049 0.469046 0.769794 0.694620 0.582067 0.854967 0.251167 0.439036 0.258231 0.161077 0.795952 0.254000 0.623858 0.737708 0.474231 0.038637 0.547921 0.604589 0.803341 0.645859 0.175744 0.440216 0.767335 0.210386 0.741767 0.619495 0.113465 0.532720 0.806130 0.467514 0.057084 0.680789 0.579288 0.585593 0.194889 0.536407 0.317732 0.746033 0.033129 0.815921 0.614016 0.569984 0.726041 0.342564 0.032260 0.181387 0.487091 0.054443 0.665996 0.159782 0.690845 0.709047 0.980449 0.126751 0.124567 0.231608 0.447229 0.975159 0.981620 0.689581 0.108083 0.140198 0.540412 0.456478 0.929514 0.412291 0.976280 0.704072 0.635675 0.108253 0.557026 0.390988 0.905228 0.186369 0.910144 0.723442 0.375791 0.899942 0.628508 0.463584 0.701644 0.568149 0.200355 0.175598 0.191455 0.258116 0.211966 0.959962 0.604857 0.806929 0.067368 0.683006 0.450328 0.000523 0.278144 0.284049 0.378185 0.986923 0.159017 0.351458 0.040551 0.833033 0.067665 0.403900 0.017311 0.414197 0.751437 0.355592 0.026664 0.840920 0.403010 0.472760 0.936846 0.289331 0.165950 0.899330 0.499867 0.522231 0.145331 0.712811 0.539047 0.337142 0.745883 0.971509 0.473140 0.286333 0.263377 0.193442 0.315265 0.289270 0.237508 0.710289 0.334300 0.037165 0.826038 0.369693 0.227942 0.823053 0.243523 0.563841 0.168663 0.615308 0.376616 0.860364 0.160210 0.016205 0.110645 0.511388 0.313819 0.698332 0.419819 0.109757 0.965177 0.042433 0.608607 0.733862 0.462355 0.187220 0.714401 0.490823 0.528091 0.297313 0.911865 0.078569 0.846036 0.593969 0.035299 0.723510 0.875364 0.531626 0.232438 0.863843 0.659347 0.153210 0.423748 0.964293 0.273131 0.922227 0.202898 0.603642 0.269560 0.235425 0.210080 0.250737 0.028500 0.735989 0.019251 0.353215 0.096684 0.296624 0.294071 0.222487 0.350722 0.275301 0.819250 0.996008 0.349626 0.402672 0.620365 0.273080 0.592412 0.653616 0.540534 0.904724 0.495580
0.320986 0.841707 0.661166 0.786223 0.666905 0.308738 0.012861 0.771579 0.961121 0.607733 0.848277 0.390123 0.882362 0.913309 0.907736 0.824615 0.012323 0.109790 0.477367 0.560472 0.011740 0.434775 0.235952 0.350802 0.551978 0.614652 0.131807 0.165916 0.823402 0.483290 0.565691 0.665099 0.680311 0.883922 0.329226 0.200234 0.666928 0.405818 0.965370 0.274803 0.626938 0.827362 0.808415 0.577594 0.323975 0.390142 0.446797 0.869860 0.905449 0.141186 0.596519 0.554011 0.749325 0.884054 0.208070 0.824693 0.051751 0.496428 0.658637 0.668679 0.491880 0.367704 0.212047 0.857656 0.246445 0.852977 0.049332 0.928736 0.518345 0.809123 0.125297 0.769794 0.862211 0.189515 0.796414 0.901014 0.182142 0.412814 0.513805 0.463304 0.915208 0.528768 0.167427 0.738448 0.538125 0.299496 0.161283 0.326534 0.470280 0.588477 0.626920 0.794896 0.121237 0.229446 0.581058 0.069714 0.849211 0.712275 0.258196 0.158304 0.008412 0.835350 0.864012 0.892220 0.522480 0.628322 0.348075 0.853233 0.159572 0.544765 0.328114 0.035689 0.141160 0.530976 0.301023 0.250291 0.747688 0.344829 0.691030 0.684915 0.150120 0.590507 0.838270 0.398808 0.537262 0.816952 0.315670 0.327938 0.910819 0.533709 0.490744 0.316965 0.376230 0.683802 0.040843 0.496390 0.048146 0.490339 0.740792 0.168677 0.589881 0.780230 0.685249 0.682342 0.799038 0.946185 0.873222 0.166291 0.632450 0.534120 0.496278 0.902372 0.756901 0.763492 0.850167 0.684178 0.987162 0.414061 0.849146 0.440479 0.141732 0.963834 0.119715 0.583800 0.502352 0.845638 0.224307 0.693705 0.294686 0.848983 0.974084 0.186503 0.139210 0.104440 0.651197 0.769782 0.891788 0.376468 0.973845 0.052278 0.750471 0.468209 0.694981 0.443608 0.656916 0.636585 0.695332 0.586446 0.481368 0.574501 0.412305 0.454660 0.734057 0.205502 0.237334 0.072187 0.498174 0.178422 0.947541 0.922094 0.420351 0.235556 0.028896 0.414411 0.510206 0.063685 0.348769 0.172449 0.451072 0.059391 0.872377 0.122411 0.146546 0.424485 0.197247 0.225656 0.036748 0.102619 0.887052 0.459598 0.252258 0.354074 0.761960 0.062268 0.302712 0.594400 0.464825 0.524418 0.736478 0.980383 0.382650 0.807853 0.787672 0.939688 0.494709 0.290173 0.630290 0.871693 0.017463 0.122178 0.296614 0.831939 0.107504 0.414933 0.088119 0.594557 0.551073 0.487538 0.471441 0.699497 0.273316 0.973589 0.738731 0.949801 0.260320 0.028841 0.904489 0.247154 0.469046 0.808677 0.945750 0.124337 0.829471 0.150444 0.532921 0.895357 0.732577 0.185877 0.603812 0.066115 0.565863 0.673770 0.829492 0.832698 0.212968 0.002412 0.440760 0.015553 0.966916 0.780237 0.692178 0.773798 0.855013 0.629554 0.021794 0.452710 0.504397 0.642043 0.654322 0.890504 0.063447 0.517464 0.404079 0.575210 0.549766 0.717658 0.642403 0.957800 0.207570 0.404405
0.424562 0.747151 0.913711 0.754022 0.148585 0.313995 0.588142 0.805493 0.810559 0.283893 0.654763 0.374007 0.004867 0.957157 0.451281 0.564745 0.858285 0.731097 0.534153 0.860318 0.931716 0.405158 0.506024 0.144820 0.109180 0.771178 0.009218 0.975734 0.961028 0.968695 0.238720 0.007326 0.970206 0.857942 0.873257 0.724781 0.017097 0.841102 0.194769 0.315018 0.920479 0.438163 0.850115 0.331704 0.966896 0.192096 0.355822 0.444808 0.808943 0.045514 0.112636 0.313065 0.525360 0.238558 0.281447 0.163607 0.442604 0.126981 0.168017 0.589876 0.891516 0.993134 0.697171 0.982957 0.845249 0.220137 0.575235 0.422326 0.391232 0.005900 0.428891 0.223382 0.232326 0.135387 0.296650 0.241449 0.758785 0.254910 0.150662 0.049600 0.393548 0.693078 0.704681 0.430314 0.795099 0.866949 0.361368 0.542860 0.174219 0.733020 0.589134 0.122386 0.208269 0.132544 0.728873 0.173266 0.235771 0.213893 0.821424 0.853016 0.525704 0.580857 0.036974 0.265456 0.092524 0.334047 0.758652 0.628002 0.113973 0.413044 0.964156 0.961849 0.516396 0.665583 0.065331 0.467264 0.241513 0.194529 0.444840 0.585993 0.481565 0.775554 0.384268 0.704918 0.633098 0.374352 0.978731 0.255781 0.896968 0.782677 0.348564 0.139731 0.607999 0.946150 0.827882 0.492313 0.375683 0.669622 0.585263 0.788596 0.232034 0.208087 0.640204 0.282827 0.919965 0.160262 0.730322 0.662483 0.233434 0.375885 0.669723 0.012901 0.133931 0.946629 0.215483 0.203686 0.774924 0.839660 0.140500 0.885203 0.490737 0.125376 0.099176 0.526896 0.766155 0.133595 0.553983 0.800058 0.568445 0.571351 0.523378 0.466271 0.019739 0.439325 0.319503 0.556863 0.290344 0.139256 0.078248 0.797476 0.234219 0.358908 0.847854 0.656929 0.582721 0.993203 0.362575 0.334298 0.025591 0.540395 0.618165 0.139667 0.883988 0.210626 0.172515 0.665144 0.436558 0.639857 0.386195 0.229495 0.775148 0.569150 0.672725 0.758289 0.441910 0.020461 0.358151 0.796035 0.992913 0.474561 0.501450 0.362470 0.048783 0.393701 0.157966 0.741246 0.721166 0.143445 0.821758 0.069711 0.224862 0.224800 0.313939 0.239638 0.934160 0.767149 0.248882 0.178024 0.275959 0.803055 0.101237 0.783648 0.611990 0.759914 0.965196 0.026243 0.407019 0.802542 0.613707 0.780231 0.105134 0.538577 0.231883 0.422626 0.059604 0.219916 0.624303 0.010502 0.313163 0.910186 0.459924 0.401539 0.800608 0.789756 0.882060 0.272170 0.066514 0.133019 0.815785 0.119449 0.510321 0.560144 0.493426 0.080163 0.807312 0.667991 0.858187 0.560989 0.224624 0.024845 0.422473 0.264791 0.616576 0.287218 0.424736 0.396765 0.057535 0.848738 0.355349 0.441665 0.513544 0.750356 0.495142 0.097943 0.619605 0.210520 0.533695 0.312172 0.911367 0.992206 0.781532 0.780785 0.724810 0.385988 0.400890 0.105129 0.982003 0.061238 0.397734 0.570693
0.496753 0.961137 0.128209 0.602995 0.142176 0.660323 0.061891 0.196685 0.949826 0.338709 0.219745 0.619711 0.040954 0.389798 0.965920 0.765974 0.070085 0.136582 0.283637 0.046273 0.090575 0.303839 0.134048 0.115017 0.703289 0.923345 0.772963 0.737683 0.200538 0.446493 0.142935 0.368381 0.762863 0.134265 0.311231 0.048143 0.067852 0.805960 0.259587 0.905116 0.236828 0.873876 0.884581 0.498388 0.781454 0.551353 0.013684 0.563728 0.910611 0.209108 0.665801 0.034284 0.210719 0.288188 0.273471 0.860715 0.129304 0.944015 0.715625 0.392143 0.182510 0.459593 0.582368 0.026693 0.188951 0.523812 0.091093 0.494260 0.360500 0.751415 0.498593 0.332621 0.947941 0.183033 0.547671 0.318073 0.043777 0.223657 0.107668 0.961136 0.414860 0.705904 0.711292 0.806325 0.035315 0.403499 0.639434 0.272530 0.519972 0.640055 0.515436 0.002137 0.493393 0.117357 0.659028 0.944540 0.924471 0.421471 0.005450 0.150350 0.528994 0.440119 0.226840 0.596891 0.307588 0.565326 0.955676 0.167309 0.936165 0.782537 0.755259 0.420956 0.074698 0.559585 0.743305 0.614626 0.306172 0.240252 0.235124 0.849949 0.335411 0.445093 0.285406 0.273203 0.935963 0.474336 0.537571 0.492238 0.223588 0.432508 0.741316 0.327903 0.048444 0.388989 0.587808 0.915517 0.191617 0.571174 0.603084 0.255346 0.159613 0.084838 0.189489 0.367275 0.107137 0.814401 0.145261 0.507987 0.196765 0.282905 0.461979 0.285457 0.672149 0.340203 0.500095 0.350763 0.007105 0.986868 0.300806 0.121210 0.144316 0.757957 0.766661 0.146515 0.253103 0.749587 0.836607 0.979643 0.981754 0.540966 0.521343 0.964562 0.751909 0.214179 0.032018 0.986302 0.753776 0.095236 0.134691 0.633661 0.471015 0.919877 0.830473 0.570748 0.778109 0.446705 0.854250 0.604003 0.325108 0.288634 0.056811 0.204040 0.006167 0.821595 0.636514 0.500493 0.674350 0.174298 0.234165 0.631718 0.982362 0.716671 0.954404 0.654006 0.168364 0.148916 0.425224 0.686442 0.648470 0.316496 0.292764 0.071181 0.195367 0.618116 0.168755 0.181483 0.169897 0.543959 0.187624 0.785091 0.868595 0.091213 0.061805 0.611604 0.711467 0.513545 0.409545 0.789135 0.572287 0.803247 0.563766 0.617322 0.444802 0.806151 0.611436 0.878389 0.898468 0.568977 0.040906 0.485286 0.882547 0.030046 0.778902 0.540606 0.622113 0.146664 0.634884 0.743922 0.944777 0.273492 0.168787 0.225767 0.689648 0.424383 0.807514 0.004293 0.606970 0.705624 0.470742 0.690827 0.873089 0.063799 0.625178 0.343583 0.467520 0.968524 0.760744 0.258611 0.694446 0.652106 0.061151 0.026526 0.599890 0.287556 0.716812 0.800891 0.991447 0.709208 0.136711 0.673332 0.705631 0.909241 0.446475 0.326236 0.159469 0.613036 0.190841 0.458595 0.612463 0.582083 0.486269 0.733115 0.889155 0.190716 0.294743 0.020352 0.290068 0.841052 0.297263 0.236330
0.914409 0.986367 0.002495 0.346317 0.782319 0.119442 0.248577 0.953262 0.029973 0.175367 0.313047 0.118061 0.877802 0.230114 0.921308 0.090538 0.250937 0.841672 0.666641 0.388775 0.494540 0.512146 0.140459 0.691625 0.064026 0.296551 0.858606 0.240852 0.703851 0.762326 0.393362 0.967458 0.105126 0.145792 0.076886 0.656792 0.070566 0.324772 0.819298 0.774859 0.193539 0.069821 0.591501 0.010753 0.555492 0.134014 0.260252 0.749741 0.307809 0.167799 0.960045 0.011224 0.320802 0.119864 0.597377 0.663206 0.304517 0.972406 0.490989 0.014970 0.516379 0.278003 0.250551 0.435596 0.461095 0.795924 0.381789 0.820282 0.797276 0.392228 0.435471 0.365367 0.335274 0.680532 0.868922 0.999557 0.320369 0.559903 0.056815 0.283236 0.863743 0.909267 0.238875 0.546382 0.052136 0.162513 0.220949 0.544187 0.189230 0.444552 0.238797 0.015987 0.176814 0.938327 0.107747 0.325155 0.758644 0.827904 0.135183 0.411843 0.877699 0.054252 0.172635 0.108362 0.964991 0.270225 0.064590 0.632338 0.375223 0.789780 0.709433 0.660487 0.627170 0.525476 0.003456 0.246887 0.239737 0.884457 0.408118 0.308061 0.670286 0.318780 0.827871 0.687161 0.067472 0.887276 0.824131 0.358220 0.873209 0.931380 0.455379 0.361682 0.345580 0.747607 0.949544 0.594641 0.911294 0.380927 0.156984 0.087768 0.992851 0.133123 0.473142 0.267480 0.331392 0.445119 0.544581 0.169581 0.173550 0.100264 0.009855 0.612907 0.836293 0.620910 0.909006 0.816598 0.938639 0.510253 0.236811 0.064547 0.924948 0.519011 0.351612 0.612856 0.918003 0.012509 0.541454 0.282435 0.425680 0.765580 0.671777 0.810793 0.838861 0.536735 0.312353 0.249437 0.658858 0.443706 0.930924 0.936375 0.254164 0.349759 0.435827 0.434004 0.682834 0.144790 0.213216 0.173394 0.870394 0.411967 0.483893 0.719505 0.105104 0.446489 0.192615 0.523613 0.874922 0.792658 0.841536 0.947823 0.530543 0.360169 0.451603 0.138389 0.691924 0.532720 0.096238 0.273044 0.670253 0.554637 0.958122 0.215345 0.344473 0.356102 0.976732 0.435541 0.287351 0.737849 0.650965 0.032216 0.877934 0.526250 0.874377 0.806852 0.206558 0.075009 0.181644 0.230080 0.786715 0.662561 0.268450 0.563071 0.412120 0.788624 0.760007 0.161976 0.620545 0.830551 0.041154 0.634485 0.322428 0.963900 0.375664 0.324423 0.368528 0.174463 0.983488 0.605702 0.743328 0.688677 0.631603 0.639678 0.520854 0.689288 0.856087 0.098593 0.147070 0.802226 0.834570 0.031583 0.082518 0.450754 0.529649 0.738458 0.634785 0.683054 0.753612 0.563198 0.433453 0.769128 0.620458 0.503064 0.193768 0.291318 0.727365 0.027683 0.527537 0.919539 0.713178 0.762450 0.990043 0.134209 0.005655 0.654307 0.004257 0.013930 0.275721 0.802343 0.404170 0.721958 0.269020 0.121141 0.584292 0.715929 0.322588 0.966971 0.916979 0.049518 0.304999 0.150336
0.008924 0.622015 0.133353 0.075367 0.161406 0.737593 0.509596 0.207052 0.889870 0.444251 0.165780 0.116452 0.080413 0.482347 0.997093 0.003450 0.487017 0.244124 0.849796 0.437658 0.796055 0.399326 0.232643 0.052023 0.271555 0.070843 0.358919 0.810823 0.538440 0.717945 0.146256 0.532288 0.222955 0.998604 0.104886 0.045278 0.736257 0.919324 0.324916 0.219061 0.319122 0.338554 0.433955 0.980815 0.485244 0.829845 0.102888 0.390922 0.282479 0.680651 0.056074 0.026796 0.449151 0.730386 0.088449 0.293534 0.255062 0.888965 0.062472 0.674170 0.697719 0.454921 0.875443 0.235597 0.635288 0.325591 0.056616 0.067772 0.580424 0.334083 0.384164 0.051703 0.417757 0.690629 0.493378 0.781988 0.921446 0.073461 0.840805 0.985691 0.424486 0.868301 0.700678 0.081999 0.126136 0.891233 0.830670 0.501971 0.534672 0.248749 0.445888 0.325190 0.413612 0.131260 0.762577 0.187846 0.430495 0.693039 0.047171 0.035886 0.009445 0.480826 0.561713 0.855422 0.212950 0.942719 0.780491 0.626271 0.772672 0.837672 0.133843 0.505704 0.359861 0.546396 0.334798 0.598866 0.556547 0.839509 0.936553 0.255022 0.570123 0.109153 0.536255 0.591390 0.824928 0.397816 0.456239 0.998233 0.267259 0.299311 0.610901 0.729675 0.821545 0.365454 0.413621 0.621841 0.315067 0.099839 0.467951 0.370846 0.061904 0.904345 0.540422 0.492254 0.935048 0.484858 0.064101 0.148239 0.717396 0.362299 0.977330 0.996323 0.670362 0.273077 0.721420 0.714665 0.950187 0.716567 0.300306 0.458504 0.872776 0.486687 0.591002 0.493201 0.617238 0.097569 0.837074 0.257858 0.755918 0.342585 0.892215 0.839297 0.520811 0.707179 0.301300 0.245524 0.802022 0.076585 0.107868 0.314734 0.373468 0.946615 0.253598 0.041221 0.973472 0.895082 0.981554 0.804432 0.794570 0.972850 0.464041 0.983633 0.005022 0.842308 0.348715 0.560019 0.277145 0.164428 0.791146 0.521343 0.800052 0.031890 0.266130 0.766966 0.581557 0.130800 0.910577 0.289506 0.402918 0.911192 0.303489 0.296421 0.765585 0.256620 0.783591 0.229670 0.324779 0.412082 0.307238 0.937392 0.089631 0.036511 0.794941 0.012052 0.868011 0.726589 0.806442 0.468249 0.050337 0.491351 0.539629 0.551770 0.070544 0.894441 0.559470 0.095414 0.956523 0.093814 0.617975 0.897470 0.262866 0.936018 0.438124 0.200976 0.820930 0.414281 0.161509 0.573457 0.841213 0.652555 0.719086 0.854386 0.924776 0.844370 0.984625 0.360553 0.570417 0.987034 0.387931 0.719932 0.363447 0.451727 0.224634 0.555418 0.091816 0.884995 0.873390 0.562224 0.584800 0.408403 0.087836 0.124555 0.368339 0.365435 0.600574 0.919068 0.329446 0.654456 0.563792 0.365838 0.582290 0.973680 0.338975 0.437506 0.196115 0.790535 0.403874 0.738566 0.497378 0.979120 0.510281 0.514570 0.371349 0.445813 0.371672 0.348227 0.064154 0.914044 0.160526 0.931854
0.816760 0.261833 0.930680 0.009908 0.506617 0.591055 0.851555 0.362649 0.286179 0.329634 0.100368 0.894173 0.068096 0.253208 0.784910 0.028496 0.116516 0.801206 0.676924 0.331430 0.563304 0.184807 0.974027 0.041665 0.403581 0.159508 0.898329 0.524903 0.889841 0.820321 0.960755 0.461612 0.011899 0.465558 0.561577 0.300804 0.579160 0.356124 0.100249 0.234131 0.028744 0.217956 0.676745 0.878816 0.314579 0.965972 0.689453 0.570734 0.845669 0.147924 0.447719 0.485461 0.930878 0.242792 0.910495 0.518614 0.327529 0.200019 0.289061 0.922045 0.773214 0.965277 0.377618 0.113415 0.307292 0.384493 0.691739 0.433572 0.640436 0.227499 0.324361 0.106854 0.618895 0.477612 0.983596 0.994904 0.691931 0.085202 0.005478 0.120027 0.103182 0.967871 0.663754 0.730185 0.110971 0.265871 0.728142 0.424701 0.954807 0.220821 0.007775 0.861382 0.230115 0.434144 0.262930 0.227949 0.333723 0.988736 0.324869 0.124744 0.317069 0.141382 0.702657 0.253127 0.390632 0.700653 0.438740 0.464065 0.094552 0.609091 0.355146 0.200601 0.146833 0.633529 0.380167 0.777944 0.173241 0.406609 0.252734 0.033154 0.266732 0.104369 0.630853 0.925746 0.221457 0.283589 0.734124 0.146899 0.911373 0.199721 0.349398 0.806202 0.018347 0.021831 0.990449 0.270467 0.555412 0.298598 0.307572 0.133995 0.313572 0.941295 0.613457 0.844897 0.880041 0.845934 0.577604 0.072577 0.957931 0.916548 0.470353 0.458063 0.864053 0.375861 0.300318 0.070693 0.518094 0.418383 0.682305 0.963625 0.667760 0.052896 0.100811 0.725005 0.457041 0.613352 0.565554 0.783490 0.218053 0.103763 0.764326 0.215652 0.963701 0.781697 0.888877 0.175934 0.088991 0.745746 0.413357 0.405660 0.224227 0.595826 0.088248 0.646382 0.110935 0.084998 0.096269 0.831544 0.646095 0.105070 0.795957 0.425990 0.866460 0.624024 0.850673 0.775276 0.551874 0.142368 0.048138 0.165357 0.042240 0.452114 0.488662 0.295451 0.819074 0.737091 0.012344 0.416425 0.852996 0.635169 0.256205 0.685622 0.938603 0.890079 0.666506 0.426554 0.031573 0.056840 0.590316 0.128067 0.444384 0.245188 0.049139 0.199407 0.608753 0.407867 0.317524 0.829285 0.175718 0.774327 0.957679 0.241122 0.001564 0.854622 0.486464 0.437881 0.982179 0.982630 0.676406 0.933955 0.586162 0.140662 0.978408 0.264130 0.960461 0.986430 0.687035 0.701208 0.911229 0.691362 0.475489 0.014142 0.816861 0.017350 0.870911 0.072745 0.954741 0.921626 0.420089 0.467356 0.180611 0.656941 0.213049 0.321783 0.810983 0.677145 0.705807 0.572182 0.882228 0.242292 0.540722 0.376379 0.500300 0.516609 0.443920 0.005396 0.750678 0.552394 0.367293 0.010440 0.156368 0.326325 0.395112 0.416554 0.254014 0.284590 0.322855 0.950437 0.418857 0.573452 0.798958 0.345071 0.501478 0.436084 0.510392 0.905421 0.919411 0.236388 0.816981 0.402317
0.466506 0.412028 0.925552 0.594264 0.030715 0.440509 0.340239 0.820229 0.961945 0.391415 0.058755 0.478294 0.574335 0.780636 0.661618 0.034534 0.363204 0.565413 0.012404 0.960013 0.437184 0.010838 0.382321 0.237184 0.467326 0.210906 0.265575 0.974669 0.444888 0.515635 0.509561 0.041627 0.096551 0.749933 0.863056 0.903058 0.431469 0.465363 0.616900 0.123489 0.251403 0.427921 0.414172 0.833099 0.405179 0.009419 0.830637 0.418738 0.367033 0.886552 0.375666 0.802693 0.550993 0.137331 0.398700 0.890300 0.229539 0.983203 0.201557 0.077858 0.577353 0.794990 0.202200 0.847377 0.683926 0.922521 0.746792 0.963274 0.720219 0.780562 0.356317 0.739533 0.866585 0.795158 0.782300 0.393584 0.084204 0.771241 0.440638 0.557585 0.096057 0.375427 0.238281 0.053827 0.527598 0.851045 0.400114 0.660875 0.052325 0.562885 0.570863 0.260359 0.772300 0.866434 0.969040 0.127157 0.980054 0.594341 0.430232 0.172788 0.754940 0.764191 0.844057 0.844314 0.023882 0.799042 0.512575 0.533575 0.698261 0.645275 0.451065 0.381674 0.476153 0.797627 0.417291 0.247631 0.917921 0.862904 0.242001 0.689921 0.234630 0.728141 0.031883 0.001418 0.449813 0.250005 0.448848 0.391900 0.683063 0.118551 0.834558 0.285965 0.440535 0.827624 0.298216 0.144557 0.407427 0.130802 0.380369 0.709045 0.700043 0.966393 0.040881 0.641243 0.371681 0.740303 0.797808 0.054668 0.398032 0.520944 0.378178 0.350439 0.718890 0.672277 0.482087 0.794733 0.221686 0.400258 0.898185 0.635751 0.021430 0.776477 0.102258 0.353509 0.775899 0.220854 0.775269 0.420537 0.408356 0.776108 0.034665 0.080009 0.746327 0.340563 0.178360 0.419285 0.066748 0.422013 0.106354 0.067951 0.473990 0.744967 0.254967 0.340419 0.306635 0.709789 0.917064 0.665944 0.875855 0.851410 0.892313 0.877936 0.410456 0.908854 0.085413 0.067668 0.433056 0.336187 0.602316 0.465787 0.903044 0.599906 0.611599 0.493998 0.756377 0.677261 0.573918 0.462905 0.912192 0.997566 0.337182 0.998803 0.029252 0.770451 0.669461 0.825884 0.641722 0.231536 0.841380 0.677051 0.333589 0.874789 0.127623 0.819382 0.955966 0.172619 0.778593 0.510290 0.460219 0.375746 0.382615 0.685892 0.203885 0.139513 0.511034 0.719575 0.318225 0.559218 0.922085 0.243030 0.146613 0.212443 0.604033 0.146048 0.360396 0.295283 0.457713 0.658329 0.386591 0.265125 0.762991 0.477914 0.289332 0.958814 0.323169 0.088942 0.238016 0.301485 0.285797 0.454982 0.517224 0.322929 0.479683 0.051136 0.534708 0.989656 0.909341 0.657956 0.259351 0.345116 0.713133 0.016887 0.707821 0.129362 0.522214 0.430322 0.509182 0.087721 0.136252 0.527684 0.092266 0.517176 0.879676 0.359992 0.607585 0.879546 0.423329 0.904898 0.982357 0.875605 0.565851 0.819032 0.443106 0.910840 0.784212 0.458769 0.141107 0.626635 0.658933 0.070440
0.050210 0.298071 0.008977 0.477475 0.859372 0.029861 0.406422 0.145352 0.111332 0.529679 0.197985 0.037946 0.909895 0.391742 0.426392 0.602607 0.042256 0.227499 0.408940 0.390538 0.119919 0.726242 0.365931 0.061676 0.389986 0.387397 0.239239 0.348439 0.858377 0.226916 0.358947 0.813457 0.177271 0.889448 0.833765 0.021212 0.336880 0.718573 0.504756 0.457010 0.484841 0.503729 0.501733 0.638260 0.455301 0.727639 0.652299 0.498634 0.962601 0.508908 0.608025 0.658428 0.335612 0.372234 0.022187 0.730344 0.692378 0.421228 0.926531 0.576793 0.606648 0.103768 0.410877 0.569617 0.434477 0.532965 0.888067 0.189901 0.377843 0.919662 0.497970 0.722196 0.806971 0.154204 0.498741 0.100254 0.256024 0.420404 0.763190 0.613923 0.294604 0.919121 0.345255 0.896318 0.735236 0.480547 0.200279 0.151288 0.754276 0.604798 0.755254 0.367878 0.250714 0.456338 0.298431 0.271969 0.148878 0.549363 0.007925 0.318549 0.813597 0.869352 0.242672 0.978218 0.098554 0.365733 0.565370 0.993625 0.888789 0.831302 0.861001 0.291233 0.999863 0.202480 0.867056 0.347475 0.487995 0.096049 0.851671 0.603786 0.868051 0.588263 0.168701 0.357305 0.684924 0.524208 0.205524 0.916206 0.953553 0.996239 0.826617 0.487288 0.817672 0.699221 0.118195 0.702871 0.451182 0.924585 0.528909 0.629049 0.093344 0.821721 0.950779 0.139267 0.228189 0.499174 0.216140 0.586676 0.343282 0.161256 0.253180 0.480384 0.863435 0.726623 0.393736 0.777650 0.831501 0.291307 0.959597 0.694153 0.351593 0.462253 0.849208 0.323112 0.706254 0.215716 0.315441 0.555676 0.240095 0.875779 0.245947 0.088468 0.404244 0.190856 0.703169 0.195111 0.060981 0.738462 0.498424 0.214098 0.119484 0.091054 0.702398 0.084702 0.689361 0.576565 0.227826 0.700637 0.868957 0.058796 0.311401 0.209628 0.403884 0.851687 0.290787 0.054222 0.405350 0.475724 0.665913 0.826169 0.141287 0.249055 0.089948 0.018730 0.484868 0.194388 0.293265 0.273199 0.791260 0.006329 0.662325 0.095586 0.251571 0.847939 0.365459 0.191018 0.576194 0.377889 0.788352 0.497810 0.928651 0.726795 0.348572 0.081881 0.362510 0.956587 0.186976 0.300052 0.484343 0.075835 0.150736 0.769095 0.929220 0.309204 0.991127 0.200291 0.825879 0.247611 0.467558 0.011113 0.865106 0.673516 0.844653 0.052359 0.024832 0.917838 0.345155 0.836039 0.013817 0.947084 0.724775 0.621559 0.137278 0.222271 0.187253 0.346981 0.792961 0.236264 0.639805 0.712985 0.286987 0.479831 0.989940 0.337180 0.507060 0.932965 0.287162 0.912235 0.380471 0.318573 0.479567 0.975620 0.618086 0.840830 0.671493 0.950854 0.886834 0.927922 0.226800 0.613333 0.693588 0.653161 0.165136 0.194982 0.324689 0.502411 0.333215 0.480504 0.841288 0.530936 0.295165 0.598673 0.063868 0.173946 0.390821 0.227687 0.899793 0.165623 0.400189 0.052589
0.951469 0.648360 0.375475 0.921941 0.295732 0.727686 0.397620 0.130725 0.982424 0.637032 0.342526 0.423528 0.238825 0.759310 0.284775 0.070617 0.281787 0.383549 0.300155 0.420059 0.893707 0.925326 0.318976 0.961522 0.496030 0.589152 0.689559 0.436290 0.411616 0.898996 0.726158 0.730491 0.631472 0.827041 0.964225 0.585972 0.046978 0.078167 0.680856 0.496004 0.447221 0.109241 0.834784 0.984296 0.815999 0.175176 0.032403 0.630729 0.436465 0.471860 0.353172 0.450062 0.054772 0.755297 0.475138 0.477272 0.623862 0.301446 0.286675 0.603771 0.823596 0.693778 0.227495 0.039827 0.580471 0.063822 0.328789 0.155043 0.930356 0.188656 0.192286 0.665741 0.327304 0.286530 0.005639 0.442592 0.244591 0.872868 0.061193 0.658041 0.977873 0.805370 0.896355 0.748745 0.025023 0.037256 0.646800 0.652464 0.498477 0.787922 0.645189 0.043146 0.417138 0.926204 0.575349 0.130036 0.759614 0.956698 0.576994 0.791994 0.837744 0.756722 0.877412 0.557606 0.866127 0.187746 0.183944 0.143621 0.933574 0.409027 0.783913 0.248060 0.884561 0.393727 0.524400 0.878040 0.041201 0.417667 0.689310 0.597284 0.295936 0.858064 0.539497 0.632523 0.249150 0.359652 0.728046 0.330244 0.968852 0.147008 0.203216 0.372350 0.288102 0.384045 0.022181 0.268401 0.224249 0.530979 0.323218 0.988880 0.607305 0.486714 0.037607 0.081882 0.072449 0.076351 0.629472 0.526252 0.508276 0.866403 0.635400 0.326866 0.011307 0.270688 0.933942 0.970310 0.488166 0.288719 0.337665 0.779522 0.460188 0.546981 0.372662 0.701984 0.664019 0.410224 0.951671 0.318420 0.097998 0.659483 0.821569 0.610596 0.349040 0.844753 0.508875 0.329488 0.320480 0.247893 0.086939 0.828576 0.971476 0.511436 0.775320 0.892600 0.390340 0.376101 0.337908 0.698384 0.221895 0.146956 0.973992 0.638576 0.832729 0.509646 0.056786 0.521750 0.991165 0.788333 0.538924 0.387916 0.495258 0.864267 0.282158 0.127405 0.569348 0.946264 0.315737 0.329608 0.850547 0.451362 0.261484 0.692047 0.968103 0.849129 0.869063 0.714947 0.477642 0.878367 0.239318 0.103318 0.955010 0.500136 0.662009 0.588617 0.344307 0.979161 0.415259 0.463682 0.506922 0.480651 0.385809 0.035658 0.641157 0.576904 0.108224 0.325544 0.251343 0.428427 0.243883 0.205657 0.781009 0.292126 0.252180 0.845731 0.548829 0.421879 0.859113 0.010100 0.795381 0.199353 0.585485 0.863430 0.720179 0.273331 0.092549 0.268999 0.440871 0.376321 0.990705 0.818500 0.757196 0.233683 0.573998 0.154387 0.435149 0.352273 0.951525 0.103583 0.091844 0.661931 0.487972 0.881716 0.228947 0.693686 0.145617 0.604979 0.298614 0.160167 0.758638 0.600003 0.388162 0.535733 0.833715 0.749779 0.094415 0.870384 0.012771 0.686066 0.295273 0.088638 0.939775 0.046492 0.346871 0.598848 0.072637 0.584037 0.025166 0.371792 0.487687 0.814201
0.427642 0.259451 0.411602 0.677182 0.394684 0.635257 0.577272 0.952661 0.482837 0.623425 0.720978 0.970288 0.120403 0.515523 0.146065 0.689328 0.989300 0.835058 0.154901 0.489127 0.524822 0.431839 0.096509 0.050316 0.149071 0.660783 0.913011 0.471821 0.383614 0.702279 0.105550 0.328228 0.572737 0.997761 0.118042 0.029719 0.917026 0.961620 0.898749 0.349295 0.514122 0.954717 0.813324 0.020396 0.441959 0.447191 0.022391 0.635929 0.877003 0.189710 0.568112 0.771471 0.399318 0.361438 0.680139 0.917447 0.639017 0.569403 0.614226 0.804272 0.651916 0.110737 0.263818 0.550740 0.665462 0.553756 0.498917 0.500891 0.624157 0.158203 0.257831 0.712841 0.769054 0.681896 0.274986 0.844424 0.574977 0.746511 0.115777 0.895897 0.022906 0.473726 0.650196 0.487102 0.874547 0.117626 0.788983 0.287667 0.773363 0.340058 0.814583 0.781898 0.576797 0.948694 0.304416 0.319833 0.410789 0.607209 0.743044 0.471124 0.920826 0.061833 0.045049 0.650617 0.543143 0.234622 0.219234 0.160180 0.976299 0.735242 0.118834 0.458066 0.199708 0.259414 0.314104 0.538153 0.440530 0.261770 0.665281 0.818354 0.405216 0.290263 0.695625 0.051559 0.902520 0.583265 0.360013 0.054923 0.000965 0.954131 0.443404 0.618770 0.477771 0.622123 0.881983 0.328550 0.195588 0.133130 0.130070 0.751957 0.981585 0.401857 0.797126 0.517538 0.195271 0.436308 0.372491 0.819921 0.443946 0.812014 0.902792 0.358213 0.472566 0.347193 0.206159 0.067442 0.061515 0.720127 0.591960 0.176848 0.375282 0.996522 0.096498 0.363903 0.035304 0.666786 0.414559 0.921701 0.517649 0.700142 0.651841 0.776817 0.648479 0.768934 0.321967 0.461112 0.199183 0.602069 0.554402 0.359203 0.808115 0.956278 0.530391 0.854023 0.716476 0.884302 0.469124 0.045851 0.873173 0.870800 0.142259 0.970607 0.796737 0.746848 0.246766 0.792630 0.705862 0.442543 0.351984 0.421681 0.158107 0.197083 0.023210 0.280449 0.902735 0.294357 0.137218 0.196892 0.930800 0.909306 0.306688 0.843988 0.548130 0.960067 0.357271 0.001414 0.170153 0.754792 0.718900 0.663455 0.387209 0.454824 0.692052 0.662540 0.755095 0.398008 0.086034 0.290649 0.042142 0.492450 0.060019 0.178013 0.276474 0.426922 0.841042 0.764888 0.882560 0.451755 0.200806 0.101928 0.611784 0.086620 0.709666 0.923682 0.001815 0.471444 0.987677 0.589194 0.547662 0.720872 0.843544 0.957940 0.370218 0.033838 0.158699 0.367135 0.027558 0.499381 0.692855 0.020381 0.158592 0.340162 0.844293 0.368666 0.394476 0.480592 0.941861 0.280567 0.203425 0.349350 0.510504 0.649489 0.749385 0.026490 0.583178 0.403608 0.411093 0.296890 0.069631 0.644464 0.391630 0.078028 0.391898 0.820288 0.175992 0.947556 0.993223 0.169361 0.684251 0.652384 0.419673 0.265872 0.654125 0.362052 0.083017 0.603640 0.321020 0.275838 0.439140 0.151203
0.217053 0.963656 0.874640 0.987207 0.024175 0.015310 0.367148 0.096200 0.425459 0.766475 0.678746 0.063790 0.528852 0.394537 0.723740 0.798363 0.014973 0.419994 0.171306 0.657750 0.725377 0.778339 0.061480 0.874425 0.415044 0.192359 0.104013 0.668786 0.374049 0.805648 0.546510 0.701786 0.117883 0.952690 0.165007 0.335967 0.299311 0.906013 0.826786 0.084691 0.736849 0.899532 0.667388 0.507320 0.763930 0.028800 0.314003 0.260275 0.270913 0.949907 0.808234 0.666141 0.385281 0.022542 0.203639 0.329275 0.352001 0.759172 0.323622 0.696743 0.337882 0.300386 0.813034 0.451383 0.109018 0.383503 0.853129 0.696075 0.497621 0.026869 0.119966 0.565638 0.165694 0.762237 0.863336 0.244997 0.305306 0.968414 0.039691 0.106209 0.621699 0.978834 0.207217 0.919693 0.038789 0.845347 0.019511 0.117345 0.275922 0.927183 0.098111 0.929590 0.725258 0.212074 0.364878 0.847149 0.669074 0.163751 0.349098 0.629868 0.455871 0.861229 0.056873 0.784549 0.010619 0.655436 0.675419 0.034812 0.085459 0.416614 0.726405 0.721812 0.755596 0.209737 0.068895 0.530353 0.963041 0.388849 0.375908 0.751974 0.729132 0.358897 0.457785 0.098802 0.241699 0.330989 0.732210 0.350005 0.498948 0.764791 0.951536 0.076809 0.110354 0.448817 0.300413 0.321997 0.424187 0.847846 0.158129 0.914407 0.127209 0.107427 0.212274 0.180769 0.979569 0.516078 0.659389 0.223792 0.806438 0.047099 0.256400 0.905652 0.696218 0.740380 0.487005 0.810717 0.156953 0.983759 0.358854 0.985947 0.017418 0.908605 0.513953 0.410406 0.865945 0.467976 0.840505 0.206108 0.583503 0.870658 0.302595 0.948647 0.146018 0.035668 0.795463 0.628434 0.169534 0.692552 0.073783 0.012735 0.659383 0.631674 0.980805 0.431792 0.735152 0.810110 0.991594 0.408793 0.361807 0.872383 0.171893 0.618226 0.877038 0.432639 0.108570 0.100271 0.707307 0.561747 0.015324 0.662468 0.715124 0.517591 0.454935 0.923923 0.139139 0.403672 0.991089 0.147909 0.770722 0.987809 0.608188 0.307492 0.300142 0.742125 0.371198 0.799548 0.287427 0.681650 0.197208 0.873361 0.063799 0.899488 0.356721 0.805187 0.543031 0.340454 0.510005 0.928353 0.708189 0.180284 0.926050 0.207982 0.836738 0.228002 0.581768 0.160543 0.663774 0.362371 0.682962 0.327898 0.474200 0.392633 0.790116 0.835074 0.482510 0.824025 0.567209 0.489537 0.694588 0.573038 0.341730 0.598214 0.857799 0.153947 0.709524 0.989550 0.921685 0.228189 0.762888 0.790582 0.390095 0.826911 0.288725 0.014888 0.954392 0.616539 0.188682 0.535836 0.892451 0.889840 0.057795 0.056718 0.617114 0.678064 0.391274 0.233768 0.768216 0.976790 0.714251 0.161186 0.660221 0.969321 0.907185 0.189003 0.831229 0.878201 0.071322 0.892283 0.535756 0.313287 0.282128 0.768825 0.047059 0.430664 0.505045 0.227410 0.901155 0.793010 0.797760 0.880134
0.807836 0.621621 0.510358 0.159954 0.705762 0.868791 0.343108 0.346823 0.949259 0.473034 0.363895 0.338861 0.631802 0.695806 0.342166 0.652852 0.753156 0.791823 0.871047 0.825535 0.436368 0.953614 0.252612 0.993527 0.596769 0.539231 0.376085 0.397532 0.725827 0.112410 0.281347 0.314682 0.382934 0.746510 0.007000 0.370037 0.362449 0.269445 0.215518 0.743294 0.402818 0.038744 0.545939 0.886442 0.598808 0.218944 0.540460 0.908112 0.385894 0.660624 0.948813 0.263635 0.535030 0.815101 0.376516 0.971180 0.462222 0.362924 0.260974 0.262897 0.135994 0.311852 0.665437 0.820544 0.689021 0.651431 0.667941 0.623974 0.352002 0.494799 0.487643 0.822899 0.162859 0.127716 0.733548 0.658906 0.709721 0.125886 0.687560 0.726947 0.922894 0.350605 0.898717 0.513864 0.738766 0.355844 0.393387 0.799678 0.102471 0.012231 0.263825 0.520274 0.021344 0.711476 0.317204 0.371417 0.553166 0.041271 0.306384 0.282578 0.416451 0.102701 0.430734 0.991778 0.804735 0.282812 0.582501 0.465214 0.083948 0.154478 0.248284 0.910086 0.540063 0.164817 0.497669 0.509969 0.671476 0.298537 0.543616 0.044555 0.836400 0.772960 0.010958 0.933103 0.962804 0.775524 0.843654 0.116705 0.857443 0.230245 0.851952 0.233211 0.676621 0.799742 0.600083 0.772870 0.984446 0.008016 0.367993 0.345310 0.740690 0.529806 0.160846 0.852706 0.838736 0.175280 0.245430 0.298638 0.803538 0.109375 0.022382 0.844316 0.989317 0.568193 0.075444 0.976248 0.305704 0.558138 0.467048 0.544364 0.042537 0.905587 0.051168 0.900124 0.731856 0.554128 0.585212 0.567132 0.364895 0.376759 0.799247 0.948466 0.667042 0.725433 0.616029 0.297283 0.624206 0.340339 0.943327 0.086538 0.392530 0.521619 0.295413 0.993306 0.348915 0.046810 0.802269 0.755704 0.313089 0.457088 0.047013 0.725109 0.978163 0.936277 0.003873 0.128565 0.690974 0.747140 0.831778 0.955983 0.365632 0.470617 0.206132 0.183355 0.613125 0.789108 0.725645 0.487207 0.574445 0.982078 0.812527 0.179068 0.090750 0.978753 0.664730 0.169477 0.586025 0.691199 0.208895 0.138738 0.498581 0.966055 0.721732 0.287377 0.113240 0.639818 0.002400 0.047607 0.198590 0.316304 0.242370 0.857508 0.977041 0.578371 0.369747 0.160923 0.912205 0.319273 0.167053 0.023017 0.853498 0.340402 0.461269 0.302744 0.803317 0.796619 0.911050 0.733838 0.605491 0.917954 0.316084 0.153282 0.470481 0.181050 0.922467 0.494209 0.391160 0.062801 0.638743 0.600172 0.645962 0.111448 0.924104 0.857561 0.119270 0.874728 0.509898 0.937764 0.921672 0.757862 0.609274 0.133548 0.716310 0.918290 0.370843 0.368913 0.319970 0.585237 0.177399 0.448464 0.186655 0.422604 0.737216 0.028964 0.523756 0.514288 0.996923 0.361790 0.128744 0.204938 0.878165 0.783364 0.830680 0.217396 0.231956 0.768846 0.264997 0.532575 0.888004 0.531323
0.903237 0.418142 0.676708 0.767161 0.519867 0.167226 0.661102 0.828844 0.782635 0.996546 0.876831 0.715293 0.008731 0.904319 0.403947 0.141516 0.356759 0.628136 0.514415 0.395807 0.605276 0.475875 0.645372 0.242200 0.224172 0.699148 0.826002 0.752516 0.658376 0.927828 0.696237 0.839042 0.683123 0.194907 0.078447 0.858550 0.965248 0.691414 0.600945 0.291553 0.737812 0.975523 0.908814 0.866185 0.695770 0.345239 0.176879 0.003974 0.622215 0.154030 0.663741 0.751723 0.728893 0.570102 0.993081 0.531119 0.661796 0.024350 0.028961 0.062505 0.875317 0.425727 0.454520 0.018674 0.548539 0.654165 0.632284 0.757527 0.006884 0.762539 0.523761 0.462844 0.058787 0.842314 0.054703 0.867208 0.182960 0.159614 0.950162 0.855492 0.144530 0.461829 0.938172 0.159756 0.585928 0.070180 0.659807 0.366856 0.514676 0.000636 0.712741 0.623202 0.605423 0.044492 0.612273 0.558013 0.553255 0.795235 0.123554 0.487890 0.625352 0.323908 0.444423 0.629159 0.063321 0.822818 0.475189 0.639551 0.116972 0.624625 0.668016 0.039866 0.652754 0.943684 0.191090 0.251242 0.436240 0.062843 0.548558 0.447282 0.381490 0.096778 0.798489 0.638666 0.053758 0.710688 0.398754 0.962059 0.563897 0.710749 0.542751 0.978981 0.742109 0.554983 0.238455 0.330697 0.311517 0.130446 0.852336 0.897981 0.056405 0.908011 0.501838 0.941302 0.448725 0.449454 0.034116 0.148997 0.256040 0.910404 0.175715 0.729243 0.065651 0.605454 0.437453 0.439809 0.591397 0.709837 0.685572 0.464138 0.381324 0.842807 0.485382 0.533099 0.951997 0.493145 0.193265 0.145793 0.633379 0.395090 0.720525 0.753213 0.100696 0.481306 0.151138 0.828692 0.964740 0.306829 0.593088 0.888657 0.504754 0.289589 0.926726 0.974930 0.272492 0.753928 0.329813 0.018468 0.104336 0.295871 0.436807 0.226268 0.091608 0.314620 0.357686 0.521357 0.817566 0.386373 0.412593 0.866392 0.265922 0.803946 0.522630 0.993301 0.566045 0.360828 0.309604 0.473601 0.298904 0.251333 0.026215 0.765488 0.535591 0.924983 0.820030 0.691541 0.837154 0.303083 0.368708 0.234041 0.931451 0.842595 0.793925 0.787413 0.201230 0.701223 0.811445 0.974872 0.545171 0.158863 0.712192 0.505677 0.891822 0.506064 0.563204 0.428564 0.106067 0.974310 0.900367 0.521903 0.632200 0.632205 0.961234 0.411980 0.247564 0.052370 0.997736 0.818989 0.508890 0.333753 0.812733 0.134391 0.071910 0.193960 0.707790 0.709470 0.092400 0.349332 0.058297 0.231243 0.043899 0.683381 0.166585 0.243078 0.424002 0.064524 0.442187 0.446319 0.135823 0.600703 0.572560 0.592862 0.778184 0.913192 0.353936 0.378714 0.053411 0.563635 0.237610 0.021394 0.225482 0.197911 0.764497 0.747374 0.446221 0.049655 0.368091 0.059045 0.348136 0.577345 0.348984 0.247406 0.168293 0.745244 0.955754 0.423323 0.266204 0.584027 0.738127 0.926291
0.331503 0.594505 0.944845 0.728646 0.494685 0.583626 0.612604 0.678274 0.843478 0.224101 0.152542 0.452450 0.359870 0.669109 0.456340 0.689022 0.663242 0.711278 0.345191 0.735914 0.063273 0.359368 0.839171 0.423919 0.415315 0.650247 0.018589 0.050545 0.616605 0.864619 0.530733 0.448280 0.431155 0.761222 0.435236 0.512123 0.757059 0.665673 0.901342 0.041667 0.202897 0.664795 0.527777 0.152871 0.419727 0.603158 0.139948 0.381965 0.210402 0.042866 0.810489 0.577877 0.986657 0.271380 0.357747 0.823946 0.544693 0.290839 0.002039 0.061964 0.573946 0.253654 0.264124 0.693156 0.131983 0.913847 0.350186 0.957716 0.878369 0.433673 0.222154 0.812724 0.968708 0.098847 0.008477 0.365162 0.361740 0.551766 0.902415 0.577622 0.488553 0.931947 0.929294 0.656878 0.141922 0.206615 0.450447 0.349500 0.711776 0.033030 0.620079 0.945086 0.540736 0.702212 0.625267 0.498713 0.175936 0.627422 0.812710 0.098510 0.285823 0.587110 0.280549 0.107699 0.904761 0.161922 0.102087 0.692024 0.040171 0.184214 0.018173 0.187648 0.137305 0.493019 0.170618 0.553010 0.849820 0.513286 0.016925 0.506812 0.362566 0.306909 0.222871 0.851291 0.974019 0.392056 0.638218 0.356067 0.986819 0.669235 0.389814 0.257527 0.620231 0.266733 0.684164 0.397805 0.947986 0.668388 0.509675 0.598237 0.097868 0.163990 0.657074 0.349920 0.696519 0.561716 0.188129 0.080940 0.261163 0.960553 0.365654 0.276447 0.335773 0.701244 0.199465 0.180789 0.352711 0.356141 0.036642 0.921026 0.340574 0.146561 0.151544 0.786404 0.125901 0.623397 0.821664 0.591215 0.064999 0.275034 0.710064 0.485389 0.432776 0.139482 0.542307 0.350246 0.751903 0.060955 0.699113 0.061426 0.252930 0.120862 0.605660 0.090957 0.631032 0.354031 0.076041 0.026852 0.340049 0.892928 0.792439 0.016038 0.651643 0.815201 0.985538 0.081346 0.049266 0.293621 0.832716 0.313797 0.734004 0.843736 0.440292 0.615639 0.898126 0.328775 0.441094 0.146214 0.419315 0.325942 0.479828 0.696268 0.035822 0.911909 0.185561 0.942694 0.523837 0.486794 0.985501 0.349818 0.726436 0.510864 0.220221 0.311385 0.284335 0.948149 0.099945 0.013024 0.209650 0.358022 0.126096 0.387666 0.913740 0.922674 0.323776 0.935320 0.374050 0.786624 0.578244 0.289299 0.882472 0.506490 0.998128 0.460571 0.830309 0.499671 0.750454 0.980641 0.253305 0.833751 0.463733 0.997261 0.514913 0.580016 0.840085 0.137618 0.462445 0.748110 0.077540 0.746915 0.832014 0.558555 0.463173 0.953278 0.176504 0.909466 0.733047 0.224782 0.060996 0.302075 0.188292 0.657121 0.983773 0.731010 0.105640 0.882504 0.736501 0.091594 0.500782 0.644472 0.537634 0.799351 0.499788 0.082779 0.816574 0.222370 0.873524 0.154942 0.790936 0.189239 0.372526 0.591566 0.550686 0.513571 0.077913 0.918828 0.369521 0.723007 0.736163 0.833760
0.108114 0.280165 0.745296 0.578480 0.267229 0.240892 0.843790 0.640656 0.684491 0.696784 0.979247 0.296672 0.167720 0.292294 0.591981 0.290196 0.991914 0.107436 0.274705 0.644323 0.926255 0.339005 0.233517 0.918270 0.360162 0.147897 0.649658 0.756833 0.164256 0.175132 0.662083 0.861386 0.055390 0.027952 0.388463 0.548444 0.535561 0.170547 0.374102 0.224900 0.385548 0.143514 0.886665 0.803940 0.004858 0.358821 0.352348 0.036667 0.232594 0.481075 0.205055 0.609377 0.819988 0.845941 0.334929 0.238071 0.155584 0.867110 0.041262 0.984790 0.837782 0.967540 0.957454 0.923880 0.440730 0.149582 0.931347 0.164531 0.938534 0.768044 0.021603 0.475436 0.268735 0.933250 0.929354 0.068447 0.322510 0.753800 0.597933 0.002089 0.111167 0.473223 0.958418 0.253098 0.083131 0.913058 0.987037 0.589850 0.515540 0.013161 0.950393 0.053944 0.941003 0.257732 0.434048 0.650006 0.102892 0.120925 0.931184 0.556444 0.587943 0.336412 0.794673 0.542855 0.578423 0.008841 0.822530 0.455589 0.361612 0.689122 0.653409 0.212414 0.425833 0.948972 0.976276 0.611658 0.478563 0.188547 0.742276 0.206873 0.430844 0.435300 0.525446 0.911680 0.478600 0.250781 0.444918 0.773740 0.074583 0.641228 0.308671 0.023544 0.771545 0.265488 0.802206 0.274816 0.515851 0.578897 0.679707 0.596053 0.990980 0.484419 0.610132 0.530369 0.600085 0.422388 0.575332 0.759386 0.327135 0.911906 0.223222 0.637598 0.837118 0.714096 0.474415 0.492397 0.906173 0.359929 0.320106 0.377800 0.350786 0.754527 0.141030 0.746246 0.664859 0.507043 0.345688 0.060072 0.680344 0.745829 0.288108 0.938017 0.428051 0.757025 0.214589 0.842666 0.856196 0.915514 0.267660 0.255665 0.060020 0.972674 0.228406 0.199170 0.696586 0.949320 0.123989 0.630972 0.254782 0.634799 0.041193 0.448430 0.298342 0.204633 0.507738 0.961049 0.255145 0.100441 0.622049 0.570244 0.583480 0.728039 0.469832 0.157892 0.637172 0.095618 0.854759 0.109993 0.042541 0.618144 0.870350 0.921258 0.601208 0.943838 0.639406 0.052557 0.843513 0.844550 0.781762 0.087986 0.628077 0.986211 0.903361 0.409144 0.348029 0.615230 0.801029 0.105581 0.478065 0.861845 0.173310 0.658448 0.693335 0.430747 0.107333 0.249907 0.877298 0.315271 0.877322 0.016942 0.460475 0.994025 0.309045 0.117161 0.193354 0.465290 0.908439 0.988368 0.445284 0.314837 0.493696 0.745474 0.489147 0.337342 0.551464 0.803696 0.960507 0.683930 0.064036 0.189908 0.640887 0.033670 0.134158 0.135057 0.468494 0.193966 0.221900 0.009412 0.714145 0.038390 0.356448 0.759528 0.856780 0.513256 0.180947 0.328964 0.569992 0.650096 0.932384 0.145556 0.923526 0.819590 0.813931 0.411211 0.241387 0.124716 0.312078 0.465069 0.664791 0.536930 0.991001 0.688024 0.620588 0.462756 0.874354 0.992611 0.887286 0.217890 0.506817 0.828829
0.279630 0.517158 0.558904 0.751850 0.826753 0.948764 0.160695 0.926891 0.467148 0.866757 0.754533 0.346533 0.532144 0.414725 0.843239 0.294351 0.410523 0.770275 0.657705 0.658045 0.387544 0.957922 0.144942 0.412912 0.412429 0.808960 0.681334 0.881703 0.902191 0.794926 0.746267 0.912328 0.169942 0.377504 0.058283 0.842463 0.168157 0.200040 0.225265 0.936863 0.186652 0.867331 0.893025 0.449978 0.523443 0.825603 0.777003 0.791282 0.421801 0.482256 0.797446 0.981565 0.184223 0.206290 0.742182 0.123797 0.087948 0.828733 0.746858 0.612091 0.809854 0.900846 0.447245 0.301791 0.984169 0.781751 0.823041 0.448982 0.766360 0.213781 0.533382 0.136675 0.454942 0.939173 0.558858 0.134489 0.446400 0.413240 0.862956 0.141775 0.460037 0.611687 0.730674 0.390390 0.173894 0.460713 0.938183 0.855443 0.975267 0.001377 0.615985 0.929241 0.150848 0.317194 0.256283 0.520165 0.448498 0.206803 0.850979 0.351977 0.045214 0.985417 0.621166 0.165888 0.920466 0.538771 0.059850 0.046018 0.283015 0.914277 0.734544 0.589394 0.037571 0.875557 0.239822 0.480534 0.326127 0.817573 0.772870 0.316618 0.050421 0.030172 0.584568 0.033913 0.845473 0.359287 0.983946 0.021501 0.037104 0.173919 0.906691 0.829544 0.893969 0.973089 0.458717 0.346622 0.509742 0.034986 0.611291 0.329073 0.158747 0.233446 0.200804 0.137525 0.731846 0.874871 0.351887 0.768398 0.874255 0.235898 0.801587 0.779602 0.820745 0.046993 0.596770 0.534397 0.042991 0.915114 0.316822 0.397030 0.998312 0.633409 0.787564 0.541038 0.624423 0.769284 0.332445 0.752385 0.057112 0.496167 0.696010 0.344251 0.278901 0.029621 0.273911 0.190801 0.838878 0.656717 0.425451 0.611099 0.841663 0.080009 0.362049 0.220109 0.205057 0.489404 0.145347 0.121537 0.043848 0.346341 0.694647 0.402554 0.966368 0.523025 0.674323 0.246831 0.310648 0.304395 0.250418 0.893160 0.370931 0.905058 0.143052 0.916295 0.894075 0.038463 0.743163 0.471619 0.211871 0.117857 0.751464 0.830021 0.341859 0.461331 0.796275 0.905331 0.488172 0.577467 0.304659 0.939553 0.793030 0.144672 0.577755 0.571741 0.418918 0.613124 0.447955 0.926679 0.557087 0.557689 0.374865 0.918637 0.866499 0.028400 0.308471 0.987484 0.509304 0.051315 0.226143 0.363742 0.446787 0.027409 0.339538 0.306396 0.312021 0.074072 0.510933 0.265472 0.350861 0.082847 0.976018 0.598720 0.974382 0.768155 0.889817 0.161523 0.803552 0.518051 0.762907 0.555906 0.002550 0.249733 0.039527 0.977304 0.225292 0.431015 0.044108 0.710305 0.654990 0.983099 0.704265 0.473039 0.418989 0.819263 0.275699 0.396629 0.683904 0.268818 0.340348 0.858685 0.483550 0.351861 0.356969 0.971065 0.687540 0.233982 0.179900 0.682655 0.543716 0.175630 0.235225 0.000601 0.268057 0.213613 0.202675 0.259844 0.258015 0.001271 0.571421 0.067423
0.379093 0.281563 0.880838 0.780979 0.374055 0.124922 0.104947 0.429643 0.916516 0.802424 0.665484 0.612802 0.658170 0.643241 0.510309 0.177350 0.531397 0.551196 0.402083 0.887480 0.332662 0.519111 0.337928 0.428459 0.994157 0.318847 0.969151 0.664995 0.309843 0.374190 0.805253 0.810479 0.764649 0.734907 0.291056 0.310193 0.086777 0.780030 0.101848 0.895796 0.948244 0.990868 0.430509 0.827694 0.858309 0.214943 0.292562 0.544157 0.328841 0.525795 0.730687 0.224154 0.227618 0.845209 0.903390 0.887212 0.465635 0.747752 0.944777 0.440376 0.740940 0.753571 0.526185 0.058888 0.351746 0.692208 0.502796 0.847292 0.698020 0.318933 0.872275 0.172065 0.355191 0.101302 0.081433 0.547387 0.673467 0.320409 0.276942 0.603776 0.025872 0.552367 0.224960 0.722254 0.533457 0.126155 0.660662 0.627903 0.896425 0.658271 0.629979 0.981935 0.886378 0.303943 0.066920 0.172644 0.233324 0.522407 0.730618 0.546785 0.842233 0.851179 0.604142 0.748434 0.172376 0.982267 0.266145 0.086396 0.762322 0.481281 0.540457 0.791211 0.297446 0.163912 0.839954 0.398878 0.555242 0.755412 0.611818 0.056619 0.922243 0.288838 0.803603 0.857964 0.708411 0.716727 0.945322 0.575692 0.846363 0.516417 0.533415 0.970476 0.767006 0.981160 0.708826 0.053009 0.744502 0.597968 0.719418 0.583373 0.709153 0.158897 0.609122 0.985432 0.539848 0.420320 0.560686 0.330656 0.647512 0.602262 0.176938 0.181623 0.511006 0.074755 0.655388 0.014188 0.111489 0.423133 0.485373 0.983875 0.574832 0.743703 0.604124 0.961206 0.841382 0.451130 0.443857 0.849394 0.351696 0.425213 0.523759 0.914635 0.208131 0.205840 0.357710 0.329701 0.674668 0.229044 0.399561 0.864398 0.812596 0.899479 0.071621 0.477870 0.948507 0.510618 0.057410 0.220876 0.271900 0.234859 0.468297 0.756458 0.625373 0.674512 0.406682 0.042636 0.922080 0.717559 0.933411 0.247156 0.213570 0.339839 0.663903 0.121576 0.316588 0.485507 0.918148 0.200350 0.883672 0.178385 0.482465 0.465487 0.761791 0.887107 0.137766 0.293351 0.412303 0.287867 0.927923 0.531253 0.013848 0.494385 0.651580 0.875027 0.543714 0.870331 0.339645 0.087267 0.515672 0.707886 0.004027 0.253879 0.711141 0.237077 0.481048 0.299347 0.139776 0.888942 0.273348 0.787355 0.635482 0.004966 0.770347 0.717936 0.145330 0.806881 0.600067 0.916873 0.935968 0.362697 0.028588 0.719484 0.273781 0.046912 0.769291 0.148897 0.901071 0.705418 0.135720 0.652805 0.722664 0.643201 0.414238 0.739999 0.456682 0.914875 0.979100 0.802303 0.069541 0.280217 0.384533 0.855961 0.053536 0.231842 0.014238 0.085428 0.286823 0.199482 0.099131 0.296826 0.201647 0.182008 0.183275 0.488630 0.475730 0.992008 0.225943 0.470110 0.432695 0.065624 0.551603 0.177151 0.708813 0.364347 0.928330 0.398757 0.864636 0.852319 0.146935 0.602546
0.682387 0.384311 0.812368 0.508538 0.702204 0.927500 0.494311 0.964574 0.324491 0.433440 0.802510 0.345902 0.105841 0.584105 0.048745 0.204414 0.803615 0.778995 0.112654 0.319322 0.286405 0.854826 0.028524 0.564088 0.068338 0.102118 0.028529 0.978745 0.140854 0.410990 0.786167 0.459650 0.580641 0.261335 0.296918 0.691592 0.056265 0.854003 0.353192 0.599489 0.562544 0.824470 0.089373 0.587461 0.032254 0.958541 0.150679 0.761532 0.724978 0.629747 0.333220 0.262234 0.384084 0.463162 0.495830 0.760943 0.224446 0.464622 0.620946 0.380077 0.927085 0.906618 0.501341 0.866881 0.681918 0.602803 0.017268 0.616967 0.600298 0.617886 0.767427 0.633575 0.362530 0.925365 0.787658 0.709286 0.988756 0.746953 0.283448 0.357965 0.183419 0.637974 0.026474 0.575520 0.303288 0.123971 0.867930 0.454417 0.772739 0.633078 0.602418 0.437366 0.113258 0.748515 0.397741 0.872016 0.551995 0.181885 0.748028 0.568271 0.902441 0.083208 0.545641 0.855022 0.876875 0.762074 0.028351 0.655213 0.841676 0.494000 0.693936 0.431124 0.077462 0.565549 0.931954 0.652884 0.586555 0.067099 0.343382 0.546242 0.706658 0.650483 0.362486 0.858413 0.925113 0.188549 0.756466 0.974252 0.655138 0.706726 0.749332 0.373998 0.155857 0.320390 0.163460 0.934754 0.271034 0.048183 0.122757 0.510973 0.820648 0.991478 0.864186 0.658803 0.120373 0.620157 0.930227 0.674748 0.229786 0.121329 0.311289 0.039891 0.739569 0.410504 0.199525 0.930783 0.341864 0.154738 0.739412 0.700257 0.322414 0.389046 0.628238 0.605580 0.002488 0.814978 0.595768 0.826636 0.004107 0.270299 0.673658 0.149408 0.146648 0.113102 0.251996 0.576844 0.683440 0.812032 0.385474 0.409784 0.514785 0.233474 0.913920 0.432765 0.797684 0.151825 0.276692 0.181364 0.953276 0.767058 0.242651 0.811500 0.232055 0.168218 0.083408 0.836026 0.564906 0.504719 0.083061 0.978025 0.553354 0.552257 0.269008 0.407294 0.448599 0.182243 0.695255 0.076840 0.423378 0.321488 0.260927 0.051842 0.393286 0.277824 0.184230 0.730359 0.850928 0.202903 0.792724 0.745301 0.730554 0.966275 0.489680 0.228957 0.041023 0.200746 0.258993 0.618213 0.983775 0.270390 0.406821 0.717680 0.570043 0.073159 0.873357 0.908279 0.237954 0.668285 0.437357 0.080488 0.114642 0.571002 0.714503 0.770600 0.600669 0.659490 0.511212 0.656062 0.858236 0.528602 0.746714 0.131607 0.017464 0.758451 0.759864 0.142306 0.638219 0.229718 0.925505 0.527425 0.488130 0.059856 0.302018 0.650965 0.456146 0.583344 0.957267 0.728408 0.339784 0.023599 0.846509 0.095342 0.683489 0.892774 0.990823 0.863013 0.665167 0.182274 0.593164 0.957879 0.646321 0.812125 0.674691 0.577709 0.230260 0.341494 0.942640 0.973172 0.112514 0.385705 0.378155 0.692264 0.645478 0.410283 0.582016 0.658681 0.781271 0.801301 0.411488 0.742556
0.253801 0.185556 0.512037 0.686198 0.105911 0.811987 0.239653 0.680734 0.603788 0.056709 0.570361 0.833409 0.157296 0.318324 0.796498 0.640022 0.824817 0.803720 0.625234 0.750222 0.652381 0.853158 0.827363 0.832588 0.612944 0.041203 0.014107 0.727419 0.950367 0.559270 0.272699 0.681978 0.655741 0.332518 0.100824 0.792838 0.258581 0.634803 0.156941 0.876386 0.845459 0.692749 0.569193 0.521578 0.155388 0.659962 0.425809 0.181228 0.520575 0.165931 0.539034 0.683846 0.027000 0.327720 0.178803 0.020360 0.735549 0.341338 0.855763 0.875149 0.923282 0.025554 0.947321 0.140457 0.314820 0.666435 0.672806 0.397798 0.610066 0.201895 0.814902 0.594130 0.613406 0.671643 0.714116 0.262106 0.839335 0.574539 0.037766 0.998129 0.159855 0.404956 0.178211 0.354548 0.201920 0.530161 0.098552 0.809327 0.028919 0.511221 0.094458 0.702957 0.174250 0.002686 0.716331 0.171873 0.464317 0.512797 0.508779 0.973824 0.049283 0.066936 0.391342 0.368082 0.323624 0.178906 0.220588 0.450270 0.212415 0.621180 0.758389 0.588326 0.957169 0.403497 0.925636 0.218943 0.405518 0.213867 0.441228 0.351852 0.474999 0.601050 0.879930 0.551430 0.884589 0.526530 0.516904 0.571492 0.231823 0.575505 0.005199 0.397272 0.081146 0.645339 0.802663 0.719304 0.677855 0.552554 0.011844 0.654938 0.108537 0.982960 0.436897 0.064351 0.718073 0.236868 0.433274 0.094684 0.114147 0.953388 0.962646 0.111536 0.499419 0.106235 0.592341 0.780305 0.595030 0.393296 0.661643 0.893520 0.141912 0.043191 0.279079 0.486287 0.113488 0.200317 0.295770 0.031707 0.260185 0.029364 0.527458 0.408647 0.940036 0.815650 0.643651 0.526600 0.847838 0.107417 0.275359 0.468582 0.579404 0.198658 0.878354 0.595643 0.738757 0.295107 0.341283 0.733286 0.552911 0.637643 0.936882 0.081175 0.173146 0.434904 0.868201 0.846462 0.561189 0.232861 0.013982 0.785301 0.988487 0.752055 0.068224 0.049440 0.129023 0.048088 0.421232 0.193927 0.112060 0.402930 0.873230 0.469182 0.462830 0.422357 0.133143 0.845692 0.168784 0.318314 0.497094 0.872999 0.971528 0.897660 0.183308 0.841914 0.863799 0.622564 0.466975 0.130337 0.055574 0.856346 0.790369 0.111439 0.493274 0.206921 0.064131 0.777896 0.067057 0.268436 0.259691 0.809866 0.347290 0.352850 0.773216 0.487067 0.153400 0.352631 0.619864 0.473395 0.178827 0.608329 0.473105 0.667042 0.613754 0.137042 0.382869 0.688328 0.521031 0.876813 0.210963 0.698825 0.812465 0.704075 0.924224 0.077816 0.680961 0.437226 0.096524 0.038684 0.800374 0.352183 0.740851 0.856475 0.997894 0.080944 0.894575 0.407573 0.772107 0.305448 0.802957 0.424905 0.614491 0.788510 0.552241 0.917957 0.735569 0.482644 0.269899 0.437923 0.317218 0.485401 0.012516 0.365246 0.174695 0.828935 0.489462 0.465764 0.697258 0.967059 0.199314 0.853622
0.931298 0.528122 0.319789 0.655395 0.170702 0.690169 0.717949 0.317984 0.730554 0.043585 0.015289 0.885922 0.339832 0.266221 0.337236 0.481477 0.774724 0.959661 0.208022 0.876093 0.978094 0.999181 0.508019 0.697014 0.461797 0.342616 0.650816 0.951101 0.147282 0.648266 0.114500 0.367232 0.007335 0.831078 0.343417 0.857813 0.394397 0.923751 0.326865 0.015191 0.708721 0.309406 0.850679 0.031798 0.575245 0.962253 0.778917 0.406580 0.540886 0.345701 0.586132 0.395021 0.909402 0.336334 0.934240 0.450432 0.728243 0.703487 0.942881 0.540922 0.473747 0.100495 0.933240 0.027731 0.216012 0.513779 0.520168 0.857485 0.272581 0.681382 0.713361 0.876173 0.188980 0.701970 0.029866 0.285346 0.138286 0.321163 0.573634 0.159407 0.518857 0.189145 0.742819 0.035180 0.035752 0.767945 0.938863 0.395093 0.237542 0.494644 0.813657 0.161256 0.008821 0.349412 0.998687 0.216186 0.676011 0.486770 0.359580 0.925918 0.121594 0.056529 0.859855 0.976965 0.604703 0.503876 0.305395 0.722315 0.922991 0.458310 0.569651 0.645537 0.956098 0.007089 0.170093 0.566391 0.175127 0.175330 0.710496 0.818090 0.251830 0.751164 0.468412 0.001587 0.100046 0.289598 0.434161 0.023170 0.217393 0.482432 0.412542 0.432948 0.483362 0.900148 0.891965 0.462231 0.378511 0.800760 0.443116 0.189931 0.061016 0.925452 0.666438 0.114458 0.645238 0.958798 0.726520 0.092646 0.478066 0.823557 0.844330 0.743075 0.037555 0.788178 0.697061 0.831863 0.957144 0.333846 0.071782 0.904091 0.849839 0.035629 0.857760 0.682583 0.296158 0.503313 0.324050 0.168537 0.590831 0.917865 0.557289 0.042026 0.060620 0.127280 0.729753 0.869436 0.019992 0.860883 0.743576 0.099950 0.624495 0.411711 0.494003 0.992556 0.308552 0.199080 0.147626 0.923271 0.496667 0.601378 0.575344 0.429566 0.419480 0.229625 0.202367 0.807960 0.186617 0.148772 0.009221 0.072051 0.482424 0.250895 0.096281 0.991618 0.651348 0.099560 0.815615 0.734098 0.855960 0.265698 0.080065 0.172633 0.427296 0.510466 0.800937 0.508514 0.036122 0.632647 0.656475 0.340392 0.222663 0.774826 0.811464 0.455543 0.795136 0.592525 0.155941 0.926076 0.759337 0.873301 0.002066 0.638124 0.937514 0.890246 0.590063 0.875722 0.625272 0.937891 0.148224 0.899672 0.650832 0.791677 0.588988 0.392583 0.458351 0.385595 0.751828 0.164293 0.880994 0.305526 0.072500 0.622838 0.326598 0.735765 0.715377 0.735477 0.688739 0.046614 0.602378 0.857020 0.116287 0.651298 0.284930 0.014510 0.769737 0.424492 0.806022 0.243913 0.285308 0.675937 0.525409 0.266306 0.728590 0.599273 0.384714 0.057498 0.743115 0.564188 0.213773 0.398592 0.980766 0.455665 0.872020 0.933959 0.991906 0.597006 0.321141 0.515713 0.573372 0.414974 0.413986 0.019720 0.289018 0.326682 0.919633 0.341618 0.200380 0.288964 0.818917 0.419975
0.791988 0.530439 0.472120 0.155112 0.076506 0.810903 0.906204 0.246535 0.653838 0.534597 0.580776 0.784792 0.593364 0.870909 0.607608 0.315591 0.634337 0.353317 0.740130 0.936012 0.740028 0.925158 0.234248 0.569688 0.289125 0.258573 0.047271 0.431318 0.549180 0.198696 0.675506 0.740965 0.827393 0.946278 0.946763 0.900120 0.940884 0.126901 0.281254 0.713568 0.225691 0.714986 0.967043 0.970843 0.951037 0.148665 0.211541 0.002805 0.633493 0.817875 0.691307 0.577487 0.803840 0.023751 0.202895 0.367388 0.639644 0.356216 0.451709 0.887331 0.342837 0.256480 0.496414 0.342439 0.229726 0.793644 0.634093 0.778625 0.765773 0.324508 0.010820 0.985349 0.932108 0.853472 0.416310 0.464764 0.213241 0.045756 0.594207 0.582285 0.553305 0.731061 0.349468 0.647805 0.773741 0.695686 0.222550 0.204443 0.593737 0.150714 0.347191 0.568986 0.721498 0.333293 0.626804 0.786884 0.367771 0.914495 0.673062 0.759226 0.578889 0.721620 0.092730 0.688226 0.933484 0.834389 0.432544 0.626348 0.390976 0.461666 0.851039 0.645105 0.203101 0.513826 0.003378 0.441581 0.420365 0.456965 0.860517 0.513858 0.050458 0.177492 0.110427 0.259721 0.100321 0.182884 0.850218 0.553738 0.382359 0.197298 0.284762 0.836592 0.135748 0.109247 0.027829 0.554515 0.017889 0.249922 0.007166 0.273471 0.034360 0.190630 0.988679 0.712731 0.770843 0.543378 0.845194 0.239723 0.397718 0.140671 0.635740 0.670317 0.601944 0.955101 0.907760 0.564648 0.111496 0.524438 0.391818 0.942842 0.136360 0.403859 0.659902 0.759255 0.763271 0.425578 0.310696 0.349376 0.956220 0.101727 0.359807 0.545533 0.617004 0.320478 0.483076 0.606060 0.242575 0.589467 0.380511 0.863834 0.743877 0.559589 0.450355 0.817115 0.358911 0.299236 0.029958 0.388014 0.186989 0.348531 0.323160 0.664860 0.020010 0.771693 0.391072 0.214550 0.048367 0.902748 0.595677 0.596376 0.268534 0.505749 0.031137 0.933425 0.423888 0.842457 0.452830 0.094831 0.265734 0.668819 0.930826 0.702521 0.806332 0.707169 0.559059 0.740363 0.721263 0.826702 0.356924 0.521201 0.333402 0.140490 0.934234 0.717055 0.181113 0.584481 0.683800 0.248723 0.141828 0.903755 0.412043 0.071060 0.687119 0.546399 0.010679 0.914073 0.183720 0.045068 0.772408 0.759189 0.264831 0.158487 0.547768 0.526176 0.688309 0.878782 0.728951 0.803628 0.212110 0.353089 0.210984 0.138574 0.719342 0.464429 0.292543 0.080992 0.488602 0.459292 0.061692 0.793200 0.965314 0.925344 0.281503 0.730192 0.236928 0.025164 0.414676 0.475570 0.275589 0.931387 0.345525 0.466964 0.929524 0.201539 0.870394 0.543231 0.344836 0.148126 0.254543 0.525710 0.022987 0.126664 0.411085 0.416603 0.347201 0.447526 0.159108 0.113928 0.486358 0.088006 0.265374 0.010529 0.034264 0.174801 0.151187 0.969811 0.864280 0.283750 0.768897 0.880084
0.194084 0.308513 0.105385 0.575024 0.882362 0.138190 0.858343 0.911613 0.217900 0.522034 0.149114 0.925521 0.617482 0.810935 0.142340 0.505875 0.081046 0.904826 0.486563 0.238799 0.507485 0.379922 0.671296 0.464559 0.548801 0.904197 0.405365 0.752602 0.643424 0.702763 0.978954 0.975634 0.050413 0.853293 0.214379 0.894411 0.504020 0.509306 0.558829 0.605611 0.395868 0.939117 0.036339 0.157728 0.841989 0.935744 0.161180 0.833563 0.848112 0.869982 0.892237 0.339093 0.921912 0.587792 0.994631 0.895238 0.195380 0.713345 0.915495 0.083899 0.260139 0.359552 0.818398 0.132039 0.085049 0.618781 0.936984 0.290063 0.986899 0.915524 0.252576 0.295160 0.783561 0.701745 0.707280 0.996567 0.493984 0.405388 0.041023 0.246324 0.578891 0.947805 0.350507 0.184937 0.533529 0.718727 0.801325 0.429224 0.943491 0.625800 0.791596 0.971638 0.485031 0.689538 0.847858 0.260537 0.006954 0.123444 0.237964 0.635549 0.843366 0.308655 0.295764 0.528536 0.847739 0.667115 0.837208 0.276853 0.022347 0.354991 0.148395 0.783616 0.148921 0.571298 0.014857 0.359653 0.355825 0.460005 0.626778 0.501036 0.247631 0.473851 0.563740 0.828542 0.685765 0.960988 0.216465 0.830433 0.949142 0.976714 0.772866 0.383373 0.344865 0.797268 0.959176 0.435739 0.565472 0.879071 0.084378 0.226033 0.719433 0.139582 0.834838 0.794949 0.159047 0.728671 0.374832 0.567770 0.348383 0.455725 0.640606 0.327484 0.208925 0.530480 0.534035 0.115763 0.273452 0.731552 0.549626 0.106230 0.704429 0.336119 0.714049 0.959340 0.990717 0.065060 0.365956 0.550046 0.927481 0.713650 0.190272 0.293732 0.369265 0.255434 0.837263 0.142285 0.523280 0.538201 0.087878 0.637899 0.338400 0.231496 0.092442 0.767237 0.308345 0.714233 0.224536 0.103684 0.089789 0.152450 0.018127 0.590577 0.805552 0.490816 0.347545 0.121392 0.568980 0.606159 0.664850 0.272560 0.597719 0.354540 0.936370 0.927757 0.569234 0.688721 0.861636 0.254962 0.881734 0.439389 0.065616 0.618651 0.529676 0.111583 0.008410 0.036507 0.516426 0.478124 0.455396 0.008961 0.826112 0.244872 0.202104 0.249368 0.051784 0.658234 0.153571 0.067738 0.460050 0.198920 0.203141 0.988555 0.997439 0.547274 0.322563 0.884178 0.049195 0.747924 0.773282 0.753552 0.926765 0.895517 0.597556 0.079708 0.425248 0.845261 0.877553 0.226496 0.532022 0.747252 0.750346 0.370090 0.537762 0.292836 0.524373 0.065009 0.624657 0.064201 0.934905 0.456138 0.862901 0.964183 0.365046 0.563474 0.849456 0.620726 0.484843 0.916360 0.531493 0.988931 0.806136 0.214608 0.260082 0.610449 0.706770 0.043828 0.809814 0.860584 0.618857 0.471628 0.219277 0.449693 0.569006 0.636799 0.609231 0.022182 0.269799 0.006690 0.631440 0.750604 0.895365 0.591437 0.010895 0.881579 0.092700 0.734175 0.792297 0.648369 0.415166 0.177786
0.453340 0.636938 0.372192 0.505277 0.412345 0.288766 0.677055 0.565065 0.655020 0.994918 0.165412 0.119568 0.648629 0.181941 0.840699 0.773951 0.532873 0.410975 0.559399 0.267658 0.538982 0.901204 0.991970 0.227005 0.106909 0.118122 0.794340 0.689665 0.255795 0.060281 0.746812 0.403006 0.950994 0.191339 0.664759 0.084857 0.985418 0.257179 0.610748 0.577873 0.597037 0.833413 0.431347 0.108416 0.264521 0.194068 0.961150 0.766438 0.720906 0.728577 0.539936 0.415766 0.216753 0.894832 0.779885 0.520289 0.791877 0.816572 0.333877 0.319423 0.755670 0.487159 0.079767 0.565345 0.479986 0.380947 0.950947 0.279396 0.569989 0.150595 0.475232 0.323130 0.772812 0.172058 0.198604 0.137625 0.896496 0.907964 0.218559 0.477039 0.273115 0.829872 0.829693 0.833725 0.268844 0.834820 0.622445 0.040807 0.284926 0.859532 0.918152 0.265301 0.368576 0.398312 0.807597 0.524590 0.699659 0.259032 0.666212 0.628958 0.844996 0.323571 0.402446 0.487374 0.899046 0.628273 0.038201 0.803092 0.284011 0.893341 0.080395 0.256194 0.042893 0.934351 0.011017 0.629013 0.548153 0.800301 0.251891 0.063165 0.295317 0.801870 0.124385 0.212145 0.792292 0.190657 0.854175 0.090451 0.820291 0.931205 0.266606 0.902405 0.494416 0.517273 0.522310 0.195922 0.043957 0.378078 0.814871 0.592980 0.824995 0.034002 0.714555 0.789087 0.690509 0.701596 0.109796 0.747260 0.935864 0.672868 0.770196 0.934888 0.141177 0.717652 0.687055 0.614924 0.640849 0.157096 0.456207 0.675148 0.990307 0.622573 0.307850 0.046249 0.256345 0.510258 0.191862 0.255237 0.331682 0.922266 0.746328 0.782934 0.373833 0.488400 0.808753 0.547683 0.915296 0.805939 0.899054 0.343146 0.564020 0.156551 0.001449 0.516792 0.873116 0.391408 0.761329 0.097719 0.299284 0.345547 0.165684 0.909207 0.165269 0.914814 0.929136 0.639493 0.906493 0.545458 0.451033 0.912968 0.043580 0.174927 0.593397 0.828252 0.938955 0.693102 0.320917 0.235893 0.389964 0.014858 0.589844 0.405521 0.684380 0.707932 0.690975 0.015707 0.241697 0.868036 0.761675 0.888870 0.356632 0.989475 0.120098 0.875584 0.267027 0.034693 0.559356 0.774747 0.988077 0.519148 0.957305 0.527131 0.943414 0.343713 0.496229 0.435461 0.505206 0.321930 0.398204 0.099693 0.116178 0.148818 0.433514 0.422888 0.607038 0.925955 0.994781 0.079964 0.360455 0.697041 0.276272 0.678443 0.542050 0.942748 0.837485 0.424256 0.487010 0.599657 0.816218 0.776448 0.496105 0.222815 0.026328 0.815187 0.242558 0.434862 0.418385 0.138582 0.367177 0.652472 0.968884 0.256864 0.571974 0.353756 0.234211 0.098062 0.702678 0.779903 0.010674 0.896616 0.844070 0.993627 0.639621 0.162731 0.773694 0.769023 0.325604 0.793274 0.422146 0.505790 0.196517 0.448210 0.105199 0.175877 0.985485 0.802282 0.485370 0.998648 0.184630 0.678402
0.836125 0.239938 0.618308 0.277526 0.739809 0.002041 0.137084 0.934936 0.524621 0.246597 0.556421 0.372903 0.898412 0.272703 0.742621 0.745575 0.615108 0.725067 0.178784 0.582577 0.568314 0.417431 0.075934 0.778501 0.238675 0.382704 0.764290 0.132721 0.730800 0.650003 0.309450 0.350771 0.387586 0.467977 0.419021 0.603403 0.250398 0.869041 0.519777 0.812515 0.077499 0.991596 0.808219 0.537518 0.413941 0.716413 0.785335 0.945812 0.217920 0.300521 0.203132 0.596382 0.391600 0.659917 0.092584 0.204361 0.022851 0.483490 0.361544 0.993473 0.552085 0.824118 0.555508 0.500040 0.138035 0.678856 0.093220 0.033931 0.254856 0.642963 0.082776 0.096514 0.132121 0.458316 0.643484 0.125488 0.574549 0.900380 0.566191 0.403689 0.816505 0.178078 0.331963 0.882384 0.999785 0.747389 0.194714 0.870337 0.317323 0.158658 0.375078 0.000523 0.281797 0.739976 0.901808 0.712943 0.595362 0.166903 0.229754 0.564833 0.430047 0.061257 0.080380 0.676686 0.713802 0.052044 0.232719 0.938627 0.091213 0.744734 0.484951 0.510353 0.706580 0.335619 0.788569 0.996638 0.405056 0.760249 0.800989 0.684643 0.676182 0.233534 0.940026 0.120669 0.186148 0.892914 0.955671 0.135193 0.868506 0.533512 0.619048 0.843958 0.843007 0.613471 0.756111 0.750231 0.202315 0.517494 0.460860 0.557607 0.135488 0.375789 0.475526 0.281055 0.878708 0.680196 0.524167 0.731353 0.837475 0.002258 0.819382 0.961172 0.583671 0.176181 0.786380 0.815555 0.607785 0.148647 0.696399 0.891760 0.394191 0.411817 0.185594 0.694929 0.269486 0.174001 0.765592 0.671886 0.000652 0.668360 0.317737 0.804893 0.471009 0.798627 0.045904 0.947398 0.254270 0.360409 0.384239 0.731162 0.382396 0.666881 0.358208 0.989728 0.575158 0.748437 0.440870 0.150034 0.309785 0.240855 0.450571 0.496308 0.527671 0.920163 0.670473 0.935508 0.233674 0.818699 0.565354 0.981868 0.617227 0.680609 0.378766 0.393784 0.562750 0.674994 0.668278 0.474594 0.616751 0.934940 0.236422 0.146384 0.743088 0.954489 0.106315 0.197481 0.051705 0.080133 0.046996 0.106688 0.424939 0.396624 0.875275 0.574693 0.413266 0.923187 0.316117 0.659653 0.677569 0.584842 0.334667 0.339937 0.084723 0.122703 0.127608 0.289003 0.665244 0.934915 0.808479 0.277779 0.859924 0.772263 0.851065 0.053472 0.541608 0.733333 0.418679 0.636061 0.808113 0.171196 0.099094 0.094878 0.074351 0.407374 0.302210 0.206955 0.559884 0.788874 0.984337 0.109516 0.812889 0.014574 0.323388 0.330246 0.707974 0.120322 0.356203 0.271013 0.540915 0.446412 0.846256 0.649113 0.512611 0.262191 0.235231 0.118998 0.248214 0.811386 0.502781 0.733626 0.997952 0.601991 0.272076 0.156748 0.623916 0.015878 0.270679 0.294710 0.647862 0.134659 0.013512 0.267509 0.080734 0.764944 0.743006 0.294045 0.029139 0.240028 0.992055 0.803317
0.503273 0.583802 0.310010 0.881401 0.672704 0.143493 0.178603 0.884316 0.398024 0.448538 0.782698 0.795650 0.396167 0.870099 0.329865 0.412720 0.084858 0.857397 0.025764 0.468547 0.166265 0.580233 0.230203 0.514372 0.733633 0.913421 0.490275 0.581984 0.587772 0.563531 0.895566 0.163470 0.783436 0.138103 0.404519 0.338937 0.999002 0.862310 0.704794 0.533573 0.529554 0.448253 0.588329 0.248658 0.206605 0.442504 0.684889 0.340430 0.599679 0.335564 0.248987 0.925963 0.044515 0.692764 0.590899 0.668621 0.402328 0.008133 0.334303 0.012061 0.592112 0.537318 0.752146 0.545217 0.592757 0.390649 0.617615 0.606297 0.518582 0.168654 0.241766 0.644140 0.195002 0.046786 0.611337 0.053279 0.607249 0.828360 0.637813 0.917785 0.158990 0.686387 0.335494 0.706267 0.645390 0.559952 0.870087 0.528081 0.812467 0.696318 0.702236 0.704907 0.507839 0.442525 0.468223 0.340864 0.817797 0.786539 0.409471 0.879819 0.110916 0.907602 0.047089 0.268363 0.302294 0.056309 0.592238 0.974879 0.981767 0.210003 0.257853 0.003185 0.503027 0.773097 0.908124 0.672459 0.888366 0.952969 0.802449 0.034160 0.832877 0.357741 0.587872 0.909494 0.048071 0.444371 0.926953 0.985667 0.534190 0.016380 0.341885 0.601128 0.467376 0.879066 0.907653 0.786719 0.247141 0.778668 0.100531 0.831653 0.342754 0.856379 0.505479 0.000064 0.987196 0.959234 0.748009 0.372626 0.455952 0.559793 0.479619 0.436728 0.412335 0.564631 0.044162 0.011639 0.917167 0.482836 0.858459 0.919654 0.420830 0.788026 0.826246 0.628321 0.960022 0.750750 0.779543 0.877059 0.694396 0.940026 0.793468 0.364240 0.626318 0.262122 0.519765 0.630958 0.267855 0.705532 0.167226 0.524711 0.017647 0.466161 0.799728 0.892338 0.823838 0.905021 0.521845 0.407338 0.582518 0.382575 0.279398 0.463202 0.906589 0.664765 0.229475 0.146013 0.249046 0.737377 0.044853 0.702188 0.889954 0.100827 0.361091 0.272916 0.262056 0.011658 0.429384 0.428185 0.768041 0.243985 0.393003 0.283004 0.156905 0.511689 0.456884 0.036013 0.942412 0.626035 0.476914 0.844480 0.006705 0.099707 0.598544 0.440230 0.039261 0.908602 0.871273 0.570028 0.380019 0.249934 0.219784 0.505308 0.016977 0.428517 0.355040 0.654772 0.590020 0.882120 0.257272 0.772715 0.573276 0.064789 0.741145 0.879185 0.769313 0.301988 0.827858 0.922245 0.357253 0.828966 0.398109 0.321487 0.135263 0.653487 0.362411 0.929003 0.300058 0.212728 0.796056 0.718115 0.774855 0.144008 0.196517 0.426129 0.442544 0.214323 0.329869 0.869716 0.468851 0.005919 0.696253 0.795285 0.156337 0.862604 0.175928 0.663112 0.267440 0.119080 0.775489 0.958084 0.149311 0.707117 0.709816 0.050172 0.398161 0.986052 0.945306 0.283184 0.666992 0.682761 0.654757 0.860878 0.705905 0.383751 0.245064 0.133050 0.638621 0.888280 0.156542 0.339791
0.018605 0.794948 0.199822 0.404880 0.421071 0.597899 0.718835 0.643193 0.732195 0.034570 0.467519 0.995052 0.895597 0.116740 0.127671 0.284922 0.579563 0.166135 0.485054 0.563320 0.236029 0.590544 0.133273 0.554215 0.048584 0.458734 0.594833 0.234226 0.870101 0.717360 0.454652 0.528620 0.145071 0.356559 0.780370 0.830982 0.862615 0.421561 0.150107 0.117959 0.177749 0.780582 0.000745 0.308434 0.886275 0.942632 0.328354 0.799238 0.312806 0.720891 0.252281 0.803488 0.575574 0.858457 0.734622 0.334658 0.207194 0.278102 0.066373 0.587105 0.797167 0.330629 0.805841 0.400297 0.344668 0.902527 0.927727 0.329240 0.827969 0.400517 0.022385 0.076487 0.703989 0.345385 0.635057 0.018080 0.623491 0.008114 0.489074 0.537229 0.460837 0.698987 0.125726 0.379712 0.794240 0.406157 0.303725 0.931776 0.590331 0.144554 0.224698 0.253935 0.775927 0.504389 0.046200 0.352203 0.440906 0.089444 0.119644 0.518488 0.115112 0.063482 0.081967 0.266093 0.550290 0.124739 0.724111 0.799810 0.812711 0.288577 0.543029 0.625584 0.402728 0.521985 0.465242 0.634705 0.623779 0.528696 0.215003 0.125671 0.374857 0.633207 0.842911 0.474434 0.385605 0.081218 0.005321 0.041260 0.937115 0.988316 0.846517 0.255130 0.498467 0.477030 0.550544 0.542866 0.128972 0.024241 0.045439 0.074875 0.326497 0.292629 0.565311 0.921417 0.353077 0.205947 0.924909 0.288523 0.971490 0.743165 0.471091 0.817353 0.252595 0.515493 0.440621 0.069553 0.767662 0.370179 0.634036 0.451865 0.899426 0.188665 0.739840 0.246612 0.937499 0.434483 0.750327 0.472808 0.015714 0.296810 0.509472 0.223736 0.757638 0.398116 0.907297 0.583020 0.419322 0.371868 0.534664 0.615524 0.098666 0.603976 0.649310 0.984380 0.942007 0.527962 0.923635 0.228079 0.421264 0.730255 0.299441 0.133837 0.373855 0.257127 0.224760 0.170215 0.734755 0.388130 0.940689 0.182253 0.886291 0.865652 0.123456 0.800556 0.953603 0.744582 0.807278 0.821562 0.060212 0.133967 0.658348 0.294284 0.845071 0.189606 0.219442 0.519641 0.531651 0.193996 0.058415 0.443383 0.316728 0.019556 0.049869 0.989373 0.854711 0.263161 0.580199 0.320387 0.789507 0.122598 0.754310 0.107995 0.198244 0.386325 0.540639 0.224180 0.433129 0.364662 0.236988 0.474431 0.304440 0.546720 0.032666 0.396598 0.545825 0.997891 0.279248 0.756494 0.972782 0.309687 0.556916 0.781674 0.284073 0.166109 0.389694 0.973625 0.319427 0.091751 0.733925 0.516015 0.792862 0.659618 0.293543 0.072991 0.743870 0.579256 0.470155 0.620685 0.202285 0.586476 0.776735 0.838068 0.278014 0.764284 0.290314 0.876771 0.549682 0.092702 0.941676 0.694794 0.403595 0.038804 0.240641 0.588039 0.943695 0.014093 0.671338 0.608907 0.666924 0.050532 0.891932 0.236776 0.744725 0.845585 0.859034 0.001838 0.104281 0.670348 0.633712 0.371553
0.531388 0.093878 0.354081 0.409253 0.842192 0.767288 0.662436 0.406790 0.964713 0.227441 0.123636 0.927816 0.628594 0.774349 0.468549 0.607982 0.748944 0.831182 0.939181 0.529004 0.691039 0.548487 0.533803 0.144883 0.564060 0.607562 0.820491 0.848379 0.512033 0.507996 0.774978 0.600157 0.994428 0.784129 0.662320 0.777223 0.614813 0.986026 0.509247 0.747646 0.945854 0.366754 0.447007 0.013164 0.267081 0.651722 0.487683 0.607457 0.816935 0.259237 0.123920 0.875437 0.840435 0.095510 0.616434 0.400351 0.014187 0.790188 0.181855 0.509183 0.837079 0.606146 0.040896 0.221012 0.032544 0.725804 0.535383 0.393105 0.085965 0.458107 0.293114 0.333434 0.887206 0.621966 0.837257 0.340400 0.449280 0.678598 0.177564 0.127211 0.699516 0.579614 0.891648 0.741950 0.417502 0.780691 0.990002 0.752192 0.844460 0.676795 0.568765 0.284919 0.768441 0.222982 0.607354 0.932187 0.024482 0.802591 0.318772 0.435568 0.983708 0.086487 0.255685 0.210210 0.019412 0.620450 0.779588 0.176097 0.101819 0.552311 0.310635 0.621341 0.093050 0.563387 0.365042 0.898597 0.999136 0.128113 0.975356 0.717008 0.954538 0.917845 0.668646 0.023452 0.257856 0.610889 0.975661 0.687999 0.548803 0.889279 0.117244 0.401454 0.931253 0.692654 0.529134 0.966163 0.701258 0.907211 0.501772 0.442269 0.437214 0.683143 0.764668 0.381865 0.262280 0.475521 0.330408 0.142060 0.823195 0.884379 0.354939 0.051777 0.497701 0.717405 0.714525 0.646309 0.650969 0.584047 0.061231 0.935601 0.932112 0.950680 0.998108 0.233424 0.302187 0.916709 0.315102 0.677244 0.246326 0.296551 0.557065 0.945571 0.209618 0.175657 0.985949 0.277413 0.241735 0.336989 0.312700 0.781753 0.934988 0.858653 0.102109 0.038315 0.901334 0.223341 0.946917 0.672520 0.586598 0.331830 0.369216 0.952879 0.008549 0.088503 0.131668 0.621300 0.523468 0.999581 0.501346 0.896062 0.365928 0.093045 0.278243 0.768276 0.726444 0.280681 0.310499 0.264000 0.625552 0.968364 0.580504 0.889048 0.589478 0.481817 0.820527 0.097725 0.228347 0.108786 0.863400 0.029006 0.297956 0.333343 0.828635 0.208362 0.487251 0.365755 0.748877 0.812016 0.423036 0.060453 0.123817 0.287735 0.828568 0.669998 0.232555 0.170230 0.057573 0.122949 0.204441 0.762657 0.119430 0.535536 0.373767 0.509496 0.141684 0.988590 0.751463 0.247829 0.602031 0.365895 0.348633 0.595436 0.935015 0.375453 0.741374 0.684630 0.260509 0.780778 0.575266 0.447439 0.293017 0.387608 0.469735 0.395937 0.648391 0.514830 0.174175 0.707591 0.124577 0.582609 0.370031 0.842773 0.346788 0.868708 0.186038 0.583379 0.776468 0.619066 0.230774 0.299308 0.129320 0.120622 0.082129 0.953301 0.672761 0.152579 0.317944 0.317155 0.437564 0.893136 0.248459 0.849852 0.410188 0.558095 0.334174 0.834866 0.038957 0.529355 0.191610 0.371223
0.991039 0.709357 0.731634 0.616902 0.998072 0.276163 0.543661 0.327705 0.594809 0.564849 0.803158 0.964962 0.482791 0.402274 0.861697 0.817407 0.395057 0.040871 0.909704 0.188569 0.729129 0.670491 0.989371 0.511850 0.599934 0.715032 0.587012 0.353710 0.107341 0.740087 0.997969 0.877942 0.235829 0.179626 0.723292 0.074649 0.285287 0.285079 0.376090 0.608547 0.404364 0.113314 0.978951 0.887720 0.592425 0.581446 0.228473 0.979521 0.490333 0.519945 0.900776 0.823278 0.835613 0.734271 0.154929 0.083435 0.548257 0.667050 0.864723 0.997612 0.401492 0.200371 0.259661 0.871773 0.091408 0.393980 0.001254 0.964389 0.331567 0.698858 0.521521 0.010334 0.628274 0.555352 0.904259 0.943352 0.103468 0.151331 0.447645 0.204653 0.920695 0.397650 0.167981 0.760467 0.749884 0.941395 0.155831 0.455262 0.164348 0.271693 0.873627 0.599894 0.060903 0.267664 0.261728 0.850497 0.164687 0.284416 0.593156 0.464872 0.524114 0.897188 0.460993 0.248449 0.684169 0.491926 0.334147 0.993524 0.530606 0.063404 0.134406 0.903304 0.673734 0.688282 0.676340 0.077876 0.537706 0.106626 0.369933 0.258977 0.267617 0.156755 0.602177 0.305581 0.260996 0.524658 0.596072 0.852168 0.937097 0.208998 0.938614 0.489554 0.807686 0.347510 0.944563 0.000341 0.456188 0.483293 0.601859 0.696908 0.691971 0.012644 0.053631 0.687365 0.891067 0.117416 0.452962 0.482371 0.626857 0.249470 0.274296 0.807373 0.878986 0.728283 0.798475 0.931126 0.921399 0.497951 0.253378 0.244891 0.638628 0.653166 0.790288 0.248475 0.914518 0.146872 0.755418 0.945026 0.788221 0.268594 0.252667 0.095822 0.622665 0.223059 0.321033 0.081143 0.100224 0.522092 0.461872 0.245381 0.336317 0.381959 0.036554 0.229428 0.922425 0.978661 0.971714 0.548294 0.058538 0.607502 0.535550 0.461223 0.802686 0.579211 0.354690 0.131324 0.738837 0.948089 0.272758 0.257014 0.825491 0.638606 0.631748 0.243556 0.977049 0.048373 0.449077 0.798773 0.014056 0.905236 0.393920 0.271287 0.152249 0.149099 0.701186 0.876620 0.524018 0.003313 0.509450 0.840512 0.520791 0.281304 0.523080 0.746582 0.537931 0.970552 0.518987 0.585891 0.926121 0.456502 0.646853 0.997673 0.025527 0.682429 0.264796 0.534185 0.947990 0.018359 0.352433 0.687420 0.777411 0.706142 0.316331 0.642129 0.635353 0.471269 0.474251 0.974335 0.175931 0.741852 0.989623 0.013820 0.154314 0.121545 0.381822 0.043463 0.667076 0.955726 0.133633 0.510689 0.279500 0.509433 0.675213 0.045001 0.373524 0.054153 0.240514 0.109703 0.344972 0.570938 0.599992 0.710334 0.139113 0.967480 0.762105 0.537114 0.601933 0.243947 0.774384 0.915522 0.518776 0.405594 0.141595 0.943096 0.953746 0.486788 0.596267 0.117881 0.049705 0.582092 0.398398 0.677968 0.451501 0.808663 0.865556 0.493590 0.751679 0.065636 0.050938 0.278703
0.908299 0.756028 0.106301 0.479613 0.607436 0.810793 0.015851 0.158204 0.229950 0.266325 0.072441 0.214225 0.268929 0.045482 0.277616 0.784901 0.199709 0.317754 0.158197 0.985599 0.477091 0.310195 0.690939 0.969343 0.573148 0.140101 0.415648 0.311329 0.330634 0.234099 0.709235 0.255540 0.666503 0.419702 0.042724 0.949450 0.724807 0.082276 0.371623 0.689368 0.953522 0.382495 0.051182 0.536422 0.727738 0.508832 0.451932 0.820849 0.504218 0.781401 0.277039 0.453484 0.791546 0.644254 0.634217 0.358358 0.934828 0.774350 0.904310 0.850305 0.532952 0.260288 0.559385 0.874213 0.429511 0.800346 0.004884 0.475352 0.277987 0.110387 0.667728 0.164214 0.689290 0.566165 0.167664 0.908929 0.900059 0.183267 0.981327 0.803556 0.364725 0.414890 0.233174 0.471803 0.711473 0.170944 0.134246 0.634157 0.714495 0.111791 0.374095 0.112557 0.620923 0.109723 0.509424 0.860762 0.808544 0.683540 0.853637 0.958189 0.463763 0.730480 0.527822 0.989078 0.709148 0.407026 0.430267 0.674725 0.093000 0.395000 0.840375 0.199499 0.434449 0.001835 0.174748 0.842816 0.048332 0.923244 0.789370 0.305663 0.123810 0.490950 0.694420 0.615053 0.371332 0.277746 0.979527 0.952073 0.918686 0.953482 0.526710 0.632824 0.332973 0.620295 0.660107 0.806722 0.552880 0.393061 0.057042 0.459087 0.705064 0.395320 0.908876 0.362378 0.958728 0.276195 0.291436 0.895332 0.753798 0.786193 0.446984 0.947439 0.718584 0.319773 0.626122 0.181718 0.371542 0.829894 0.945969 0.111994 0.163752 0.969605 0.442028 0.240289 0.337077 0.061455 0.031773 0.800092 0.881142 0.127718 0.718865 0.212938 0.291382 0.246188 0.007608 0.630527 0.638293 0.036172 0.228620 0.335788 0.401098 0.560215 0.410141 0.013237 0.015892 0.596181 0.557520 0.253458 0.013147 0.148996 0.907587 0.169183 0.424681 0.438551 0.500895 0.834462 0.478111 0.328979 0.066237 0.384327 0.185446 0.216197 0.992254 0.135112 0.528526 0.659789 0.974989 0.669062 0.110815 0.099924 0.107531 0.131498 0.115581 0.409819 0.024071 0.551690 0.383495 0.700743 0.120778 0.182622 0.358377 0.825360 0.960718 0.352393 0.140155 0.509537 0.339709 0.887411 0.619624 0.377513 0.779155 0.068959 0.811106 0.768190 0.400093 0.176586 0.355030 0.938991 0.716631 0.121516 0.630819 0.728093 0.654182 0.992461 0.172546 0.625186 0.722713 0.591851 0.271442 0.622780 0.824509 0.315570 0.097870 0.291182 0.131027 0.279299 0.633939 0.175689 0.894900 0.690127 0.884370 0.165365 0.589447 0.919476 0.168556 0.728165 0.541125 0.507520 0.199615 0.220172 0.376838 0.591784 0.816418 0.632324 0.306033 0.328626 0.257073 0.393870 0.546868 0.675437 0.911485 0.034337 0.639410 0.947878 0.651010 0.945777 0.594079 0.231225 0.096671 0.204877 0.735178 0.375041 0.898694 0.722052 0.981204 0.772957 0.734559 0.383675 0.476680 0.796489
0.874680 0.522660 0.917703 0.587163 0.847705 0.876097 0.618327 0.490845 0.430697 0.504045 0.336701 0.981130 0.857268 0.658140 0.105970 0.553458 0.006547 0.072718 0.682123 0.126643 0.912446 0.287767 0.766222 0.482966 0.907954 0.991172 0.404307 0.282675 0.539173 0.791218 0.575378 0.382412 0.210641 0.016860 0.446073 0.529724 0.061522 0.854367 0.570199 0.070673 0.697167 0.277189 0.124267 0.738813 0.068356 0.320652 0.919382 0.745954 0.382950 0.689611 0.124819 0.634652 0.009445 0.767695 0.517109 0.818040 0.363571 0.325732 0.147202 0.902266 0.308314 0.253186 0.775642 0.102787 0.462292 0.155174 0.312949 0.919575 0.102602 0.682489 0.457548 0.275854 0.941267 0.448667 0.765476 0.958939 0.761413 0.292130 0.592941 0.270857 0.507494 0.612628 0.600396 0.615914 0.596191 0.723144 0.904576 0.725715 0.603225 0.763218 0.673617 0.708075 0.973194 0.132616 0.790021 0.483861 0.527824 0.331240 0.268034 0.322441 0.707156 0.868012 0.128771 0.384165 0.034005 0.447505 0.018522 0.924953 0.446880 0.408802 0.266016 0.961058 0.817951 0.013771 0.396560 0.284298 0.053184 0.758455 0.141099 0.558695 0.431025 0.152607 0.528530 0.642869 0.262359 0.785418 0.187850 0.638005 0.752593 0.092102 0.579681 0.287080 0.719825 0.600277 0.002105 0.191230 0.266023 0.068431 0.844591 0.542382 0.820220 0.220550 0.298316 0.731879 0.248743 0.772911 0.380260 0.508011 0.283541 0.755166 0.227505 0.350175 0.884292 0.455583 0.097664 0.270091 0.786024 0.198784 0.518603 0.056446 0.241859 0.446509 0.189287 0.180457 0.977799 0.395457 0.384669 0.077855 0.688728 0.743919 0.862869 0.216898 0.058811 0.640414 0.993926 0.222995 0.736219 0.056233 0.447669 0.306957 0.246041 0.462528 0.771768 0.512146 0.244149 0.783847 0.180783 0.669151 0.437888 0.533561 0.665928 0.583331 0.128216 0.977776 0.459573 0.902740 0.329555 0.572682 0.910677 0.211570 0.401836 0.009567 0.123062 0.297302 0.201663 0.294343 0.172785 0.590299 0.863589 0.924243 0.816906 0.343264 0.320730 0.570354 0.435598 0.212064 0.088159 0.736701 0.787668 0.347148 0.212241 0.425645 0.966395 0.170501 0.505925 0.999016 0.081087 0.536545 0.064116 0.506415 0.926377 0.528167 0.479525 0.192577 0.443715 0.103010 0.425982 0.776086 0.243152 0.933559 0.866040 0.082291 0.846833 0.392584 0.156152 0.705576 0.173461 0.388796 0.954769 0.612148 0.080968 0.952332 0.678431 0.816774 0.488919 0.377804 0.754039 0.818970 0.862720 0.402119 0.679734 0.212865 0.225970 0.435950 0.772402 0.869740 0.394146 0.009908 0.785106 0.344217 0.212924 0.612790 0.764766 0.178722 0.366013 0.925992 0.806968 0.567681 0.999170 0.286135 0.252407 0.840326 0.431447 0.233737 0.327319 0.682745 0.758582 0.592553 0.343625 0.928042 0.232184 0.591622 0.732989 0.380283 0.506383 0.599496 0.638999 0.430061 0.204912 0.062064
0.223984 0.225587 0.847975 0.152575 0.341822 0.614861 0.046704 0.344929 0.273412 0.529983 0.111988 0.927036 0.512793 0.002639 0.120102 0.150989 0.305618 0.758418 0.338839 0.127233 0.741304 0.917347 0.435490 0.413521 0.057051 0.656821 0.951416 0.181961 0.224998 0.648774 0.018661 0.982080 0.749332 0.945226 0.745016 0.070946 0.550875 0.191317 0.645140 0.837821 0.299641 0.939216 0.200197 0.825186 0.841445 0.440518 0.694921 0.555018 0.839430 0.746683 0.179386 0.732183 0.982061 0.915906 0.313772 0.694753 0.786597 0.549202 0.454060 0.628499 0.820212 0.555651 0.689580 0.119123 0.996625 0.014319 0.473905 0.175282 0.624988 0.362874 0.799277 0.683170 0.880155 0.684575 0.102757 0.984157 0.186321 0.073682 0.987449 0.248195 0.075359 0.866069 0.385289 0.924277 0.860777 0.550561 0.419346 0.873853 0.851396 0.180776 0.365727 0.934509 0.758264 0.656716 0.782749 0.375519 0.690588 0.102786 0.326003 0.409597 0.405897 0.997134 0.421781 0.840061 0.216810 0.006846 0.268927 0.498129 0.248182 0.462118 0.403902 0.105878 0.394990 0.887528 0.286818 0.740893 0.738545 0.597120 0.217079 0.781465 0.755101 0.042240 0.023581 0.992112 0.262841 0.080542 0.238391 0.490125 0.299662 0.111791 0.850127 0.576884 0.033709 0.631079 0.174643 0.628775 0.275895 0.146845 0.204290 0.402218 0.603600 0.963670 0.707151 0.519398 0.741937 0.782511 0.530511 0.195783 0.587427 0.493851 0.976923 0.435787 0.553250 0.817498 0.226217 0.292314 0.940060 0.017221 0.301512 0.620837 0.496263 0.927397 0.368294 0.032028 0.863410 0.554360 0.393072 0.347335 0.921048 0.245751 0.598797 0.156164 0.772118 0.906639 0.126728 0.505352 0.978807 0.069038 0.560233 0.263580 0.894999 0.140381 0.261020 0.966626 0.604681 0.439764 0.665941 0.805754 0.223713 0.007014 0.255872 0.272116 0.989561 0.443677 0.728144 0.273162 0.909196 0.832713 0.175873 0.628276 0.427380 0.657929 0.552960 0.570651 0.823025 0.804582 0.507796 0.482014 0.574548 0.227850 0.665900 0.396006 0.785033 0.030017 0.723059 0.413867 0.907464 0.601524 0.715715 0.884391 0.050394 0.170385 0.676816 0.932929 0.032258 0.644630 0.941446 0.630094 0.614141 0.195263 0.563288 0.224040 0.921092 0.014703 0.509480 0.867704 0.237933 0.817359 0.029429 0.302814 0.575053 0.749378 0.458282 0.194089 0.187698 0.630083 0.945311 0.653444 0.867101 0.215504 0.684798 0.579741 0.285997 0.229115 0.506914 0.423683 0.817678 0.065837 0.359743 0.552141 0.009335 0.542221 0.389376 0.377518 0.176109 0.817847 0.050215 0.074126 0.962999 0.795023 0.842085 0.937591 0.653556 0.762753 0.380941 0.785927 0.771911 0.208611 0.648499 0.344194 0.717045 0.916367 0.467411 0.864309 0.693842 0.568128 0.095357 0.490624 0.722410 0.165000 0.832083 0.789866 0.268020 0.106454 0.006040 0.607201 0.354899 0.022070 0.364878 0.441660
0.057404 0.831499 0.243790 0.551310 0.640952 0.736301 0.747961 0.603686 0.462845 0.224112 0.755712 0.283591 0.295598 0.199980 0.688944 0.889158 0.529999 0.658690 0.164376 0.011303 0.808776 0.562476 0.796772 0.816953 0.200393 0.357816 0.936305 0.529481 0.186382 0.480955 0.518958 0.981655 0.097139 0.526737 0.829245 0.736444 0.351314 0.949309 0.719997 0.233900 0.023736 0.324872 0.092887 0.683655 0.168329 0.700525 0.859673 0.012001 0.154741 0.414731 0.012858 0.780369 0.814290 0.672511 0.183256 0.208769 0.627011 0.560502 0.386775 0.739490 0.590929 0.619021 0.759660 0.112544 0.073994 0.196360 0.889168 0.571272 0.084949 0.583846 0.371450 0.394116 0.722660 0.322429 0.293705 0.151548 0.848287 0.702382 0.594824 0.446539 0.198318 0.255460 0.922463 0.013772 0.120604 0.943328 0.220907 0.790986 0.914869 0.108593 0.720944 0.883213 0.635962 0.231672 0.457409 0.070980 0.146502 0.457327 0.410632 0.814201 0.178705 0.683740 0.107043 0.638295 0.210948 0.729734 0.540208 0.874230 0.561201 0.052077 0.337524 0.535353 0.290160 0.515413 0.247063 0.375624 0.195597 0.664491 0.759594 0.492964 0.425431 0.218921 0.624915 0.476043 0.816059 0.956659 0.687573 0.912282 0.597613 0.760662 0.743978 0.939548 0.915639 0.113414 0.438056 0.568844 0.838034 0.353625 0.628510 0.997001 0.081076 0.206487 0.130101 0.980876 0.457898 0.373684 0.833254 0.981961 0.732399 0.496388 0.322701 0.785871 0.201305 0.358886 0.742142 0.243693 0.102662 0.377364 0.855989 0.799365 0.500184 0.167837 0.598796 0.122765 0.171802 0.684865 0.660897 0.955312 0.897547 0.584097 0.971553 0.242449 0.169799 0.853798 0.946504 0.181810 0.948557 0.551512 0.858773 0.477509 0.523166 0.547819 0.562720 0.644742 0.665288 0.536261 0.403668 0.675842 0.927079 0.131730 0.346463 0.177280 0.372525 0.994496 0.295221 0.640636 0.466929 0.374803 0.302934 0.323612 0.332526 0.489793 0.760769 0.090412 0.338726 0.161867 0.683986 0.555925 0.778932 0.062119 0.710604 0.998894 0.680215 0.212121 0.351337 0.663911 0.751388 0.587841 0.612923 0.961909 0.198628 0.492222 0.227764 0.005670 0.677231 0.982586 0.055797 0.803275 0.800940 0.312461 0.673020 0.274759 0.869254 0.285459 0.067838 0.288316 0.556029 0.535990 0.939316 0.393451 0.671836 0.523706 0.866437 0.643061 0.939319 0.426342 0.599235 0.222683 0.661229 0.092827 0.740972 0.975078 0.151513 0.820307 0.208089 0.070197 0.478192 0.369965 0.493788 0.333301 0.439836 0.509075 0.661430 0.960380 0.449796 0.001120 0.092785 0.928212 0.599614 0.600741 0.118949 0.305793 0.243878 0.938003 0.777395 0.867663 0.981955 0.951495 0.157263 0.364877 0.323536 0.789200 0.727403 0.948143 0.544187 0.735905 0.212087 0.918435 0.953140 0.078832 0.093524 0.549042 0.174603 0.511489 0.457923 0.830551 0.662569 0.613216 0.987419 0.162675
0.179512 0.591658 0.074285 0.321264 0.748039 0.243106 0.742606 0.526509 0.827139 0.602078 0.929501 0.532088 0.409142 0.427170 0.972968 0.756182 0.414465 0.940900 0.237865 0.206311 0.453148 0.956094 0.562675 0.973183 0.036079 0.119417 0.574629 0.294807 0.933730 0.692260 0.984200 0.712007 0.259629 0.423042 0.908124 0.457777 0.222637 0.288821 0.874420 0.800376 0.870125 0.954139 0.491375 0.783452 0.685735 0.509416 0.462232 0.589775 0.149626 0.713209 0.717071 0.748199 0.905152 0.662005 0.301564 0.520454 0.938503 0.923486 0.212012 0.295619 0.897688 0.941322 0.721693 0.981873 0.617108 0.942337 0.286378 0.917822 0.877591 0.156346 0.495425 0.834241 0.752153 0.132390 0.746376 0.799446 0.825185 0.424806 0.299743 0.291877 0.938232 0.329448 0.546872 0.985943 0.758199 0.377669 0.464820 0.731525 0.158164 0.071986 0.961582 0.626561 0.590016 0.400916 0.527219 0.337805 0.540531 0.786957 0.432683 0.780100 0.384301 0.110061 0.455211 0.892389 0.724210 0.022803 0.264105 0.532022 0.385919 0.369726 0.796711 0.294918 0.119505 0.639908 0.215492 0.565158 0.758538 0.164346 0.679128 0.492284 0.380377 0.359718 0.989367 0.295998 0.505167 0.555635 0.682839 0.316269 0.644964 0.027550 0.195166 0.779886 0.112814 0.958345 0.662990 0.792191 0.255077 0.360137 0.963295 0.442894 0.626012 0.389435 0.339935 0.625258 0.991417 0.929284 0.318886 0.102255 0.170529 0.064695 0.260379 0.581610 0.131781 0.708377 0.031891 0.659368 0.656964 0.051666 0.920318 0.565364 0.672544 0.651401 0.489731 0.162482 0.927923 0.874794 0.056858 0.421059 0.423490 0.009088 0.725450 0.621156 0.634476 0.802719 0.726945 0.601245 0.054994 0.764555 0.569506 0.915749 0.004676 0.444075 0.142028 0.408036 0.736967 0.701112 0.467214 0.370732 0.005160 0.019429 0.839666 0.109381 0.739468 0.756528 0.965310 0.753207 0.451753 0.195685 0.840590 0.985179 0.761329 0.652375 0.401547 0.937353 0.499503 0.972225 0.184883 0.421610 0.920664 0.895758 0.280759 0.218443 0.562106 0.620046 0.665907 0.927290 0.703512 0.619617 0.578594 0.292099 0.108493 0.699889 0.915818 0.557266 0.628329 0.853602 0.540207 0.354824 0.552444 0.824743 0.387243 0.907049 0.644829 0.839702 0.544139 0.159839 0.037262 0.138637 0.482060 0.031893 0.283448 0.473688 0.501124 0.582647 0.835511 0.732738 0.043745 0.666396 0.299377 0.673066 0.403996 0.234268 0.274238 0.343929 0.272844 0.968338 0.449672 0.217502 0.541950 0.857264 0.916062 0.428688 0.274357 0.154312 0.097877 0.299526 0.852395 0.059340 0.819731 0.322306 0.274855 0.668683 0.856146 0.219631 0.667536 0.853338 0.434453 0.653220 0.837495 0.032748 0.502983 0.095059 0.079529 0.218417 0.224340 0.930241 0.609730 0.295477 0.367815 0.923893 0.063055 0.466255 0.295438 0.577755 0.339653 0.415092 0.245737 0.249587 0.531162 0.277464
0.701130 0.556275 0.157890 0.595063 0.216364 0.729555 0.220080 0.465090 0.218888 0.400604 0.707177 0.004136 0.017352 0.033416 0.250278 0.900572 0.831762 0.047157 0.976527 0.713034 0.159652 0.430737 0.416803 0.044178 0.543323 0.403032 0.445690 0.917183 0.845537 0.937154 0.689890 0.993150 0.121974 0.898257 0.897997 0.868973 0.681557 0.674391 0.848277 0.913946 0.584008 0.879812 0.344215 0.850977 0.353897 0.699365 0.191326 0.119181 0.342331 0.263324 0.763094 0.674234 0.655737 0.541695 0.869465 0.760143 0.992622 0.313938 0.718184 0.279219 0.722025 0.883229 0.412062 0.074435 0.692053 0.377361 0.925977 0.814326 0.106433 0.389281 0.248171 0.178663 0.295720 0.001617 0.351756 0.039170 0.214329 0.627814 0.302314 0.141298 0.531772 0.505943 0.862626 0.572037 0.228962 0.035561 0.726743 0.356447 0.023391 0.581395 0.387440 0.320770 0.588508 0.161693 0.495114 0.374334 0.084349 0.938478 0.557486 0.543832 0.324210 0.965085 0.007872 0.201111 0.101627 0.792145 0.499086 0.091126 0.440270 0.200926 0.111734 0.649066 0.401318 0.288847 0.291951 0.492129 0.137331 0.206094 0.239286 0.589028 0.340140 0.889889 0.246644 0.627793 0.666933 0.632201 0.439451 0.916994 0.344471 0.957079 0.930555 0.127172 0.449002 0.158666 0.287245 0.394619 0.989460 0.238562 0.561221 0.318076 0.825616 0.522978 0.138384 0.287852 0.831523 0.795650 0.379145 0.330924 0.986375 0.222810 0.261746 0.070668 0.171996 0.068013 0.254226 0.692618 0.294366 0.032735 0.830111 0.589230 0.393873 0.751087 0.326690 0.780229 0.849390 0.785503 0.428128 0.420466 0.241236 0.927505 0.800905 0.495826 0.469835 0.912531 0.206630 0.016160 0.750830 0.443131 0.159681 0.997137 0.246034 0.859023 0.565965 0.419466 0.424377 0.269693 0.125011 0.103294 0.506277 0.989110 0.319160 0.526004 0.933835 0.576929 0.536237 0.072298 0.938222 0.815179 0.805624 0.170388 0.601047 0.810723 0.977078 0.389310 0.631284 0.417743 0.414426 0.541135 0.155900 0.384815 0.748580 0.280274 0.285900 0.444973 0.735329 0.512583 0.351022 0.374292 0.925563 0.385832 0.068095 0.676876 0.012637 0.815206 0.320010 0.465301 0.991961 0.790068 0.495388 0.388271 0.565121 0.878005 0.498275 0.481123 0.744628 0.804189 0.700615 0.567899 0.214777 0.539779 0.692715 0.850139 0.518553 0.732661 0.216288 0.886224 0.137229 0.657303 0.219173 0.655438 0.017544 0.932574 0.909633 0.595975 0.387954 0.906605 0.865780 0.198079 0.103466 0.077734 0.841238 0.164728 0.192322 0.677858 0.431791 0.087706 0.854694 0.348662 0.346512 0.640748 0.890977 0.193228 0.244388 0.743904 0.737068 0.767983 0.330109 0.642107 0.618985 0.980837 0.048957 0.305204 0.081339 0.077898 0.801485 0.414375 0.289359 0.536242 0.651204 0.376483 0.967679 0.088388 0.885087 0.811249 0.452077 0.047365 0.896823 0.613972 0.934546 0.973185
0.469470 0.902436 0.704484 0.561272 0.887000 0.113677 0.397849 0.930276 0.415174 0.330534 0.358373 0.659811 0.065552 0.017951 0.200516 0.556537 0.498178 0.238007 0.359616 0.657272 0.340145 0.135734 0.917198 0.845076 0.893077 0.802028 0.268665 0.338413 0.792650 0.082417 0.108009 0.494202 0.952540 0.420799 0.286326 0.774565 0.026725 0.480572 0.306886 0.360836 0.796992 0.881704 0.524753 0.260011 0.743364 0.005196 0.700515 0.818184 0.623490 0.576166 0.000319 0.554902 0.848527 0.732373 0.369624 0.084787 0.947592 0.119766 0.229166 0.001624 0.704154 0.165665 0.050118 0.531851 0.735528 0.635441 0.429676 0.083149 0.595138 0.587747 0.992183 0.574776 0.686842 0.578487 0.519069 0.514383 0.503496 0.197938 0.471367 0.062264 0.834871 0.945466 0.502934 0.131304 0.275612 0.860025 0.691637 0.175480 0.171124 0.255512 0.309409 0.779101 0.422967 0.164720 0.502722 0.215694 0.572712 0.676192 0.264514 0.397909 0.532235 0.973072 0.288461 0.404795 0.639032 0.186099 0.373906 0.071328 0.504990 0.951548 0.240096 0.203659 0.664330 0.234019 0.716222 0.694709 0.914564 0.075044 0.055124 0.417492 0.892456 0.268592 0.902084 0.285234 0.848059 0.365731 0.672386 0.983971 0.016905 0.941220 0.539972 0.797683 0.762411 0.345525 0.380361 0.395720 0.618221 0.715382 0.704340 0.771682 0.618871 0.925301 0.407008 0.061689 0.880976 0.793497 0.783977 0.900420 0.405658 0.968376 0.850739 0.745358 0.248754 0.062223 0.116297 0.127082 0.591729 0.049516 0.586539 0.165047 0.804272 0.123650 0.227092 0.797172 0.047985 0.113834 0.903000 0.181909 0.868599 0.532787 0.286168 0.047146 0.365948 0.874937 0.194106 0.376823 0.237830 0.441847 0.676380 0.522440 0.402917 0.564162 0.069074 0.751984 0.940650 0.895407 0.584895 0.314629 0.200969 0.657951 0.036879 0.662564 0.431772 0.497953 0.678258 0.208383 0.905775 0.257003 0.024373 0.510964 0.370073 0.647145 0.993598 0.895176 0.861082 0.078005 0.768814 0.216847 0.691009 0.525041 0.237488 0.292180 0.716940 0.159573 0.139944 0.576224 0.902399 0.575888 0.288067 0.682564 0.823430 0.609983 0.912029 0.942653 0.372496 0.805405 0.376973 0.098521 0.876312 0.852819 0.294691 0.097057 0.353640 0.382234 0.182573 0.791190 0.467196 0.083868 0.502976 0.343053 0.813856 0.230981 0.148165 0.522448 0.315989 0.322892 0.489905 0.074772 0.238453 0.280169 0.310897 0.010772 0.530330 0.913095 0.361041 0.864248 0.191893 0.460435 0.775134 0.106193 0.778788 0.472483 0.677167 0.492263 0.942032 0.955227 0.846053 0.665702 0.940139 0.248282 0.927582 0.885200 0.146135 0.689993 0.603374 0.984747 0.325067 0.385109 0.127510 0.777679 0.716752 0.965340 0.084780 0.890250 0.371876 0.526654 0.862986 0.271169 0.550386 0.229003 0.708972 0.633300 0.240491 0.574463 0.961310 0.408139 0.221077 0.113993 0.317947 0.195297
0.458992 0.811309 0.086641 0.770094 0.073287 0.564837 0.295465 0.763231 0.386497 0.414999 0.633707 0.047361 0.545666 0.349470 0.649065 0.419094 0.980864 0.253523 0.745466 0.232298 0.027392 0.248544 0.614906 0.542892 0.639200 0.508903 0.209878 0.136365 0.740397 0.950519 0.148876 0.886831 0.492616 0.072040 0.830176 0.131548 0.662150 0.808069 0.674346 0.851905 0.539098 0.526504 0.310823 0.004395 0.970071 0.683648 0.507634 0.218798 0.741434 0.702595 0.998047 0.513343 0.223489 0.510882 0.893217 0.370190 0.190993 0.089214 0.644646 0.543632 0.246794 0.482158 0.860494 0.277194 0.163245 0.440942 0.568482 0.199103 0.885772 0.813296 0.233984 0.065442 0.316841 0.119087 0.681851 0.155323 0.119121 0.045447 0.523894 0.517249 0.539241 0.270113 0.922735 0.830687 0.017323 0.067295 0.526796 0.865028 0.185414 0.568576 0.492149 0.719961 0.480749 0.422992 0.417537 0.983769 0.162208 0.701530 0.049199 0.644671 0.176379 0.965246 0.241473 0.607527 0.710306 0.532898 0.638645 0.391560 0.685437 0.200114 0.367563 0.151485 0.174837 0.102349 0.387441 0.107520 0.410949 0.807220 0.510465 0.180281 0.113874 0.532769 0.718580 0.808415 0.862907 0.268893 0.725216 0.420189 0.195472 0.503905 0.043425 0.898642 0.272028 0.882601 0.930888 0.966577 0.439104 0.065396 0.809966 0.260063 0.895011 0.329712 0.787004 0.875719 0.314910 0.577602 0.506605 0.965223 0.012392 0.894522 0.027425 0.854879 0.402389 0.193343 0.099823 0.009292 0.861822 0.675163 0.083364 0.917340 0.684520 0.014165 0.300846 0.999537 0.157894 0.548351 0.113505 0.032929 0.980542 0.595886 0.968532 0.641882 0.445695 0.355194 0.986095 0.811360 0.970349 0.241601 0.075610 0.995961 0.639058 0.658353 0.686913 0.068852 0.850155 0.617177 0.253838 0.419638 0.678203 0.270940 0.743625 0.676982 0.754279 0.313001 0.524005 0.428238 0.908466 0.632617 0.485399 0.262868 0.442848 0.070216 0.956368 0.733256 0.649222 0.153476 0.413555 0.174252 0.744064 0.238199 0.349409 0.621512 0.789411 0.797034 0.968002 0.056574 0.294785 0.206428 0.861473 0.672007 0.155966 0.611888 0.136089 0.085095 0.339623 0.585407 0.002541 0.539662 0.976791 0.968165 0.240526 0.208491 0.071492 0.829263 0.607201 0.543509 0.813236 0.099976 0.350081 0.840395 0.116503 0.190705 0.149084 0.928017 0.639114 0.757465 0.842962 0.079111 0.600071 0.834612 0.069975 0.436274 0.923360 0.205840 0.568222 0.183517 0.750143 0.079328 0.937291 0.669955 0.255189 0.310164 0.168752 0.124390 0.770649 0.806760 0.891876 0.246842 0.781190 0.728729 0.989967 0.720786 0.291799 0.350133 0.193595 0.587027 0.503199 0.223807 0.518905 0.635319 0.492906 0.035638 0.758192 0.201732 0.647669 0.138596 0.284425 0.584711 0.275677 0.012659 0.490311 0.502394 0.078970 0.297949 0.657696 0.666113 0.311943 0.591887 0.508489 0.735480
0.790221 0.914240 0.717625 0.896050 0.323503 0.190676 0.786990 0.252766 0.939446 0.637809 0.023514 0.252843 0.051139 0.057601 0.890682 0.769489 0.214388 0.408370 0.801801 0.085911 0.094313 0.798226 0.927738 0.911978 0.548722 0.009133 0.424699 0.637447 0.280751 0.255252 0.427160 0.204300 0.787225 0.418112 0.245907 0.212985 0.906368 0.691252 0.859201 0.519059 0.123158 0.224947 0.229475 0.920795 0.758365 0.620828 0.953433 0.304573 0.257570 0.575998 0.456161 0.326097 0.719864 0.597220 0.000389 0.212706 0.051084 0.308848 0.818856 0.766660 0.157087 0.094849 0.328866 0.913430 0.422830 0.692408 0.242680 0.392632 0.548305 0.589798 0.873501 0.442824 0.135658 0.801925 0.634118 0.646517 0.442530 0.986302 0.045190 0.981129 0.923438 0.625647 0.807561 0.837465 0.282388 0.741777 0.954827 0.654618 0.105101 0.480233 0.886695 0.988439 0.612389 0.176228 0.133739 0.203774 0.220354 0.134153 0.235437 0.339745 0.621856 0.629235 0.381092 0.238333 0.633281 0.037329 0.570183 0.101797 0.340756 0.982060 0.576029 0.662503 0.680929 0.973824 0.020496 0.847840 0.665516 0.587600 0.748808 0.574973 0.728677 0.782115 0.263851 0.470553 0.387276 0.652302 0.992753 0.076244 0.336917 0.174327 0.335646 0.364377 0.148710 0.906307 0.161349 0.097836 0.262583 0.374684 0.930828 0.726798 0.627357 0.167292 0.885738 0.354145 0.679905 0.212637 0.884562 0.948392 0.567734 0.019284 0.337715 0.807217 0.885976 0.384985 0.869678 0.766990 0.116262 0.114938 0.461137 0.292460 0.413791 0.502700 0.683724 0.568199 0.403605 0.417095 0.499401 0.066399 0.456050 0.707653 0.187218 0.739649 0.162262 0.081192 0.967579 0.557637 0.005416 0.393299 0.650994 0.815830 0.671479 0.674961 0.616893 0.409616 0.178104 0.448217 0.125466 0.980706 0.183166 0.620334 0.859065 0.820943 0.945177 0.424515 0.640866 0.460904 0.923375 0.827833 0.412973 0.005776 0.162574 0.293574 0.596650 0.755071 0.925837 0.274341 0.633950 0.250546 0.940352 0.244364 0.687624 0.090698 0.865213 0.642240 0.476573 0.611166 0.898979 0.523142 0.272076 0.969644 0.080952 0.648655 0.203562 0.016611 0.647380 0.831791 0.727878 0.225196 0.349763 0.587666 0.343613 0.973558 0.888101 0.586379 0.258641 0.950326 0.676965 0.882267 0.962199 0.002328 0.976898 0.302137 0.026927 0.467358 0.028207 0.808483 0.465350 0.511191 0.862133 0.646051 0.420666 0.212849 0.578441 0.895227 0.996944 0.306211 0.368515 0.250439 0.002187 0.002132 0.860074 0.881007 0.215442 0.780753 0.985695 0.040228 0.895571 0.215748 0.941473 0.640506 0.436819 0.661795 0.302947 0.317710 0.796675 0.368674 0.908580 0.580655 0.459378 0.446988 0.621361 0.094265 0.005132 0.125045 0.043511 0.447614 0.264054 0.217234 0.373011 0.546064 0.561594 0.809614 0.060292 0.056898 0.618216 0.433267 0.641185 0.149106 0.579110 0.994297
0.677127 0.529005 0.614664 0.355560 0.097844 0.442094 0.836622 0.364816 0.688633 0.456205 0.716000 0.929404 0.751609 0.803770 0.722105 0.826897 0.428668 0.654364 0.373498 0.860769 0.627050 0.826987 0.797570 0.694454 0.359025 0.107648 0.078403 0.276434 0.341098 0.838514 0.183815 0.442102 0.139652 0.175084 0.388122 0.825985 0.933632 0.585457 0.890426 0.218637 0.078954 0.125615 0.548313 0.933592 0.932240 0.101009 0.975633 0.509333 0.959967 0.412772 0.706366 0.791593 0.483738 0.395703 0.749142 0.396838 0.355513 0.345702 0.005574 0.330662 0.932303 0.732185 0.769477 0.125259 0.202903 0.384083 0.348267 0.797150 0.077953 0.989819 0.737113 0.012440 0.217128 0.421649 0.285636 0.375067 0.885871 0.012434 0.109048 0.472299 0.248456 0.560002 0.751727 0.178054 0.778860 0.197396 0.413032 0.769601 0.595021 0.199562 0.754473 0.454727 0.466588 0.522797 0.625279 0.779543 0.598400 0.384853 0.010117 0.913159 0.397083 0.772310 0.768362 0.287972 0.483235 0.026255 0.677789 0.009192 0.022365 0.984984 0.498903 0.624156 0.923460 0.267225 0.425647 0.760789 0.680092 0.203157 0.658299 0.713924 0.819029 0.095538 0.334118 0.407008 0.316878 0.407434 0.183203 0.123071 0.297913 0.249626 0.731057 0.237669 0.283685 0.623299 0.206789 0.171316 0.710261 0.211692 0.504824 0.046109 0.398550 0.265400 0.934683 0.313693 0.281706 0.026309 0.373951 0.031975 0.889680 0.780960 0.070299 0.006928 0.851637 0.370028 0.277465 0.109919 0.553102 0.157696 0.975799 0.268726 0.194164 0.367828 0.229291 0.458613 0.720777 0.225689 0.296369 0.405782 0.590375 0.161020 0.889519 0.618678 0.785327 0.712945 0.944189 0.014122 0.608934 0.436355 0.578416 0.107015 0.340670 0.013832 0.179523 0.980018 0.111004 0.714904 0.297497 0.242089 0.107909 0.684966 0.874679 0.890552 0.598806 0.238996 0.792821 0.107580 0.008076 0.249606 0.945616 0.012449 0.658683 0.756359 0.073824 0.349759 0.700041 0.260794 0.018705 0.165390 0.570277 0.282864 0.279712 0.483207 0.441174 0.768188 0.592811 0.492515 0.376820 0.936218 0.432410 0.249451 0.439313 0.770652 0.421434 0.375407 0.550088 0.644035 0.910042 0.548033 0.965696 0.632133 0.994102 0.857675 0.983922 0.461598 0.613494 0.347016 0.385320 0.963664 0.408869 0.558867 0.578255 0.226915 0.756773 0.050452 0.239607 0.067802 0.464497 0.194494 0.360352 0.448515 0.655454 0.416384 0.273543 0.069369 0.940872 0.135111 0.490585 0.631624 0.450314 0.699377 0.270238 0.898417 0.549874 0.848163 0.730075 0.056455 0.869474 0.311385 0.802188 0.335584 0.680059 0.709844 0.065632 0.441869 0.046076 0.857149 0.858160 0.575542 0.195416 0.920864 0.519128 0.930490 0.997808 0.772402 0.225357 0.384679 0.540846 0.736331 0.444480 0.235757 0.966840 0.150706 0.962075 0.538356 0.691366 0.406334 0.283699 0.407427 0.912550 0.527747
0.592065 0.298299 0.517074 0.619784 0.027835 0.432757 0.176650 0.008629 0.490452 0.094282 0.636252 0.119573 0.679516 0.009127 0.676031 0.116530 0.389007 0.753838 0.868808 0.238874 0.315790 0.523706 0.490121 0.398665 0.246159 0.976814 0.170292 0.949300 0.459697 0.646878 0.781714 0.003857 0.772073 0.084301 0.466120 0.980985 0.691286 0.493663 0.484395 0.681128 0.735475 0.396061 0.857391 0.911058 0.286939 0.091959 0.732584 0.041336 0.176046 0.818256 0.346304 0.876714 0.181339 0.214941 0.762793 0.572090 0.013914 0.295189 0.559785 0.981537 0.428290 0.437031 0.930506 0.996718 0.235789 0.907141 0.849009 0.094189 0.668066 0.938524 0.852895 0.959012 0.065336 0.983455 0.737524 0.525216 0.216360 0.289718 0.828858 0.361872 0.821433 0.907179 0.679390 0.314232 0.946849 0.096793 0.291603 0.436402 0.392725 0.368173 0.514961 0.029108 0.810685 0.987679 0.658373 0.405246 0.709210 0.728858 0.134451 0.639207 0.843233 0.231129 0.671805 0.425116 0.690403 0.313872 0.178360 0.926338 0.808200 0.300912 0.166304 0.161852 0.448721 0.913843 0.454938 0.248829 0.236912 0.541928 0.723921 0.396670 0.061770 0.126912 0.750465 0.800846 0.421845 0.123014 0.943777 0.533761 0.519698 0.098024 0.467172 0.622136 0.325072 0.341974 0.143529 0.677211 0.979489 0.325652 0.823423 0.438530 0.973127 0.940335 0.596601 0.230833 0.782325 0.905295 0.777706 0.464539 0.549865 0.498476 0.199568 0.697812 0.014757 0.188507 0.568640 0.345643 0.566456 0.717254 0.969184 0.347180 0.268246 0.808580 0.526195 0.830043 0.567544 0.574432 0.507907 0.156059 0.802917 0.595619 0.197987 0.075336 0.619636 0.458500 0.141813 0.328748 0.689018 0.075901 0.042820 0.095969 0.306542 0.529372 0.719742 0.357086 0.133746 0.407936 0.880071 0.449115 0.951768 0.571837 0.747311 0.445349 0.215712 0.007169 0.083833 0.340321 0.883008 0.705513 0.911734 0.759792 0.408529 0.832164 0.414262 0.423004 0.664916 0.012343 0.944099 0.649374 0.462859 0.109922 0.654998 0.333350 0.943614 0.905774 0.123548 0.380224 0.080821 0.888988 0.134309 0.904569 0.668232 0.315469 0.743222 0.451694 0.288684 0.203821 0.597288 0.091038 0.221181 0.918774 0.579079 0.824057 0.393692 0.495722 0.844405 0.034839 0.990209 0.807705 0.647170 0.106104 0.557632 0.031616 0.514110 0.450632 0.198462 0.284026 0.318153 0.320934 0.352191 0.708369 0.756334 0.088670 0.194527 0.557485 0.318205 0.602272 0.296616 0.657676 0.522555 0.718912 0.933929 0.342359 0.410259 0.287562 0.220765 0.628853 0.058344 0.379728 0.793858 0.436716 0.248404 0.919297 0.407231 0.217018 0.789226 0.463060 0.474029 0.186393 0.110593 0.116317 0.032650 0.199746 0.177461 0.706180 0.620325 0.646648 0.354182 0.351056 0.915676 0.027341 0.874915 0.663148 0.674819 0.381753 0.776820 0.141851 0.632555 0.755905 0.257507 0.631009
0.265608 0.177706 0.354371 0.387719 0.574531 0.375309 0.769168 0.654367 0.798894 0.202954 0.748472 0.295837 0.686053 0.543981 0.731221 0.831672 0.817227 0.716781 0.938550 0.467348 0.851619 0.394857 0.315174 0.145935 0.959584 0.265818 0.392233 0.793527 0.229397 0.289398 0.077282 0.560486 0.912452 0.388365 0.240560 0.268919 0.805192 0.102664 0.065278 0.335989 0.075615 0.472728 0.513410 0.988682 0.591024 0.556635 0.482544 0.928060 0.478564 0.522411 0.248168 0.793819 0.508026 0.384880 0.759005 0.906130 0.439450 0.857182 0.752783 0.173324 0.166328 0.783059 0.644299 0.792829 0.116961 0.307422 0.519407 0.687078 0.741740 0.398380 0.436399 0.204659 0.604510 0.188553 0.444363 0.761787 0.132212 0.233859 0.062930 0.592837 0.493576 0.621719 0.565058 0.691766 0.775082 0.445393 0.363272 0.293579 0.254253 0.159341 0.488835 0.872348 0.933171 0.374718 0.613778 0.988072 0.540154 0.550612 0.055247 0.423707 0.097983 0.878570 0.146824 0.298458 0.495600 0.322777 0.980037 0.555141 0.430312 0.896140 0.790067 0.745206 0.787957 0.234320 0.111731 0.428942 0.534583 0.239035 0.002482 0.870848 0.465480 0.944593 0.490520 0.781064 0.643320 0.454910 0.478484 0.172585 0.309942 0.285442 0.290166 0.876585 0.580885 0.529806 0.491780 0.137743 0.225619 0.847411 0.710832 0.441505 0.117709 0.428707 0.672683 0.090737 0.613452 0.841351 0.661955 0.454259 0.913747 0.236670 0.682605 0.658356 0.624618 0.214424 0.330432 0.307066 0.250075 0.384990 0.346109 0.196715 0.086456 0.169629 0.571216 0.819180 0.685144 0.714779 0.223209 0.096835 0.748975 0.839248 0.510726 0.304217 0.541763 0.668492 0.848892 0.280145 0.796038 0.758673 0.901704 0.976936 0.721728 0.828741 0.608443 0.910466 0.597146 0.769334 0.140343 0.649845 0.512602 0.300937 0.303440 0.146804 0.511954 0.648166 0.541090 0.450239 0.146509 0.976625 0.441976 0.401686 0.113863 0.973338 0.270262 0.848527 0.332234 0.195467 0.049204 0.390777 0.721215 0.519022 0.786203 0.855556 0.193711 0.108419 0.964800 0.106484 0.413367 0.404508 0.479609 0.361978 0.612555 0.392584 0.260634 0.495786 0.629033 0.624864 0.060006 0.679465 0.916809 0.807904 0.856129 0.085848 0.172601 0.309887 0.818288 0.768787 0.153098 0.002979 0.595334 0.465825 0.999299 0.468180 0.335779 0.074304 0.313375 0.441729 0.870637 0.236006 0.275438 0.093934 0.502425 0.022310 0.642942 0.652145 0.047928 0.443610 0.399414 0.927659 0.148559 0.575534 0.487802 0.942735 0.018821 0.585909 0.066611 0.866345 0.632458 0.338454 0.029186 0.338736 0.907367 0.551095 0.925413 0.557552 0.061095 0.580021 0.021390 0.618435 0.979519 0.255777 0.356523 0.514512 0.681578 0.466561 0.412832 0.836701 0.758809 0.115955 0.592994 0.316342 0.867643 0.760328 0.786438 0.604889 0.876984 0.206860 0.681982 0.889836 0.695537 0.007694
0.143279 0.420040 0.475258 0.486333 0.411175 0.661962 0.887744 0.475288 0.203178 0.376137 0.754475 0.845413 0.629255 0.700164 0.360328 0.394181 0.593987 0.786597 0.234874 0.884607 0.730415 0.697291 0.948438 0.903154 0.212038 0.590766 0.794773 0.062525 0.375864 0.635814 0.269938 0.551309 0.511866 0.050675 0.129507 0.564663 0.505938 0.866570 0.499619 0.734512 0.932533 0.168296 0.785624 0.614540 0.463124 0.198194 0.048239 0.712391 0.994026 0.119350 0.975838 0.179135 0.969139 0.316017 0.869347 0.676071 0.746089 0.612153 0.143053 0.802123 0.406761 0.769565 0.356000 0.021976 0.324891 0.350334 0.711695 0.535815 0.209663 0.818737 0.364327 0.007996 0.874490 0.776099 0.302796 0.441111 0.782380 0.210473 0.583335 0.651737 0.912365 0.808729 0.280632 0.364353 0.342071 0.159782 0.243089 0.115361 0.826743 0.417530 0.198015 0.526407 0.054979 0.051909 0.351026 0.139360 0.001640 0.824938 0.922489 0.033869 0.707903 0.426700 0.961233 0.748701 0.781685 0.096056 0.059985 0.076361 0.316121 0.244277 0.338855 0.574038 0.417511 0.924562 0.932770 0.596223 0.357301 0.481346 0.057407 0.315192 0.516459 0.155875 0.903257 0.924742 0.871510 0.508136 0.928054 0.769125 0.488005 0.914220 0.249240 0.492543 0.075317 0.839721 0.624169 0.357230 0.042294 0.423111 0.998802 0.414388 0.307281 0.345617 0.423307 0.271487 0.035840 0.743215 0.146394 0.143541 0.496980 0.711526 0.530549 0.372995 0.613149 0.373767 0.205746 0.984157 0.884493 0.449366 0.954329 0.133799 0.263290 0.434285 0.472357 0.066899 0.163628 0.820632 0.539201 0.286040 0.212115 0.800934 0.570779 0.126330 0.260353 0.584601 0.922229 0.283121 0.223993 0.440304 0.079862 0.263465 0.181410 0.407082 0.104054 0.266496 0.755467 0.652351 0.836686 0.867906 0.328954 0.600244 0.854777 0.460599 0.145284 0.712881 0.807935 0.980649 0.972454 0.588411 0.946376 0.972592 0.738164 0.687855 0.325605 0.340301 0.229923 0.822875 0.722733 0.901931 0.991590 0.902708 0.783939 0.492981 0.185582 0.594753 0.032972 0.305866 0.717542 0.679194 0.787588 0.897714 0.972804 0.814866 0.210766 0.264605 0.181561 0.782443 0.923293 0.962337 0.702987 0.047305 0.524009 0.562313 0.635375 0.547524 0.940701 0.754337 0.407372 0.626647 0.757471 0.334370 0.258417 0.394869 0.171049 0.989232 0.344097 0.326837 0.795393 0.648605 0.781418 0.279023 0.994777 0.678459 0.501127 0.455199 0.410530 0.130601 0.088348 0.189446 0.561605 0.681811 0.529382 0.799837 0.856233 0.625700 0.387909 0.932336 0.066650 0.926299 0.601032 0.369573 0.664454 0.805096 0.558380 0.240149 0.084392 0.207426 0.550363 0.407078 0.475475 0.816069 0.261641 0.945560 0.698036 0.017545 0.510814 0.334495 0.735330 0.463397 0.458941 0.612447 0.271810 0.344101 0.544727 0.732791 0.840400 0.665094 0.210495 0.505177 0.646427 0.185231
0.112893 0.481041 0.244978 0.520816 0.204440 0.095108 0.600920 0.811907 0.350862 0.987434 0.592082 0.297296 0.597275 0.586650 0.720503 0.924985 0.123517 0.784285 0.104048 0.816390 0.671081 0.043719 0.873209 0.331760 0.692744 0.575614 0.850484 0.685668 0.331423 0.975709 0.520260 0.219638 0.656878 0.167081 0.548324 0.556784 0.401752 0.778855 0.110894 0.414637 0.137677 0.648661 0.675264 0.021636 0.432331 0.864996 0.445555 0.377954 0.985622 0.395255 0.394588 0.014119 0.969278 0.301734 0.140626 0.871938 0.751971 0.335940 0.695810 0.249347 0.054913 0.564248 0.463099 0.566071 0.631646 0.622350 0.676444 0.287750 0.876529 0.300519 0.031856 0.583678 0.364952 0.032692 0.008152 0.661960 0.839175 0.041743 0.403265 0.273432 0.699178 0.626587 0.381149 0.758178 0.103998 0.790094 0.272016 0.259949 0.381814 0.028120 0.852560 0.742643 0.520220 0.885315 0.039586 0.414375 0.440112 0.854747 0.755230 0.448003 0.998569 0.570502 0.564555 0.343097 0.251790 0.673860 0.393765 0.076281 0.633167 0.731132 0.086222 0.020710 0.238818 0.878561 0.520898 0.082212 0.284276 0.628636 0.090788 0.952950 0.946739 0.648051 0.486095 0.268710 0.545913 0.508613 0.671305 0.188244 0.299318 0.281666 0.677256 0.292570 0.689784 0.868678 0.663735 0.365148 0.114129 0.707233 0.955505 0.260698 0.422665 0.272171 0.282735 0.476475 0.048034 0.861357 0.352185 0.473903 0.235208 0.446508 0.372837 0.921359 0.731137 0.759834 0.391189 0.577084 0.350989 0.877899 0.331526 0.283754 0.168481 0.445994 0.517754 0.955839 0.702057 0.684616 0.931867 0.003063 0.621600 0.404966 0.596860 0.628805 0.800457 0.456386 0.641898 0.844321 0.964191 0.940723 0.218921 0.915423 0.603220 0.307005 0.973207 0.436528 0.415378 0.472822 0.425842 0.102544 0.851406 0.676838 0.801229 0.875928 0.680410 0.629569 0.819598 0.692445 0.720718 0.789936 0.934983 0.501153 0.805508 0.762913 0.554068 0.386752 0.530815 0.337097 0.403189 0.996691 0.931711 0.273674 0.932072 0.654390 0.481803 0.209563 0.755190 0.048502 0.758355 0.021769 0.432132 0.537289 0.044935 0.936125 0.215417 0.849423 0.728316 0.662171 0.925024 0.822188 0.788834 0.874006 0.186392 0.426611 0.994611 0.036951 0.812427 0.187100 0.905604 0.928035 0.208637 0.736693 0.019309 0.764027 0.510059 0.226972 0.188721 0.898395 0.264361 0.677981 0.958203 0.071622 0.145868 0.066473 0.284877 0.221640 0.531832 0.388807 0.088300 0.216395 0.081650 0.218267 0.100182 0.330317 0.239243 0.092970 0.919546 0.294104 0.215683 0.846339 0.127706 0.327777 0.872089 0.535382 0.427986 0.630570 0.586527 0.804846 0.081514 0.221546 0.684562 0.913970 0.071260 0.904630 0.153849 0.025340 0.655260 0.833105 0.939115 0.627379 0.971861 0.378392 0.918398 0.535365 0.644260 0.762302 0.571769 0.406150 0.512093 0.336324 0.561011 0.535237
0.107896 0.658953 0.032660 0.976694 0.116713 0.733372 0.737108 0.319927 0.837001 0.449000 0.554271 0.946346 0.692718 0.488162 0.564551 0.593735 0.375813 0.798748 0.739890 0.907405 0.754221 0.086032 0.039892 0.461800 0.110431 0.023482 0.530917 0.010829 0.087240 0.186139 0.634977 0.040025 0.120948 0.951357 0.533017 0.393096 0.639253 0.315329 0.323590 0.682239 0.609685 0.782538 0.307296 0.791907 0.019029 0.228385 0.868573 0.239016 0.325899 0.869478 0.654365 0.597085 0.852873 0.951356 0.890440 0.097321 0.134406 0.567966 0.787622 0.201081 0.735559 0.226440 0.413618 0.441658 0.281396 0.148788 0.694199 0.935149 0.645364 0.472897 0.988898 0.780840 0.953096 0.294413 0.775267 0.492678 0.725483 0.981309 0.108591 0.216855 0.810408 0.251735 0.283303 0.711679 0.245731 0.555307 0.705565 0.223324 0.819409 0.153794 0.302311 0.879579 0.843661 0.941359 0.985604 0.459876 0.721439 0.035177 0.374765 0.726703 0.715523 0.166078 0.216427 0.696019 0.988503 0.573057 0.289421 0.166079 0.468972 0.129473 0.155069 0.426571 0.959202 0.467826 0.809182 0.888358 0.929903 0.796202 0.819363 0.369801 0.506052 0.738185 0.276464 0.248025 0.368241 0.383277 0.638663 0.618143 0.721040 0.104000 0.490530 0.956207 0.080555 0.597674 0.056802 0.247860 0.758073 0.744762 0.117533 0.039358 0.066668 0.937771 0.043581 0.444027 0.001693 0.845691 0.618982 0.951969 0.308766 0.063354 0.255108 0.697118 0.567480 0.201202 0.696349 0.331247 0.129929 0.483759 0.406595 0.978380 0.674063 0.812224 0.564985 0.488864 0.765284 0.693644 0.123867 0.733931 0.879507 0.640640 0.531077 0.696561 0.343414 0.721971 0.824712 0.595182 0.712843 0.456176 0.768029 0.819833 0.069783 0.532665 0.814450 0.022320 0.813317 0.820225 0.879932 0.005379 0.587962 0.311327 0.066594 0.432034 0.907331 0.826425 0.753138 0.958923 0.223418 0.920802 0.484081 0.854704 0.951162 0.924081 0.131637 0.454322 0.433774 0.921287 0.334069 0.773721 0.451361 0.564549 0.206894 0.321673 0.961124 0.939459 0.612669 0.494111 0.404915 0.957150 0.826783 0.687190 0.280361 0.274074 0.845985 0.163062 0.296265 0.073833 0.088784 0.139576 0.205309 0.328044 0.619622 0.481202 0.781475 0.116125 0.423015 0.977564 0.026364 0.685708 0.018113 0.074904 0.994182 0.816059 0.712591 0.283514 0.495603 0.119463 0.253199 0.756070 0.588556 0.979583 0.586598 0.955241 0.718416 0.743522 0.928970 0.179061 0.679281 0.436193 0.343503 0.308721 0.529668 0.992636 0.028517 0.676147 0.488065 0.753086 0.415289 0.501220 0.517331 0.701591 0.663167 0.750736 0.852918 0.336209 0.438962 0.034561 0.478238 0.309712 0.517552 0.092790 0.776286 0.390426 0.571490 0.205590 0.512447 0.994871 0.574948 0.335121 0.089810 0.094742 0.869496 0.705553 0.031180 0.448964 0.366828 0.672959 0.168911 0.429320 0.043022 0.937942
0.858488 0.536477 0.185564 0.141292 0.132090 0.974860 0.291892 0.923814 0.642850 0.286026 0.238604 0.099104 0.481175 0.311222 0.350153 0.351901 0.646137 0.146821 0.472340 0.579240 0.303274 0.970421 0.986280 0.403530 0.973408 0.859520 0.304276 0.945735 0.702526 0.671331 0.653475 0.162327 0.272513 0.151027 0.635534 0.934094 0.829788 0.828282 0.918548 0.273656 0.296868 0.718871 0.949800 0.447485 0.828219 0.042287 0.036794 0.172964 0.361791 0.625133 0.711751 0.349802 0.562497 0.331484 0.065687 0.486979 0.573112 0.598045 0.205667 0.100370 0.751303 0.220805 0.846382 0.785144 0.216994 0.506775 0.600436 0.989579 0.306820 0.812408 0.691392 0.730620 0.508101 0.867399 0.317692 0.448798 0.413160 0.878869 0.093088 0.752484 0.589004 0.837228 0.535686 0.907120 0.258796 0.026217 0.307428 0.317115 0.336393 0.104623 0.334402 0.901329 0.432215 0.805166 0.310215 0.632048 0.604422 0.163205 0.708662 0.692079 0.621005 0.419448 0.390138 0.747455 0.983077 0.647604 0.229264 0.860089 0.482293 0.088624 0.399277 0.777896 0.849777 0.912375 0.912670 0.651594 0.099833 0.054002 0.047490 0.031638 0.921115 0.444957 0.268135 0.426356 0.543747 0.640923 0.575485 0.770472 0.445629 0.327385 0.317095 0.081213 0.737818 0.976881 0.855641 0.994188 0.674531 0.268328 0.198095 0.869975 0.463174 0.317929 0.062156 0.665130 0.791682 0.144833 0.645442 0.891138 0.762753 0.624520 0.920612 0.481283 0.519211 0.162985 0.583966 0.599653 0.948043 0.159677 0.474996 0.349783 0.974790 0.801237 0.644393 0.690545 0.398777 0.021588 0.270445 0.018015 0.964009 0.246906 0.181165 0.820242 0.974247 0.548025 0.062156 0.124192 0.890440 0.083302 0.702873 0.728391 0.525190 0.418429 0.867661 0.586170 0.153350 0.759413 0.536492 0.512257 0.421491 0.758101 0.267772 0.505474 0.857635 0.277422 0.880729 0.369492 0.579129 0.793267 0.304830 0.021961 0.015836 0.496908 0.331340 0.320613 0.670916 0.534928 0.007260 0.210995 0.941508 0.679731 0.164318 0.568872 0.532151 0.232731 0.342248 0.159063 0.122498 0.217861 0.631404 0.635757 0.779997 0.447311 0.042692 0.681929 0.379180 0.735523 0.154825 0.007137 0.506953 0.751558 0.892365 0.395165 0.657171 0.040754 0.193283 0.764726 0.402662 0.880471 0.313571 0.898748 0.647756 0.833988 0.839014 0.802506 0.719224 0.023039 0.654476 0.662060 0.141658 0.238779 0.524482 0.516289 0.199006 0.447350 0.511753 0.661885 0.982207 0.314952 0.222147 0.455503 0.199971 0.289975 0.650554 0.952728 0.413924 0.128679 0.966566 0.089156 0.855872 0.090042 0.935590 0.855489 0.250000 0.883938 0.399226 0.999417 0.644005 0.414306 0.283202 0.348024 0.807585 0.707296 0.735746 0.137576 0.303504 0.025815 0.096984 0.923252 0.321777 0.694854 0.331233 0.242850 0.567628 0.719104 0.176126 0.440994 0.165532 0.093652 0.663154 0.123657
0.641796 0.346135 0.234582 0.304770 0.050623 0.641841 0.027039 0.947157 0.443186 0.552094 0.458467 0.746268 0.586174 0.505236 0.057862 0.906730 0.125931 0.524253 0.087415 0.954073 0.693052 0.522706 0.482689 0.490971 0.482754 0.642655 0.777339 0.322310 0.374302 0.447206 0.759924 0.525319 0.112441 0.810483 0.535129 0.571076 0.447268 0.774825 0.674694 0.423120 0.557016 0.575297 0.693619 0.281030 0.587569 0.948661 0.501758 0.701450 0.903872 0.231816 0.742728 0.651065 0.175110 0.297312 0.942771 0.606569 0.310772 0.446289 0.503254 0.470170 0.422298 0.352678 0.012451 0.986080 0.008664 0.985486 0.615093 0.000898 0.990269 0.645782 0.954223 0.065706 0.736414 0.992962 0.823817 0.751681 0.477472 0.051570 0.107877 0.971204 0.953686 0.294023 0.155500 0.752023 0.681545 0.987530 0.979355 0.325131 0.456995 0.916835 0.402612 0.327737 0.670941 0.218459 0.634679 0.388434 0.109239 0.433669 0.863171 0.094185 0.516208 0.742691 0.539476 0.699117 0.172030 0.905491 0.526333 0.073355 0.555049 0.188946 0.628194 0.283525 0.060747 0.428641 0.290530 0.324106 0.332671 0.933601 0.585856 0.135384 0.832208 0.585920 0.252274 0.631784 0.621170 0.394534 0.615541 0.551759 0.024452 0.341695 0.556072 0.596633 0.860486 0.062396 0.180286 0.263612 0.526975 0.749756 0.818836 0.365474 0.527510 0.565832 0.629981 0.055132 0.098653 0.683406 0.324568 0.028066 0.332808 0.813494 0.952334 0.128027 0.759655 0.014637 0.327713 0.687544 0.585088 0.209905 0.922895 0.110147 0.774122 0.060723 0.954797 0.102619 0.201058 0.336139 0.987186 0.700958 0.128582 0.242057 0.157340 0.445491 0.002133 0.707654 0.430797 0.956548 0.841405 0.485453 0.041840 0.402559 0.090579 0.823499 0.433657 0.828982 0.286916 0.950303 0.676664 0.933167 0.213665 0.862549 0.690255 0.745237 0.511442 0.286672 0.056092 0.249884 0.480559 0.848295 0.778728 0.528105 0.797500 0.640579 0.898453 0.352720 0.604094 0.944541 0.370413 0.772001 0.066856 0.477191 0.844842 0.362698 0.806694 0.893663 0.556702 0.981445 0.627183 0.238648 0.958716 0.980259 0.573495 0.271445 0.875031 0.248395 0.816998 0.514723 0.956077 0.833786 0.840244 0.659402 0.152632 0.082787 0.004459 0.757248 0.457795 0.091945 0.626236 0.902123 0.838065 0.658230 0.830770 0.084589 0.486365 0.556856 0.428401 0.143156 0.957764 0.986585 0.857084 0.336493 0.975272 0.725829 0.706568 0.420020 0.425406 0.250681 0.410352 0.043206 0.161577 0.120126 0.458348 0.910992 0.092599 0.631825 0.784411 0.266003 0.352967 0.784220 0.740539 0.865279 0.121287 0.413348 0.226428 0.406431 0.222495 0.060254 0.614836 0.860310 0.826611 0.635643 0.055224 0.484379 0.124149 0.294438 0.937110 0.885070 0.951943 0.861041 0.046983 0.251293 0.370698 0.025874 0.228400 0.749683 0.169965 0.052261 0.491716 0.890984 0.467765 0.160952
0.326200 0.847953 0.583724 0.075341 0.157735 0.965961 0.873859 0.194393 0.465064 0.114249 0.828844 0.108781 0.832487 0.756018 0.543902 0.979092 0.006321 0.092619 0.565883 0.180975 0.035715 0.141900 0.442057 0.699429 0.392895 0.178348 0.696551 0.015979 0.940150 0.344019 0.992947 0.492544 0.005008 0.701254 0.838924 0.835739 0.089314 0.234434 0.230458 0.310820 0.732010 0.268713 0.694149 0.248389 0.613275 0.587633 0.859979 0.816879 0.411336 0.492257 0.771057 0.148988 0.622571 0.464197 0.996571 0.424666 0.251217 0.953923 0.647858 0.311093 0.574243 0.286398 0.749590 0.377110 0.736464 0.863675 0.774034 0.688011 0.157855 0.224865 0.388480 0.593230 0.087687 0.322772 0.222541 0.072522 0.957141 0.207225 0.491861 0.339756 0.514004 0.674398 0.651907 0.668725 0.638242 0.019443 0.818481 0.797902 0.592604 0.598879 0.070420 0.273269 0.977020 0.251775 0.891603 0.807904 0.894733 0.737058 0.134071 0.655664 0.722801 0.929755 0.890163 0.446290 0.019951 0.011322 0.470913 0.053806 0.573639 0.549853 0.497281 0.833657 0.939666 0.399442 0.143229 0.864043 0.085150 0.729097 0.934817 0.155807 0.703667 0.677941 0.267478 0.193759 0.061326 0.528328 0.977313 0.258880 0.286417 0.138158 0.893433 0.305606 0.034447 0.740898 0.111713 0.303239 0.919863 0.633975 0.303875 0.491778 0.832631 0.143526 0.825794 0.798013 0.395354 0.874887 0.847191 0.512691 0.122319 0.963962 0.972501 0.009065 0.306504 0.138802 0.558169 0.291912 0.584048 0.239347 0.760462 0.621279 0.555894 0.707686 0.361634 0.301164 0.837757 0.216398 0.117003 0.622370 0.186579 0.198278 0.277486 0.672968 0.936514 0.938277 0.847360 0.928912 0.583917 0.160388 0.410770 0.647396 0.781681 0.447398 0.670872 0.155878 0.364906 0.588265 0.348940 0.058096 0.378536 0.202491 0.147291 0.604346 0.526119 0.539785 0.434632 0.790157 0.288186 0.115848 0.269709 0.463246 0.254388 0.249638 0.520708 0.644982 0.915082 0.547582 0.568336 0.937430 0.808310 0.398732 0.436234 0.373396 0.866853 0.801414 0.127414 0.304290 0.605992 0.348962 0.948685 0.082658 0.436072 0.957958 0.210750 0.449987 0.742043 0.218782 0.978378 0.546425 0.342374 0.676041 0.692379 0.800591 0.662792 0.618204 0.428512 0.163988 0.342077 0.373319 0.522223 0.127353 0.984902 0.222362 0.053471 0.460421 0.601422 0.540098 0.485869 0.402423 0.495493 0.498058 0.411492 0.231513 0.249530 0.581210 0.854933 0.630164 0.849548 0.717632 0.602306 0.127316 0.778272 0.752056 0.876605 0.325791 0.976726 0.275584 0.037411 0.760293 0.140778 0.069453 0.590606 0.734943 0.442292 0.886533 0.103559 0.540519 0.420253 0.749953 0.874561 0.792884 0.685675 0.149232 0.481073 0.170119 0.429791 0.633520 0.010382 0.927837 0.241360 0.872895 0.883489 0.064390 0.855938 0.782782 0.759796 0.275459 0.236907 0.287942 0.009360 0.264747
0.676818 0.878120 0.187833 0.721547 0.778306 0.163875 0.789549 0.467214 0.483140 0.013894 0.701947 0.269253 0.428101 0.599442 0.875154 0.016949 0.056365 0.388988 0.541760 0.550929 0.689827 0.266521 0.549588 0.940404 0.662838 0.708029 0.707795 0.525258 0.339897 0.301755 0.345790 0.452372 0.269175 0.804523 0.704667 0.307617 0.659704 0.528205 0.592050 0.736331 0.717375 0.052628 0.254200 0.527827 0.902772 0.513054 0.257639 0.314728 0.529030 0.606585 0.924380 0.753052 0.642851 0.863704 0.724465 0.821836 0.674507 0.565403 0.574781 0.562140 0.073563 0.769344 0.096591 0.061013 0.664032 0.825718 0.296949 0.214989 0.677675 0.094660 0.646641 0.906983 0.912114 0.134379 0.739513 0.687812 0.249392 0.419670 0.143980 0.644146 0.703421 0.106671 0.079925 0.275756 0.730055 0.171295 0.025570 0.878863 0.281436 0.407614 0.457270 0.335157 0.578865 0.353646 0.724426 0.420891 0.314403 0.447822 0.520977 0.714230 0.076133 0.670050 0.863167 0.274091 0.582937 0.695850 0.811195 0.358509 0.677776 0.672086 0.212645 0.451836 0.439469 0.966213 0.484676 0.166638 0.119011 0.098435 0.924448 0.513243 0.859786 0.138023 0.508079 0.187867 0.866084 0.238555 0.288370 0.532127 0.337613 0.063085 0.446220 0.675388 0.334191 0.903015 0.003584 0.240800 0.811291 0.798044 0.282192 0.876888 0.073731 0.239876 0.995440 0.560745 0.242502 0.701935 0.250964 0.377329 0.408109 0.534379 0.868315 0.060817 0.786850 0.936838 0.402725 0.673204 0.441619 0.734273 0.359225 0.067811 0.379550 0.216815 0.380448 0.046036 0.017152 0.050083 0.425455 0.551855 0.518210 0.210612 0.444758 0.257379 0.911240 0.872862 0.427253 0.586980 0.478664 0.752936 0.533455 0.075603 0.420908 0.408297 0.688245 0.740228 0.931771 0.330507 0.920591 0.859747 0.679968 0.040064 0.150215 0.262268 0.995695 0.738988 0.464269 0.362682 0.517413 0.574357 0.977476 0.576557 0.114662 0.826057 0.176961 0.739621 0.074356 0.231877 0.137739 0.859607 0.189534 0.742082 0.654439 0.751088 0.016755 0.929763 0.869958 0.221721 0.710157 0.250514 0.319416 0.510510 0.704037 0.756906 0.381411 0.519842 0.818131 0.607029 0.602794 0.147429 0.465614 0.142060 0.133012 0.628251 0.447742 0.644653 0.661153 0.580889 0.816811 0.877389 0.225696 0.511004 0.935227 0.523900 0.569559 0.369255 0.460856 0.875246 0.224543 0.827144 0.066792 0.913621 0.493687 0.120741 0.640401 0.170300 0.363882 0.213039 0.777912 0.451774 0.383435 0.639603 0.435634 0.355841 0.077652 0.604549 0.315421 0.903466 0.792083 0.320571 0.091746 0.846005 0.599515 0.656276 0.227703 0.579125 0.436805 0.256788 0.814521 0.269258 0.365989 0.735826 0.692510 0.342140 0.252136 0.577787 0.425709 0.162415 0.371411 0.184098 0.555258 0.365156 0.042892 0.758757 0.275617 0.885136 0.837230 0.152828 0.008224 0.464281 0.217820 0.962867
0.774956 0.569348 0.564982 0.831701 0.177115 0.825053 0.665391 0.170677 0.861096 0.259838 0.678296 0.175985 0.142254 0.301254 0.799909 0.731890 0.156340 0.291581 0.277088 0.897011 0.066955 0.635234 0.174527 0.757632 0.723962 0.230608 0.172896 0.578321 0.539423 0.556916 0.297026 0.223419 0.729891 0.981613 0.763086 0.245621 0.620607 0.234299 0.949666 0.446295 0.049071 0.400091 0.151921 0.650484 0.306799 0.517328 0.055884 0.612375 0.291927 0.707111 0.977130 0.362796 0.958548 0.807351 0.787116 0.780367 0.089765 0.528713 0.183180 0.648543 0.377879 0.081841 0.854202 0.652659 0.055849 0.578046 0.762240 0.594994 0.767920 0.395636 0.595786 0.683245 0.892134 0.041673 0.182410 0.988110 0.112183 0.106275 0.180695 0.702596 0.076056 0.363528 0.396028 0.878616 0.696003 0.773721 0.078656 0.873706 0.832740 0.055425 0.271657 0.934592 0.581979 0.684491 0.763046 0.657578 0.218432 0.380382 0.098894 0.380615 0.799534 0.280821 0.810810 0.237316 0.555327 0.303952 0.116093 0.311519 0.635030 0.411358 0.999768 0.080026 0.945775 0.770378 0.028480 0.210319 0.308336 0.101012 0.733290 0.727002 0.722522 0.851032 0.061063 0.448270 0.193728 0.502389 0.626608 0.676118 0.564234 0.192408 0.764742 0.552568 0.609247 0.326998 0.511106 0.545915 0.325647 0.267865 0.921333 0.521716 0.825327 0.634729 0.507343 0.865256 0.398332 0.357679 0.515320 0.166609 0.180046 0.122119 0.061556 0.734530 0.922809 0.688312 0.620218 0.714681 0.213385 0.097990 0.212249 0.501538 0.901748 0.392492 0.605819 0.767971 0.391314 0.902177 0.919050 0.833649 0.116830 0.831090 0.456951 0.669538 0.744131 0.973243 0.960226 0.318127 0.023938 0.901625 0.976610 0.377757 0.774270 0.371120 0.396082 0.145250 0.280733 0.342462 0.165747 0.511086 0.295101 0.153416 0.958921 0.730274 0.172977 0.670920 0.874815 0.131004 0.438866 0.494137 0.977408 0.625804 0.307295 0.608507 0.217364 0.075425 0.145461 0.817148 0.741392 0.990490 0.354569 0.849509 0.916417 0.828991 0.949477 0.906774 0.486493 0.787836 0.106315 0.704927 0.673944 0.015281 0.953072 0.705389 0.039848 0.577476 0.324401 0.142125 0.451690 0.994643 0.917246 0.688198 0.776304 0.301043 0.648929 0.388431 0.536591 0.761262 0.386262 0.992612 0.395826 0.331261 0.299638 0.843275 0.841336 0.888226 0.941919 0.395376 0.112963 0.341783 0.283517 0.261474 0.005631 0.099476 0.482246 0.112142 0.743953 0.725102 0.806095 0.616680 0.992230 0.982210 0.639017 0.577603 0.395659 0.804934 0.968107 0.000907 0.209459 0.453954 0.030421 0.575139 0.103142 0.069841 0.675803 0.672617 0.349892 0.735974 0.944881 0.716169 0.784489 0.817067 0.431989 0.301429 0.602659 0.944611 0.296904 0.888242 0.102918 0.995025 0.238498 0.036279 0.332506 0.902495 0.645903 0.135937 0.662259 0.691475 0.512526 0.143477 0.218204 0.015543
0.684895 0.480766 0.103416 0.541518 0.263532 0.255584 0.436849 0.075788 0.178940 0.817603 0.972719 0.955547 0.375972 0.421930 0.217590 0.543228 0.617492 0.241668 0.693170 0.712000 0.500091 0.815334 0.958521 0.347657 0.585859 0.087160 0.967629 0.579390 0.175937 0.529971 0.436424 0.423761 0.922010 0.306667 0.400922 0.075229 0.676020 0.695622 0.471896 0.639479 0.809488 0.560924 0.781080 0.903862 0.587478 0.734255 0.440787 0.211371 0.658786 0.541972 0.899447 0.337856 0.711771 0.778874 0.481546 0.461678 0.598600 0.802887 0.076843 0.040148 0.815800 0.026696 0.727403 0.928685 0.870216 0.803969 0.430068 0.622661 0.478684 0.293810 0.853610 0.960935 0.408651 0.579037 0.066819 0.123181 0.963763 0.728393 0.051272 0.140391 0.972217 0.260022 0.269438 0.309444 0.585198 0.811203 0.607882 0.929057 0.133096 0.597969 0.915821 0.686638 0.890113 0.550241 0.589209 0.602462 0.873691 0.403469 0.286601 0.064399 0.192558 0.558938 0.709153 0.148335 0.405562 0.005827 0.893439 0.364610 0.543276 0.801714 0.791724 0.594482 0.576101 0.415415 0.954558 0.946260 0.623875 0.320984 0.976171 0.687853 0.056909 0.657133 0.700510 0.729998 0.893523 0.040965 0.759591 0.364375 0.118640 0.581285 0.474603 0.496464 0.535423 0.767251 0.367368 0.399446 0.332865 0.329533 0.950869 0.450965 0.201121 0.061847 0.245701 0.598987 0.158657 0.356135 0.678925 0.035707 0.116945 0.155024 0.764613 0.900905 0.561405 0.487857 0.991160 0.141809 0.076114 0.160204 0.426474 0.323779 0.589641 0.932964 0.006327 0.733723 0.708445 0.285003 0.825246 0.747274 0.201591 0.149540 0.195233 0.261968 0.350244 0.327146 0.281825 0.103919 0.033833 0.837032 0.423840 0.448034 0.187756 0.592524 0.647911 0.495325 0.383749 0.715561 0.038338 0.107585 0.436580 0.976305 0.658537 0.096854 0.619468 0.559972 0.101188 0.218215 0.406865 0.965821 0.154408 0.289541 0.795199 0.445998 0.690852 0.115725 0.329783 0.329072 0.314213 0.003177 0.680815 0.602404 0.596819 0.175113 0.797844 0.049920 0.415812 0.440027 0.857246 0.439574 0.836667 0.008717 0.558351 0.189091 0.915473 0.002712 0.357459 0.339454 0.631355 0.791918 0.343783 0.195774 0.839306 0.997375 0.455070 0.402245 0.996451 0.067142 0.801473 0.169026 0.032169 0.382532 0.263980 0.896347 0.238653 0.942223 0.149548 0.075831 0.295761 0.764365 0.738947 0.924288 0.449829 0.738113 0.315556 0.166915 0.881511 0.237133 0.465266 0.911282 0.593014 0.210879 0.580230 0.892420 0.807950 0.700271 0.931386 0.365957 0.885502 0.542502 0.145767 0.506501 0.732269 0.094587 0.307833 0.557122 0.855541 0.803474 0.999566 0.882857 0.260319 0.103612 0.403236 0.502038 0.536094 0.529205 0.768952 0.279031 0.917524 0.345366 0.074263 0.237729 0.219128 0.988943 0.544754 0.804160 0.098529 0.393630 0.551616 0.223949 0.494169 0.881878
0.682251 0.744251 0.494110 0.546680 0.959209 0.750901 0.055714 0.204698 0.529022 0.289063 0.090636 0.289389 0.330060 0.464426 0.117575 0.610452 0.377250 0.130040 0.701804 0.534226 0.314349 0.074757 0.034393 0.812982 0.118578 0.758311 0.354189 0.203529 0.867018 0.272284 0.337592 0.566347 0.238359 0.243579 0.851126 0.069151 0.624504 0.173046 0.626158 0.020744 0.311394 0.528567 0.549777 0.400628 0.048880 0.562613 0.947753 0.965653 0.248049 0.768087 0.104511 0.176916 0.532220 0.651316 0.521139 0.097244 0.168199 0.759340 0.133116 0.928221 0.231673 0.237263 0.177335 0.234925 0.476853 0.160783 0.335201 0.845334 0.258035 0.250335 0.882927 0.652992 0.115504 0.971655 0.799025 0.156438 0.274008 0.520868 0.925285 0.484302 0.739921 0.719887 0.091621 0.567104 0.173858 0.890085 0.623118 0.473768 0.011924 0.560637 0.416819 0.457806 0.948495 0.160133 0.846554 0.904976 0.093394 0.271489 0.482810 0.280247 0.509668 0.329601 0.864275 0.783865 0.634912 0.462423 0.205302 0.201207 0.395033 0.608573 0.289292 0.982616 0.401977 0.645710 0.510792 0.632689 0.217902 0.061465 0.461509 0.272232 0.336416 0.531114 0.000631 0.738295 0.020539 0.019548 0.684574 0.387309 0.081631 0.184240 0.341763 0.676896 0.852415 0.423685 0.168069 0.612710 0.793781 0.226196 0.482561 0.607886 0.324545 0.645792 0.310114 0.480554 0.132503 0.597636 0.077663 0.588784 0.089561 0.000444 0.815621 0.862427 0.913154 0.199739 0.916896 0.153169 0.335374 0.627874 0.082757 0.567629 0.256155 0.529612 0.416203 0.863323 0.807450 0.273135 0.543727 0.231281 0.643009 0.429185 0.873535 0.636684 0.996979 0.021507 0.137125 0.248460 0.117798 0.396150 0.380249 0.204548 0.488630 0.389617 0.430088 0.962910 0.149620 0.840402 0.587803 0.510199 0.301202 0.725620 0.897957 0.628261 0.994154 0.761825 0.674214 0.500086 0.022914 0.145364 0.512319 0.678454 0.900176 0.332527 0.392066 0.164655 0.664971 0.545995 0.519737 0.016020 0.807460 0.730133 0.320659 0.187222 0.156468 0.640640 0.123926 0.870781 0.740833 0.861604 0.094173 0.334256 0.158707 0.568341 0.989370 0.473949 0.197842 0.542342 0.587062 0.551189 0.708422 0.827008 0.438953 0.248864 0.663727 0.540316 0.173186 0.965231 0.821917 0.424232 0.181038 0.751410 0.437827 0.965708 0.806829 0.564486 0.293664 0.248783 0.349680 0.980541 0.948684 0.853441 0.866137 0.623103 0.633160 0.595892 0.558807 0.901644 0.583218 0.503418 0.382237 0.322900 0.545042 0.376532 0.964762 0.017230 0.896338 0.211986 0.878231 0.781915 0.376958 0.042855 0.013914 0.434744 0.929605 0.700103 0.457922 0.527043 0.134359 0.849533 0.042967 0.686974 0.764527 0.305400 0.800176 0.409945 0.671802 0.756885 0.243433 0.904915 0.695807 0.225083 0.409471 0.346029 0.427350 0.981434 0.753194 0.033406 0.466013 0.218471 0.578435 0.491707
0.808639 0.192814 0.577544 0.514624 0.282240 0.857694 0.015459 0.960370 0.589972 0.291547 0.819287 0.210685 0.343151 0.585322 0.529501 0.234967 0.334551 0.700522 0.138867 0.592655 0.896934 0.811223 0.282961 0.216174 0.063879 0.857748 0.041106 0.048009 0.798666 0.446887 0.477058 0.093796 0.473566 0.353130 0.147238 0.588649 0.633798 0.345482 0.883155 0.419218 0.473213 0.747698 0.094134 0.342462 0.290517 0.364773 0.838774 0.575448 0.090685 0.431277 0.085307 0.856517 0.120480 0.523625 0.482572 0.919999 0.079402 0.228480 0.005199 0.072748 0.335350 0.321424 0.732166 0.528057 0.644489 0.766032 0.517087 0.039582 0.416444 0.503157 0.758045 0.940348 0.252463 0.038764 0.843196 0.762165 0.940879 0.002339 0.516725 0.636505 0.863601 0.013720 0.520343 0.526287 0.206925 0.887504 0.021703 0.168170 0.142047 0.861694 0.314213 0.335876 0.868428 0.392107 0.440350 0.264290 0.410433 0.779982 0.764135 0.781011 0.160822 0.876387 0.456946 0.321935 0.738603 0.735018 0.271854 0.044300 0.949548 0.594092 0.234042 0.365471 0.645228 0.318501 0.841816 0.451497 0.646286 0.851061 0.913109 0.154286 0.712872 0.782177 0.373806 0.430101 0.113986 0.532952 0.103981 0.837411 0.135475 0.287849 0.077047 0.858372 0.504225 0.314542 0.208795 0.775588 0.042430 0.161111 0.008356 0.472746 0.952265 0.388053 0.790346 0.944290 0.831404 0.403200 0.106892 0.386402 0.029286 0.823643 0.275025 0.041333 0.339578 0.645791 0.014944 0.617776 0.905207 0.043996 0.115906 0.149885 0.488610 0.827421 0.571881 0.973256 0.045281 0.990776 0.423986 0.948748 0.507226 0.745553 0.599411 0.738489 0.782864 0.926510 0.009433 0.221901 0.116381 0.160670 0.095000 0.098816 0.935324 0.272699 0.264000 0.250638 0.644924 0.925511 0.804312 0.762699 0.370890 0.620307 0.165111 0.563075 0.713293 0.538076 0.537637 0.039016 0.475585 0.933042 0.058744 0.473475 0.431746 0.617022 0.149237 0.765910 0.115008 0.546630 0.989300 0.235339 0.993981 0.478501 0.160126 0.182185 0.156930 0.651712 0.865619 0.075403 0.030388 0.649005 0.448976 0.070043 0.972272 0.818457 0.605182 0.062444 0.654144 0.177583 0.401350 0.452395 0.668590 0.675398 0.068155 0.635965 0.199733 0.778680 0.963040 0.097462 0.468596 0.744033 0.789736 0.740318 0.723130 0.709656 0.211373 0.445384 0.701781 0.431745 0.154104 0.032891 0.461292 0.142932 0.144333 0.343540 0.733013 0.820666 0.131476 0.604495 0.907458 0.874867 0.377228 0.589876 0.802704 0.723360 0.369528 0.737164 0.296488 0.709170 0.814908 0.752032 0.804367 0.211046 0.925253 0.243842 0.820342 0.100878 0.229253 0.523256 0.279477 0.295293 0.170875 0.903696 0.724638 0.350326 0.685483 0.920638 0.252691 0.891376 0.990502 0.258858 0.226811 0.710559 0.573770 0.337609 0.146401 0.114670 0.422961 0.666941 0.502555 0.838925 0.755167 0.830982
0.734176 0.604690 0.070733 0.100355 0.223739 0.186507 0.560279 0.186003 0.563522 0.931978 0.862397 0.016498 0.062359 0.446617 0.194370 0.239498 0.872488 0.220351 0.014199 0.127098 0.108587 0.297121 0.675023 0.573049 0.897726 0.757341 0.048374 0.840342 0.100678 0.522328 0.322733 0.131375 0.260561 0.176442 0.099963 0.363492 0.019331 0.313326 0.320287 0.344842 0.698108 0.424460 0.232460 0.865285 0.768117 0.012503 0.265517 0.915127 0.471054 0.426267 0.194819 0.800025 0.355602 0.940673 0.641717 0.668157 0.113909 0.284840 0.581732 0.901663 0.886125 0.939126 0.770233 0.464989 0.978977 0.884010 0.065985 0.674079 0.497076 0.646758 0.098059 0.677719 0.215291 0.283670 0.178903 0.932774 0.376558 0.614722 0.840501 0.459362 0.414642 0.026518 0.832714 0.078326 0.107769 0.100410 0.663924 0.630619 0.279051 0.419256 0.003679 0.525091 0.468943 0.760312 0.293595 0.029279 0.704990 0.165369 0.748439 0.917992 0.418001 0.147375 0.002468 0.061931 0.491030 0.508482 0.940365 0.338158 0.078559 0.980587 0.746725 0.929256 0.147783 0.296245 0.070718 0.611421 0.028023 0.764040 0.546424 0.836284 0.095111 0.822457 0.855226 0.834186 0.617454 0.371137 0.536954 0.997973 0.703979 0.791967 0.328783 0.118286 0.582943 0.200570 0.354149 0.093117 0.302369 0.120893 0.696044 0.095193 0.828542 0.504875 0.662364 0.053197 0.382893 0.593512 0.449957 0.701073 0.275470 0.659152 0.187145 0.176436 0.780669 0.369715 0.810940 0.459265 0.400139 0.060462 0.846466 0.370448 0.346955 0.565732 0.759806 0.152294 0.324694 0.090701 0.795729 0.218991 0.505868 0.957406 0.140207 0.932448 0.208256 0.757124 0.763024 0.989568 0.025546 0.517299 0.074884 0.983965 0.832248 0.783100 0.058801 0.320287 0.627093 0.129480 0.217365 0.675695 0.930318 0.331750 0.415240 0.815457 0.485074 0.420637 0.843762 0.799669 0.474484 0.743310 0.215831 0.023149 0.780255 0.224186 0.947767 0.512650 0.153200 0.769956 0.917886 0.089397 0.539287 0.454737 0.383580 0.168204 0.926031 0.384100 0.998083 0.179824 0.142676 0.573167 0.331579 0.959885 0.291205 0.026302 0.295605 0.210926 0.956206 0.159919 0.779865 0.847351 0.744723 0.195100 0.405825 0.561247 0.782261 0.815770 0.352576 0.099291 0.380174 0.819697 0.491883 0.184784 0.296973 0.905334 0.927936 0.110584 0.641906 0.627810 0.991314 0.513835 0.816111 0.578487 0.168945 0.811358 0.017754 0.327766 0.103674 0.923189 0.964235 0.587102 0.577956 0.867417 0.375063 0.608063 0.180863 0.897195 0.169770 0.225721 0.153238 0.571634 0.865659 0.872654 0.139168 0.707835 0.112524 0.012614 0.622798 0.651634 0.529384 0.909758 0.700767 0.559641 0.416314 0.353743 0.472760 0.876949 0.902064 0.875402 0.210828 0.979459 0.492364 0.131323 0.669869 0.173994 0.089052 0.788359 0.133767 0.663443 0.577878 0.462771 0.937564 0.120995
0.101471 0.254245 0.740645 0.567076 0.578176 0.739160 0.129980 0.068862 0.526060 0.682313 0.761498 0.667545 0.913701 0.617763 0.606657 0.856475 0.071755 0.903198 0.666489 0.663385 0.550478 0.908893 0.827783 0.667034 0.937234 0.997469 0.784376 0.974642 0.249138 0.056558 0.971313 0.620864 0.028908 0.809270 0.165839 0.222269 0.608969 0.638067 0.977975 0.669578 0.061671 0.477528 0.050910 0.284711 0.121817 0.704432 0.553501 0.336074 0.924741 0.059514 0.832045 0.385301 0.024552 0.076075 0.622463 0.322765 0.789956 0.002411 0.709852 0.755509 0.628298 0.084588 0.707754 0.039979 0.417036 0.556018 0.289356 0.583931 0.666666 0.588098 0.634789 0.891234 0.103391 0.945117 0.920600 0.713049 0.639879 0.417828 0.310421 0.683618 0.488573 0.828174 0.308316 0.279810 0.866619 0.628333 0.253939 0.928378 0.649295 0.319950 0.690385 0.908505 0.641971 0.331645 0.119133 0.603449 0.223326 0.909177 0.571845 0.846183 0.443303 0.881132 0.365923 0.686294 0.330178 0.688564 0.625468 0.117403 0.665099 0.000481 0.067060 0.009622 0.580148 0.495425 0.534487 0.687187 0.569790 0.626636 0.209515 0.301609 0.994859 0.056643 0.371928 0.596365 0.413449 0.336745 0.645248 0.497509 0.499807 0.590570 0.712373 0.364221 0.020380 0.746689 0.720658 0.869030 0.786099 0.913710 0.219512 0.310621 0.522335 0.522695 0.613046 0.682259 0.261590 0.335568 0.568849 0.915235 0.961229 0.457782 0.813895 0.112480 0.258498 0.253650 0.525674 0.096775 0.098369 0.375916 0.007212 0.837780 0.097161 0.799548 0.707043 0.748021 0.235776 0.539126 0.176082 0.189382 0.799484 0.286321 0.147525 0.179834 0.757129 0.835355 0.900465 0.291775 0.512780 0.150255 0.354892 0.425959 0.547123 0.265392 0.440188 0.860811 0.908469 0.600683 0.826268 0.887919 0.314127 0.469990 0.832017 0.811955 0.435489 0.499159 0.997508 0.778521 0.394761 0.815146 0.262702 0.683792 0.581085 0.102099 0.283424 0.625931 0.394493 0.182867 0.543538 0.028583 0.450251 0.403154 0.706534 0.349035 0.264982 0.710984 0.502464 0.935810 0.127421 0.047207 0.079094 0.829958 0.546922 0.196571 0.568806 0.105680 0.781477 0.510062 0.358828 0.900427 0.033692 0.207423 0.214613 0.021913 0.635228 0.491243 0.715804 0.970840 0.602367 0.319636 0.053402 0.399862 0.872959 0.083523 0.745840 0.112235 0.232171 0.015143 0.786578 0.172832 0.045857 0.218842 0.690031 0.043798 0.032857 0.844753 0.062476 0.752106 0.438694 0.868905 0.060872 0.470764 0.580597 0.709530 0.798813 0.121072 0.754009 0.203604 0.542440 0.673111 0.833857 0.800107 0.629697 0.646641 0.427018 0.596295 0.453361 0.900237 0.045668 0.699504 0.107751 0.867225 0.581388 0.927966 0.278366 0.339442 0.366479 0.993722 0.873630 0.641060 0.770903 0.324255 0.294884 0.565257 0.605606 0.331363 0.378498 0.023827 0.679462 0.272776 0.625549 0.239577
0.495163 0.816486 0.831300 0.401618 0.047241 0.366356 0.386414 0.690181 0.107991 0.438686 0.252139 0.899409 0.993613 0.654474 0.991449 0.911596 0.658997 0.209010 0.762043 0.338273 0.259880 0.596606 0.687443 0.982246 0.980318 0.915783 0.213534 0.130378 0.165406 0.312781 0.662210 0.254499 0.041135 0.160191 0.775649 0.042593 0.537940 0.292992 0.743925 0.798226 0.775248 0.683046 0.470688 0.574686 0.651473 0.539656 0.706058 0.234325 0.525677 0.544735 0.180826 0.158936 0.725298 0.022658 0.559603 0.309052 0.116817 0.468734 0.545323 0.351116 0.962159 0.781579 0.094605 0.208465 0.046795 0.492788 0.672457 0.658355 0.351504 0.687339 0.828722 0.303070 0.952954 0.055310 0.560293 0.142847 0.023557 0.473464 0.231442 0.264822 0.624990 0.378185 0.698828 0.337561 0.623304 0.059628 0.116184 0.662711 0.076866 0.324393 0.673379 0.872760 0.242988 0.391192 0.279357 0.911440 0.054218 0.015114 0.236180 0.404438 0.926778 0.634302 0.608432 0.936050 0.560724 0.264870 0.664708 0.324372 0.278572 0.562667 0.145939 0.640271 0.973965 0.601072 0.069890 0.158213 0.361301 0.393523 0.004106 0.152823 0.673221 0.605153 0.725736 0.551910 0.676013 0.710688 0.638160 0.120828 0.637965 0.719020 0.137125 0.161284 0.822596 0.138229 0.643283 0.084942 0.767838 0.466112 0.708143 0.697257 0.275622 0.578785 0.274966 0.065349 0.019637 0.856072 0.140431 0.243231 0.242363 0.869372 0.813972 0.697509 0.788200 0.638369 0.507379 0.124748 0.384996 0.280673 0.879186 0.370727 0.135580 0.770082 0.166235 0.188088 0.145454 0.990680 0.118386 0.968925 0.589439 0.388792 0.340666 0.698066 0.720258 0.556222 0.922950 0.608742 0.854714 0.873456 0.690677 0.614581 0.463705 0.842918 0.841499 0.069446 0.215494 0.626024 0.838573 0.126981 0.270079 0.782101 0.758599 0.896116 0.614572 0.328469 0.241378 0.423612 0.673324 0.984553 0.447170 0.383954 0.714762 0.208665 0.438589 0.149457 0.838252 0.776402 0.597895 0.747529 0.396003 0.535371 0.221308 0.535186 0.314255 0.907031 0.246694 0.388210 0.739812 0.310984 0.649269 0.944937 0.063530 0.673952 0.048055 0.942936 0.014865 0.166110 0.768254 0.937624 0.544800 0.388223 0.256258 0.886943 0.744549 0.695701 0.187188 0.427030 0.687054 0.661798 0.969140 0.828097 0.289797 0.103065 0.557344 0.665460 0.548752 0.882252 0.842971 0.347239 0.275346 0.151564 0.514193 0.582457 0.593820 0.626843 0.216335 0.195009 0.891851 0.802781 0.503632 0.542945 0.419575 0.229348 0.774540 0.590369 0.983697 0.454852 0.584059 0.278999 0.687905 0.864919 0.986028 0.449938 0.972822 0.586204 0.556630 0.657821 0.730924 0.510233 0.996638 0.177696 0.600435 0.146316 0.908061 0.936773 0.522384 0.300818 0.576863 0.098633 0.910715 0.526349 0.840736 0.644238 0.203011 0.732835 0.066951 0.600453 0.072276 0.606394 0.725129 0.835737
0.916280 0.587045 0.156259 0.374534 0.490095 0.282271 0.060087 0.164212 0.599381 0.964179 0.997123 0.859019 0.452786 0.555210 0.562711 0.363709 0.823856 0.885752 0.201769 0.358719 0.583332 0.974751 0.258013 0.877264 0.515102 0.459384 0.043758 0.621263 0.446705 0.247995 0.648870 0.998194 0.999198 0.180321 0.132107 0.395522 0.754487 0.033264 0.473004 0.633971 0.620258 0.407858 0.253908 0.267329 0.548791 0.877526 0.095517 0.926296 0.402453 0.448591 0.539973 0.186324 0.330634 0.861597 0.293051 0.098223 0.876212 0.652434 0.247414 0.661709 0.914601 0.841619 0.241629 0.139523 0.429545 0.769764 0.912167 0.369391 0.587675 0.794686 0.732962 0.396802 0.273794 0.802434 0.631562 0.171910 0.017928 0.893143 0.296221 0.478671 0.879636 0.631595 0.749172 0.061258 0.551376 0.318047 0.450004 0.381906 0.394566 0.657441 0.784055 0.227373 0.461435 0.858308 0.467853 0.080752 0.827133 0.055020 0.632362 0.104438 0.311452 0.480556 0.925346 0.410136 0.806001 0.364879 0.358665 0.278289 0.704070 0.297177 0.601750 0.968733 0.746018 0.255250 0.271323 0.158282 0.538519 0.403603 0.082693 0.929287 0.795731 0.071722 0.166483 0.358496 0.508534 0.072214 0.642872 0.022384 0.410853 0.625382 0.619945 0.655480 0.614086 0.941399 0.922695 0.019585 0.313639 0.160246 0.089553 0.294616 0.960323 0.080207 0.456751 0.904523 0.134306 0.533906 0.294913 0.093077 0.400173 0.306033 0.191218 0.982595 0.416180 0.823999 0.608716 0.835037 0.368829 0.802684 0.571870 0.586157 0.316909 0.199832 0.216316 0.520015 0.503193 0.260408 0.226992 0.905967 0.362813 0.695748 0.761695 0.248647 0.536592 0.214570 0.098740 0.269797 0.427573 0.590481 0.329461 0.993697 0.138286 0.869463 0.080679 0.753181 0.786317 0.605983 0.305390 0.369127 0.364195 0.205547 0.765887 0.928032 0.804749 0.776643 0.654560 0.264105 0.438862 0.865996 0.913851 0.823145 0.493912 0.585553 0.260417 0.989617 0.322135 0.559829 0.997537 0.465588 0.835340 0.001039 0.593852 0.953529 0.112280 0.880384 0.796758 0.132347 0.142240 0.010402 0.441451 0.166944 0.285521 0.634835 0.942685 0.703768 0.713881 0.952028 0.053496 0.401163 0.110092 0.920958 0.752305 0.129771 0.643208 0.637854 0.444192 0.525454 0.405371 0.080922 0.634006 0.256628 0.464120 0.650133 0.141182 0.344084 0.089707 0.456289 0.695401 0.032926 0.182243 0.840421 0.984684 0.843618 0.420266 0.458929 0.935548 0.683902 0.340810 0.379407 0.731759 0.265444 0.975701 0.964295 0.899666 0.080257 0.828082 0.067277 0.352376 0.733350 0.939361 0.862213 0.818202 0.180546 0.284785 0.457996 0.044071 0.691468 0.758131 0.272149 0.376598 0.065417 0.521170 0.815870 0.373444 0.923618 0.162288 0.574316 0.069175 0.807293 0.125610 0.458498 0.341979 0.329264 0.612156 0.037053 0.579030 0.436819 0.866032 0.991088 0.910153 0.034798
0.557467 0.805485 0.921966 0.611513 0.400179 0.871374 0.575939 0.029808 0.775929 0.261165 0.867636 0.292205 0.541944 0.950626 0.180167 0.688147 0.051505 0.033732 0.996834 0.699605 0.469601 0.349838 0.629715 0.463487 0.527564 0.161524 0.881638 0.636361 0.430853 0.314481 0.424814 0.887310 0.005486 0.943940 0.253056 0.504150 0.435607 0.092457 0.211469 0.647233 0.925642 0.867738 0.683671 0.791325 0.415228 0.636229 0.966018 0.139015 0.137403 0.298939 0.340471 0.688348 0.148844 0.268582 0.287186 0.740954 0.287417 0.482669 0.980847 0.277448 0.437088 0.840608 0.487243 0.805076 0.235228 0.570256 0.099623 0.778549 0.736709 0.504872 0.038117 0.484655 0.541130 0.498185 0.311511 0.630883 0.434842 0.210784 0.187793 0.745178 0.667780 0.524045 0.571980 0.610278 0.753582 0.858694 0.572633 0.601832 0.262080 0.897393 0.295226 0.376448 0.457356 0.116475 0.478992 0.690132 0.888107 0.913295 0.583737 0.437665 0.912225 0.523954 0.957406 0.083644 0.712371 0.702305 0.561164 0.089006 0.279034 0.605234 0.128022 0.855028 0.692817 0.837509 0.544375 0.421446 0.149929 0.108066 0.318845 0.828453 0.799354 0.063027 0.113200 0.868075 0.820634 0.683471 0.230953 0.741105 0.525606 0.480087 0.976949 0.100287 0.947819 0.945161 0.777839 0.660918 0.562368 0.826113 0.774466 0.114017 0.619800 0.504990 0.100689 0.114983 0.397124 0.224786 0.905487 0.065368 0.813940 0.891641 0.785085 0.029731 0.765211 0.832423 0.460981 0.681174 0.417747 0.571783 0.592764 0.571035 0.125367 0.675213 0.652271 0.251672 0.792091 0.153416 0.776656 0.853588 0.143158 0.804892 0.287766 0.586521 0.533968 0.235176 0.919362 0.110450 0.891564 0.181121 0.658697 0.770781 0.540709 0.615205 0.003032 0.702781 0.774981 0.706856 0.515158 0.892598 0.287928 0.768039 0.388660 0.829574 0.256088 0.938031 0.003299 0.007849 0.584000 0.764658 0.366063 0.309311 0.402204 0.648076 0.404487 0.440936 0.898586 0.428069 0.015972 0.859528 0.669408 0.379135 0.364857 0.627856 0.929511 0.281243 0.027098 0.252492 0.299642 0.377748 0.244869 0.017917 0.553815 0.183053 0.694610 0.069613 0.245805 0.839147 0.042731 0.799287 0.690661 0.583848 0.283025 0.480899 0.485315 0.640626 0.686971 0.599545 0.054003 0.365402 0.384416 0.607122 0.103564 0.615784 0.671549 0.257275 0.972653 0.104347 0.348978 0.306520 0.561964 0.734065 0.674422 0.262265 0.814301 0.124148 0.149663 0.763745 0.114891 0.197870 0.642372 0.222392 0.410832 0.683301 0.500117 0.723691 0.007473 0.161019 0.371854 0.466405 0.279304 0.298379 0.331627 0.486492 0.882481 0.523173 0.516867 0.704626 0.171778 0.686681 0.830800 0.430058 0.509283 0.413186 0.944312 0.078376 0.093224 0.254432 0.543388 0.948907 0.217857 0.567485 0.285076 0.060602 0.425823 0.303167 0.282290 0.138923 0.570257 0.702075 0.276279 0.278445
0.089195 0.187128 0.882181 0.098042 0.265309 0.904921 0.017092 0.085544 0.369010 0.206154 0.664357 0.485470 0.591818 0.026778 0.883600 0.302682 0.932878 0.884425 0.527685 0.442866 0.452244 0.939317 0.222989 0.776564 0.338817 0.757315 0.891189 0.590358 0.537852 0.704021 0.358956 0.425041 0.026696 0.158101 0.915422 0.738344 0.177138 0.431484 0.876228 0.095894 0.540667 0.590584 0.502261 0.646507 0.038546 0.794082 0.041483 0.567635 0.032857 0.442387 0.338921 0.888295 0.639047 0.458956 0.366861 0.643320 0.434065 0.435674 0.191938 0.844148 0.379151 0.909375 0.133686 0.222419 0.158562 0.587508 0.622550 0.695667 0.823669 0.488910 0.388281 0.955322 0.440096 0.930910 0.794253 0.268030 0.363137 0.661096 0.087371 0.421411 0.899418 0.308796 0.707154 0.364413 0.668226 0.319511 0.772937 0.849580 0.598045 0.204706 0.579676 0.610402 0.719540 0.462628 0.952304 0.673118 0.593809 0.914390 0.791073 0.259924 0.798920 0.712064 0.681443 0.345472 0.258594 0.080599 0.428255 0.593622 0.762292 0.975624 0.004726 0.485921 0.333610 0.801076 0.311699 0.149358 0.234398 0.276423 0.762035 0.892311 0.678695 0.947011 0.890866 0.710667 0.464171 0.898883 0.337627 0.363798 0.536396 0.354262 0.417733 0.697232 0.452268 0.250248 0.725039 0.317279 0.556028 0.260210 0.423143 0.539321 0.007023 0.054499 0.498148 0.189664 0.576044 0.272516 0.056881 0.377918 0.947964 0.946436 0.034414 0.089374 0.773531 0.587542 0.351293 0.150538 0.814112 0.731038 0.721438 0.475852 0.130261 0.597980 0.937506 0.017430 0.467124 0.638989 0.136273 0.267155 0.110572 0.524215 0.844331 0.464166 0.527436 0.712706 0.802864 0.096240 0.472659 0.601662 0.025946 0.177739 0.789676 0.670471 0.472513 0.260062 0.663117 0.493916 0.093557 0.288224 0.266567 0.837798 0.889748 0.476412 0.963724 0.897120 0.030209 0.631506 0.885806 0.075791 0.958001 0.479606 0.064181 0.398315 0.473195 0.889628 0.974342 0.217989 0.819945 0.508791 0.373686 0.889015 0.737867 0.206370 0.393892 0.409634 0.381614 0.423725 0.411457 0.448205 0.132135 0.456557 0.592843 0.284155 0.582447 0.269633 0.287738 0.159902 0.208329 0.788167 0.482618 0.429143 0.805821 0.914911 0.014189 0.078145 0.461225 0.278540 0.618858 0.224983 0.166980 0.661336 0.603037 0.541342 0.516439 0.291281 0.408855 0.411518 0.571843 0.605106 0.110316 0.894685 0.801439 0.063379 0.713001 0.674609 0.042503 0.795570 0.950889 0.693937 0.052862 0.109299 0.803641 0.658265 0.242750 0.412214 0.317633 0.435962 0.849649 0.946574 0.592986 0.863667 0.047166 0.129733 0.057307 0.536328 0.211314 0.911511 0.516924 0.262116 0.173869 0.253387 0.735714 0.115177 0.111463 0.013111 0.602019 0.271464 0.992045 0.294980 0.924001 0.437099 0.100256 0.703370 0.171279 0.711995 0.941602 0.897821 0.176704 0.796255 0.850538 0.183083
0.209980 0.320570 0.490956 0.279332 0.006424 0.243262 0.960513 0.069619 0.372683 0.197947 0.058666 0.639960 0.735076 0.677488 0.588446 0.333087 0.839470 0.880008 0.506350 0.442896 0.389480 0.092158 0.390251 0.819801 0.111813 0.612258 0.813489 0.739235 0.404387 0.299073 0.285613 0.407463 0.085041 0.650364 0.306245 0.183568 0.763311 0.444087 0.694011 0.365226 0.441934 0.434422 0.402940 0.050068 0.243003 0.330080 0.710379 0.568469 0.993281 0.809224 0.521926 0.659635 0.468821 0.675955 0.769562 0.666817 0.373600 0.803524 0.921058 0.554292 0.215137 0.584264 0.980878 0.927390 0.142949 0.469384 0.891829 0.237394 0.899237 0.439106 0.486382 0.066501 0.639812 0.385031 0.590488 0.448030 0.510408 0.533295 0.759526 0.292243 0.246308 0.971577 0.359185 0.195218 0.532430 0.857046 0.989250 0.101394 0.916930 0.843267 0.658313 0.684467 0.624589 0.535919 0.696188 0.977555 0.862787 0.501802 0.055128 0.284679 0.473402 0.243649 0.679508 0.155011 0.532363 0.348144 0.902770 0.585378 0.317365 0.184948 0.010194 0.374112 0.923378 0.856534 0.672718 0.062302 0.399709 0.747709 0.467262 0.676033 0.099323 0.320178 0.469315 0.620793 0.444472 0.766716 0.275232 0.825549 0.080245 0.581924 0.006779 0.113900 0.367459 0.473657 0.624339 0.827256 0.724230 0.922902 0.358239 0.474491 0.707140 0.311555 0.787585 0.970089 0.321707 0.514985 0.869606 0.827688 0.982570 0.157028 0.987989 0.546910 0.667726 0.966940 0.108536 0.180129 0.430223 0.428375 0.162167 0.192101 0.808414 0.905131 0.819353 0.932723 0.982373 0.959667 0.830055 0.676519 0.247219 0.235271 0.226543 0.194233 0.189247 0.564655 0.960937 0.733227 0.624274 0.622069 0.649555 0.030528 0.619491 0.910740 0.287763 0.031930 0.343229 0.791918 0.416809 0.004530 0.547787 0.879313 0.464728 0.840001 0.120456 0.367682 0.909778 0.330804 0.535386 0.215150 0.155700 0.677160 0.301260 0.440104 0.097440 0.510022 0.840313 0.832991 0.033674 0.749819 0.031281 0.024831 0.520608 0.847505 0.231475 0.760711 0.461397 0.194227 0.732249 0.431333 0.441267 0.338499 0.813002 0.005583 0.057787 0.734614 0.664586 0.671544 0.039754 0.455822 0.140832 0.885639 0.842529 0.941364 0.143620 0.326803 0.378961 0.430010 0.837435 0.807233 0.317246 0.623176 0.655328 0.847733 0.552042 0.314569 0.751377 0.957891 0.809983 0.340412 0.242404 0.300627 0.762149 0.008076 0.500121 0.899122 0.924551 0.675986 0.943611 0.561136 0.113909 0.251066 0.701087 0.686461 0.812399 0.655495 0.681562 0.987855 0.334070 0.038807 0.244107 0.495383 0.765786 0.981895 0.024659 0.898999 0.460071 0.592651 0.472747 0.791286 0.813033 0.577515 0.157698 0.952955 0.646354 0.443415 0.267574 0.008727 0.501545 0.846909 0.398474 0.190922 0.478890 0.096897 0.940339 0.827316 0.127070 0.446442 0.324458 0.563235 0.199537 0.226089
0.224094 0.493967 0.746570 0.004527 0.258414 0.864202 0.085680 0.418540 0.991563 0.405889 0.480955 0.278015 0.929801 0.883911 0.255598 0.115408 0.229464 0.406792 0.507757 0.912217 0.739765 0.416043 0.842150 0.674571 0.714445 0.357430 0.074986 0.955155 0.672502 0.674176 0.919387 0.924987 0.199030 0.721980 0.914931 0.617736 0.485609 0.962102 0.110362 0.970529 0.191511 0.358242 0.525791 0.738224 0.558487 0.825396 0.437415 0.546405 0.281963 0.261825 0.517429 0.776961 0.821764 0.123217 0.919915 0.492058 0.755015 0.645255 0.261334 0.664659 0.789530 0.595924 0.478857 0.434681 0.853673 0.489702 0.290243 0.019770 0.457385 0.500035 0.841436 0.019428 0.991593 0.273114 0.027278 0.246901 0.663593 0.240769 0.435544 0.934226 0.355671 0.018270 0.036525 0.126680 0.025903 0.469655 0.946758 0.278567 0.683667 0.111190 0.400089 0.698921 0.555244 0.690502 0.723740 0.638810 0.440246 0.238043 0.581927 0.899177 0.994814 0.613828 0.084796 0.944220 0.335080 0.065904 0.018370 0.007235 0.919970 0.655639 0.298517 0.160772 0.530198 0.148018 0.521194 0.473325 0.819462 0.851975 0.378345 0.636458 0.177191 0.351757 0.654467 0.038318 0.304110 0.245108 0.314971 0.256477 0.405864 0.370305 0.499730 0.898867 0.883383 0.325390 0.445589 0.140882 0.604236 0.594667 0.755139 0.385793 0.425875 0.270940 0.655821 0.409298 0.547285 0.335077 0.326938 0.638017 0.049483 0.059666 0.703928 0.561197 0.794997 0.125640 0.852787 0.256305 0.810616 0.806678 0.817317 0.983326 0.634361 0.049053 0.335970 0.013886 0.739382 0.500185 0.271727 0.045705 0.411183 0.632540 0.282437 0.292875 0.578675 0.744924 0.370031 0.863492 0.206604 0.242376 0.405318 0.364738 0.795465 0.239204 0.093301 0.455599 0.289099 0.880061 0.810874 0.803546 0.947568 0.556729 0.535902 0.342360 0.385523 0.560046 0.697280 0.950385 0.647739 0.228297 0.288393 0.911029 0.020998 0.197365 0.014215 0.524228 0.907433 0.032386 0.605555 0.520345 0.599581 0.091184 0.000132 0.777793 0.258150 0.205874 0.036115 0.405054 0.322100 0.484825 0.061506 0.889202 0.452784 0.982567 0.282441 0.205177 0.050074 0.902372 0.630939 0.809237 0.938807 0.686521 0.545658 0.537594 0.819230 0.860008 0.676169 0.815187 0.372687 0.683775 0.020281 0.960616 0.374609 0.986034 0.938129 0.202275 0.735569 0.100789 0.236352 0.089658 0.636271 0.871842 0.962067 0.769293 0.193494 0.301832 0.848345 0.970450 0.421768 0.711302 0.630360 0.598225 0.514090 0.593787 0.372834 0.243465 0.374438 0.770955 0.023100 0.123184 0.498663 0.283810 0.841528 0.494474 0.257309 0.603002 0.757631 0.513211 0.673998 0.619247 0.606436 0.866178 0.622866 0.339533 0.590567 0.805995 0.735480 0.227156 0.392324 0.262699 0.351335 0.747418 0.839864 0.209290 0.387864 0.419606 0.763983 0.038590 0.191457 0.525718 0.823322 0.503643
0.825706 0.086591 0.133027 0.422632 0.176914 0.133358 0.235890 0.498694 0.167334 0.676299 0.796811 0.253728 0.059112 0.327920 0.095695 0.008847 0.419529 0.541615 0.017950 0.117520 0.908583 0.904674 0.858607 0.034049 0.537863 0.158613 0.966129 0.540225 0.863169 0.261832 0.435248 0.932570 0.467829 0.655578 0.616612 0.845533 0.545701 0.006215 0.606988 0.412717 0.540114 0.724956 0.037434 0.164217 0.656657 0.972074 0.634413 0.916308 0.963667 0.001194 0.803153 0.283329 0.902051 0.217451 0.477575 0.692547 0.506373 0.889437 0.598398 0.243114 0.109901 0.822869 0.048031 0.653417 0.711289 0.689179 0.665942 0.009979 0.387670 0.986967 0.755284 0.792680 0.885451 0.824157 0.699386 0.555628 0.388731 0.575563 0.924120 0.792502 0.415021 0.713251 0.246657 0.042315 0.600725 0.803090 0.771909 0.278668 0.813673 0.083869 0.979184 0.697952 0.416061 0.400177 0.209031 0.753942 0.654224 0.771757 0.982493 0.772004 0.177995 0.776876 0.816891 0.955434 0.307915 0.003426 0.374169 0.520803 0.335994 0.364777 0.331665 0.836955 0.219975 0.840759 0.515533 0.809227 0.976202 0.636036 0.394862 0.765595 0.759941 0.418884 0.797833 0.614136 0.766506 0.187855 0.232581 0.537384 0.976878 0.833402 0.394809 0.428441 0.478951 0.725143 0.733493 0.270497 0.086840 0.762513 0.957356 0.506954 0.683052 0.939757 0.846067 0.600717 0.159542 0.085393 0.925554 0.258751 0.258241 0.774319 0.713026 0.477803 0.671646 0.802226 0.631661 0.128890 0.682295 0.322011 0.304039 0.700337 0.523517 0.172740 0.890223 0.466354 0.096305 0.142398 0.091774 0.707775 0.402103 0.844132 0.657226 0.864148 0.045279 0.252581 0.321207 0.528774 0.725267 0.057872 0.494390 0.371778 0.731909 0.467315 0.797199 0.904957 0.775496 0.981955 0.861693 0.412524 0.755483 0.677039 0.073135 0.062822 0.835502 0.347802 0.314112 0.815560 0.809661 0.128779 0.649731 0.070783 0.395707 0.094497 0.925144 0.772239 0.669298 0.872830 0.419911 0.558385 0.730402 0.429874 0.127677 0.536733 0.410482 0.569609 0.662023 0.081289 0.555925 0.708921 0.153723 0.673716 0.871871 0.418235 0.379942 0.374768 0.441539 0.191130 0.811454 0.251658 0.829343 0.339034 0.225282 0.696089 0.662453 0.237532 0.708467 0.411157 0.324505 0.919485 0.801110 0.836940 0.982290 0.275285 0.071472 0.142838 0.079465 0.093093 0.145958 0.600206 0.446519 0.238003 0.968947 0.282317 0.215661 0.345790 0.231282 0.677919 0.178000 0.199769 0.636676 0.112677 0.793500 0.548634 0.985234 0.777629 0.038751 0.364418 0.347340 0.840771 0.245781 0.168750 0.234930 0.510157 0.435533 0.272087 0.304574 0.002754 0.531249 0.397706 0.379956 0.464321 0.465930 0.970302 0.082613 0.449018 0.894657 0.750204 0.443657 0.472100 0.592163 0.384074 0.187492 0.023119 0.464778 0.594132 0.732503 0.669500 0.176757 0.401491 0.263489 0.382796
0.633287 0.525495 0.304012 0.279567 0.127062 0.350327 0.534578 0.356715 0.452923 0.597406 0.177582 0.082147 0.410327 0.304048 0.821764 0.070594 0.366836 0.237572 0.637988 0.840716 0.282457 0.862004 0.294556 0.981281 0.078181 0.445970 0.028516 0.849562 0.030441 0.170100 0.814085 0.363435 0.955337 0.265143 0.560217 0.059753 0.730288 0.747549 0.604297 0.594900 0.823316 0.712245 0.448840 0.407487 0.471540 0.785714 0.186967 0.058176 0.291971 0.896603 0.671606 0.372926 0.802515 0.975376 0.324015 0.645337 0.127106 0.428135 0.896291 0.076965 0.666968 0.973157 0.554513 0.551731 0.930293 0.595712 0.645995 0.194486 0.555343 0.499122 0.327400 0.163037 0.354499 0.910584 0.580434 0.389443 0.699144 0.217164 0.344928 0.834092 0.782463 0.473816 0.317939 0.296130 0.874278 0.664196 0.068809 0.151009 0.731461 0.828266 0.990653 0.273035 0.358143 0.885667 0.006141 0.488704 0.371933 0.853982 0.491772 0.212188 0.586255 0.351524 0.388734 0.755349 0.341922 0.500645 0.555945 0.806612 0.119747 0.215780 0.903032 0.765595 0.559663 0.048024 0.747258 0.170390 0.260622 0.717480 0.382054 0.130259 0.671321 0.800206 0.353069 0.408155 0.757643 0.456957 0.961119 0.393660 0.358397 0.188068 0.110420 0.965618 0.704445 0.617158 0.729032 0.058978 0.167923 0.867134 0.968414 0.733313 0.762145 0.255294 0.353149 0.645863 0.959346 0.967919 0.836468 0.897093 0.580956 0.517133 0.545694 0.429300 0.206089 0.576617 0.440333 0.196284 0.713451 0.256558 0.226982 0.466057 0.361819 0.091091 0.365601 0.130080 0.445724 0.086267 0.541191 0.608169 0.458473 0.339927 0.973578 0.677910 0.067860 0.261464 0.158923 0.692605 0.963930 0.829948 0.061618 0.519933 0.136020 0.876542 0.458994 0.881215 0.838422 0.889911 0.521612 0.198840 0.849863 0.853281 0.128377 0.783081 0.328729 0.818203 0.800920 0.224619 0.977674 0.109010 0.888975 0.053440 0.707847 0.301776 0.022348 0.182678 0.517241 0.383968 0.840859 0.310874 0.335669 0.151497 0.171998 0.418957 0.652022 0.912602 0.205261 0.078613 0.078939 0.791213 0.156483 0.085163 0.431648 0.429321 0.004467 0.708082 0.692838 0.772890 0.563788 0.040895 0.071006 0.493577 0.941389 0.374905 0.883614 0.880408 0.560899 0.796074 0.558965 0.283511 0.034213 0.657842 0.104515 0.536855 0.987170 0.249413 0.091725 0.389559 0.496525 0.167648 0.091485 0.346033 0.450296 0.891360 0.977243 0.857262 0.183998 0.375728 0.926866 0.740887 0.502317 0.049358 0.939402 0.269960 0.273633 0.340050 0.624216 0.542537 0.258431 0.517935 0.286225 0.767428 0.573277 0.811688 0.749238 0.495181 0.931306 0.717702 0.058904 0.285845 0.340653 0.209774 0.226291 0.368417 0.676834 0.385388 0.841411 0.791070 0.199766 0.128426 0.595306 0.195817 0.041376 0.750507 0.996195 0.122189 0.073191 0.290239 0.308112 0.930234 0.880611 0.646986
0.216000 0.333746 0.694104 0.293154 0.042690 0.604063 0.318032 0.674106 0.325706 0.357005 0.315798 0.331780 0.891758 0.700513 0.377369 0.993062 0.318642 0.090554 0.351485 0.234687 0.473273 0.362392 0.362749 0.218312 0.508479 0.750170 0.068539 0.631532 0.362859 0.622610 0.235144 0.702634 0.485451 0.985345 0.584486 0.711407 0.611963 0.660977 0.813763 0.845105 0.999153 0.440424 0.565642 0.427663 0.154119 0.513748 0.666073 0.338129 0.651206 0.775513 0.284500 0.129825 0.412239 0.112485 0.005720 0.445100 0.987330 0.894366 0.330387 0.490267 0.783644 0.924849 0.411306 0.776512 0.109942 0.130444 0.277811 0.084601 0.581569 0.162885 0.871552 0.555001 0.946451 0.467787 0.607845 0.148072 0.307286 0.825029 0.245543 0.925730 0.534502 0.569159 0.790779 0.604904 0.849970 0.550581 0.584847 0.142291 0.143560 0.116819 0.817428 0.022640 0.072284 0.876310 0.851980 0.162034 0.315159 0.964611 0.483022 0.225510 0.078237 0.915299 0.387301 0.049337 0.637837 0.844017 0.188392 0.833764 0.328207 0.803557 0.539595 0.419420 0.663284 0.246690 0.858450 0.543590 0.541561 0.943424 0.961082 0.701015 0.514988 0.433953 0.712665 0.268734 0.296071 0.961287 0.040785 0.930837 0.049024 0.734080 0.325637 0.212028 0.252038 0.301188 0.384768 0.554281 0.310825 0.057624 0.235553 0.002712 0.407584 0.028076 0.815035 0.750875 0.118014 0.135993 0.293726 0.938725 0.581594 0.324513 0.693962 0.347517 0.562969 0.508936 0.050489 0.003851 0.364959 0.823781 0.539844 0.092689 0.424661 0.915083 0.879711 0.843942 0.478253 0.991416 0.597667 0.307487 0.115844 0.335321 0.624955 0.861963 0.986820 0.953396 0.464969 0.554701 0.655763 0.459468 0.414497 0.636474 0.119606 0.581556 0.037254 0.517862 0.526957 0.035407 0.649935 0.808784 0.169244 0.469198 0.134586 0.923827 0.478594 0.426878 0.678897 0.506823 0.079412 0.144200 0.279652 0.191100 0.646286 0.634931 0.645397 0.604186 0.792952 0.750381 0.945327 0.311720 0.034856 0.110027 0.262452 0.285466 0.235675 0.525128 0.844976 0.661161 0.299178 0.428208 0.811878 0.155181 0.017596 0.578323 0.219745 0.941026 0.479539 0.506277 0.961141 0.698505 0.967067 0.315085 0.890135 0.731780 0.192524 0.269315 0.271207 0.919953 0.802760 0.178996 0.517103 0.840536 0.854853 0.403444 0.863490 0.123631 0.278653 0.092657 0.651064 0.996478 0.418831 0.221654 0.212948 0.627458 0.414333 0.656337 0.999129 0.220535 0.985166 0.160220 0.697868 0.411635 0.083790 0.728471 0.135147 0.970685 0.056445 0.639642 0.176914 0.367342 0.376271 0.003888 0.431557 0.597548 0.866394 0.777084 0.313212 0.871091 0.340390 0.545573 0.757535 0.268771 0.747920 0.389303 0.057718 0.491911 0.273916 0.631424 0.205462 0.948741 0.322585 0.622748 0.285519 0.526473 0.305784 0.874313 0.493588 0.238949 0.648630 0.742447 0.394636 0.118012
0.303250 0.197204 0.253874 0.335061 0.428135 0.957098 0.719476 0.652830 0.429273 0.786801 0.965307 0.794793 0.279277 0.034923 0.899602 0.430384 0.492872 0.437883 0.433169 0.620808 0.202674 0.873797 0.134273 0.251877 0.276357 0.809678 0.934538 0.879275 0.904309 0.180995 0.021289 0.935264 0.394248 0.432887 0.822699 0.076933 0.357785 0.136015 0.972570 0.708281 0.552114 0.059430 0.107492 0.911216 0.025488 0.194459 0.036508 0.943804 0.904090 0.018050 0.665508 0.361414 0.535921 0.272659 0.908387 0.839886 0.337663 0.881147 0.550243 0.886180 0.105182 0.606205 0.634037 0.484769 0.637832 0.979852 0.166905 0.285749 0.968210 0.729204 0.782763 0.772982 0.912856 0.277194 0.871639 0.070885 0.997459 0.610140 0.170513 0.347153 0.691715 0.799583 0.561685 0.767114 0.324993 0.243579 0.862034 0.838770 0.393544 0.347097 0.868930 0.826157 0.164417 0.372754 0.402227 0.054713 0.449360 0.570927 0.910488 0.274096 0.235634 0.797838 0.570771 0.581605 0.496863 0.327262 0.139839 0.802124 0.581437 0.599146 0.789435 0.485371 0.347438 0.712869 0.251918 0.974555 0.996131 0.943772 0.494220 0.634524 0.174366 0.289039 0.186812 0.075194 0.973621 0.027413 0.001672 0.947547 0.055052 0.764136 0.349286 0.878476 0.018304 0.764484 0.197199 0.277295 0.897823 0.622893 0.675820 0.228430 0.711302 0.155085 0.163858 0.918055 0.615557 0.348401 0.456764 0.453233 0.271420 0.124418 0.729551 0.703500 0.303135 0.188607 0.897592 0.784007 0.296814 0.439080 0.389382 0.914276 0.816787 0.686101 0.511339 0.719792 0.884340 0.673676 0.344947 0.423949 0.865807 0.977220 0.936018 0.553364 0.674917 0.009388 0.742829 0.322659 0.502173 0.477284 0.459940 0.675395 0.222396 0.108880 0.502282 0.316069 0.247178 0.737685 0.004143 0.863669 0.984756 0.827108 0.654003 0.326461 0.109602 0.545404 0.980311 0.596839 0.375246 0.325643 0.942857 0.965918 0.885959 0.756039 0.978826 0.203076 0.787447 0.855491 0.611459 0.401096 0.076481 0.187959 0.439669 0.219875 0.268780 0.788034 0.723477 0.506782 0.712189 0.346520 0.332487 0.931091 0.153062 0.966290 0.657396 0.866437 0.047333 0.731390 0.979711 0.162124 0.421719 0.387455 0.418446 0.661567 0.415117 0.424257 0.994977 0.868521 0.959642 0.118574 0.008907 0.650766 0.183980 0.332019 0.872784 0.117113 0.435386 0.474248 0.126106 0.745167 0.880435 0.824193 0.498583 0.048024 0.762757 0.135117 0.050808 0.418508 0.446135 0.806745 0.118672 0.985696 0.336062 0.415681 0.837410 0.064619 0.184102 0.189332 0.510456 0.593305 0.808685 0.979868 0.709565 0.972905 0.928663 0.644937 0.777023 0.295782 0.020481 0.715328 0.931040 0.292650 0.459408 0.995234 0.292904 0.143619 0.682844 0.168835 0.876844 0.946208 0.484714 0.715647 0.127973 0.610664 0.708521 0.502472 0.906369 0.946953 0.894549 0.066079 0.683273 0.884436
0.681787 0.440887 0.444668 0.961832 0.031546 0.976540 0.294184 0.017046 0.059467 0.869566 0.993766 0.894386 0.578431 0.744338 0.483588 0.764805 0.124965 0.980881 0.322108 0.986251 0.813531 0.441554 0.285485 0.628411 0.971047 0.323648 0.910142 0.237229 0.421369 0.673491 0.033919 0.418300 0.133855 0.468004 0.922271 0.739038 0.657187 0.343633 0.119981 0.559018 0.129273 0.671538 0.336320 0.387426 0.406060 0.177856 0.566078 0.438285 0.225031 0.629108 0.952279 0.327784 0.224115 0.070096 0.118423 0.012162 0.976822 0.179279 0.254739 0.569913 0.466525 0.273696 0.548913 0.960506 0.477744 0.788184 0.859491 0.023099 0.538322 0.720807 0.395453 0.908339 0.656657 0.734363 0.266529 0.040971 0.621992 0.039603 0.176573 0.802448 0.582839 0.402080 0.650699 0.786112 0.755315 0.710277 0.557845 0.189354 0.614622 0.589362 0.852590 0.608709 0.611514 0.013038 0.511229 0.186929 0.458539 0.517246 0.195330 0.593877 0.858739 0.324712 0.584051 0.141674 0.181763 0.116780 0.806230 0.169987 0.590059 0.025667 0.209738 0.240185 0.922165 0.339870 0.849000 0.526973 0.534001 0.674693 0.492529 0.133715 0.573199 0.176992 0.862606 0.156190 0.229783 0.747442 0.999312 0.652248 0.411487 0.460291 0.931732 0.015280 0.745651 0.023783 0.817311 0.100863 0.092870 0.248947 0.849333 0.510904 0.652627 0.592271 0.568940 0.616940 0.755243 0.016150 0.122884 0.308870 0.255502 0.162348 0.436392 0.734693 0.452453 0.474763 0.199423 0.664810 0.781022 0.427403 0.507434 0.926402 0.139861 0.543000 0.435330 0.281150 0.495492 0.678955 0.336279 0.544368 0.952351 0.437199 0.871759 0.633871 0.212838 0.828054 0.785248 0.901906 0.422090 0.876264 0.237436 0.465993 0.931674 0.841596 0.206864 0.588424 0.623859 0.014235 0.276456 0.863005 0.011926 0.776443 0.872969 0.344790 0.430908 0.152521 0.744613 0.182884 0.367350 0.710695 0.484372 0.704571 0.265205 0.298988 0.225804 0.195599 0.354495 0.920275 0.425038 0.356545 0.167013 0.970717 0.304157 0.084585 0.932820 0.527379 0.509298 0.877408 0.657539 0.292008 0.817137 0.874398 0.166581 0.882772 0.811271 0.179897 0.463237 0.938199 0.558976 0.456429 0.160275 0.182599 0.522432 0.361724 0.495954 0.326544 0.361084 0.069815 0.632012 0.940897 0.312647 0.308606 0.005994 0.484980 0.693729 0.174769 0.541827 0.390352 0.746733 0.172561 0.606789 0.709361 0.645539 0.567675 0.124707 0.319784 0.584267 0.106648 0.840687 0.244686 0.951501 0.262820 0.843579 0.745558 0.662878 0.793851 0.251165 0.536469 0.578312 0.653192 0.287259 0.382436 0.519844 0.292773 0.948774 0.877343 0.658559 0.289281 0.886223 0.017015 0.739827 0.564267 0.515280 0.320742 0.023062 0.112628 0.000030 0.444351 0.195276 0.981786 0.779979 0.808068 0.407007 0.054449 0.537203 0.059854 0.454310 0.505361 0.834253 0.533393 0.682175 0.189582
0.896627 0.633683 0.948356 0.736903 0.672318 0.414990 0.464924 0.366438 0.306384 0.750708 0.922402 0.984500 0.118196 0.748776 0.067867 0.376530 0.430167 0.406500 0.324685 0.619099 0.065039 0.722100 0.667769 0.303072 0.726754 0.519748 0.223245 0.213371 0.888020 0.293549 0.466662 0.522558 0.006209 0.611109 0.067283 0.990161 0.631177 0.137340 0.319300 0.308209 0.001746 0.734121 0.284063 0.922872 0.065438 0.171086 0.455512 0.164224 0.924557 0.914583 0.985775 0.705530 0.451550 0.515728 0.224034 0.188834 0.014351 0.564294 0.158999 0.098309 0.032614 0.636728 0.225293 0.967517 0.842303 0.562170 0.120753 0.445735 0.406607 0.220460 0.814008 0.638372 0.430073 0.328097 0.030951 0.299142 0.971376 0.306190 0.430662 0.995641 0.784135 0.440449 0.902659 0.232116 0.401662 0.666687 0.848047 0.428360 0.852859 0.868342 0.652289 0.259672 0.123596 0.825623 0.819503 0.799868 0.311071 0.121713 0.686908 0.284524 0.991911 0.105301 0.934461 0.085142 0.986817 0.972268 0.189594 0.955900 0.774957 0.389910 0.905831 0.141546 0.810319 0.007936 0.097657 0.048047 0.211601 0.346351 0.011602 0.802732 0.202866 0.551512 0.471448 0.861654 0.394340 0.885810 0.518915 0.075624 0.383222 0.803056 0.185132 0.056162 0.945042 0.969325 0.383340 0.937791 0.190458 0.434457 0.733917 0.220642 0.494849 0.385242 0.771024 0.250819 0.842746 0.951624 0.749434 0.596167 0.818747 0.959454 0.016651 0.555355 0.191462 0.462518 0.679150 0.470374 0.589530 0.085039 0.338388 0.876897 0.874061 0.586498 0.462447 0.388467 0.209037 0.170083 0.724103 0.708658 0.905211 0.205599 0.863796 0.995541 0.840460 0.009799 0.107224 0.866615 0.359156 0.986988 0.692825 0.915060 0.182116 0.869507 0.303220 0.708412 0.607277 0.144333 0.075018 0.012771 0.482454 0.151503 0.779590 0.869027 0.285220 0.115289 0.326992 0.472146 0.507332 0.909084 0.176053 0.554463 0.430491 0.814419 0.196952 0.279844 0.457785 0.474796 0.337800 0.542197 0.805168 0.257867 0.808908 0.987368 0.563130 0.913438 0.437291 0.393234 0.573382 0.811116 0.575215 0.554445 0.465353 0.573117 0.997392 0.354780 0.945100 0.322468 0.971693 0.365225 0.953072 0.345512 0.217954 0.034465 0.255205 0.137607 0.684068 0.652725 0.202175 0.034448 0.401647 0.199785 0.459782 0.792655 0.971387 0.360989 0.972329 0.165888 0.733782 0.224961 0.355582 0.117749 0.378889 0.286054 0.053938 0.999778 0.355247 0.579258 0.006375 0.538951 0.666860 0.560967 0.397653 0.874137 0.210922 0.908997 0.888348 0.528715 0.732524 0.628522 0.293731 0.625262 0.439131 0.214322 0.015607 0.030414 0.846912 0.066793 0.053168 0.001018 0.704824 0.665979 0.359671 0.434354 0.073391 0.908076 0.644692 0.367597 0.195594 0.241295 0.357582 0.913199 0.505379 0.335498 0.105351 0.575809 0.317481 0.725635 0.686067 0.623008 0.321036 0.402883
0.072920 0.450506 0.368958 0.540034 0.558375 0.773480 0.974042 0.041063 0.900735 0.227829 0.170666 0.995886 0.323276 0.954928 0.335751 0.738957 0.703057 0.929022 0.832123 0.642319 0.256643 0.557793 0.324373 0.329802 0.672769 0.679775 0.430843 0.557819 0.306755 0.284589 0.146646 0.802748 0.617812 0.163657 0.107707 0.384886 0.680608 0.145830 0.640955 0.860179 0.423042 0.851171 0.463874 0.590064 0.876136 0.751240 0.832458 0.881608 0.164258 0.706500 0.408907 0.876140 0.426325 0.423570 0.567582 0.816413 0.059687 0.509919 0.053091 0.616823 0.076044 0.091024 0.719870 0.294024 0.368869 0.830390 0.400683 0.754576 0.770667 0.799637 0.883542 0.918236 0.363718 0.868291 0.240103 0.108871 0.951018 0.545230 0.328110 0.651685 0.468747 0.844057 0.252247 0.289292 0.609213 0.903847 0.195324 0.557105 0.332128 0.077260 0.655088 0.115138 0.797219 0.329508 0.741731 0.038001 0.190832 0.998272 0.225848 0.192500 0.503457 0.082836 0.117094 0.634972 0.293453 0.851969 0.977287 0.178569 0.915224 0.531723 0.139681 0.748871 0.426787 0.936120 0.188193 0.314342 0.493044 0.378826 0.604029 0.763907 0.165720 0.521520 0.979945 0.130906 0.510807 0.188131 0.662349 0.595941 0.473656 0.117038 0.968741 0.219946 0.522384 0.526981 0.082701 0.935069 0.336061 0.348414 0.540720 0.167788 0.553745 0.410675 0.985466 0.307511 0.308501 0.978491 0.456408 0.958773 0.412596 0.335771 0.282939 0.858693 0.172913 0.645186 0.424136 0.911466 0.541808 0.555579 0.319354 0.392838 0.973575 0.821005 0.846687 0.930907 0.168297 0.945244 0.897508 0.932293 0.760742 0.937154 0.587197 0.220247 0.047454 0.771380 0.349223 0.081742 0.020234 0.726046 0.857006 0.807323 0.350686 0.171844 0.181739 0.031375 0.632458 0.968050 0.067412 0.490771 0.402017 0.451014 0.323418 0.396422 0.304444 0.009100 0.730554 0.144430 0.116754 0.506536 0.772968 0.184537 0.280679 0.783590 0.440527 0.142940 0.151963 0.276817 0.631439 0.856702 0.441027 0.123400 0.748978 0.448476 0.624406 0.482633 0.541683 0.489151 0.256442 0.620838 0.677856 0.293769 0.624086 0.899181 0.672150 0.308832 0.135382 0.295566 0.816759 0.498907 0.306145 0.542510 0.188010 0.105527 0.186147 0.223017 0.467221 0.324439 0.032528 0.412476 0.963186 0.561111 0.202626 0.532400 0.922068 0.864633 0.364402 0.608703 0.841083 0.222648 0.770202 0.892149 0.146362 0.136968 0.713130 0.711183 0.769810 0.372354 0.778846 0.542912 0.236480 0.640347 0.251050 0.938659 0.434368 0.262697 0.706585 0.407192 0.839837 0.978572 0.177226 0.466203 0.861451 0.848042 0.768274 0.041380 0.179748 0.574990 0.732626 0.346689 0.168327 0.927293 0.816145 0.635703 0.568103 0.856188 0.239492 0.586890 0.506689 0.309776 0.177618 0.854118 0.066900 0.332948 0.167890 0.244799 0.279516 0.190894 0.199029 0.369841 0.564074 0.513115
0.108596 0.906473 0.236710 0.933154 0.727047 0.363965 0.541169 0.913609 0.911180 0.162108 0.624270 0.953349 0.482266 0.648405 0.752139 0.688206 0.442568 0.154843 0.890749 0.029031 0.388994 0.252048 0.531922 0.161911 0.142712 0.050403 0.435703 0.718203 0.468286 0.072187 0.179187 0.297621 0.119581 0.581567 0.974255 0.856172 0.474763 0.557955 0.827543 0.485267 0.543378 0.275617 0.035744 0.298591 0.907714 0.745454 0.246546 0.824278 0.590969 0.488372 0.019395 0.660175 0.234727 0.728332 0.332435 0.021373 0.292413 0.496728 0.841020 0.368509 0.769802 0.966865 0.775152 0.559368 0.297027 0.111446 0.691812 0.143004 0.255563 0.571987 0.160678 0.513537 0.437207 0.574928 0.312610 0.025853 0.217735 0.642275 0.761121 0.611959 0.458156 0.485423 0.512283 0.772689 0.105166 0.216271 0.201188 0.776987 0.302049 0.219323 0.242519 0.205506 0.638302 0.485795 0.950722 0.248802 0.269843 0.357154 0.837167 0.559506 0.327443 0.749392 0.108101 0.303197 0.259271 0.586445 0.366495 0.290800 0.848253 0.386629 0.256080 0.658483 0.268031 0.058661 0.969324 0.320061 0.228220 0.399135 0.977128 0.685057 0.293684 0.067537 0.409766 0.861803 0.386836 0.109927 0.506947 0.615558 0.416078 0.467076 0.180174 0.728414 0.217872 0.743748 0.918966 0.259403 0.447989 0.493555 0.408133 0.411209 0.318692 0.850620 0.845490 0.532720 0.328052 0.068984 0.831574 0.442030 0.854908 0.510368 0.010511 0.994379 0.224273 0.191927 0.139850 0.581477 0.596532 0.878826 0.657100 0.897679 0.389474 0.830709 0.703868 0.892075 0.427773 0.224690 0.770272 0.856044 0.357359 0.199290 0.733269 0.925420 0.911240 0.735910 0.639671 0.007690 0.011974 0.687668 0.782683 0.227307 0.647297 0.596892 0.253369 0.338929 0.358842 0.158143 0.508247 0.297978 0.509171 0.661688 0.295943 0.410789 0.916191 0.620265 0.971100 0.013859 0.720755 0.290676 0.911579 0.912537 0.167626 0.825731 0.621571 0.231702 0.001937 0.818535 0.279006 0.899083 0.578157 0.765209 0.866330 0.194524 0.057952 0.479073 0.669095 0.112733 0.726201 0.433417 0.833096 0.741484 0.228407 0.410315 0.586881 0.921735 0.736542 0.207289 0.478057 0.452392 0.211581 0.489038 0.398290 0.683417 0.498095 0.271749 0.617933 0.403232 0.379725 0.406152 0.572152 0.690955 0.269869 0.862120 0.893093 0.181327 0.986226 0.264041 0.988224 0.364071 0.860821 0.171186 0.970662 0.097695 0.757176 0.193397 0.722244 0.539343 0.986196 0.797380 0.760718 0.166550 0.629539 0.887875 0.007414 0.110326 0.479868 0.189992 0.229376 0.828059 0.277710 0.778020 0.178378 0.278904 0.544765 0.689367 0.894725 0.059437 0.984132 0.097665 0.728096 0.841909 0.785012 0.908952 0.112889 0.711209 0.480072 0.895298 0.624062 0.470208 0.553032 0.051641 0.212220 0.531330 0.533032 0.005964 0.893283 0.352339 0.804467 0.989442 0.024315 0.321270
0.209057 0.805848 0.509842 0.029745 0.106508 0.316816 0.780997 0.082852 0.569155 0.188276 0.296879 0.629334 0.822485 0.834061 0.460949 0.751101 0.889461 0.162871 0.029844 0.985510 0.188565 0.814001 0.420937 0.630325 0.596512 0.780049 0.617946 0.739435 0.815039 0.609308 0.081548 0.425731 0.698699 0.014134 0.511519 0.172002 0.475034 0.178655 0.429366 0.549312 0.008868 0.196585 0.157919 0.334849 0.544764 0.466590 0.724927 0.994473 0.423890 0.472993 0.995046 0.504041 0.960814 0.747608 0.633869 0.356569 0.237642 0.290786 0.648253 0.291656 0.479908 0.742133 0.901465 0.397824 0.386275 0.842733 0.475761 0.665908 0.774754 0.026913 0.133894 0.063149 0.590264 0.986974 0.621280 0.354525 0.319726 0.022316 0.792658 0.678260 0.667807 0.838003 0.123636 0.392689 0.022863 0.941748 0.872343 0.042020 0.533071 0.332048 0.880278 0.577440 0.383202 0.174176 0.580223 0.856367 0.666901 0.499083 0.539194 0.506590 0.126867 0.768732 0.122876 0.741664 0.696935 0.317491 0.722930 0.558178 0.804449 0.259917 0.316503 0.675620 0.992171 0.484188 0.245303 0.863880 0.464344 0.139721 0.542505 0.688685 0.185889 0.712334 0.357660 0.653105 0.370706 0.111788 0.809708 0.561246 0.818054 0.336272 0.094893 0.743539 0.428141 0.191233 0.366440 0.387508 0.838215 0.654413 0.295237 0.321544 0.338412 0.264973 0.015843 0.304457 0.620088 0.629214 0.372296 0.010907 0.436030 0.614699 0.950340 0.709684 0.827531 0.162444 0.419440 0.631072 0.467336 0.196241 0.323180 0.576634 0.067725 0.950285 0.057547 0.662271 0.685543 0.547644 0.733718 0.885020 0.134046 0.604244 0.390326 0.386991 0.802296 0.729370 0.768673 0.207884 0.543149 0.774744 0.102367 0.253301 0.765138 0.178838 0.820110 0.175846 0.518362 0.725782 0.904809 0.067786 0.631233 0.302360 0.792504 0.537358 0.434233 0.492659 0.238621 0.698500 0.839517 0.196196 0.873306 0.482366 0.631906 0.610613 0.374865 0.184957 0.605860 0.173677 0.702764 0.019864 0.256674 0.905705 0.638833 0.016811 0.726556 0.383656 0.000246 0.270176 0.825911 0.433494 0.600387 0.169758 0.055958 0.578628 0.065304 0.983860 0.101658 0.792410 0.864159 0.016002 0.712335 0.370625 0.127900 0.514880 0.363388 0.809101 0.168443 0.493204 0.048282 0.115368 0.660550 0.464462 0.580212 0.424895 0.719194 0.554362 0.904617 0.822101 0.844927 0.315701 0.039847 0.603237 0.686012 0.627021 0.730712 0.752398 0.413144 0.825593 0.593574 0.296401 0.585591 0.745309 0.019690 0.408966 0.776211 0.966242 0.587503 0.601519 0.428195 0.924703 0.643478 0.698529 0.498984 0.489199 0.599055 0.195090 0.601220 0.785981 0.935226 0.432040 0.585585 0.185162 0.271416 0.914278 0.088952 0.031738 0.918170 0.978901 0.206501 0.392072 0.309222 0.209148 0.821343 0.610595 0.307090 0.827595 0.288404 0.783881 0.262878 0.965819 0.612104 0.462592
0.665251 0.805597 0.085661 0.473709 0.939655 0.562746 0.674049 0.558791 0.971654 0.656837 0.196906 0.680109 0.842247 0.236774 0.698710 0.626915 0.917003 0.464262 0.005377 0.305136 0.630125 0.640698 0.891148 0.483220 0.112714 0.525570 0.193802 0.091349 0.103339 0.363260 0.220921 0.278628 0.296042 0.907665 0.254082 0.113347 0.224301 0.128507 0.989367 0.805227 0.275152 0.582657 0.346220 0.368638 0.911393 0.825577 0.657853 0.471898 0.450115 0.996505 0.596136 0.212977 0.774917 0.119464 0.137460 0.821824 0.290532 0.550136 0.172176 0.445148 0.267089 0.041135 0.008926 0.181306 0.438035 0.394240 0.670999 0.290750 0.448780 0.905759 0.592938 0.532108 0.312477 0.540153 0.182767 0.178397 0.604695 0.288027 0.302049 0.749072 0.994297 0.307826 0.210558 0.214411 0.903015 0.204929 0.714221 0.792671 0.007960 0.384271 0.247052 0.198905 0.005416 0.711783 0.336907 0.868047 0.433660 0.857411 0.372171 0.413532 0.609454 0.179475 0.106544 0.286007 0.691050 0.603026 0.617884 0.511800 0.624815 0.219724 0.389137 0.710774 0.506420 0.116849 0.625168 0.554991 0.217849 0.493500 0.705009 0.139021 0.273066 0.780346 0.377902 0.151069 0.857222 0.279494 0.121385 0.080121 0.251044 0.998375 0.023112 0.870020 0.761497 0.379100 0.627070 0.453565 0.831903 0.659885 0.597565 0.499158 0.912050 0.756841 0.966109 0.340941 0.681040 0.132231 0.215005 0.118835 0.835478 0.139474 0.438618 0.179667 0.122075 0.772383 0.599596 0.274599 0.682391 0.421742 0.706252 0.745887 0.722989 0.770911 0.881451 0.244013 0.259551 0.819935 0.564587 0.881931 0.591151 0.765295 0.435009 0.383081 0.014585 0.753397 0.629903 0.866233 0.084596 0.436544 0.780388 0.824058 0.403486 0.934060 0.048205 0.075415 0.710332 0.574023 0.034636 0.653703 0.870659 0.472349 0.558675 0.193927 0.988393 0.314904 0.949956 0.437557 0.510417 0.311678 0.131505 0.678549 0.238768 0.671973 0.832461 0.927126 0.496083 0.813677 0.289079 0.700481 0.067555 0.338131 0.488746 0.087178 0.578947 0.478238 0.559020 0.869927 0.881862 0.935715 0.107533 0.746732 0.511028 0.169125 0.194370 0.336205 0.777114 0.255076 0.584899 0.268404 0.715045 0.158548 0.920373 0.312700 0.134550 0.204447 0.767264 0.566443 0.713566 0.771404 0.579832 0.318539 0.014552 0.784218 0.973500 0.176555 0.640192 0.051745 0.116814 0.765441 0.235963 0.981562 0.363361 0.579433 0.688955 0.019582 0.598306 0.300983 0.550639 0.279551 0.529432 0.926608 0.429260 0.268615 0.974120 0.709815 0.273955 0.856342 0.808002 0.391656 0.213405 0.672646 0.783052 0.284485 0.820513 0.336954 0.062968 0.183710 0.468960 0.754710 0.862790 0.198606 0.223532 0.129362 0.849294 0.629920 0.052375 0.923628 0.016600 0.415376 0.239019 0.664196 0.611062 0.937333 0.084715 0.137847 0.115254 0.036872 0.722118 0.103136 0.403364 0.219344
0.429285 0.559401 0.639576 0.219255 0.708338 0.704833 0.909638 0.591918 0.419723 0.462429 0.681800 0.303136 0.671556 0.284020 0.600230 0.860834 0.789304 0.299984 0.947307 0.469007 0.922698 0.751378 0.899512 0.993520 0.215369 0.390913 0.191604 0.849765 0.043719 0.185099 0.283613 0.925201 0.696115 0.705544 0.316367 0.105346 0.887252 0.120578 0.983457 0.078090 0.962922 0.876994 0.745239 0.746737 0.651042 0.717470 0.626568 0.903355 0.372955 0.430370 0.658798 0.054615 0.929176 0.031553 0.840704 0.001827 0.042826 0.056466 0.675004 0.130978 0.373657 0.413719 0.548467 0.208950 0.963949 0.618196 0.712778 0.850379 0.962747 0.204341 0.619163 0.668133 0.169415 0.528198 0.992202 0.513067 0.305490 0.199185 0.120112 0.431035 0.455069 0.320192 0.913394 0.138146 0.429825 0.403146 0.080859 0.167230 0.637686 0.706896 0.963339 0.979104 0.675647 0.176494 0.720511 0.868405 0.204469 0.914354 0.190754 0.156791 0.509614 0.578772 0.746090 0.864272 0.399735 0.427541 0.028509 0.856854 0.093191 0.978819 0.661532 0.653188 0.528186 0.457447 0.002340 0.186453 0.272021 0.163118 0.353857 0.938202 0.881898 0.003182 0.558031 0.263609 0.225718 0.380496 0.084420 0.694719 0.323170 0.450758 0.434004 0.475506 0.250516 0.298047 0.776454 0.997686 0.457004 0.232504 0.125414 0.616575 0.982256 0.301753 0.348347 0.255819 0.009989 0.801327 0.078343 0.035175 0.479192 0.240704 0.618841 0.184184 0.639304 0.858029 0.662483 0.406832 0.620168 0.687660 0.336360 0.659252 0.953750 0.308478 0.112612 0.110317 0.666626 0.371381 0.602532 0.259040 0.586606 0.692413 0.884773 0.161693 0.894157 0.973880 0.682431 0.406400 0.882353 0.094092 0.623433 0.220137 0.731514 0.796896 0.748666 0.276460 0.598128 0.556626 0.346847 0.074452 0.742519 0.216597 0.130469 0.878821 0.383839 0.479055 0.429763 0.724541 0.751925 0.194982 0.064257 0.929616 0.509902 0.274185 0.113825 0.943809 0.489102 0.057504 0.814616 0.930982 0.227976 0.342511 0.668734 0.583636 0.949935 0.904719 0.373825 0.903284 0.922277 0.792793 0.288575 0.621985 0.535774 0.864476 0.140079 0.638637 0.248228 0.030900 0.358398 0.644401 0.402284 0.403445 0.148909 0.135159 0.599627 0.832419 0.867642 0.789760 0.517962 0.199520 0.253496 0.795585 0.955948 0.142375 0.921920 0.634171 0.127738 0.028349 0.989267 0.625521 0.560208 0.380085 0.187585 0.698493 0.203603 0.967767 0.919002 0.259383 0.169128 0.524861 0.733097 0.107151 0.318334 0.884493 0.164081 0.401507 0.489320 0.495448 0.417188 0.119783 0.238153 0.170469 0.512047 0.747505 0.156530 0.814306 0.978649 0.191286 0.363961 0.680134 0.800647 0.756541 0.565182 0.795571 0.088077 0.988620 0.697578 0.632229 0.000344 0.732151 0.444803 0.935922 0.250586 0.929413 0.840537 0.940019 0.125405 0.117338 0.872117 0.716169 0.266601 0.921120
0.587634 0.816163 0.219549 0.399463 0.003061 0.146142 0.796818 0.712598 0.990977 0.239328 0.642583 0.365887 0.324833 0.343201 0.395449 0.669551 0.363014 0.695246 0.339308 0.953844 0.248966 0.665781 0.843305 0.741957 0.816103 0.981495 0.184064 0.023086 0.102478 0.965144 0.017500 0.617628 0.386971 0.737533 0.271906 0.660814 0.366757 0.927845 0.350426 0.135764 0.918919 0.185615 0.749783 0.214123 0.681058 0.483468 0.499202 0.202726 0.198676 0.568777 0.787340 0.879661 0.194950 0.229444 0.055395 0.758780 0.517401 0.985663 0.224000 0.916504 0.826775 0.003679 0.602597 0.260203 0.894528 0.194289 0.106830 0.304756 0.663545 0.617099 0.742670 0.110019 0.768195 0.525512 0.117170 0.106505 0.608871 0.075764 0.588788 0.764853 0.772826 0.126339 0.537369 0.995708 0.942902 0.858934 0.304583 0.703581 0.232449 0.475785 0.852458 0.848061 0.967050 0.694873 0.625264 0.333579 0.442026 0.750309 0.707052 0.487775 0.775119 0.902435 0.171731 0.935082 0.264390 0.608151 0.022358 0.713025 0.362083 0.340075 0.931406 0.128025 0.214688 0.803509 0.010026 0.587985 0.241050 0.574294 0.301008 0.078602 0.012612 0.853156 0.302481 0.843910 0.249100 0.907884 0.238046 0.275168 0.505342 0.040589 0.801989 0.109347 0.670042 0.790662 0.162184 0.177106 0.328783 0.682239 0.231417 0.905110 0.791457 0.190881 0.014803 0.357358 0.181477 0.990061 0.935675 0.502907 0.676306 0.403716 0.915581 0.316232 0.802943 0.099462 0.077140 0.875426 0.862459 0.139729 0.388846 0.849234 0.175202 0.296805 0.558953 0.466424 0.770503 0.566705 0.346710 0.750195 0.486214 0.753522 0.381604 0.694214 0.676006 0.360234 0.239890 0.743832 0.864520 0.632045 0.386689 0.820831 0.709683 0.398124 0.919969 0.788436 0.648739 0.130891 0.311307 0.924955 0.877086 0.283288 0.683595 0.103072 0.453177 0.655946 0.441412 0.971089 0.422084 0.199938 0.268102 0.288870 0.462584 0.345834 0.108135 0.442608 0.070092 0.552680 0.368127 0.835866 0.030666 0.048254 0.112816 0.264107 0.390381 0.303429 0.614612 0.963869 0.705654 0.346690 0.204168 0.871857 0.194915 0.057412 0.599006 0.349381 0.840558 0.216186 0.182433 0.493302 0.790769 0.821319 0.607089 0.202298 0.007003 0.476767 0.688637 0.336146 0.806469 0.638724 0.373267 0.987017 0.024076 0.292670 0.755005 0.299847 0.005867 0.337435 0.661929 0.820858 0.010914 0.065587 0.639829 0.559664 0.663031 0.737054 0.573796 0.480571 0.839998 0.376388 0.258519 0.703848 0.329493 0.326633 0.616340 0.764138 0.049404 0.455901 0.388952 0.846919 0.827036 0.399098 0.258716 0.719754 0.984734 0.673508 0.825273 0.007526 0.185721 0.178816 0.082994 0.598908 0.657093 0.634189 0.815628 0.359370 0.016772 0.983106 0.719990 0.928516 0.496793 0.200510 0.908515 0.193108 0.736664 0.508461 0.296122 0.359297 0.590829 0.639874 0.504970 0.592106
0.718342 0.655336 0.892585 0.267823 0.371595 0.266394 0.580475 0.778629 0.444063 0.289326 0.623312 0.986561 0.472416 0.211056 0.399434 0.433135 0.023188 0.236791 0.743090 0.666941 0.967453 0.348427 0.762523 0.777128 0.479551 0.029585 0.828948 0.353560 0.143521 0.828045 0.048830 0.222259 0.176240 0.782164 0.002636 0.413606 0.794356 0.172176 0.354855 0.130137 0.591391 0.034492 0.409335 0.287643 0.233762 0.950434 0.161936 0.065660 0.955194 0.509898 0.792980 0.263623 0.074894 0.771176 0.272703 0.770580 0.619889 0.246624 0.476922 0.990116 0.729176 0.711570 0.431536 0.846692 0.110304 0.544669 0.936479 0.560742 0.978499 0.388588 0.889910 0.176619 0.460728 0.189688 0.905610 0.415341 0.534812 0.236888 0.162719 0.231066 0.841490 0.771188 0.435340 0.311148 0.833450 0.206069 0.663351 0.750900 0.545228 0.491411 0.318411 0.043910 0.419827 0.999067 0.412763 0.429720 0.316502 0.599965 0.329049 0.595358 0.391940 0.765945 0.961125 0.011556 0.802638 0.634413 0.386648 0.180373 0.629714 0.360362 0.319800 0.856862 0.543093 0.567331 0.295841 0.211690 0.674618 0.751467 0.584434 0.193289 0.256137 0.585896 0.666642 0.833795 0.634457 0.320674 0.020667 0.399726 0.307473 0.926901 0.462109 0.955390 0.377895 0.529712 0.412581 0.808270 0.815680 0.993300 0.760490 0.367477 0.816573 0.674800 0.161800 0.856106 0.164155 0.216816 0.241113 0.065759 0.791202 0.702650 0.096894 0.879479 0.958598 0.717731 0.588518 0.981944 0.600388 0.381670 0.087659 0.220432 0.219691 0.246188 0.261799 0.257781 0.479743 0.411227 0.771453 0.853846 0.888445 0.607323 0.645298 0.075973 0.270756 0.503460 0.238454 0.701910 0.455088 0.618272 0.289826 0.010488 0.905018 0.229973 0.890197 0.705835 0.374671 0.979377 0.537031 0.612285 0.312962 0.504880 0.672975 0.748539 0.355440 0.370602 0.402892 0.657602 0.749102 0.718382 0.630088 0.652320 0.229159 0.851823 0.837355 0.134984 0.094266 0.028326 0.705255 0.239503 0.365953 0.760877 0.396552 0.810599 0.790972 0.691231 0.512031 0.497007 0.624269 0.594313 0.336218 0.746994 0.522892 0.660268 0.998135 0.415460 0.527902 0.107863 0.341335 0.131222 0.539852 0.229941 0.397684 0.539947 0.138933 0.063217 0.868209 0.423453 0.441227 0.370458 0.373533 0.374220 0.846937 0.310845 0.205523 0.306433 0.615020 0.108925 0.885664 0.338801 0.527046 0.553911 0.284003 0.642192 0.023582 0.228324 0.891729 0.233621 0.651718 0.985426 0.968043 0.514694 0.196593 0.581726 0.236534 0.086863 0.054407 0.465586 0.924313 0.186255 0.080677 0.221093 0.831160 0.584699 0.654239 0.031238 0.031162 0.870789 0.503731 0.453281 0.149207 0.074664 0.953790 0.593513 0.612655 0.605314 0.866527 0.461335 0.888514 0.149958 0.335273 0.171076 0.891958 0.545581 0.016749 0.606285 0.280822 0.566757 0.656259 0.240210 0.852696 0.395940
0.981122 0.061258 0.762338 0.348217 0.408227 0.000346 0.924764 0.547941 0.284327 0.983252 0.000228 0.266181 0.273790 0.847477 0.939467 0.939202 0.184555 0.764408 0.383473 0.080669 0.092999 0.921131 0.620922 0.286420 0.079822 0.082666 0.603993 0.538699 0.833734 0.323753 0.669893 0.615396 0.416145 0.130096 0.126722 0.270821 0.387495 0.530374 0.696754 0.782801 0.325419 0.557598 0.638290 0.709717 0.845717 0.784317 0.602442 0.302878 0.975491 0.962436 0.404275 0.500089 0.283677 0.698261 0.701537 0.460735 0.864216 0.087030 0.382368 0.663611 0.080594 0.024527 0.961049 0.153336 0.267137 0.184740 0.557227 0.045642 0.260623 0.630912 0.322425 0.892799 0.330121 0.556934 0.426194 0.789959 0.273835 0.069189 0.981336 0.994125 0.247862 0.341114 0.392311 0.300573 0.505666 0.903206 0.423859 0.663676 0.713955 0.634795 0.928777 0.737519 0.680685 0.028510 0.931038 0.737472 0.234841 0.870828 0.529140 0.997072 0.188509 0.571668 0.676337 0.318398 0.013409 0.150907 0.357970 0.202597 0.249279 0.303502 0.056555 0.752142 0.066166 0.972549 0.741050 0.743501 0.137309 0.095550 0.373728 0.853265 0.993159 0.649201 0.773693 0.118394 0.288797 0.231169 0.433924 0.700440 0.552115 0.266416 0.904545 0.110072 0.843275 0.451462 0.123078 0.473144 0.242567 0.790479 0.295411 0.473276 0.693320 0.171600 0.949236 0.557494 0.262569 0.778234 0.992667 0.243941 0.354267 0.146673 0.250615 0.744946 0.402365 0.740055 0.161339 0.731012 0.621028 0.952143 0.588151 0.388104 0.013948 0.265203 0.602918 0.382176 0.564816 0.315091 0.042061 0.747713 0.074680 0.625687 0.675601 0.134538 0.393654 0.301571 0.744143 0.987729 0.521432 0.819380 0.648317 0.632897 0.913788 0.746748 0.334913 0.455727 0.630758 0.501386 0.509140 0.721404 0.831153 0.736390 0.296113 0.027369 0.895995 0.736523 0.600941 0.403091 0.911055 0.154196 0.226162 0.035229 0.748451 0.654022 0.144387 0.908098 0.838216 0.886872 0.119257 0.685634 0.027406 0.293404 0.850830 0.143313 0.873060 0.753653 0.233320 0.009338 0.174713 0.428485 0.994880 0.003282 0.493230 0.445361 0.808292 0.847552 0.198472 0.732997 0.859320 0.375462 0.998139 0.571039 0.807226 0.810067 0.855112 0.136349 0.584388 0.498981 0.525064 0.904859 0.144363 0.475459 0.716496 0.642356 0.641320 0.827515 0.762653 0.355737 0.662074 0.730381 0.236604 0.202621 0.542662 0.418725 0.809067 0.019079 0.232306 0.120106 0.150218 0.775150 0.088200 0.911200 0.725339 0.327898 0.236303 0.908699 0.885358 0.068254 0.670415 0.779950 0.793424 0.986502 0.826564 0.178461 0.715181 0.658380 0.497717 0.327627 0.839685 0.420533 0.406869 0.014176 0.890390 0.698151 0.072281 0.307043 0.565602 0.162920 0.735013 0.920693 0.607562 0.274868 0.236734 0.952737 0.508495 0.869323 0.530937 0.489687 0.470833 0.206191 0.742103 0.191811
0.483505 0.273599 0.215935 0.055607 0.085546 0.917286 0.576902 0.900126 0.450888 0.581026 0.124620 0.586571 0.231827 0.987097 0.580244 0.981068 0.507488 0.609923 0.268854 0.975185 0.836750 0.616955 0.523876 0.554224 0.595075 0.467305 0.474757 0.124832 0.102065 0.651803 0.870089 0.188749 0.525965 0.726140 0.042846 0.837748 0.314715 0.041545 0.589715 0.874104 0.592590 0.725314 0.027314 0.284886 0.914496 0.509056 0.152768 0.285857 0.194615 0.971323 0.451063 0.123042 0.660789 0.957075 0.256513 0.366296 0.915277 0.916633 0.219603 0.035482 0.398978 0.004318 0.372292 0.129483 0.080658 0.325196 0.483452 0.178671 0.169282 0.903116 0.305143 0.263772 0.597884 0.322974 0.378934 0.546708 0.136378 0.301100 0.537394 0.851522 0.483639 0.845528 0.030944 0.182817 0.421296 0.033549 0.478141 0.162166 0.007534 0.454482 0.670613 0.771227 0.617236 0.677213 0.631053 0.814481 0.124197 0.512458 0.135805 0.619596 0.107481 0.705620 0.434153 0.855964 0.068398 0.777448 0.827307 0.557799 0.497943 0.163414 0.030356 0.482603 0.927559 0.433162 0.073069 0.647942 0.883915 0.316485 0.349234 0.781202 0.391027 0.792820 0.666626 0.992899 0.888177 0.841403 0.949135 0.019190 0.983590 0.386858 0.895963 0.532534 0.690672 0.825951 0.371614 0.087135 0.671214 0.900218 0.304995 0.739218 0.495588 0.658953 0.022738 0.280824 0.869039 0.331368 0.903081 0.620457 0.793426 0.831469 0.066373 0.379047 0.383446 0.021791 0.187448 0.464528 0.232225 0.139185 0.998275 0.343559 0.296469 0.561244 0.388254 0.922259 0.141901 0.960951 0.640196 0.984018 0.299734 0.104711 0.277127 0.024347 0.263167 0.021093 0.592564 0.456810 0.692601 0.088837 0.343815 0.262420 0.340107 0.677084 0.258630 0.632816 0.111139 0.658759 0.731054 0.534172 0.107751 0.589848 0.599194 0.110438 0.531834 0.671182 0.609180 0.972620 0.699486 0.813011 0.101002 0.152913 0.517025 0.019950 0.004810 0.324888 0.731268 0.110834 0.295639 0.595373 0.930990 0.079107 0.466502 0.851025 0.685536 0.935799 0.751427 0.578075 0.452541 0.347734 0.029541 0.535696 0.950723 0.223787 0.204060 0.937628 0.467341 0.318946 0.236161 0.264554 0.644259 0.691705 0.874076 0.395151 0.427134 0.147708 0.429936 0.054024 0.872339 0.600723 0.594860 0.581224 0.828636 0.007568 0.018086 0.958077 0.635863 0.494441 0.971021 0.361986 0.818978 0.329021 0.523556 0.547126 0.836780 0.335626 0.904423 0.555048 0.262519 0.614014 0.212094 0.053449 0.359497 0.585994 0.396414 0.015081 0.875900 0.583565 0.504197 0.136715 0.361504 0.762394 0.183291 0.471189 0.065912 0.298941 0.375562 0.763473 0.378917 0.839895 0.253877 0.613251 0.911677 0.964746 0.421476 0.297704 0.207867 0.201096 0.206276 0.053663 0.614090 0.655775 0.031930 0.541353 0.991372 0.248600 0.089046 0.365784 0.338301 0.767101 0.907180 0.175987
0.764089 0.667984 0.083708 0.954948 0.392772 0.626103 0.900898 0.271827 0.811567 0.922919 0.918301 0.759883 0.802253 0.769045 0.295599 0.396686 0.675992 0.002199 0.808362 0.106337 0.080901 0.227430 0.357005 0.991556 0.897459 0.250649 0.446840 0.247358 0.583125 0.555523 0.486350 0.390693 0.125270 0.437704 0.966765 0.492103 0.339887 0.659423 0.227863 0.344745 0.090751 0.531557 0.746181 0.127120 0.870229 0.935161 0.867806 0.952396 0.745528 0.527108 0.391930 0.326974 0.466526 0.394758 0.503062 0.368502 0.681851 0.659457 0.083578 0.381644 0.409751 0.563517 0.794789 0.794220 0.996187 0.929225 0.390519 0.607755 0.734816 0.681796 0.793375 0.114488 0.413950 0.140317 0.956110 0.113680 0.591492 0.235175 0.539638 0.193554 0.868794 0.260193 0.091249 0.583554 0.131951 0.860126 0.622384 0.054443 0.662059 0.818050 0.262700 0.195103 0.185581 0.278530 0.716321 0.793739 0.671572 0.433847 0.364960 0.327900 0.439027 0.550133 0.959502 0.964266 0.749617 0.346638 0.852365 0.704407 0.027110 0.848479 0.472819 0.141528 0.309371 0.849066 0.562119 0.588320 0.508840 0.079705 0.986090 0.808052 0.875644 0.629110 0.659189 0.671362 0.526067 0.643850 0.192547 0.070267 0.956116 0.617823 0.996746 0.221300 0.787545 0.952626 0.578397 0.422722 0.514981 0.061247 0.356539 0.935733 0.120519 0.914153 0.748589 0.440017 0.514254 0.799909 0.910245 0.271046 0.299637 0.456168 0.757598 0.751996 0.197000 0.913241 0.353736 0.496040 0.134983 0.434678 0.445735 0.548456 0.028081 0.239163 0.057715 0.307856 0.268797 0.389392 0.607717 0.891337 0.309867 0.492276 0.881126 0.060806 0.256132 0.117663 0.495079 0.923565 0.691125 0.579863 0.821584 0.669657 0.648893 0.643707 0.423833 0.314215 0.508500 0.558073 0.459103 0.551985 0.839852 0.892990 0.139310 0.320160 0.515932 0.574749 0.059366 0.789853 0.677103 0.716985 0.866307 0.598702 0.150764 0.824466 0.769246 0.291129 0.358929 0.199592 0.802401 0.658648 0.183233 0.944261 0.866338 0.924007 0.614058 0.640190 0.674165 0.361994 0.374135 0.251325 0.607566 0.372029 0.296779 0.062038 0.985533 0.253456 0.147876 0.381321 0.280478 0.695230 0.882376 0.791431 0.018679 0.763833 0.943910 0.909531 0.517774 0.342671 0.464135 0.650806 0.876676 0.430963 0.468726 0.398958 0.179523 0.097980 0.052670 0.338871 0.858289 0.394679 0.610470 0.899678 0.418584 0.575265 0.392669 0.690985 0.904942 0.585454 0.717205 0.063376 0.895940 0.561087 0.619298 0.066901 0.757304 0.032933 0.689186 0.804894 0.157844 0.880253 0.493089 0.247463 0.646413 0.678998 0.103794 0.049840 0.553602 0.581253 0.495223 0.369419 0.070584 0.730684 0.253048 0.598139 0.300891 0.321354 0.443520 0.230056 0.791490 0.752482 0.068066 0.631699 0.932563 0.000874 0.679049 0.722688 0.742397 0.726564 0.893178 0.766085 0.870315 0.265223
0.173466 0.503789 0.887721 0.365935 0.600204 0.648203 0.305073 0.762078 0.089488 0.670259 0.741305 0.408937 0.693056 0.840598 0.620077 0.153994 0.874921 0.527346 0.423108 0.290408 0.487339 0.873654 0.817309 0.232742 0.782970 0.582641 0.386650 0.535942 0.059801 0.752549 0.724377 0.118428 0.182905 0.929639 0.857929 0.445063 0.716166 0.596870 0.503972 0.581775 0.806445 0.295999 0.611738 0.972493 0.219710 0.878988 0.090961 0.620004 0.925840 0.885761 0.729252 0.437439 0.399634 0.938714 0.424079 0.116138 0.309472 0.789153 0.613885 0.661892 0.551390 0.393903 0.418336 0.752715 0.300674 0.284355 0.328388 0.559710 0.804420 0.901015 0.854254 0.192360 0.616011 0.524932 0.384010 0.860950 0.972381 0.626405 0.462492 0.322146 0.723091 0.026077 0.799675 0.022426 0.458480 0.872150 0.681889 0.366808 0.112154 0.187611 0.165378 0.565199 0.975325 0.247967 0.095534 0.929652 0.199563 0.111254 0.022141 0.242116 0.293439 0.037101 0.902775 0.322611 0.282729 0.350790 0.563687 0.807089 0.478877 0.717982 0.224911 0.669745 0.694205 0.393536 0.061189 0.337492 0.930122 0.360540 0.897428 0.689793 0.451218 0.127871 0.032712 0.121944 0.183656 0.194448 0.717676 0.287172 0.688730 0.950867 0.850105 0.989745 0.470967 0.084321 0.452083 0.675573 0.502532 0.993670 0.404864 0.520350 0.152041 0.353351 0.534782 0.075742 0.021947 0.095589 0.444140 0.415753 0.261649 0.025126 0.728408 0.705093 0.809544 0.233479 0.293513 0.946137 0.565573 0.664414 0.309564 0.445118 0.405133 0.195854 0.159165 0.422683 0.678649 0.353305 0.069052 0.242705 0.978942 0.365921 0.821508 0.447410 0.158520 0.761287 0.018886 0.689974 0.202026 0.242034 0.395324 0.847302 0.625921 0.395380 0.505112 0.023740 0.989378 0.821352 0.939997 0.220087 0.389462 0.853947 0.089111 0.136427 0.019862 0.958327 0.061758 0.500619 0.058883 0.984464 0.858930 0.200931 0.109028 0.771116 0.120391 0.465812 0.084432 0.452453 0.510382 0.723900 0.229108 0.046698 0.385328 0.512883 0.051783 0.685409 0.896111 0.695544 0.851509 0.664321 0.738213 0.937019 0.420603 0.971217 0.763869 0.664050 0.237924 0.590624 0.040944 0.220650 0.111900 0.034057 0.969811 0.081711 0.448226 0.092051 0.305359 0.548439 0.777628 0.097393 0.971070 0.636592 0.116852 0.491190 0.373790 0.561606 0.534736 0.770412 0.816823 0.166421 0.659806 0.996504 0.784094 0.175338 0.782274 0.200129 0.703393 0.442398 0.534192 0.750306 0.166011 0.040947 0.289972 0.410157 0.556969 0.983422 0.200473 0.663015 0.754655 0.881609 0.481796 0.346295 0.900902 0.659952 0.565464 0.337433 0.233722 0.375312 0.412006 0.149393 0.085627 0.020208 0.798310 0.159723 0.168390 0.519165 0.004218 0.854467 0.448784 0.551592 0.608082 0.930968 0.827259 0.780481 0.017345 0.546385 0.899903 0.528661 0.143681 0.400187 0.108439 0.503671
0.577368 0.089442 0.645505 0.902055 0.216989 0.219852 0.118334 0.367721 0.781794 0.814381 0.184800 0.109539 0.107315 0.826884 0.514618 0.093863 0.713725 0.854865 0.801358 0.111484 0.788884 0.750861 0.372117 0.953438 0.293488 0.237598 0.075532 0.929880 0.463138 0.737736 0.139894 0.014645 0.712424 0.441674 0.482293 0.060508 0.188616 0.134786 0.695106 0.292426 0.492811 0.618829 0.940639 0.622972 0.662379 0.469265 0.660610 0.267469 0.527102 0.245351 0.101213 0.416625 0.862242 0.087928 0.116498 0.162377 0.240790 0.635838 0.612907 0.460451 0.914521 0.830633 0.054152 0.454224 0.780258 0.712721 0.035518 0.832196 0.477170 0.581043 0.370342 0.089480 0.823484 0.913050 0.629315 0.699850 0.534835 0.778436 0.343484 0.437197 0.935447 0.450634 0.608774 0.956012 0.876998 0.994513 0.898891 0.107213 0.511501 0.442353 0.343415 0.522705 0.384215 0.717443 0.431171 0.855036 0.024136 0.966693 0.908631 0.155308 0.069207 0.396740 0.551839 0.400821 0.510799 0.413244 0.001775 0.740585 0.222398 0.579601 0.067871 0.773502 0.857292 0.033966 0.980575 0.496408 0.745369 0.667640 0.595041 0.127620 0.030895 0.448088 0.511315 0.976175 0.826542 0.593421 0.753068 0.788056 0.394626 0.208120 0.933927 0.354991 0.131337 0.864279 0.576513 0.361389 0.629053 0.910431 0.325332 0.573644 0.795320 0.300864 0.535930 0.054417 0.440680 0.383286 0.858166 0.407344 0.730227 0.083914 0.849909 0.220152 0.838846 0.562016 0.280065 0.180236 0.412838 0.537837 0.419063 0.435139 0.449975 0.088639 0.841371 0.572073 0.870376 0.797412 0.314956 0.657867 0.613744 0.842585 0.414598 0.029169 0.830306 0.483510 0.469702 0.867556 0.339205 0.289948 0.585626 0.768632 0.105231 0.732379 0.981873 0.152179 0.932951 0.712496 0.919398 0.572277 0.582702 0.148090 0.608371 0.571665 0.820605 0.650057 0.200095 0.359632 0.914253 0.441667 0.897286 0.849831 0.231250 0.683900 0.167287 0.866806 0.812398 0.052295 0.449421 0.858792 0.689885 0.002925 0.222092 0.526237 0.112517 0.079069 0.688591 0.856165 0.340527 0.004632 0.316103 0.547683 0.716067 0.480293 0.912833 0.615359 0.688817 0.651822 0.978268 0.134281 0.104583 0.927900 0.424850 0.462780 0.043739 0.746106 0.719619 0.250251 0.814173 0.305940 0.044639 0.724461 0.022079 0.237934 0.386154 0.536672 0.697274 0.816024 0.508202 0.666661 0.824737 0.903761 0.630506 0.012367 0.888253 0.763125 0.863459 0.413012 0.563908 0.549996 0.235422 0.276699 0.329156 0.300342 0.388479 0.137563 0.107037 0.098966 0.058951 0.437026 0.392867 0.379485 0.465642 0.838513 0.599952 0.427278 0.124145 0.810472 0.469116 0.044298 0.581472 0.263605 0.986245 0.125462 0.329789 0.029651 0.113197 0.672010 0.505074 0.035702 0.927038 0.572065 0.339639 0.808509 0.381384 0.309254 0.361878 0.924849 0.960728 0.025817 0.969504 0.517345
